StudentID,Gender,Branch,CGPA,Backlogs,SSC_Marks,HSC_Marks,Internships,Projects,Workshops/Certifications,TechnicalSkillScore,CodingPlatformScore,GitHubScore,AptitudeTestScore,SoftSkillsRating,ExtracurricularActivities,PlacementTraining,InterviewRoundsCleared,CompanyTier,PlacementStatus
1,Male,IT,7.5,0,61,79,1,1,1,29.8,28.5,1.6,65,4.4,No,No,0,None,NotPlaced
2,Female,CSE,8.9,0,78,82,0,3,2,82.7,72.3,5.6,90,4.0,Yes,Yes,3,Tier1,Placed
3,Female,CSE,7.3,0,79,80,1,2,2,45.3,38.7,4.0,82,4.8,Yes,No,0,None,NotPlaced
4,Male,ECE,7.5,0,81,80,1,1,2,36.7,23.7,2.1,85,4.4,Yes,Yes,2,Tier2,Placed
5,Male,IT,8.3,0,74,88,1,2,2,55.3,51.9,4.0,86,4.5,Yes,Yes,2,Tier2,Placed
6,Male,Mechanical,7.0,0,55,66,0,2,2,32.0,38.8,5.5,71,4.2,Yes,No,0,None,NotPlaced
7,Male,CSE,7.7,2,62,65,1,1,1,31.3,31.3,4.1,76,4.0,No,No,0,None,NotPlaced
8,Female,ECE,7.7,0,59,72,2,1,0,47.4,44.7,2.5,85,3.5,Yes,Yes,0,None,NotPlaced
9,Male,Mechanical,6.5,1,75,71,1,1,0,20.0,11.7,1.6,84,3.9,No,Yes,0,None,NotPlaced
10,Female,EEE,7.8,0,85,86,1,3,2,54.2,50.7,6.4,79,4.4,Yes,Yes,2,Tier2,Placed
11,Male,Mechanical,8.3,0,82,88,2,3,2,75.7,71.9,7.9,90,4.8,Yes,Yes,1,Tier3,Placed
12,Female,EEE,7.9,0,71,87,1,3,2,54.8,49.7,7.4,90,4.8,Yes,Yes,3,Tier2,Placed
13,Female,Mechanical,8.3,0,84,83,2,3,2,63.7,38.3,7.0,90,4.5,Yes,Yes,1,Tier3,Placed
14,Male,IT,7.7,0,63,73,1,1,1,41.9,49.1,0.8,74,4.6,No,Yes,0,None,NotPlaced
15,Male,ECE,7.5,0,61,66,1,1,1,32.6,21.2,1.0,66,4.1,No,No,0,None,NotPlaced
16,Male,CSE,7.4,1,63,66,0,2,1,37.0,36.0,4.2,78,4.4,No,No,0,None,NotPlaced
17,Male,CSE,8.6,0,62,78,0,3,0,75.1,67.8,7.2,84,4.8,Yes,Yes,3,Tier2,Placed
18,Male,CSE,8.2,1,84,86,2,3,2,64.4,61.8,7.0,90,4.7,Yes,Yes,3,Tier1,Placed
19,Male,CSE,6.8,0,72,82,2,3,0,39.3,19.7,7.7,73,4.4,Yes,Yes,3,Tier2,Placed
20,Male,IT,7.4,0,58,63,1,2,0,46.8,40.0,2.8,70,4.4,No,Yes,0,None,NotPlaced
21,Male,CSE,7.6,0,77,75,2,1,0,43.3,38.3,2.3,84,4.4,No,Yes,2,Tier3,Placed
22,Male,CSE,7.4,0,82,69,1,2,1,35.5,42.8,4.2,72,3.5,No,Yes,1,Tier3,Placed
23,Male,Mechanical,7.7,0,55,72,0,1,0,27.2,29.6,1.0,77,3.4,No,Yes,3,Tier1,Placed
24,Male,CSE,7.4,0,55,71,1,1,0,28.4,36.9,1.4,60,3.8,No,No,0,None,NotPlaced
25,Male,Mechanical,7.4,0,56,69,1,2,1,35.3,37.1,4.7,90,4.3,No,Yes,0,None,NotPlaced
26,Female,CSE,6.7,0,68,57,1,1,1,20.0,19.7,0.9,70,4.0,No,No,0,None,NotPlaced
27,Male,Civil,7.4,0,76,82,2,3,2,52.4,45.3,9.5,78,4.3,Yes,Yes,0,None,NotPlaced
28,Male,Mechanical,8.3,0,64,65,1,1,1,50.4,54.8,3.6,81,4.5,Yes,Yes,0,None,NotPlaced
29,Male,ECE,7.5,0,66,73,1,2,1,36.8,22.9,3.9,84,4.4,No,No,0,None,NotPlaced
30,Male,EEE,7.0,0,60,61,0,1,1,20.0,26.9,1.7,63,3.9,No,Yes,0,None,NotPlaced
31,Male,CSE,8.4,0,55,80,2,3,2,61.7,46.3,7.8,90,4.6,Yes,Yes,4,Tier1,Placed
32,Male,Civil,7.4,0,66,69,1,2,1,39.7,27.9,3.6,76,4.7,No,Yes,0,None,NotPlaced
33,Male,EEE,8.5,0,85,85,1,3,0,74.9,68.7,6.6,90,4.8,Yes,Yes,4,Tier1,Placed
34,Female,EEE,8.6,0,62,80,1,2,2,55.9,38.8,6.5,75,4.3,Yes,Yes,3,Tier2,Placed
35,Female,EEE,6.9,0,79,68,0,1,0,20.0,23.3,1.5,70,3.9,No,Yes,2,Tier3,Placed
36,Female,IT,7.8,1,65,73,1,1,1,35.9,27.2,2.1,67,4.3,No,No,0,None,NotPlaced
37,Male,Mechanical,8.3,0,75,81,1,2,2,61.0,31.9,4.2,89,4.8,Yes,Yes,3,Tier2,Placed
38,Male,IT,8.2,0,72,72,1,2,2,55.8,49.8,4.3,77,4.2,No,Yes,3,Tier2,Placed
39,Female,IT,8.5,0,79,86,2,3,3,76.0,62.3,7.6,90,4.7,Yes,Yes,2,Tier2,Placed
40,Male,CSE,6.7,0,72,86,0,3,2,28.3,12.4,8.7,88,4.2,Yes,Yes,2,Tier3,Placed
41,Male,Mechanical,8.6,0,63,84,2,3,1,82.6,60.3,6.1,90,4.8,Yes,Yes,3,Tier1,Placed
42,Male,CSE,8.3,0,77,83,2,3,2,71.7,43.4,5.6,85,4.8,Yes,Yes,2,Tier3,Placed
43,Male,IT,6.7,1,55,60,0,1,1,20.0,26.3,1.7,72,4.4,No,No,0,None,NotPlaced
44,Female,IT,8.6,0,80,87,2,3,2,76.5,72.6,6.4,88,4.7,Yes,Yes,4,Tier1,Placed
45,Male,Mechanical,7.4,0,70,73,1,3,0,45.2,46.2,6.0,86,4.8,No,Yes,0,None,NotPlaced
46,Female,EEE,6.7,1,55,66,1,1,2,20.0,28.5,2.5,73,4.5,No,No,3,Tier2,Placed
47,Male,IT,6.9,0,55,65,1,1,1,20.0,16.7,4.3,76,4.4,No,No,0,None,NotPlaced
48,Male,CSE,7.0,0,59,67,1,1,0,20.0,24.0,1.5,62,4.3,No,Yes,0,None,NotPlaced
49,Male,EEE,8.1,0,77,87,1,3,2,62.0,51.4,4.8,90,4.6,Yes,Yes,2,Tier2,Placed
50,Male,Civil,7.7,1,55,66,1,2,0,45.3,39.9,4.8,74,3.8,Yes,No,0,None,NotPlaced
51,Female,Mechanical,6.5,0,56,65,0,2,1,21.3,29.5,4.4,77,4.8,No,Yes,0,None,NotPlaced
52,Female,IT,8.2,0,66,65,1,3,0,60.9,57.9,6.0,65,4.1,Yes,No,0,None,NotPlaced
53,Female,Mechanical,8.1,0,82,82,2,3,2,56.1,44.3,7.2,90,4.7,Yes,Yes,4,Tier1,Placed
54,Female,ECE,6.5,0,72,67,1,2,1,20.0,9.9,5.1,80,4.5,Yes,Yes,0,None,NotPlaced
55,Male,ECE,6.5,1,57,69,0,2,1,20.0,19.0,4.3,72,4.5,No,No,0,None,NotPlaced
56,Female,IT,8.8,1,86,88,2,3,2,82.1,63.8,7.8,90,4.8,Yes,Yes,3,Tier1,Placed
57,Male,IT,8.0,0,55,65,1,1,0,34.6,33.2,2.9,74,4.5,Yes,Yes,0,None,NotPlaced
58,Male,EEE,8.4,0,77,82,2,2,2,59.1,55.3,5.5,81,4.6,Yes,Yes,3,Tier2,Placed
59,Male,ECE,8.0,0,55,83,1,1,0,41.2,21.3,0.2,86,4.2,No,No,0,None,NotPlaced
60,Male,IT,6.6,1,78,69,0,1,0,20.0,15.5,1.0,76,3.9,No,Yes,1,Tier3,Placed
61,Male,CSE,7.7,0,79,64,2,2,0,44.6,31.2,4.7,86,4.0,Yes,Yes,0,None,NotPlaced
62,Male,CSE,8.2,0,86,63,1,2,1,55.1,56.3,4.0,86,4.3,Yes,Yes,2,Tier2,Placed
63,Female,EEE,7.2,0,70,65,1,2,0,37.9,31.5,4.0,74,4.1,No,No,0,None,NotPlaced
64,Male,IT,6.6,1,55,75,1,2,1,30.4,23.7,3.7,72,4.1,No,No,0,None,NotPlaced
65,Male,CSE,7.6,1,84,67,1,2,0,46.9,44.1,4.5,77,4.6,Yes,No,0,None,NotPlaced
66,Male,ECE,8.0,0,64,83,0,3,0,59.5,43.0,7.9,68,4.2,Yes,No,2,Tier2,Placed
67,Male,ECE,7.8,0,90,83,2,3,2,64.3,52.7,7.1,87,4.8,Yes,No,0,None,NotPlaced
68,Female,Mechanical,7.2,0,57,64,1,1,0,21.0,36.6,1.9,82,4.6,Yes,Yes,0,None,NotPlaced
69,Male,ECE,7.7,0,57,68,1,1,0,38.8,48.1,1.4,74,4.1,No,Yes,2,Tier2,Placed
70,Female,Mechanical,8.4,0,76,69,1,1,2,55.2,41.4,3.8,67,3.8,Yes,Yes,0,None,NotPlaced
71,Female,Mechanical,7.5,0,71,76,1,1,1,28.2,24.5,2.2,69,4.3,No,Yes,0,None,NotPlaced
72,Male,Mechanical,6.7,0,78,67,0,2,1,20.0,16.2,5.2,79,4.1,No,No,0,None,NotPlaced
73,Male,ECE,8.1,0,80,86,2,3,2,62.0,36.1,7.8,90,4.8,Yes,Yes,1,Tier3,Placed
74,Female,IT,7.5,0,66,84,1,2,0,44.9,46.3,3.6,73,4.4,No,No,0,None,NotPlaced
75,Female,Civil,7.4,0,65,84,2,1,0,35.7,51.1,3.4,75,4.2,No,Yes,0,None,NotPlaced
76,Female,IT,6.5,0,57,68,1,1,0,20.0,16.1,3.5,63,4.5,No,Yes,0,None,NotPlaced
77,Female,CSE,8.1,0,73,86,1,3,1,54.6,39.8,5.2,90,4.6,Yes,Yes,2,Tier2,Placed
78,Male,ECE,6.9,0,61,71,1,1,0,20.7,19.8,2.0,83,3.5,No,Yes,0,None,NotPlaced
79,Male,CSE,8.2,0,71,84,1,3,0,60.2,50.3,6.5,83,4.8,Yes,Yes,2,Tier2,Placed
80,Male,Civil,7.6,0,58,66,1,2,1,44.2,28.3,3.7,72,3.9,No,Yes,0,None,NotPlaced
81,Female,EEE,6.6,1,55,72,1,1,1,20.0,16.5,1.2,69,3.6,No,Yes,0,None,NotPlaced
82,Male,EEE,6.7,0,72,64,1,2,1,25.9,32.9,4.1,74,4.8,Yes,Yes,2,Tier3,Placed
83,Male,ECE,8.2,0,73,82,2,3,2,65.8,53.9,7.9,76,4.5,Yes,Yes,0,None,NotPlaced
84,Male,ECE,8.3,0,82,83,2,3,1,63.8,62.9,5.8,90,4.2,Yes,Yes,3,Tier1,Placed
85,Male,CSE,7.6,0,57,72,0,2,0,31.4,32.6,5.1,86,4.8,Yes,Yes,3,Tier2,Placed
86,Male,EEE,6.7,0,81,69,1,3,0,27.1,18.1,5.7,87,4.6,Yes,No,0,None,NotPlaced
87,Female,EEE,8.1,0,71,68,0,2,1,47.0,35.9,5.3,84,3.8,No,No,0,None,NotPlaced
88,Male,IT,8.5,0,76,66,1,2,2,61.6,52.2,5.0,79,3.9,Yes,Yes,2,Tier2,Placed
89,Female,ECE,8.8,0,75,84,1,3,0,76.3,51.3,7.7,76,4.7,Yes,Yes,4,Tier1,Placed
90,Male,IT,7.2,0,57,66,1,2,0,36.5,21.7,5.2,68,4.2,Yes,Yes,0,None,NotPlaced
91,Male,CSE,7.6,0,66,67,1,1,0,31.2,19.5,2.7,80,4.5,Yes,Yes,0,None,NotPlaced
92,Female,CSE,7.1,0,55,66,1,1,0,30.3,31.6,2.1,70,3.3,No,No,0,None,NotPlaced
93,Female,IT,8.1,0,86,80,1,3,2,58.8,46.2,8.5,89,4.6,Yes,Yes,2,Tier3,Placed
94,Male,Mechanical,7.4,0,65,82,1,3,0,49.3,51.4,5.1,83,4.2,No,Yes,0,None,NotPlaced
95,Female,EEE,7.7,0,74,83,2,2,2,49.2,34.9,2.5,85,4.8,Yes,Yes,0,None,NotPlaced
96,Male,IT,7.5,0,61,73,0,1,1,29.9,8.0,1.2,75,3.3,No,Yes,0,None,NotPlaced
97,Male,ECE,7.5,0,73,66,1,1,0,31.9,27.0,0.8,64,4.0,No,No,0,None,NotPlaced
98,Male,EEE,7.8,0,81,82,2,2,2,54.0,59.1,6.0,90,4.8,Yes,No,3,Tier2,Placed
99,Male,CSE,7.7,1,61,84,1,3,1,53.0,45.4,5.8,89,4.6,No,Yes,2,Tier2,Placed
100,Male,CSE,7.9,0,58,81,0,1,2,40.1,24.6,3.8,83,4.8,Yes,No,0,None,NotPlaced
101,Male,Civil,7.4,1,55,67,1,2,1,34.9,17.1,4.0,63,3.9,No,No,0,None,NotPlaced
102,Male,EEE,7.3,0,64,65,1,1,0,20.2,30.9,2.0,80,4.7,No,Yes,0,None,NotPlaced
103,Male,Civil,6.5,0,58,65,1,1,1,20.0,13.1,2.2,62,3.8,No,Yes,0,None,NotPlaced
104,Male,IT,7.5,0,57,80,2,1,1,43.3,49.5,4.5,76,4.2,Yes,Yes,0,None,NotPlaced
105,Female,EEE,6.5,1,61,66,1,1,0,20.0,25.4,2.2,68,4.1,No,No,0,None,NotPlaced
106,Male,CSE,8.5,0,72,87,2,3,2,74.5,54.1,8.1,90,4.8,Yes,Yes,4,Tier1,Placed
107,Male,IT,6.7,2,55,70,0,1,1,20.0,30.0,3.0,74,3.9,No,No,0,None,NotPlaced
108,Female,ECE,6.5,1,65,69,0,1,0,20.0,14.0,1.8,82,4.4,No,No,0,None,NotPlaced
109,Male,IT,8.1,0,79,84,1,3,2,55.9,35.7,6.9,90,4.8,Yes,Yes,2,Tier2,Placed
110,Male,CSE,8.7,0,79,85,2,3,2,73.6,52.7,6.6,90,4.8,Yes,Yes,2,Tier3,Placed
111,Male,CSE,8.0,0,57,61,1,1,3,41.0,42.4,3.3,84,4.0,No,Yes,0,None,NotPlaced
112,Male,CSE,7.3,1,69,65,1,3,1,47.2,49.4,6.1,81,4.2,Yes,Yes,0,None,NotPlaced
113,Female,EEE,7.4,0,55,62,1,1,1,33.8,27.8,2.3,81,4.1,Yes,No,0,None,NotPlaced
114,Female,IT,8.6,0,71,83,2,3,0,78.9,47.6,6.7,81,4.7,Yes,No,3,Tier2,Placed
115,Male,CSE,6.7,0,55,78,2,1,2,20.0,8.4,1.9,76,4.8,Yes,No,0,None,NotPlaced
116,Female,CSE,7.6,0,55,67,1,1,1,35.0,22.0,1.4,67,3.5,No,No,0,None,NotPlaced
117,Female,CSE,8.8,0,83,83,1,3,2,74.0,49.5,8.1,90,4.6,Yes,Yes,4,Tier1,Placed
118,Male,EEE,6.5,0,61,68,1,2,0,20.0,22.0,4.7,65,4.4,No,Yes,0,None,NotPlaced
119,Female,CSE,6.5,0,62,62,1,2,1,21.1,37.3,3.6,78,4.2,No,No,0,None,NotPlaced
120,Male,Mechanical,7.4,0,55,74,1,2,1,37.7,39.5,4.8,75,4.2,No,Yes,0,None,NotPlaced
121,Female,CSE,8.7,0,85,79,2,3,2,80.6,54.7,9.1,81,4.7,Yes,Yes,2,Tier2,Placed
122,Female,CSE,8.0,1,59,66,1,1,1,43.4,30.9,2.3,68,4.2,No,Yes,0,None,NotPlaced
123,Male,Mechanical,7.7,2,80,85,1,3,2,50.3,39.3,8.4,90,4.8,Yes,No,2,Tier2,Placed
124,Male,EEE,7.3,0,58,67,1,1,0,33.6,32.4,2.9,64,3.2,No,Yes,0,None,NotPlaced
125,Male,CSE,8.4,0,56,63,2,1,2,44.9,50.8,1.7,76,4.1,No,No,0,None,NotPlaced
126,Male,EEE,7.7,0,65,75,1,2,0,44.7,34.1,4.2,73,4.0,No,Yes,2,Tier2,Placed
127,Female,ECE,7.5,0,58,64,1,1,1,24.2,35.4,2.5,68,4.7,No,No,0,None,NotPlaced
128,Female,Mechanical,7.4,0,63,73,0,1,0,21.4,38.9,1.3,79,4.3,No,No,0,None,NotPlaced
129,Male,EEE,7.4,0,73,73,1,1,1,33.6,26.5,0.0,64,4.3,No,Yes,0,None,NotPlaced
130,Male,ECE,8.5,0,80,86,1,2,2,54.6,43.3,4.2,90,4.8,Yes,Yes,2,Tier3,Placed
131,Male,Civil,8.0,0,85,84,1,3,0,51.9,40.6,4.8,80,4.4,Yes,Yes,1,Tier3,Placed
132,Male,IT,6.5,0,64,67,1,1,1,24.9,24.4,1.2,72,3.8,No,No,0,None,NotPlaced
133,Male,ECE,8.4,0,78,82,1,1,0,44.2,35.4,1.3,81,4.6,Yes,No,3,Tier1,Placed
134,Male,IT,8.7,0,87,84,0,3,2,76.3,68.4,6.9,88,4.8,No,No,0,None,NotPlaced
135,Female,CSE,8.0,0,57,70,0,1,0,37.1,19.0,0.8,60,4.0,No,No,0,None,NotPlaced
136,Male,CSE,8.4,0,74,82,2,3,1,69.4,52.2,7.5,88,4.6,Yes,Yes,0,None,NotPlaced
137,Male,CSE,8.2,0,90,81,2,3,2,70.8,60.3,7.8,90,4.4,Yes,Yes,1,Tier3,Placed
138,Female,ECE,8.1,0,73,82,2,2,2,64.7,60.4,5.7,90,4.5,Yes,Yes,1,Tier3,Placed
139,Male,ECE,7.9,0,62,65,1,3,1,51.3,60.2,4.1,75,3.7,No,Yes,0,None,NotPlaced
140,Female,IT,8.9,0,69,85,2,3,2,79.4,53.4,8.1,90,4.8,Yes,Yes,3,Tier1,Placed
141,Female,CSE,6.5,1,66,70,1,1,1,20.0,15.3,2.4,72,4.5,No,No,0,None,NotPlaced
142,Male,IT,7.6,0,55,76,1,1,0,36.4,13.9,2.8,73,4.3,No,Yes,3,Tier2,Placed
143,Male,Mechanical,8.4,0,67,80,1,3,2,72.5,50.0,8.8,90,4.6,Yes,Yes,3,Tier1,Placed
144,Male,IT,7.8,0,79,87,2,3,0,62.6,36.6,7.8,77,4.8,Yes,Yes,0,None,NotPlaced
145,Male,ECE,8.4,0,59,80,1,2,1,68.0,50.1,3.8,74,4.3,Yes,Yes,4,Tier1,Placed
146,Male,EEE,7.6,0,58,74,1,2,0,43.9,35.6,4.7,74,3.7,No,Yes,1,Tier3,Placed
147,Male,EEE,7.9,1,87,82,1,1,1,42.1,38.8,1.5,62,4.6,Yes,Yes,0,None,NotPlaced
148,Male,ECE,7.9,0,56,82,1,3,1,58.6,45.8,6.9,80,4.2,Yes,Yes,3,Tier2,Placed
149,Male,Mechanical,8.0,0,74,81,2,1,2,47.3,45.0,2.5,90,4.8,Yes,Yes,0,None,NotPlaced
150,Male,IT,7.9,1,63,70,2,1,0,50.2,43.5,3.0,83,4.0,Yes,Yes,0,None,NotPlaced
151,Female,Mechanical,8.4,0,90,85,2,3,2,73.2,51.1,5.5,90,4.8,Yes,Yes,3,Tier2,Placed
152,Male,CSE,8.6,0,73,78,0,3,2,69.9,43.5,5.6,90,4.8,Yes,Yes,4,Tier1,Placed
153,Male,IT,7.8,0,79,65,0,1,0,38.7,39.0,2.6,81,3.9,Yes,Yes,4,Tier1,Placed
154,Male,CSE,8.1,0,80,83,2,3,3,68.1,68.9,6.8,90,4.8,Yes,Yes,3,Tier2,Placed
155,Female,Mechanical,7.2,0,64,84,1,3,1,45.5,58.9,6.6,75,4.2,Yes,Yes,0,None,NotPlaced
156,Male,IT,7.7,0,69,63,0,1,0,26.9,33.6,4.5,81,4.8,Yes,Yes,2,Tier2,Placed
157,Female,CSE,8.4,0,79,86,1,3,2,64.2,64.7,7.4,90,4.5,Yes,Yes,3,Tier2,Placed
158,Female,CSE,8.0,0,72,83,1,3,1,63.2,55.8,7.4,87,4.6,Yes,Yes,0,None,NotPlaced
159,Male,Mechanical,7.8,0,61,69,0,1,1,41.1,37.7,1.6,72,4.0,No,No,0,None,NotPlaced
160,Female,Mechanical,6.5,0,56,64,1,1,0,20.0,20.6,0.6,63,3.5,No,No,0,None,NotPlaced
161,Male,EEE,6.5,1,57,74,0,3,0,21.2,20.4,6.0,71,3.6,No,Yes,0,None,NotPlaced
162,Male,ECE,7.9,1,60,71,1,2,1,49.1,46.5,6.8,81,4.0,Yes,Yes,0,None,NotPlaced
163,Male,ECE,6.7,1,56,64,1,1,0,20.0,16.6,2.2,75,4.2,No,No,0,None,NotPlaced
164,Male,ECE,6.9,1,55,69,0,1,0,20.0,19.4,3.1,73,4.1,No,Yes,3,Tier1,Placed
165,Male,Civil,6.5,0,62,72,1,1,2,20.0,12.2,4.2,85,4.3,Yes,No,1,Tier3,Placed
166,Female,CSE,6.5,0,55,66,0,1,1,20.0,24.9,2.6,79,3.9,No,No,0,None,NotPlaced
167,Male,ECE,7.3,0,65,64,1,1,1,20.0,12.7,2.2,71,3.6,No,No,0,None,NotPlaced
168,Male,IT,8.3,0,77,82,2,3,0,69.1,55.0,6.0,71,4.6,Yes,Yes,1,Tier3,Placed
169,Male,ECE,7.5,0,63,65,1,1,1,35.3,35.4,1.8,74,3.9,No,No,0,None,NotPlaced
170,Male,IT,8.0,0,78,61,2,3,3,67.9,59.1,6.6,76,4.1,Yes,Yes,0,None,NotPlaced
171,Female,ECE,8.3,1,76,71,1,2,1,58.6,53.4,4.3,69,3.8,No,Yes,0,None,NotPlaced
172,Male,CSE,6.6,0,80,82,0,3,0,34.8,30.5,4.6,87,4.5,No,No,0,None,NotPlaced
173,Male,ECE,7.4,0,65,70,0,3,0,42.1,41.5,5.5,90,4.6,No,No,0,None,NotPlaced
174,Male,CSE,8.0,0,66,68,1,1,1,49.6,37.8,2.4,78,4.4,No,No,0,None,NotPlaced
175,Male,CSE,8.0,0,78,86,2,3,2,60.8,34.9,6.3,90,4.8,Yes,Yes,2,Tier2,Placed
176,Male,CSE,6.7,0,55,65,1,2,0,25.3,28.5,3.1,73,4.5,No,Yes,0,None,NotPlaced
177,Female,EEE,8.3,0,67,65,1,2,3,50.9,45.0,4.2,78,3.8,Yes,No,0,None,NotPlaced
178,Male,IT,8.5,0,61,86,1,3,2,73.5,67.7,6.7,90,4.8,Yes,Yes,4,Tier1,Placed
179,Female,ECE,7.5,0,55,65,2,1,2,37.4,34.1,0.6,90,4.8,Yes,No,0,None,NotPlaced
180,Male,EEE,7.4,0,58,62,1,1,0,32.8,15.5,1.3,60,3.4,No,No,0,None,NotPlaced
181,Male,ECE,8.4,0,74,82,0,1,2,44.4,38.3,4.0,88,4.8,Yes,Yes,3,Tier2,Placed
182,Male,IT,8.2,0,70,73,1,3,0,65.9,60.6,7.3,82,4.8,Yes,Yes,2,Tier2,Placed
183,Female,ECE,6.5,2,74,61,1,1,0,20.0,24.5,2.4,74,4.2,No,Yes,0,None,NotPlaced
184,Female,IT,7.7,2,57,69,1,1,0,32.0,27.6,0.2,71,4.7,No,Yes,0,None,NotPlaced
185,Male,EEE,7.3,0,63,66,1,2,2,32.3,15.3,3.6,67,4.5,No,No,0,None,NotPlaced
186,Female,ECE,6.5,0,75,69,0,1,0,20.0,12.8,2.9,78,3.7,Yes,Yes,0,None,NotPlaced
187,Female,Mechanical,6.5,0,55,65,1,1,1,20.0,23.9,2.5,68,4.1,No,No,0,None,NotPlaced
188,Male,Mechanical,7.5,0,73,79,1,1,0,42.3,23.1,3.1,76,4.3,No,Yes,0,None,NotPlaced
189,Male,CSE,7.8,0,55,70,1,1,1,40.5,31.7,3.0,65,3.9,No,No,0,None,NotPlaced
190,Male,CSE,6.8,0,61,62,1,1,0,24.0,24.1,1.4,78,4.3,No,No,0,None,NotPlaced
191,Male,ECE,8.4,0,76,82,2,3,2,63.9,62.0,6.4,90,4.1,Yes,Yes,3,Tier2,Placed
192,Female,IT,7.8,0,59,74,2,2,2,62.1,55.6,5.4,80,4.6,No,Yes,2,Tier3,Placed
193,Female,CSE,7.5,0,58,63,1,2,0,44.0,45.4,4.6,77,4.2,Yes,Yes,0,None,NotPlaced
194,Male,Mechanical,8.9,0,75,82,0,1,2,55.8,48.7,1.9,80,4.8,Yes,Yes,2,Tier2,Placed
195,Male,IT,6.5,0,58,62,0,1,0,20.0,14.0,1.8,75,3.7,No,No,0,None,NotPlaced
196,Male,Mechanical,8.4,0,78,70,1,1,2,45.5,34.8,3.3,87,4.1,No,No,0,None,NotPlaced
197,Female,EEE,8.1,0,69,67,0,1,0,35.9,24.1,2.1,71,3.6,Yes,No,0,None,NotPlaced
198,Female,ECE,8.5,0,60,85,2,3,0,83.6,71.0,6.6,86,4.2,Yes,Yes,3,Tier1,Placed
199,Female,CSE,7.6,0,79,86,1,1,1,30.1,22.9,2.1,82,4.8,Yes,Yes,3,Tier2,Placed
200,Female,CSE,7.8,2,87,87,2,3,0,55.0,42.5,8.0,79,4.3,Yes,No,0,None,NotPlaced
201,Male,IT,8.6,0,68,84,1,3,2,67.5,55.5,7.3,90,4.7,Yes,Yes,3,Tier1,Placed
202,Male,CSE,7.9,0,79,82,2,3,2,56.0,59.2,7.9,76,4.6,Yes,Yes,2,Tier3,Placed
203,Male,IT,6.5,0,65,59,0,2,2,20.0,26.0,6.6,75,4.5,Yes,No,0,None,NotPlaced
204,Female,IT,8.2,0,78,87,0,2,1,55.4,40.0,3.5,82,4.5,Yes,Yes,2,Tier2,Placed
205,Male,CSE,8.2,0,60,70,1,1,0,43.9,39.2,2.2,81,4.3,Yes,Yes,2,Tier2,Placed
206,Male,CSE,7.6,0,69,67,1,1,0,28.1,38.6,1.6,64,4.1,No,No,0,None,NotPlaced
207,Male,Mechanical,7.3,0,55,72,1,2,1,38.5,39.4,4.1,84,4.6,No,Yes,0,None,NotPlaced
208,Female,CSE,8.4,0,85,79,2,3,2,71.7,45.5,7.5,90,4.5,Yes,Yes,4,Tier1,Placed
209,Male,CSE,8.3,0,70,88,2,3,3,75.0,53.3,6.5,90,4.5,Yes,Yes,2,Tier3,Placed
210,Male,ECE,7.8,0,70,78,1,3,0,52.7,36.9,6.3,88,4.8,Yes,Yes,2,Tier2,Placed
211,Male,Civil,8.3,0,77,84,1,2,1,55.7,57.9,6.0,82,4.7,Yes,Yes,0,None,NotPlaced
212,Female,IT,7.5,0,55,75,1,1,1,32.3,38.9,2.5,69,4.1,No,No,0,None,NotPlaced
213,Female,CSE,8.6,0,82,81,2,3,2,76.4,55.5,7.3,78,4.8,Yes,Yes,0,None,NotPlaced
214,Male,ECE,7.8,0,57,69,2,2,2,50.0,36.8,2.9,77,4.2,Yes,No,0,None,NotPlaced
215,Female,Mechanical,6.6,1,70,66,1,1,1,20.0,20.7,3.2,71,4.3,No,No,0,None,NotPlaced
216,Male,Mechanical,7.4,0,61,70,0,1,1,20.0,20.9,2.2,70,4.2,No,No,0,None,NotPlaced
217,Male,EEE,6.9,1,55,69,1,2,1,26.2,17.3,3.8,74,4.1,No,No,0,None,NotPlaced
218,Female,IT,6.6,0,62,70,1,1,0,20.0,18.9,1.2,77,4.5,No,No,0,None,NotPlaced
219,Male,ECE,8.3,0,80,79,1,2,2,61.3,39.2,4.4,88,4.1,Yes,Yes,2,Tier3,Placed
220,Female,CSE,7.9,2,81,85,2,2,2,51.6,54.2,4.1,88,4.8,Yes,Yes,4,Tier1,Placed
221,Female,EEE,6.6,0,82,69,1,2,1,29.5,13.4,3.0,76,4.1,Yes,Yes,0,None,NotPlaced
222,Male,EEE,8.0,0,62,83,2,3,2,63.9,38.3,6.2,86,4.8,Yes,Yes,3,Tier2,Placed
223,Male,Civil,7.5,0,55,68,1,2,0,34.3,35.2,2.4,86,3.8,No,No,0,None,NotPlaced
224,Male,CSE,7.9,1,81,78,2,3,2,53.7,35.8,6.9,90,4.8,Yes,No,0,None,NotPlaced
225,Male,CSE,8.3,0,60,61,1,3,2,71.1,52.8,5.8,78,3.9,Yes,Yes,2,Tier2,Placed
226,Male,ECE,7.4,0,67,62,1,1,0,29.1,27.5,2.7,74,3.5,No,Yes,0,None,NotPlaced
227,Female,EEE,8.0,0,79,78,2,2,2,49.9,48.2,3.3,87,3.8,Yes,Yes,3,Tier2,Placed
228,Male,ECE,8.7,0,80,84,2,3,2,66.7,52.8,8.2,87,4.7,Yes,Yes,3,Tier1,Placed
229,Female,IT,7.4,0,66,86,1,2,0,37.0,47.1,4.8,77,4.5,No,Yes,0,None,NotPlaced
230,Male,CSE,7.9,2,83,88,2,3,2,64.0,52.9,5.9,90,4.8,Yes,Yes,3,Tier2,Placed
231,Female,ECE,7.5,0,59,66,1,1,1,29.5,36.5,1.9,70,4.6,No,No,0,None,NotPlaced
232,Male,ECE,7.4,0,68,84,2,1,1,30.7,31.5,2.1,87,4.5,Yes,Yes,0,None,NotPlaced
233,Male,Mechanical,7.7,1,78,65,0,1,1,29.3,43.8,3.6,69,4.8,Yes,Yes,0,None,NotPlaced
234,Male,IT,7.8,0,73,73,0,1,1,40.2,42.9,3.8,70,3.8,No,Yes,0,None,NotPlaced
235,Male,EEE,7.5,0,79,83,2,3,0,47.0,41.2,8.2,88,4.6,Yes,Yes,0,None,NotPlaced
236,Female,ECE,8.2,0,77,82,2,3,1,64.8,56.6,6.3,69,4.0,Yes,Yes,0,None,NotPlaced
237,Male,EEE,7.8,0,77,86,1,3,2,61.1,47.4,7.1,75,4.3,Yes,Yes,0,None,NotPlaced
238,Male,IT,7.6,1,68,84,1,1,0,37.5,30.6,4.5,72,4.6,Yes,Yes,0,None,NotPlaced
239,Male,EEE,8.5,0,80,79,2,3,2,74.9,50.1,7.5,90,4.8,Yes,Yes,4,Tier1,Placed
240,Male,IT,6.7,0,76,70,0,1,1,20.0,13.9,3.0,71,4.7,No,Yes,0,None,NotPlaced
241,Female,ECE,7.6,0,56,72,1,3,0,51.2,59.7,6.7,82,4.5,No,Yes,0,None,NotPlaced
242,Female,CSE,7.6,0,85,61,0,2,0,35.3,22.3,5.1,80,3.7,Yes,No,0,None,NotPlaced
243,Female,ECE,7.3,1,58,67,1,2,0,32.7,24.0,3.9,71,4.4,No,Yes,0,None,NotPlaced
244,Male,IT,8.1,0,71,70,1,2,1,47.6,39.6,2.8,78,3.5,No,Yes,0,None,NotPlaced
245,Male,CSE,7.6,0,80,68,2,3,0,59.9,49.4,5.2,88,4.4,No,Yes,3,Tier2,Placed
246,Female,Civil,7.4,0,59,63,1,2,0,38.7,37.1,3.1,77,3.8,No,Yes,0,None,NotPlaced
247,Male,CSE,8.4,0,62,81,0,2,1,55.6,42.8,4.6,85,4.3,Yes,Yes,4,Tier1,Placed
248,Female,Mechanical,6.7,0,71,66,1,2,1,25.8,28.2,4.1,73,4.3,No,Yes,0,None,NotPlaced
249,Female,Civil,6.5,1,79,64,1,1,0,20.0,29.4,1.9,70,4.7,No,Yes,0,None,NotPlaced
250,Female,CSE,7.4,0,57,61,1,2,1,37.7,42.6,4.2,68,3.4,No,Yes,0,None,NotPlaced
251,Male,ECE,8.4,0,68,64,2,3,1,69.6,53.4,7.7,76,4.1,Yes,Yes,0,None,NotPlaced
252,Male,IT,6.5,0,55,70,1,1,0,20.0,25.0,1.6,68,4.3,No,Yes,0,None,NotPlaced
253,Female,CSE,6.6,1,74,82,1,2,1,20.0,12.2,5.7,82,4.4,Yes,Yes,0,None,NotPlaced
254,Male,IT,8.1,0,82,85,0,2,2,42.4,31.1,6.1,80,4.4,Yes,No,3,Tier2,Placed
255,Male,Civil,6.5,0,59,65,1,1,0,20.0,11.3,2.4,74,4.2,No,No,0,None,NotPlaced
256,Male,CSE,8.5,0,75,84,1,3,2,61.0,49.1,6.5,75,4.5,Yes,Yes,0,None,NotPlaced
257,Female,IT,8.7,0,83,81,2,3,2,71.1,51.0,7.9,90,4.8,Yes,Yes,4,Tier1,Placed
258,Female,ECE,7.5,1,60,67,1,2,3,46.2,27.9,4.5,86,4.8,No,Yes,0,None,NotPlaced
259,Male,Mechanical,8.1,0,86,88,2,3,2,67.1,52.0,7.6,90,4.8,Yes,Yes,2,Tier3,Placed
260,Male,CSE,8.2,0,77,83,1,3,1,60.7,36.1,8.5,83,4.1,Yes,Yes,0,None,NotPlaced
261,Male,ECE,8.7,0,70,59,2,1,0,73.4,67.9,3.7,66,4.8,Yes,No,0,None,NotPlaced
262,Female,EEE,6.6,1,86,88,0,1,2,20.0,16.0,3.6,72,4.2,No,Yes,2,Tier2,Placed
263,Male,ECE,8.1,0,81,78,0,2,3,52.9,51.9,4.9,78,4.1,Yes,Yes,3,Tier2,Placed
264,Male,Civil,6.5,2,59,66,1,3,0,28.4,23.1,5.6,80,3.7,No,No,0,None,NotPlaced
265,Female,Mechanical,7.4,0,76,71,1,1,0,34.9,22.8,3.1,88,4.5,No,Yes,2,Tier2,Placed
266,Female,CSE,8.2,0,79,84,2,3,2,68.5,64.6,6.0,80,4.8,Yes,Yes,4,Tier1,Placed
267,Female,ECE,6.8,0,61,69,2,2,2,22.6,23.7,5.9,80,4.6,No,Yes,0,None,NotPlaced
268,Female,IT,8.0,0,68,75,1,2,1,51.5,58.0,5.3,76,4.5,No,Yes,0,None,NotPlaced
269,Male,CSE,8.5,0,68,88,1,3,0,70.7,53.1,7.1,82,4.4,Yes,Yes,3,Tier2,Placed
270,Male,ECE,6.6,0,56,58,1,2,1,20.0,16.3,5.2,65,4.1,No,No,0,None,NotPlaced
271,Female,IT,8.4,0,60,64,1,2,0,68.7,63.2,4.7,79,3.8,No,Yes,0,None,NotPlaced
272,Female,IT,7.8,1,56,59,1,1,1,40.6,43.6,0.7,79,3.7,No,Yes,0,None,NotPlaced
273,Female,Civil,7.7,0,65,59,1,2,0,48.4,42.4,4.2,81,3.8,Yes,Yes,0,None,NotPlaced
274,Female,CSE,6.8,2,55,65,1,1,0,20.0,47.3,2.3,73,3.7,No,Yes,0,None,NotPlaced
275,Male,Civil,7.3,0,59,57,1,2,1,40.5,32.5,4.2,71,4.7,No,No,0,None,NotPlaced
276,Male,ECE,6.5,0,83,87,2,2,2,31.4,18.9,6.3,79,4.5,Yes,Yes,2,Tier3,Placed
277,Female,ECE,8.3,0,82,86,2,1,1,55.3,38.2,3.3,83,4.5,Yes,Yes,0,None,NotPlaced
278,Male,Mechanical,7.3,0,58,73,1,2,1,37.0,30.8,2.7,79,3.8,No,Yes,0,None,NotPlaced
279,Female,ECE,6.8,1,71,85,1,2,1,22.5,33.8,4.5,65,3.9,Yes,Yes,2,Tier3,Placed
280,Female,IT,8.7,0,69,88,1,3,2,71.9,56.9,7.7,90,4.8,Yes,Yes,2,Tier2,Placed
281,Female,IT,8.3,0,55,80,2,3,1,67.4,67.8,5.2,90,4.8,Yes,No,4,Tier1,Placed
282,Male,IT,8.2,0,55,70,1,2,1,57.9,51.1,3.6,79,3.8,Yes,Yes,0,None,NotPlaced
283,Male,Mechanical,8.2,0,76,82,1,1,2,42.8,46.4,1.6,86,4.4,No,No,0,None,NotPlaced
284,Male,EEE,8.5,0,55,63,0,2,0,58.8,51.5,4.9,81,3.2,No,Yes,0,None,NotPlaced
285,Male,CSE,8.0,0,55,71,0,1,1,33.8,34.5,1.8,87,3.8,No,Yes,0,None,NotPlaced
286,Male,CSE,7.9,1,64,60,1,1,0,39.7,40.7,3.5,77,4.7,Yes,Yes,0,None,NotPlaced
287,Male,IT,7.7,1,55,70,1,1,2,40.1,30.9,2.0,82,4.4,No,No,0,None,NotPlaced
288,Male,CSE,7.6,0,82,87,0,3,3,42.5,32.1,6.9,75,4.3,Yes,Yes,2,Tier2,Placed
289,Male,EEE,6.7,0,69,67,1,3,0,36.3,35.1,6.3,77,4.1,Yes,Yes,0,None,NotPlaced
290,Male,CSE,8.5,0,76,83,0,2,2,58.8,63.4,5.8,75,4.5,Yes,No,1,Tier3,Placed
291,Male,IT,8.8,0,75,88,1,2,2,65.6,41.7,3.7,90,4.8,Yes,No,3,Tier2,Placed
292,Male,CSE,6.5,1,83,63,2,3,1,39.8,19.0,6.8,82,4.6,Yes,No,0,None,NotPlaced
293,Female,IT,7.5,0,84,64,0,1,1,28.4,25.0,4.1,80,4.2,Yes,No,0,None,NotPlaced
294,Male,ECE,7.7,1,78,83,2,3,2,63.5,59.7,6.2,78,4.6,Yes,Yes,0,None,NotPlaced
295,Male,ECE,7.7,0,58,71,0,1,0,41.0,36.2,0.4,79,4.8,No,Yes,0,None,NotPlaced
296,Male,Civil,8.6,0,57,82,1,1,2,53.8,35.9,0.9,84,4.3,Yes,Yes,2,Tier3,Placed
297,Female,Mechanical,7.5,0,61,59,0,2,0,39.2,34.3,4.7,69,3.6,No,No,0,None,NotPlaced
298,Male,ECE,6.8,0,65,69,1,1,0,20.0,6.3,2.7,68,4.3,No,Yes,0,None,NotPlaced
299,Male,CSE,8.1,0,69,84,0,3,2,50.8,48.7,6.7,90,4.8,Yes,Yes,0,None,NotPlaced
300,Male,EEE,8.4,0,82,85,2,3,3,71.0,54.6,5.7,82,4.5,Yes,No,2,Tier3,Placed
301,Male,Mechanical,7.5,1,65,71,1,1,0,26.2,23.7,1.9,67,3.4,No,No,0,None,NotPlaced
302,Male,EEE,8.1,0,71,72,1,3,0,56.3,49.1,8.2,70,4.8,Yes,No,0,None,NotPlaced
303,Male,CSE,7.4,0,55,62,1,1,1,34.0,31.2,0.7,64,4.0,No,No,0,None,NotPlaced
304,Male,Civil,8.4,0,72,79,2,3,2,69.4,51.4,8.1,80,4.6,Yes,Yes,4,Tier1,Placed
305,Female,CSE,8.2,0,79,80,0,3,2,61.6,59.5,5.3,90,4.8,Yes,Yes,3,Tier1,Placed
306,Female,EEE,8.0,0,71,61,1,2,1,52.5,50.3,2.9,80,4.3,No,Yes,0,None,NotPlaced
307,Male,Mechanical,7.9,0,68,83,0,3,2,61.3,36.8,7.1,90,4.8,Yes,Yes,3,Tier2,Placed
308,Male,IT,6.8,0,64,69,0,1,0,20.0,19.1,2.9,77,3.3,No,No,0,None,NotPlaced
309,Female,Mechanical,8.3,0,76,85,2,3,2,75.6,51.7,8.5,82,4.6,Yes,Yes,3,Tier2,Placed
310,Male,IT,7.4,1,55,85,1,2,1,41.0,25.3,5.0,75,4.3,No,Yes,0,None,NotPlaced
311,Male,Civil,7.6,0,62,73,1,1,0,36.6,35.8,3.6,66,4.1,No,Yes,0,None,NotPlaced
312,Male,CSE,8.5,0,78,82,2,3,1,79.8,60.6,7.2,90,4.8,Yes,Yes,0,None,NotPlaced
313,Male,Civil,8.2,0,77,88,2,3,2,71.3,56.9,6.4,90,4.6,Yes,Yes,3,Tier1,Placed
314,Female,CSE,8.2,0,77,82,1,3,2,64.1,47.6,7.2,90,4.3,No,Yes,3,Tier1,Placed
315,Female,EEE,6.5,0,55,64,1,1,0,20.0,24.1,3.4,79,3.6,No,Yes,0,None,NotPlaced
316,Female,ECE,7.5,0,77,84,1,1,2,35.7,37.8,3.9,82,4.5,Yes,Yes,2,Tier3,Placed
317,Male,IT,7.5,0,71,84,1,2,1,37.6,51.3,4.6,85,4.1,No,Yes,0,None,NotPlaced
318,Male,IT,6.6,1,56,65,0,1,1,20.0,18.6,3.4,67,4.3,No,Yes,0,None,NotPlaced
319,Male,EEE,7.6,0,83,86,1,1,1,42.1,25.8,3.3,88,4.5,Yes,Yes,1,Tier3,Placed
320,Male,CSE,7.5,2,64,68,1,1,1,42.3,32.9,3.0,81,4.5,Yes,Yes,0,None,NotPlaced
321,Male,ECE,7.5,0,61,71,0,2,1,31.4,34.7,4.7,66,4.5,No,Yes,4,Tier1,Placed
322,Female,CSE,8.5,0,88,80,2,3,1,70.7,51.0,7.5,85,4.3,Yes,Yes,4,Tier1,Placed
323,Female,Civil,7.9,0,56,66,2,1,0,51.7,30.7,2.9,71,4.8,No,Yes,0,None,NotPlaced
324,Male,CSE,8.2,0,57,70,0,2,0,52.7,38.5,4.9,85,4.1,Yes,No,0,None,NotPlaced
325,Female,IT,7.2,0,55,61,1,2,0,38.4,28.8,4.9,69,4.0,No,Yes,0,None,NotPlaced
326,Female,CSE,8.6,0,75,84,2,3,2,80.5,55.8,7.9,90,4.8,Yes,Yes,3,Tier2,Placed
327,Male,ECE,6.5,0,67,73,1,1,1,20.0,22.8,2.2,78,3.9,No,Yes,1,Tier3,Placed
328,Male,CSE,8.7,0,77,81,1,3,0,74.6,59.3,6.2,86,4.5,Yes,Yes,3,Tier2,Placed
329,Male,ECE,7.8,0,75,65,1,2,0,48.3,47.1,6.2,78,4.8,Yes,Yes,2,Tier2,Placed
330,Male,Mechanical,7.7,0,55,66,1,1,0,32.7,26.5,0.8,80,4.0,No,Yes,0,None,NotPlaced
331,Male,EEE,6.5,0,62,86,0,2,0,20.0,25.7,4.0,80,4.6,Yes,Yes,2,Tier3,Placed
332,Female,IT,8.5,0,78,69,1,2,1,67.2,49.5,5.2,71,3.8,Yes,Yes,0,None,NotPlaced
333,Male,CSE,7.4,0,75,72,2,3,0,50.3,33.9,4.5,86,4.6,Yes,Yes,3,Tier2,Placed
334,Male,ECE,8.6,0,71,82,1,3,2,71.8,53.2,8.5,81,4.8,Yes,Yes,2,Tier3,Placed
335,Male,CSE,8.0,0,69,69,1,2,1,52.0,31.4,4.0,88,3.6,No,Yes,0,None,NotPlaced
336,Male,EEE,7.8,0,73,79,1,3,1,53.6,59.8,8.5,89,4.6,Yes,Yes,2,Tier2,Placed
337,Female,CSE,8.1,0,72,87,1,3,2,64.4,54.3,8.8,90,4.7,Yes,No,3,Tier2,Placed
338,Female,ECE,7.2,0,74,69,1,2,0,31.6,23.2,3.8,83,4.5,No,Yes,0,None,NotPlaced
339,Male,IT,8.4,0,78,88,2,3,2,78.7,59.9,8.3,87,4.8,Yes,Yes,3,Tier2,Placed
340,Male,Mechanical,8.4,1,90,79,0,3,2,65.1,33.6,5.9,85,4.6,Yes,Yes,0,None,NotPlaced
341,Male,CSE,8.3,1,69,80,0,3,1,55.3,58.1,7.4,88,4.7,Yes,Yes,0,None,NotPlaced
342,Male,EEE,7.2,0,67,69,0,2,1,38.5,43.6,3.5,66,3.9,No,No,0,None,NotPlaced
343,Male,CSE,8.6,0,77,86,2,3,2,76.8,62.7,7.7,90,4.8,Yes,Yes,3,Tier2,Placed
344,Male,EEE,7.9,0,56,71,2,1,0,42.4,38.8,2.9,73,4.2,No,No,0,None,NotPlaced
345,Male,Mechanical,6.6,1,68,71,1,1,2,20.5,11.5,2.8,81,4.8,Yes,No,0,None,NotPlaced
346,Male,ECE,7.1,0,58,68,1,1,1,27.5,15.4,2.5,63,3.6,No,Yes,0,None,NotPlaced
347,Male,ECE,7.8,0,72,69,0,3,0,41.1,23.3,7.9,90,4.7,Yes,Yes,2,Tier2,Placed
348,Male,Civil,6.6,0,73,72,1,1,1,20.0,20.0,2.2,81,4.0,No,No,0,None,NotPlaced
349,Male,ECE,6.5,2,68,86,2,3,0,35.4,40.4,9.5,79,3.7,Yes,Yes,0,None,NotPlaced
350,Male,ECE,7.5,0,58,81,2,1,0,27.2,23.4,2.9,83,4.6,Yes,No,0,None,NotPlaced
351,Male,ECE,7.5,0,55,66,1,2,0,41.4,38.1,5.7,70,3.7,No,Yes,0,None,NotPlaced
352,Female,ECE,7.8,0,58,60,0,2,2,42.8,44.5,6.1,74,4.6,Yes,Yes,0,None,NotPlaced
353,Female,CSE,6.6,0,55,68,1,2,0,20.0,7.4,2.1,71,4.0,No,No,2,Tier3,Placed
354,Male,Mechanical,7.4,0,55,62,1,2,0,40.4,49.5,5.5,72,4.3,No,Yes,0,None,NotPlaced
355,Male,IT,7.8,1,77,82,1,3,2,55.0,54.7,8.1,77,4.2,Yes,No,0,None,NotPlaced
356,Male,CSE,8.2,0,89,84,2,3,2,62.0,55.6,7.1,90,4.8,Yes,Yes,4,Tier1,Placed
357,Male,ECE,8.9,0,71,83,2,3,2,86.6,76.0,7.4,89,4.6,Yes,Yes,3,Tier2,Placed
358,Male,IT,8.2,0,78,71,1,2,1,59.2,57.3,5.5,90,4.8,Yes,Yes,4,Tier1,Placed
359,Female,CSE,7.5,0,60,68,1,3,0,47.6,42.0,7.4,70,4.2,No,Yes,0,None,NotPlaced
360,Male,ECE,7.7,0,62,63,1,2,0,44.0,48.3,3.6,68,3.9,No,Yes,0,None,NotPlaced
361,Male,EEE,8.7,1,81,80,1,3,2,76.6,58.1,8.6,90,4.7,Yes,Yes,3,Tier2,Placed
362,Male,Mechanical,7.5,0,55,60,1,1,1,32.0,31.9,0.9,65,4.4,No,Yes,0,None,NotPlaced
363,Male,Civil,6.6,0,55,60,1,1,1,20.0,32.0,0.2,82,3.7,No,Yes,1,Tier3,Placed
364,Male,Mechanical,7.4,2,77,68,2,3,1,54.4,24.1,6.6,84,4.8,No,Yes,2,Tier2,Placed
365,Female,CSE,7.5,0,82,81,0,3,2,39.9,39.5,8.3,90,4.8,Yes,Yes,3,Tier2,Placed
366,Male,IT,8.2,0,55,61,1,1,1,45.1,44.5,1.8,79,4.6,No,Yes,0,None,NotPlaced
367,Female,EEE,8.7,0,65,88,1,2,0,72.3,44.5,2.7,84,4.4,Yes,Yes,2,Tier3,Placed
368,Female,IT,8.0,0,75,81,2,3,1,63.3,54.4,5.5,87,4.2,Yes,Yes,4,Tier1,Placed
369,Male,ECE,8.4,0,77,73,2,2,0,64.0,45.3,5.4,76,4.4,Yes,Yes,3,Tier2,Placed
370,Male,ECE,8.0,0,69,71,2,2,2,58.5,51.4,4.0,81,4.5,No,No,0,None,NotPlaced
371,Male,IT,7.5,0,55,70,1,2,2,43.5,36.0,6.3,70,4.7,Yes,Yes,0,None,NotPlaced
372,Male,Mechanical,6.5,0,85,65,1,3,2,24.4,17.6,7.1,90,4.0,Yes,No,2,Tier2,Placed
373,Male,ECE,7.8,0,82,85,0,3,2,49.7,50.2,6.3,73,4.6,Yes,No,0,None,NotPlaced
374,Female,IT,7.6,0,62,63,1,2,0,43.2,32.7,4.3,64,4.5,No,Yes,0,None,NotPlaced
375,Male,Civil,8.7,0,62,74,0,3,0,69.4,57.5,8.0,75,3.7,Yes,Yes,0,None,NotPlaced
376,Male,ECE,7.2,0,84,70,1,1,0,28.4,38.0,3.4,85,3.5,No,Yes,0,None,NotPlaced
377,Female,CSE,8.1,0,70,85,1,3,2,73.9,52.5,6.9,90,4.7,Yes,Yes,1,Tier3,Placed
378,Male,ECE,7.4,1,55,77,1,2,0,33.1,30.2,5.1,77,4.1,Yes,Yes,0,None,NotPlaced
379,Female,EEE,8.2,0,78,83,2,2,2,64.9,48.8,5.8,81,4.8,Yes,Yes,2,Tier2,Placed
380,Male,EEE,8.2,0,79,68,2,1,2,57.9,46.5,2.3,90,4.8,Yes,Yes,1,Tier3,Placed
381,Male,Mechanical,6.5,0,66,69,1,2,1,23.5,39.5,5.7,65,4.0,Yes,Yes,0,None,NotPlaced
382,Female,EEE,7.4,0,58,70,0,2,1,30.7,31.7,3.8,73,3.8,No,No,0,None,NotPlaced
383,Male,IT,7.3,0,62,65,0,1,1,32.3,32.3,1.9,80,3.6,No,Yes,0,None,NotPlaced
384,Female,Mechanical,8.7,0,72,63,0,1,1,41.0,40.7,2.0,87,4.1,No,No,0,None,NotPlaced
385,Female,Mechanical,8.5,0,67,81,2,1,3,54.6,49.0,3.1,82,3.6,Yes,Yes,0,None,NotPlaced
386,Female,CSE,8.5,0,76,68,1,3,2,74.9,44.5,7.9,74,4.1,No,Yes,1,Tier3,Placed
387,Male,CSE,7.9,1,57,66,1,2,1,47.1,58.2,4.5,76,4.1,Yes,Yes,0,None,NotPlaced
388,Male,Civil,7.4,0,86,73,2,3,0,60.0,36.7,6.6,71,4.8,Yes,Yes,0,None,NotPlaced
389,Female,Mechanical,6.7,2,76,73,1,2,0,20.0,35.6,5.4,86,4.4,No,No,1,Tier3,Placed
390,Female,Mechanical,8.3,0,57,73,2,3,2,64.4,57.4,7.4,82,4.8,Yes,Yes,3,Tier1,Placed
391,Female,Mechanical,7.6,0,66,69,1,1,0,32.3,30.9,2.8,76,4.3,No,Yes,0,None,NotPlaced
392,Male,ECE,7.5,0,77,64,1,2,0,43.1,35.8,3.0,90,4.2,No,Yes,3,Tier2,Placed
393,Male,ECE,8.9,0,77,78,0,3,0,70.9,78.5,7.2,89,4.8,Yes,No,3,Tier1,Placed
394,Female,ECE,7.3,1,57,64,1,1,0,26.5,30.5,3.8,79,4.1,Yes,No,0,None,NotPlaced
395,Male,CSE,8.6,0,69,77,1,2,0,70.1,57.0,4.3,86,4.8,Yes,Yes,3,Tier1,Placed
396,Female,EEE,8.2,0,81,84,2,3,2,75.6,56.7,7.6,90,4.8,Yes,Yes,2,Tier2,Placed
397,Female,ECE,7.7,0,58,72,1,1,1,34.9,25.8,1.8,73,4.6,No,No,0,None,NotPlaced
398,Male,ECE,7.9,0,87,85,1,3,0,48.5,42.3,6.4,88,4.7,Yes,Yes,1,Tier3,Placed
399,Female,ECE,7.4,1,68,65,1,1,1,20.2,14.5,3.0,87,4.6,No,Yes,0,None,NotPlaced
400,Female,ECE,6.9,1,81,80,0,1,0,20.0,27.5,4.1,90,4.5,Yes,Yes,4,Tier1,Placed
401,Male,CSE,8.0,0,81,86,1,3,2,62.3,46.5,7.1,90,4.8,Yes,Yes,2,Tier2,Placed
402,Female,IT,7.1,0,78,72,1,3,0,41.3,44.2,7.5,81,4.4,Yes,Yes,0,None,NotPlaced
403,Male,CSE,6.9,2,61,67,0,1,1,20.0,28.7,3.3,76,3.8,No,No,0,None,NotPlaced
404,Female,CSE,8.5,0,80,84,2,3,2,70.0,56.7,6.6,90,4.8,Yes,Yes,2,Tier2,Placed
405,Male,Civil,6.9,0,78,82,0,1,2,20.0,25.5,3.3,76,4.8,Yes,No,2,Tier3,Placed
406,Female,CSE,7.3,0,57,75,1,1,1,37.4,38.2,2.6,77,4.7,Yes,Yes,0,None,NotPlaced
407,Male,CSE,7.8,1,71,68,2,3,0,48.9,30.5,5.0,89,4.6,No,Yes,0,None,NotPlaced
408,Male,ECE,8.3,0,76,83,2,1,0,53.6,58.7,2.6,81,4.1,Yes,Yes,0,None,NotPlaced
409,Female,ECE,8.6,0,71,83,1,3,2,66.1,51.7,5.9,83,4.4,Yes,Yes,2,Tier2,Placed
410,Male,CSE,8.6,0,75,66,2,3,0,68.5,61.3,6.4,87,4.8,No,No,0,None,NotPlaced
411,Male,EEE,8.7,0,74,86,2,1,0,56.4,53.4,2.2,90,4.7,Yes,Yes,4,Tier1,Placed
412,Female,EEE,7.5,0,80,72,1,3,2,50.9,23.8,5.6,90,4.2,Yes,Yes,2,Tier2,Placed
413,Female,CSE,7.8,0,61,65,0,1,1,36.0,25.6,2.7,63,4.5,No,No,0,None,NotPlaced
414,Male,IT,6.5,0,59,67,0,1,0,20.0,27.1,2.7,71,3.4,No,Yes,0,None,NotPlaced
415,Male,Mechanical,7.6,0,55,62,1,3,1,51.0,42.8,5.7,73,4.4,No,Yes,0,None,NotPlaced
416,Male,Mechanical,6.5,0,58,65,1,1,1,20.0,26.7,3.7,80,3.8,Yes,Yes,0,None,NotPlaced
417,Male,ECE,8.0,0,57,66,1,3,0,57.8,47.9,5.2,75,4.3,No,No,0,None,NotPlaced
418,Male,CSE,8.0,0,73,82,2,3,0,57.1,57.5,6.6,86,4.8,Yes,Yes,2,Tier2,Placed
419,Female,IT,7.5,1,57,70,1,1,0,27.0,25.8,3.4,67,4.2,Yes,Yes,2,Tier2,Placed
420,Female,ECE,7.8,0,77,70,1,3,0,57.9,58.9,7.0,78,4.4,No,Yes,2,Tier2,Placed
421,Female,IT,7.3,0,55,66,1,1,1,30.0,19.9,1.6,75,3.6,No,Yes,0,None,NotPlaced
422,Female,IT,7.8,1,77,67,1,2,0,49.9,41.3,4.4,82,4.7,Yes,Yes,0,None,NotPlaced
423,Male,EEE,6.5,0,56,66,1,1,1,20.0,16.6,3.0,82,3.4,No,No,0,None,NotPlaced
424,Male,IT,8.1,0,69,82,1,3,3,65.0,56.7,7.6,90,4.8,Yes,Yes,1,Tier3,Placed
425,Male,EEE,7.9,1,76,81,0,1,0,33.9,29.2,3.1,85,4.5,Yes,No,0,None,NotPlaced
426,Male,EEE,8.7,0,86,83,1,3,0,78.6,59.8,8.2,74,4.6,Yes,Yes,1,Tier3,Placed
427,Male,IT,7.1,0,55,69,2,2,0,39.7,29.0,5.9,76,4.0,No,Yes,1,Tier3,Placed
428,Female,EEE,8.9,0,82,81,1,3,2,76.0,56.8,7.4,81,4.8,Yes,No,3,Tier2,Placed
429,Male,CSE,8.3,0,77,69,0,3,0,61.1,49.4,6.4,75,4.2,Yes,No,0,None,NotPlaced
430,Male,EEE,8.3,0,82,80,1,2,0,56.9,31.8,5.5,90,4.5,Yes,Yes,3,Tier1,Placed
431,Male,CSE,7.9,1,69,82,2,3,2,70.0,38.3,6.2,86,4.7,Yes,Yes,3,Tier2,Placed
432,Female,CSE,8.1,0,78,81,2,3,2,67.2,55.6,8.2,90,4.5,Yes,Yes,3,Tier2,Placed
433,Male,ECE,7.7,0,77,70,2,1,1,42.0,13.0,1.3,64,3.7,No,Yes,0,None,NotPlaced
434,Male,IT,8.1,0,76,88,2,3,2,64.8,51.5,6.8,85,4.5,Yes,Yes,1,Tier3,Placed
435,Male,Mechanical,7.8,0,64,70,1,3,0,59.2,45.7,5.2,81,4.3,No,No,0,None,NotPlaced
436,Female,ECE,7.2,0,59,63,1,1,1,30.5,31.7,2.2,67,3.8,No,No,0,None,NotPlaced
437,Male,IT,8.4,0,82,68,1,1,2,49.6,36.9,3.2,84,4.8,Yes,Yes,2,Tier2,Placed
438,Female,ECE,8.4,0,82,86,2,3,2,66.2,67.0,7.7,90,4.8,Yes,Yes,2,Tier3,Placed
439,Female,IT,8.2,0,55,62,1,1,0,42.5,43.4,2.1,76,4.2,No,Yes,0,None,NotPlaced
440,Male,ECE,6.5,0,81,63,0,1,0,20.0,7.9,3.0,67,4.3,Yes,No,2,Tier2,Placed
441,Male,EEE,6.5,0,55,66,1,1,0,20.0,18.3,1.4,73,4.1,No,Yes,0,None,NotPlaced
442,Female,EEE,8.3,0,74,83,2,3,2,68.7,68.4,6.7,90,4.8,Yes,Yes,4,Tier1,Placed
443,Male,Mechanical,8.2,0,88,84,0,3,2,55.0,39.9,4.6,78,4.5,No,Yes,1,Tier3,Placed
444,Male,Civil,8.1,0,79,81,1,2,2,44.2,37.4,6.4,76,4.5,Yes,Yes,1,Tier3,Placed
445,Female,IT,6.5,0,56,62,1,1,1,20.6,31.1,1.9,60,3.8,No,No,0,None,NotPlaced
446,Female,EEE,8.2,0,81,87,0,3,1,60.8,45.7,8.6,83,4.7,Yes,No,0,None,NotPlaced
447,Female,IT,7.7,0,74,63,1,3,1,57.0,55.6,6.9,75,4.6,Yes,Yes,0,None,NotPlaced
448,Female,ECE,7.7,0,82,85,0,3,2,52.8,37.7,5.1,89,4.4,Yes,Yes,2,Tier2,Placed
449,Male,ECE,6.5,0,75,68,1,1,0,20.0,0.0,2.5,80,4.3,Yes,Yes,0,None,NotPlaced
450,Male,Civil,8.3,0,74,80,2,3,2,70.4,66.9,7.0,87,4.8,Yes,Yes,0,None,NotPlaced
451,Female,EEE,8.0,0,82,84,1,3,0,66.4,56.9,6.1,77,4.1,No,No,4,Tier1,Placed
452,Male,Mechanical,8.6,1,56,87,0,2,1,58.9,53.4,5.7,90,4.6,Yes,Yes,3,Tier1,Placed
453,Male,EEE,7.6,0,55,70,0,2,0,40.9,27.4,4.2,83,4.2,No,Yes,0,None,NotPlaced
454,Female,Mechanical,7.0,0,74,64,1,1,1,27.4,17.5,1.7,71,4.3,No,Yes,0,None,NotPlaced
455,Male,EEE,7.9,0,78,86,2,3,2,65.2,62.9,6.1,90,4.8,Yes,Yes,4,Tier1,Placed
456,Male,IT,7.7,0,80,83,1,3,2,52.4,46.2,6.6,84,4.6,Yes,Yes,3,Tier2,Placed
457,Male,IT,7.4,0,58,71,1,3,0,46.8,38.7,7.6,76,4.4,Yes,Yes,0,None,NotPlaced
458,Male,ECE,6.5,0,55,62,1,1,1,20.0,22.8,2.9,78,4.1,No,Yes,0,None,NotPlaced
459,Male,CSE,7.4,0,65,68,1,2,0,42.9,48.7,3.3,73,4.3,No,Yes,0,None,NotPlaced
460,Male,ECE,7.8,0,76,80,2,3,2,65.8,59.4,8.0,84,4.1,Yes,Yes,3,Tier2,Placed
461,Male,ECE,7.7,0,55,61,1,1,0,39.8,31.3,3.6,80,4.8,Yes,Yes,0,None,NotPlaced
462,Male,ECE,7.9,0,64,59,0,1,0,39.0,21.5,1.1,60,3.4,No,No,0,None,NotPlaced
463,Female,Civil,7.4,0,72,66,1,1,0,28.8,32.0,2.2,79,4.8,No,Yes,0,None,NotPlaced
464,Male,Mechanical,8.2,0,66,65,2,2,1,57.1,39.4,5.4,76,4.6,Yes,Yes,0,None,NotPlaced
465,Female,CSE,7.4,2,56,69,0,1,0,29.9,18.5,0.9,78,4.6,No,No,0,None,NotPlaced
466,Male,ECE,6.7,0,55,67,1,1,1,20.0,30.5,0.6,66,3.6,No,No,0,None,NotPlaced
467,Male,ECE,6.5,0,74,78,1,2,0,20.9,29.2,5.5,84,4.2,Yes,No,0,None,NotPlaced
468,Female,IT,7.8,1,77,88,0,1,1,40.9,38.3,2.5,73,4.8,Yes,Yes,3,Tier2,Placed
469,Male,Mechanical,7.2,0,55,64,1,2,1,41.1,25.0,5.5,68,4.4,No,No,0,None,NotPlaced
470,Female,ECE,8.1,0,67,84,0,2,0,49.5,56.9,5.7,88,4.0,No,Yes,3,Tier2,Placed
471,Male,ECE,8.2,0,66,86,1,2,0,53.5,53.2,5.5,83,4.6,Yes,Yes,2,Tier2,Placed
472,Female,Mechanical,8.2,0,65,87,0,3,3,57.4,45.8,8.0,90,4.7,Yes,Yes,3,Tier2,Placed
473,Male,EEE,8.4,0,77,82,2,1,2,60.3,45.4,2.0,81,4.7,Yes,Yes,0,None,NotPlaced
474,Female,CSE,7.8,0,83,76,0,3,2,49.8,42.4,5.7,77,4.2,Yes,Yes,0,None,NotPlaced
475,Male,EEE,7.3,0,55,75,1,2,1,34.2,26.9,3.9,75,4.6,No,Yes,0,None,NotPlaced
476,Female,IT,7.5,1,86,62,1,1,0,39.1,51.1,0.7,67,4.6,No,No,0,None,NotPlaced
477,Male,IT,8.0,0,80,67,2,1,0,48.9,37.8,2.3,74,4.1,No,Yes,3,Tier2,Placed
478,Male,CSE,7.5,0,80,83,2,3,2,51.1,35.3,6.2,90,4.7,Yes,Yes,3,Tier2,Placed
479,Female,ECE,8.4,0,63,78,2,3,1,74.4,72.4,7.2,85,4.7,Yes,Yes,2,Tier2,Placed
480,Male,ECE,6.6,0,56,69,1,1,0,20.0,16.0,1.8,73,3.4,No,No,0,None,NotPlaced
481,Male,CSE,7.6,1,65,60,1,1,0,30.0,33.2,3.6,66,3.7,Yes,Yes,0,None,NotPlaced
482,Female,EEE,7.1,0,69,65,1,2,0,32.0,35.0,5.3,80,4.3,Yes,Yes,0,None,NotPlaced
483,Male,EEE,7.6,1,64,63,1,2,2,41.8,35.0,3.6,69,3.3,No,Yes,0,None,NotPlaced
484,Male,CSE,7.5,0,55,64,1,1,2,35.3,23.7,1.6,75,3.5,Yes,Yes,0,None,NotPlaced
485,Male,CSE,6.5,1,70,67,1,1,0,20.0,20.3,2.2,74,3.9,No,No,0,None,NotPlaced
486,Female,Mechanical,6.7,0,62,65,1,1,1,20.0,11.2,0.3,73,4.0,No,Yes,0,None,NotPlaced
487,Male,CSE,8.3,0,80,67,1,3,1,57.5,47.8,7.2,86,4.8,No,Yes,0,None,NotPlaced
488,Male,Mechanical,8.6,0,55,82,2,1,2,65.2,58.4,3.5,73,4.6,Yes,No,0,None,NotPlaced
489,Female,EEE,6.6,1,78,63,1,3,0,25.4,37.8,7.8,70,4.1,Yes,No,2,Tier2,Placed
490,Female,IT,8.3,0,71,88,1,3,0,66.4,45.2,6.0,82,4.8,Yes,Yes,0,None,NotPlaced
491,Male,CSE,7.6,2,55,69,1,2,1,42.3,34.4,4.4,76,3.9,No,No,0,None,NotPlaced
492,Male,CSE,8.3,0,74,80,2,3,2,70.8,52.5,6.3,79,4.4,Yes,Yes,3,Tier1,Placed
493,Male,CSE,8.5,0,74,64,1,2,1,69.3,57.0,5.1,70,4.5,Yes,Yes,3,Tier2,Placed
494,Male,CSE,7.7,0,77,67,1,2,0,60.2,37.3,3.0,82,4.3,No,Yes,0,None,NotPlaced
495,Male,EEE,7.4,0,58,73,1,1,0,22.8,16.5,1.9,89,4.4,No,Yes,0,None,NotPlaced
496,Male,CSE,8.8,1,79,86,1,3,2,79.9,50.3,5.6,88,4.8,Yes,Yes,3,Tier1,Placed
497,Male,ECE,7.0,0,78,67,1,2,0,30.2,16.4,4.8,75,4.6,Yes,Yes,0,None,NotPlaced
498,Male,ECE,7.7,0,79,67,0,3,2,53.2,39.7,4.4,86,4.7,No,Yes,0,None,NotPlaced
499,Female,IT,7.5,0,55,62,0,2,0,40.8,48.3,5.7,71,3.4,No,No,0,None,NotPlaced
500,Female,CSE,7.5,0,63,65,1,1,1,40.0,37.9,2.2,79,3.6,No,Yes,0,None,NotPlaced
501,Female,CSE,7.8,0,75,71,1,1,0,40.4,36.2,2.0,82,4.2,No,Yes,0,None,NotPlaced
502,Male,CSE,6.8,0,77,84,1,1,2,20.0,31.4,3.7,74,4.2,Yes,No,0,None,NotPlaced
503,Male,Mechanical,7.3,0,55,61,0,1,0,28.6,30.3,0.7,80,3.5,No,Yes,0,None,NotPlaced
504,Female,IT,7.2,0,74,71,0,2,1,30.6,30.6,3.2,60,3.6,No,No,0,None,NotPlaced
505,Female,Mechanical,6.7,0,76,71,2,0,0,20.0,16.4,0.5,69,3.9,No,Yes,0,None,NotPlaced
506,Male,ECE,7.3,0,72,88,0,3,2,37.6,28.2,7.2,77,4.6,Yes,Yes,2,Tier2,Placed
507,Female,ECE,6.6,1,56,57,2,3,1,41.0,24.7,6.3,72,4.6,Yes,No,0,None,NotPlaced
508,Female,ECE,6.9,0,59,61,2,1,0,34.0,25.0,3.6,67,4.0,Yes,No,0,None,NotPlaced
509,Female,EEE,8.2,0,72,69,1,1,0,41.0,33.6,2.3,79,4.2,No,No,0,None,NotPlaced
510,Female,IT,6.7,0,63,59,1,2,1,28.1,29.6,4.5,80,4.1,No,No,0,None,NotPlaced
511,Male,CSE,7.9,0,56,69,1,2,1,47.1,38.3,4.4,63,4.2,No,Yes,0,None,NotPlaced
512,Male,ECE,8.3,0,80,88,2,3,2,62.7,49.0,6.3,89,4.7,Yes,Yes,2,Tier2,Placed
513,Female,IT,6.8,2,67,63,0,2,0,22.7,16.5,3.9,88,4.5,No,Yes,0,None,NotPlaced
514,Female,IT,7.6,0,57,68,1,2,0,38.8,38.3,2.1,88,4.8,No,Yes,0,None,NotPlaced
515,Male,ECE,7.9,0,80,84,2,3,2,54.1,42.0,6.5,90,4.8,Yes,Yes,0,None,NotPlaced
516,Male,ECE,6.5,0,90,68,0,3,0,20.1,24.2,6.8,81,4.8,Yes,Yes,0,None,NotPlaced
517,Male,EEE,7.3,0,55,65,1,1,1,23.9,7.6,2.6,69,4.2,No,No,0,None,NotPlaced
518,Female,ECE,7.7,1,70,81,2,3,0,54.8,48.1,7.5,78,4.1,Yes,Yes,0,None,NotPlaced
519,Female,EEE,7.9,2,71,85,1,2,2,42.4,42.4,4.2,75,4.6,Yes,Yes,0,None,NotPlaced
520,Male,EEE,7.9,0,83,69,2,3,1,60.0,54.3,6.2,82,4.2,Yes,Yes,0,None,NotPlaced
521,Male,ECE,7.5,0,55,61,1,1,0,29.4,25.4,3.3,71,3.7,No,Yes,0,None,NotPlaced
522,Male,ECE,7.5,0,81,71,1,3,0,50.9,50.7,6.7,86,4.2,Yes,Yes,0,None,NotPlaced
523,Female,Mechanical,8.2,0,64,80,1,1,2,50.0,32.3,3.1,83,4.4,Yes,Yes,1,Tier3,Placed
524,Female,IT,8.0,0,75,87,0,3,3,55.3,46.1,7.8,90,4.3,Yes,Yes,2,Tier3,Placed
525,Female,IT,7.5,1,72,71,1,3,1,47.8,39.9,5.9,89,4.2,No,Yes,0,None,NotPlaced
526,Male,EEE,7.8,0,57,64,1,1,0,37.7,40.9,1.8,69,4.7,No,No,0,None,NotPlaced
527,Male,ECE,8.1,1,69,83,0,2,0,43.8,21.7,3.7,80,4.5,No,Yes,0,None,NotPlaced
528,Male,CSE,8.2,1,55,62,1,1,0,42.9,27.9,1.5,70,4.2,No,No,0,None,NotPlaced
529,Male,Mechanical,8.1,0,72,85,1,3,0,64.5,67.0,6.1,88,4.3,No,No,0,None,NotPlaced
530,Female,CSE,8.1,0,77,81,1,3,2,52.2,25.2,5.2,90,4.5,Yes,Yes,2,Tier3,Placed
531,Female,Mechanical,6.7,0,72,68,1,2,1,24.6,29.9,3.6,68,4.6,No,Yes,0,None,NotPlaced
532,Female,EEE,7.7,0,81,82,2,1,0,40.4,29.4,3.5,75,4.4,Yes,No,0,None,NotPlaced
533,Female,Civil,7.6,0,70,67,0,1,1,33.0,31.7,2.4,73,4.4,No,Yes,0,None,NotPlaced
534,Male,CSE,8.6,0,77,82,2,3,2,68.9,67.4,8.4,87,4.8,Yes,Yes,2,Tier2,Placed
535,Female,ECE,7.5,0,55,74,1,2,0,41.1,38.0,4.8,77,4.3,No,No,0,None,NotPlaced
536,Female,IT,8.4,0,78,82,2,2,2,65.7,64.0,5.4,73,4.8,Yes,No,1,Tier3,Placed
537,Female,IT,8.1,0,78,84,2,3,2,56.5,43.2,7.0,84,4.6,Yes,Yes,2,Tier3,Placed
538,Male,CSE,6.5,0,62,57,1,2,0,20.0,18.1,3.5,78,4.6,No,Yes,0,None,NotPlaced
539,Male,IT,8.9,0,79,87,2,3,2,81.5,71.4,7.5,90,4.8,Yes,Yes,4,Tier1,Placed
540,Male,IT,7.5,0,86,74,2,2,0,48.6,37.1,5.3,73,4.4,Yes,Yes,3,Tier2,Placed
541,Female,CSE,8.7,0,75,88,2,3,2,78.9,68.1,6.6,90,4.8,Yes,Yes,3,Tier1,Placed
542,Male,EEE,7.4,0,82,80,2,3,2,54.8,55.4,6.1,84,4.8,Yes,Yes,0,None,NotPlaced
543,Male,EEE,7.8,2,55,69,1,1,1,33.6,36.4,1.9,66,3.4,No,No,3,Tier1,Placed
544,Female,EEE,8.3,0,75,82,1,3,1,57.1,34.9,8.2,84,4.6,Yes,Yes,0,None,NotPlaced
545,Male,Mechanical,8.3,0,72,88,1,2,2,57.4,45.1,5.1,85,4.6,Yes,Yes,3,Tier2,Placed
546,Male,IT,7.6,0,75,82,2,3,2,49.9,45.3,7.0,90,4.5,Yes,Yes,3,Tier2,Placed
547,Male,Civil,6.5,1,56,73,1,1,1,20.0,18.7,2.4,74,4.0,No,No,0,None,NotPlaced
548,Female,Mechanical,7.4,0,83,67,1,3,1,51.7,43.6,7.5,75,4.5,Yes,Yes,1,Tier3,Placed
549,Male,IT,7.9,1,81,79,1,3,0,57.9,51.0,7.2,90,4.6,Yes,Yes,2,Tier3,Placed
550,Female,CSE,8.4,0,55,69,1,1,0,48.2,36.1,2.0,73,4.2,No,Yes,0,None,NotPlaced
551,Male,IT,7.7,0,55,63,2,2,1,46.5,37.7,3.5,74,4.1,No,Yes,0,None,NotPlaced
552,Female,IT,8.2,0,71,82,1,3,1,66.1,44.7,8.0,88,4.8,Yes,Yes,0,None,NotPlaced
553,Male,ECE,7.6,0,60,60,0,2,0,39.1,30.8,3.6,81,4.0,No,No,0,None,NotPlaced
554,Male,EEE,6.8,0,57,61,1,1,0,20.0,7.8,3.6,67,4.1,No,No,0,None,NotPlaced
555,Female,EEE,8.2,0,77,66,0,3,0,48.3,41.6,7.2,76,4.7,Yes,Yes,0,None,NotPlaced
556,Male,ECE,8.3,0,70,85,2,3,2,79.4,62.0,7.1,88,4.7,Yes,Yes,1,Tier3,Placed
557,Male,CSE,7.1,0,57,57,0,2,0,21.9,14.0,4.8,67,3.2,No,No,0,None,NotPlaced
558,Male,Mechanical,6.5,1,60,65,1,2,1,23.6,36.2,3.3,60,3.5,No,No,0,None,NotPlaced
559,Female,CSE,8.6,0,90,88,1,3,2,78.6,61.2,7.6,90,4.8,Yes,Yes,3,Tier1,Placed
560,Male,Civil,7.6,0,77,67,2,2,0,48.7,42.9,4.1,72,4.3,No,Yes,1,Tier3,Placed
561,Female,CSE,7.9,0,58,76,2,1,1,43.0,32.0,3.4,78,4.1,Yes,Yes,0,None,NotPlaced
562,Male,Civil,7.7,0,90,88,1,3,0,45.9,36.2,6.3,82,4.2,Yes,Yes,1,Tier3,Placed
563,Male,CSE,7.4,0,82,85,1,3,2,39.8,38.4,6.3,88,4.8,Yes,Yes,4,Tier1,Placed
564,Male,IT,6.5,1,86,71,1,3,1,30.9,25.1,5.2,68,4.0,Yes,Yes,0,None,NotPlaced
565,Male,CSE,8.2,0,76,80,1,2,1,62.3,51.7,4.5,90,4.7,Yes,Yes,2,Tier2,Placed
566,Male,EEE,7.6,0,73,84,1,2,2,41.0,41.5,3.5,70,4.8,No,Yes,2,Tier2,Placed
567,Male,Mechanical,7.3,0,83,72,0,2,1,29.2,23.3,3.3,78,4.8,No,Yes,0,None,NotPlaced
568,Male,IT,8.1,0,70,88,2,3,2,69.5,46.1,6.9,90,4.4,Yes,Yes,0,None,NotPlaced
569,Female,Mechanical,7.5,0,57,68,1,1,1,29.6,14.9,2.1,71,4.3,No,No,0,None,NotPlaced
570,Male,EEE,7.4,0,76,84,1,3,0,48.4,52.7,7.5,81,4.7,Yes,Yes,3,Tier1,Placed
571,Male,ECE,7.8,0,81,82,0,3,2,50.2,50.7,7.6,90,4.7,Yes,Yes,2,Tier2,Placed
572,Female,EEE,8.2,0,88,82,2,3,2,66.0,59.5,7.7,90,4.8,Yes,Yes,2,Tier2,Placed
573,Male,IT,8.4,0,75,64,0,3,2,61.9,47.0,7.7,79,4.5,Yes,Yes,0,None,NotPlaced
574,Male,IT,8.2,0,85,80,2,3,2,76.8,51.2,7.3,90,4.7,Yes,Yes,2,Tier2,Placed
575,Female,Mechanical,7.6,1,88,62,2,1,2,43.0,35.7,3.1,87,4.8,Yes,No,0,None,NotPlaced
576,Female,Mechanical,8.6,0,80,66,1,1,1,60.5,49.5,2.9,88,4.0,No,Yes,1,Tier3,Placed
577,Male,Civil,6.5,1,85,83,2,3,1,29.4,19.1,7.7,84,4.7,Yes,Yes,1,Tier3,Placed
578,Female,Mechanical,6.7,1,55,63,0,3,2,33.5,19.8,4.5,90,4.8,No,No,0,None,NotPlaced
579,Male,CSE,7.5,0,55,67,1,1,0,36.2,17.8,1.8,70,4.5,No,No,0,None,NotPlaced
580,Male,EEE,7.5,0,56,71,1,2,0,33.5,34.1,2.2,60,4.0,No,Yes,0,None,NotPlaced
581,Male,IT,7.5,1,55,64,1,1,1,35.7,20.7,0.2,60,4.1,No,No,0,None,NotPlaced
582,Female,Civil,8.7,0,77,86,2,3,2,75.4,63.4,6.5,90,4.8,Yes,Yes,4,Tier1,Placed
583,Male,ECE,7.4,0,63,69,1,2,1,31.3,25.1,3.9,71,4.8,No,Yes,0,None,NotPlaced
584,Male,ECE,7.8,0,55,70,0,1,1,34.6,35.9,2.6,77,4.1,Yes,Yes,0,None,NotPlaced
585,Male,ECE,8.1,0,81,87,2,3,2,68.7,58.9,5.2,90,4.4,Yes,Yes,2,Tier2,Placed
586,Male,IT,7.3,1,55,65,1,1,0,29.8,26.3,2.8,81,4.4,No,No,0,None,NotPlaced
587,Male,CSE,7.8,0,78,83,2,3,0,59.5,50.8,6.3,90,4.8,Yes,Yes,3,Tier2,Placed
588,Male,Mechanical,8.0,0,62,64,0,0,2,28.3,25.8,1.5,76,4.8,Yes,No,3,Tier2,Placed
589,Male,EEE,7.5,1,74,85,1,3,1,61.3,46.1,6.3,90,4.8,Yes,Yes,2,Tier3,Placed
590,Male,CSE,7.8,0,63,71,1,2,0,41.1,43.9,3.5,81,3.9,No,No,0,None,NotPlaced
591,Male,Mechanical,6.5,0,64,62,0,3,0,28.4,22.6,7.4,68,4.2,Yes,No,2,Tier2,Placed
592,Male,ECE,7.9,1,72,84,0,1,0,36.1,30.5,1.7,66,4.1,No,No,0,None,NotPlaced
593,Male,IT,7.7,0,55,71,0,3,1,43.7,26.5,6.2,80,4.3,No,No,0,None,NotPlaced
594,Male,CSE,8.0,0,79,67,1,3,0,58.8,51.2,7.3,87,4.3,Yes,Yes,0,None,NotPlaced
595,Female,Mechanical,7.8,0,70,65,1,1,0,32.0,25.2,1.6,85,4.5,Yes,Yes,0,None,NotPlaced
596,Male,ECE,8.5,0,80,84,2,3,2,71.0,54.0,7.5,90,4.8,Yes,Yes,4,Tier1,Placed
597,Female,ECE,8.4,0,82,88,1,3,2,66.8,48.1,6.1,90,4.6,Yes,Yes,1,Tier3,Placed
598,Male,EEE,7.4,0,76,66,2,1,1,28.2,26.0,1.9,81,4.0,Yes,No,1,Tier3,Placed
599,Male,CSE,7.0,2,71,72,1,3,0,41.5,20.4,5.3,82,4.6,No,Yes,0,None,NotPlaced
600,Male,IT,7.6,2,90,79,1,2,1,38.2,39.8,4.8,85,4.6,No,No,0,None,NotPlaced
601,Male,IT,6.8,1,60,67,1,1,1,20.0,20.4,0.4,75,3.8,No,Yes,0,None,NotPlaced
602,Male,CSE,7.5,0,75,66,0,2,1,30.6,23.4,4.7,63,3.5,No,Yes,0,None,NotPlaced
603,Male,ECE,8.5,1,79,80,2,3,0,84.9,55.1,7.3,89,4.8,Yes,Yes,3,Tier1,Placed
604,Male,Civil,6.9,1,55,66,1,2,1,20.0,23.8,5.1,70,4.4,Yes,Yes,0,None,NotPlaced
605,Male,IT,8.2,0,55,66,0,1,0,44.2,32.4,3.2,73,4.8,Yes,Yes,1,Tier3,Placed
606,Male,IT,6.5,1,65,81,0,3,2,20.2,32.2,6.7,85,4.7,Yes,No,2,Tier3,Placed
607,Male,ECE,7.7,0,66,78,1,2,2,43.2,41.0,5.7,76,4.1,Yes,Yes,0,None,NotPlaced
608,Male,Mechanical,7.7,0,66,67,1,1,1,40.0,47.3,2.6,78,4.2,Yes,Yes,0,None,NotPlaced
609,Male,Mechanical,6.8,1,62,67,1,1,0,21.8,23.0,0.4,74,3.8,No,Yes,0,None,NotPlaced
610,Female,Mechanical,8.3,0,76,82,1,3,0,61.6,58.8,6.9,78,4.7,Yes,Yes,0,None,NotPlaced
611,Male,ECE,7.6,0,55,67,2,1,1,33.2,35.0,2.8,89,3.9,No,Yes,0,None,NotPlaced
612,Female,Mechanical,7.4,0,70,81,0,3,0,45.1,35.0,7.5,78,4.4,Yes,Yes,1,Tier3,Placed
613,Male,CSE,8.1,0,76,84,2,3,2,68.8,57.8,8.8,90,4.8,Yes,Yes,2,Tier3,Placed
614,Male,IT,7.7,0,64,64,0,1,1,30.6,20.8,2.7,67,4.2,Yes,No,0,None,NotPlaced
615,Female,ECE,6.5,0,74,83,2,3,2,36.2,49.5,6.8,84,4.0,Yes,No,0,None,NotPlaced
616,Female,ECE,8.0,0,75,88,2,3,2,61.8,50.6,6.8,90,4.8,Yes,Yes,2,Tier2,Placed
617,Male,Civil,6.9,0,57,57,1,1,1,20.0,20.9,1.2,74,4.3,No,Yes,0,None,NotPlaced
618,Male,EEE,8.5,1,55,64,2,2,0,66.0,56.4,4.5,79,4.8,Yes,No,0,None,NotPlaced
619,Female,CSE,6.5,0,55,84,1,1,0,20.0,12.9,2.0,84,4.5,Yes,Yes,0,None,NotPlaced
620,Female,CSE,7.7,0,59,67,1,1,0,38.5,44.1,0.0,73,3.9,No,Yes,3,Tier2,Placed
621,Male,ECE,7.4,0,73,67,1,2,1,41.5,28.9,4.4,90,4.8,Yes,Yes,3,Tier2,Placed
622,Male,IT,6.7,2,55,60,1,1,1,20.0,10.1,2.0,68,4.3,No,No,0,None,NotPlaced
623,Male,ECE,8.3,0,78,86,1,2,2,64.9,52.0,5.6,88,4.4,Yes,Yes,2,Tier2,Placed
624,Male,Mechanical,7.6,0,69,69,0,1,1,28.3,15.9,1.4,70,4.0,No,No,0,None,NotPlaced
625,Male,Civil,8.4,0,60,82,1,1,0,50.4,54.3,2.4,72,3.9,Yes,No,0,None,NotPlaced
626,Male,EEE,7.1,0,59,69,1,2,1,26.4,23.2,5.0,73,4.3,No,Yes,0,None,NotPlaced
627,Male,Mechanical,7.4,1,55,66,1,1,2,30.0,2.4,1.7,80,4.3,Yes,Yes,0,None,NotPlaced
628,Female,ECE,7.5,1,59,84,1,2,1,43.7,40.3,4.8,90,4.3,Yes,Yes,2,Tier3,Placed
629,Male,CSE,8.3,0,78,83,2,3,0,73.8,64.2,8.0,90,4.8,Yes,Yes,1,Tier3,Placed
630,Male,ECE,8.3,0,76,87,2,3,2,77.8,58.7,6.3,85,4.7,Yes,Yes,4,Tier1,Placed
631,Female,ECE,7.6,1,74,85,1,2,1,45.6,27.7,2.5,74,4.6,No,Yes,2,Tier2,Placed
632,Female,EEE,7.5,0,57,69,1,2,0,42.4,36.1,5.7,80,3.6,No,No,0,None,NotPlaced
633,Male,CSE,8.6,0,83,77,2,2,2,65.8,50.1,5.8,88,4.8,Yes,No,2,Tier3,Placed
634,Male,ECE,6.6,1,81,85,1,2,1,20.0,13.5,5.8,81,3.4,Yes,Yes,2,Tier2,Placed
635,Male,IT,8.6,0,69,86,2,3,2,80.9,55.9,6.9,87,4.4,Yes,Yes,2,Tier2,Placed
636,Male,Civil,7.4,0,55,64,1,1,1,35.8,32.5,2.6,69,3.8,No,Yes,1,Tier3,Placed
637,Male,IT,7.7,2,55,82,1,2,0,39.6,42.2,2.5,81,4.4,Yes,Yes,1,Tier3,Placed
638,Male,EEE,7.5,0,56,74,1,1,0,36.6,36.4,1.6,79,4.5,No,No,0,None,NotPlaced
639,Male,Mechanical,7.4,1,56,67,1,2,0,42.3,21.9,4.9,68,4.3,No,Yes,0,None,NotPlaced
640,Male,CSE,8.5,0,89,86,1,1,2,47.4,45.6,1.6,83,4.3,Yes,Yes,2,Tier2,Placed
641,Male,EEE,6.5,0,56,73,1,1,1,20.0,27.5,1.7,81,4.6,No,No,0,None,NotPlaced
642,Male,Mechanical,7.9,0,74,69,1,1,1,35.8,42.1,2.3,66,4.5,No,No,0,None,NotPlaced
643,Male,ECE,6.6,0,83,65,0,1,1,20.0,12.9,1.2,72,3.4,No,No,0,None,NotPlaced
644,Male,Mechanical,8.3,0,69,80,2,3,2,69.2,56.1,7.0,90,4.8,Yes,No,4,Tier1,Placed
645,Male,CSE,8.5,0,85,84,2,3,2,75.3,65.2,7.4,88,4.6,Yes,Yes,3,Tier2,Placed
646,Female,CSE,7.4,1,59,67,1,2,1,38.4,29.8,5.3,79,4.7,Yes,Yes,0,None,NotPlaced
647,Male,Mechanical,7.9,0,82,87,2,3,2,76.3,65.9,6.6,90,4.6,Yes,Yes,1,Tier3,Placed
648,Female,EEE,8.3,0,72,83,1,3,0,66.9,54.2,6.2,84,4.6,Yes,Yes,0,None,NotPlaced
649,Female,Civil,7.6,0,79,69,1,2,0,43.7,30.9,5.4,79,4.3,Yes,Yes,2,Tier2,Placed
650,Male,ECE,7.6,0,76,67,0,1,2,32.1,23.0,3.3,74,4.6,Yes,Yes,2,Tier2,Placed
651,Male,Mechanical,8.1,0,83,83,1,3,0,58.8,59.3,7.3,90,4.8,Yes,Yes,0,None,NotPlaced
652,Male,Mechanical,6.5,1,58,71,1,1,1,20.0,12.4,2.1,71,4.2,No,No,0,None,NotPlaced
653,Male,Mechanical,6.8,0,78,69,0,3,2,31.8,20.9,7.3,89,4.8,Yes,Yes,1,Tier3,Placed
654,Female,EEE,7.3,0,61,74,1,1,0,30.6,31.7,2.9,84,4.3,No,No,0,None,NotPlaced
655,Male,IT,8.2,0,82,77,2,3,1,64.9,53.3,7.3,90,4.8,Yes,Yes,2,Tier2,Placed
656,Male,Mechanical,7.6,1,79,83,0,3,2,38.2,23.9,7.1,85,3.8,Yes,No,0,None,NotPlaced
657,Male,ECE,7.4,0,55,74,1,3,0,44.5,34.9,6.5,88,4.2,Yes,Yes,0,None,NotPlaced
658,Male,ECE,6.5,0,55,67,0,1,0,20.0,14.4,3.4,77,4.1,No,No,0,None,NotPlaced
659,Male,IT,8.2,0,69,82,1,2,3,52.8,39.5,3.9,85,4.5,Yes,Yes,0,None,NotPlaced
660,Male,ECE,8.4,0,79,80,0,3,2,63.5,72.5,6.8,87,4.0,Yes,No,3,Tier2,Placed
661,Male,ECE,7.4,0,55,63,1,1,1,29.8,25.0,1.5,73,3.7,No,No,0,None,NotPlaced
662,Female,CSE,7.3,0,76,62,1,1,0,31.2,22.9,1.2,90,4.6,Yes,No,0,None,NotPlaced
663,Male,Mechanical,8.4,0,55,66,1,2,1,54.1,61.7,5.4,85,4.8,Yes,Yes,3,Tier2,Placed
664,Male,IT,7.8,0,64,88,0,3,2,51.0,50.9,6.8,90,4.8,Yes,Yes,0,None,NotPlaced
665,Male,IT,8.5,1,59,82,0,3,1,60.8,55.8,7.0,83,4.0,Yes,Yes,0,None,NotPlaced
666,Male,CSE,8.1,0,79,83,2,3,2,58.3,42.2,6.8,90,4.8,Yes,Yes,3,Tier2,Placed
667,Male,CSE,8.7,0,55,84,2,3,2,77.2,71.4,7.8,87,4.8,Yes,Yes,4,Tier1,Placed
668,Male,IT,6.9,0,61,67,0,1,0,23.7,30.2,2.9,79,3.6,No,No,0,None,NotPlaced
669,Male,EEE,8.3,0,71,84,2,3,2,62.7,53.2,5.9,90,4.8,Yes,Yes,4,Tier1,Placed
670,Male,CSE,7.6,0,75,70,1,1,0,35.6,18.0,3.8,76,4.0,No,Yes,2,Tier3,Placed
671,Male,Mechanical,7.3,0,55,68,1,1,1,33.0,30.9,1.8,88,4.1,No,No,0,None,NotPlaced
672,Female,IT,7.3,0,75,67,1,1,0,40.5,48.6,3.6,71,4.6,Yes,Yes,0,None,NotPlaced
673,Male,CSE,8.8,0,72,84,1,3,2,72.5,60.0,7.2,83,4.8,Yes,Yes,4,Tier1,Placed
674,Male,IT,6.7,0,66,66,1,1,0,20.0,18.4,2.1,82,3.9,No,Yes,3,Tier2,Placed
675,Male,CSE,8.3,0,80,83,2,3,2,64.2,51.2,7.6,90,4.6,Yes,Yes,3,Tier2,Placed
676,Female,EEE,8.2,0,55,82,1,3,2,68.7,54.5,8.3,85,4.8,Yes,Yes,0,None,NotPlaced
677,Male,Mechanical,7.6,0,72,83,1,3,1,46.7,32.4,7.8,68,4.6,Yes,Yes,2,Tier2,Placed
678,Male,EEE,7.3,0,70,59,1,1,0,27.1,25.1,2.8,72,3.9,Yes,No,0,None,NotPlaced
679,Female,CSE,8.0,0,75,84,2,3,2,54.8,57.4,6.9,83,4.8,Yes,Yes,2,Tier2,Placed
680,Female,IT,7.6,0,73,72,1,3,0,55.4,55.6,5.4,69,4.3,No,Yes,3,Tier2,Placed
681,Female,IT,8.2,0,85,85,2,1,2,57.8,40.8,3.7,71,4.2,Yes,Yes,0,None,NotPlaced
682,Male,Civil,8.1,0,78,83,2,2,0,62.2,60.1,5.6,71,4.4,Yes,Yes,4,Tier1,Placed
683,Male,IT,7.1,0,63,64,0,2,2,20.0,26.9,3.7,76,4.2,No,No,0,None,NotPlaced
684,Female,ECE,8.6,0,77,65,1,2,0,66.0,58.6,6.3,82,3.7,Yes,Yes,3,Tier1,Placed
685,Female,ECE,7.0,0,69,69,1,2,0,22.6,25.3,5.1,67,4.3,No,Yes,0,None,NotPlaced
686,Male,IT,8.7,0,73,86,0,1,2,52.3,36.5,4.8,82,4.5,Yes,Yes,3,Tier1,Placed
687,Male,IT,8.1,0,77,83,1,2,1,54.0,42.1,4.2,84,4.3,Yes,Yes,0,None,NotPlaced
688,Male,CSE,7.5,0,83,81,1,2,0,42.6,44.3,4.9,87,4.6,Yes,Yes,1,Tier3,Placed
689,Female,EEE,8.3,0,61,79,1,2,1,59.7,38.7,3.8,73,3.9,No,Yes,0,None,NotPlaced
690,Male,IT,6.5,0,90,67,2,3,2,34.0,22.1,8.6,74,4.2,No,No,0,None,NotPlaced
691,Male,ECE,8.5,0,81,84,2,2,2,56.2,49.3,5.0,84,4.5,Yes,Yes,3,Tier2,Placed
692,Male,CSE,7.5,1,55,65,0,2,1,38.7,26.4,5.3,62,4.5,No,No,0,None,NotPlaced
693,Male,Civil,8.2,0,75,68,1,3,2,63.5,58.5,8.0,83,4.7,Yes,Yes,2,Tier2,Placed
694,Male,CSE,8.3,1,86,78,1,3,0,60.5,44.4,6.9,90,4.7,Yes,Yes,3,Tier2,Placed
695,Male,Mechanical,7.2,0,83,63,1,2,0,27.2,28.3,5.1,81,4.3,Yes,Yes,0,None,NotPlaced
696,Male,Mechanical,7.1,0,77,87,2,3,2,53.7,48.3,7.5,90,4.4,Yes,Yes,1,Tier3,Placed
697,Male,Civil,7.6,0,55,74,1,2,0,49.2,36.9,5.3,70,3.4,No,Yes,0,None,NotPlaced
698,Male,IT,7.7,0,67,64,1,2,1,48.5,38.7,3.8,74,4.1,No,Yes,0,None,NotPlaced
699,Male,ECE,8.7,1,87,84,2,3,3,74.6,54.1,6.5,81,4.2,Yes,Yes,3,Tier2,Placed
700,Male,ECE,6.7,1,76,68,0,1,1,20.0,20.1,2.9,69,4.4,No,No,0,None,NotPlaced
701,Male,CSE,7.9,1,67,83,1,3,0,60.8,42.0,4.9,79,3.7,No,Yes,0,None,NotPlaced
702,Male,IT,8.4,0,75,78,2,1,1,57.8,46.5,2.3,87,4.8,No,Yes,0,None,NotPlaced
703,Male,CSE,6.9,0,67,65,0,1,0,20.0,26.0,4.1,67,3.9,Yes,No,0,None,NotPlaced
704,Male,Civil,7.7,1,64,81,1,2,0,50.6,33.3,4.4,78,3.6,No,Yes,0,None,NotPlaced
705,Male,CSE,8.4,0,76,84,2,3,2,76.2,57.5,6.4,90,4.7,Yes,Yes,1,Tier3,Placed
706,Female,ECE,7.8,2,64,69,0,1,0,34.9,35.6,2.0,78,4.0,Yes,No,0,None,NotPlaced
707,Male,ECE,8.1,0,72,88,2,3,0,66.2,37.0,8.2,81,4.8,Yes,Yes,0,None,NotPlaced
708,Female,ECE,8.5,0,76,85,1,1,2,53.3,59.5,2.8,82,3.4,Yes,No,0,None,NotPlaced
709,Male,ECE,7.7,0,82,69,2,3,2,61.4,58.4,6.1,78,4.8,Yes,No,0,None,NotPlaced
710,Female,CSE,8.4,0,83,87,1,3,1,62.7,38.7,7.1,79,4.1,No,Yes,3,Tier2,Placed
711,Female,ECE,8.4,0,78,78,2,3,2,74.1,42.6,7.8,84,4.5,Yes,Yes,2,Tier2,Placed
712,Male,IT,6.5,0,61,70,1,2,1,20.0,20.5,2.9,70,3.8,No,No,0,None,NotPlaced
713,Male,Mechanical,7.5,0,60,67,1,1,0,39.7,26.1,5.5,81,4.6,Yes,Yes,0,None,NotPlaced
714,Male,Mechanical,7.4,0,65,65,1,1,1,33.7,38.0,1.5,75,4.2,No,Yes,0,None,NotPlaced
715,Male,Civil,8.7,0,70,88,1,3,2,69.6,60.0,7.8,90,4.8,Yes,Yes,2,Tier3,Placed
716,Female,CSE,6.7,1,59,68,1,1,1,20.0,20.9,4.0,66,3.4,No,Yes,0,None,NotPlaced
717,Female,CSE,8.5,0,67,88,2,3,2,69.7,52.1,6.9,88,4.3,No,Yes,0,None,NotPlaced
718,Female,IT,6.9,0,86,63,1,1,1,28.5,39.4,2.3,74,4.4,No,No,0,None,NotPlaced
719,Male,CSE,8.1,0,86,83,2,3,2,74.1,65.7,5.6,87,4.4,Yes,Yes,2,Tier2,Placed
720,Female,CSE,8.3,0,81,81,2,2,0,65.5,58.8,7.0,90,4.6,Yes,Yes,3,Tier2,Placed
721,Female,ECE,8.1,0,79,88,1,3,2,68.8,65.9,7.9,90,4.6,Yes,Yes,3,Tier2,Placed
722,Male,CSE,7.6,0,62,70,1,2,0,43.8,30.2,3.6,86,4.0,Yes,Yes,0,None,NotPlaced
723,Male,ECE,7.9,2,74,88,1,2,2,52.8,55.3,6.5,90,4.3,Yes,Yes,2,Tier2,Placed
724,Female,Mechanical,6.5,0,78,62,1,3,2,35.1,29.2,7.1,75,4.7,Yes,No,0,None,NotPlaced
725,Male,ECE,7.8,0,85,79,0,3,0,50.0,44.5,6.7,76,3.7,Yes,Yes,3,Tier1,Placed
726,Female,ECE,6.8,1,55,73,1,2,0,27.4,24.0,3.4,67,4.8,No,No,0,None,NotPlaced
727,Male,IT,8.3,0,65,64,0,1,2,48.7,26.6,3.2,84,4.7,Yes,Yes,3,Tier1,Placed
728,Female,IT,8.7,0,74,86,1,3,2,76.2,69.1,7.8,90,4.7,Yes,Yes,3,Tier1,Placed
729,Male,CSE,7.4,2,55,73,0,2,0,30.2,12.9,3.5,71,4.0,No,Yes,2,Tier3,Placed
730,Male,ECE,7.9,0,61,66,0,2,0,33.1,21.6,4.1,69,4.2,No,No,0,None,NotPlaced
731,Male,IT,8.1,1,80,83,2,3,2,65.1,50.0,10.0,90,4.8,Yes,Yes,2,Tier3,Placed
732,Female,Mechanical,7.9,0,82,84,2,3,2,51.5,28.5,7.5,90,4.8,Yes,Yes,4,Tier1,Placed
733,Female,Mechanical,6.5,0,55,72,1,1,1,20.0,12.6,3.0,82,3.4,No,No,0,None,NotPlaced
734,Male,EEE,6.7,0,64,61,1,1,1,20.0,21.8,1.0,65,4.0,No,Yes,0,None,NotPlaced
735,Male,IT,8.2,0,62,68,0,1,0,39.2,31.1,0.6,71,4.8,No,No,0,None,NotPlaced
736,Female,CSE,8.1,0,85,80,2,3,2,70.1,54.8,8.5,87,4.6,Yes,Yes,3,Tier1,Placed
737,Male,Mechanical,7.0,0,61,63,1,1,1,28.2,18.7,3.2,70,4.8,No,No,0,None,NotPlaced
738,Female,ECE,7.0,0,55,62,1,1,1,25.5,24.1,3.7,65,3.0,No,No,0,None,NotPlaced
739,Male,CSE,7.7,0,55,71,1,2,0,48.2,38.2,4.9,78,3.6,Yes,Yes,3,Tier2,Placed
740,Male,IT,6.5,0,63,65,2,1,0,21.3,8.9,3.3,79,3.6,No,No,0,None,NotPlaced
741,Male,CSE,8.0,0,66,72,1,2,0,38.5,32.6,2.4,81,4.2,Yes,Yes,0,None,NotPlaced
742,Male,EEE,7.9,0,78,65,2,3,2,62.1,40.7,7.5,80,4.3,Yes,Yes,3,Tier2,Placed
743,Female,CSE,8.3,0,66,88,1,3,2,56.0,54.1,8.0,86,4.8,Yes,Yes,3,Tier2,Placed
744,Male,ECE,6.7,2,74,58,1,1,0,20.0,17.9,1.3,78,3.1,No,Yes,0,None,NotPlaced
745,Male,IT,8.4,0,64,84,1,1,2,40.5,55.8,4.1,81,3.9,Yes,Yes,2,Tier2,Placed
746,Female,ECE,8.2,1,65,84,2,2,1,59.1,55.8,3.8,74,4.5,No,Yes,0,None,NotPlaced
747,Male,Mechanical,7.9,0,57,80,1,1,1,43.7,35.4,1.9,65,4.3,No,No,0,None,NotPlaced
748,Male,Mechanical,8.3,0,59,85,1,1,2,43.4,42.3,2.7,81,4.6,Yes,No,0,None,NotPlaced
749,Female,IT,8.6,0,72,84,2,2,2,72.8,41.8,6.6,84,4.0,Yes,Yes,0,None,NotPlaced
750,Male,CSE,7.5,0,55,63,1,1,0,35.5,39.0,1.5,72,4.1,No,Yes,0,None,NotPlaced
751,Male,IT,8.1,0,88,70,1,2,3,54.9,39.6,4.4,86,4.5,Yes,Yes,1,Tier3,Placed
752,Female,ECE,8.2,0,79,86,2,3,1,71.5,57.9,6.1,79,4.8,Yes,Yes,4,Tier1,Placed
753,Male,ECE,8.4,0,71,72,2,1,2,54.2,39.0,2.6,77,4.5,Yes,Yes,0,None,NotPlaced
754,Male,EEE,6.9,1,60,65,1,2,1,29.8,22.5,4.2,73,4.5,No,No,0,None,NotPlaced
755,Male,CSE,6.8,0,84,61,1,1,0,20.0,18.6,3.6,67,4.3,Yes,No,0,None,NotPlaced
756,Female,ECE,7.8,0,75,84,1,2,3,46.9,41.3,4.2,87,4.4,Yes,Yes,0,None,NotPlaced
757,Male,CSE,8.1,0,78,85,1,3,1,57.6,48.1,7.4,89,4.7,Yes,Yes,3,Tier1,Placed
758,Male,EEE,7.7,1,58,66,0,1,1,25.8,24.9,2.6,76,3.9,No,No,0,None,NotPlaced
759,Female,IT,7.6,1,55,67,0,1,0,28.3,12.7,1.1,66,3.5,No,No,0,None,NotPlaced
760,Female,ECE,8.6,0,55,66,1,2,0,61.0,68.0,4.1,74,4.4,No,No,1,Tier3,Placed
761,Male,CSE,7.5,0,55,58,1,1,0,29.3,29.5,1.9,79,3.7,No,No,0,None,NotPlaced
762,Male,IT,8.3,0,60,71,0,1,1,48.3,43.8,2.1,72,3.5,No,No,0,None,NotPlaced
763,Male,EEE,7.7,0,55,67,1,1,0,31.1,25.4,1.5,70,3.9,No,Yes,0,None,NotPlaced
764,Female,CSE,7.6,0,63,62,1,1,0,34.1,23.2,1.9,70,3.5,No,No,0,None,NotPlaced
765,Male,EEE,7.5,0,60,62,1,3,0,54.8,46.8,7.0,80,4.0,Yes,Yes,0,None,NotPlaced
766,Male,ECE,8.1,0,86,85,2,3,2,70.5,59.8,8.9,90,4.8,Yes,Yes,2,Tier2,Placed
767,Female,ECE,7.8,1,70,65,1,3,2,61.1,60.5,7.0,81,4.2,Yes,Yes,1,Tier3,Placed
768,Female,IT,8.4,0,78,82,1,3,1,64.0,68.5,8.3,79,4.4,Yes,Yes,2,Tier2,Placed
769,Male,ECE,8.0,0,87,88,2,3,2,67.9,67.4,8.4,90,4.8,Yes,Yes,2,Tier2,Placed
770,Female,ECE,8.1,0,70,81,2,3,2,60.7,36.5,5.7,90,4.8,Yes,Yes,3,Tier2,Placed
771,Male,IT,7.6,0,72,85,2,3,2,54.6,42.1,6.7,84,4.6,Yes,Yes,3,Tier1,Placed
772,Female,EEE,6.8,0,74,72,0,3,1,29.1,30.4,8.4,82,4.2,Yes,Yes,0,None,NotPlaced
773,Male,ECE,7.3,0,75,72,1,2,2,34.1,27.2,5.2,73,4.7,Yes,Yes,0,None,NotPlaced
774,Male,IT,6.6,0,61,68,0,1,1,20.0,19.3,1.9,63,3.8,No,No,0,None,NotPlaced
775,Female,IT,6.6,1,60,69,1,1,0,20.0,3.3,2.8,72,3.9,No,Yes,0,None,NotPlaced
776,Male,CSE,8.4,2,68,81,1,2,0,54.1,51.6,6.1,71,4.5,Yes,Yes,3,Tier2,Placed
777,Male,IT,8.1,0,69,88,0,3,2,60.3,35.3,7.0,90,4.2,Yes,Yes,1,Tier3,Placed
778,Female,EEE,8.1,0,84,86,2,3,2,65.1,41.1,6.7,90,4.8,Yes,Yes,2,Tier2,Placed
779,Female,EEE,7.5,0,82,82,2,2,0,47.0,31.9,2.6,79,4.5,Yes,Yes,3,Tier2,Placed
780,Male,CSE,7.7,1,75,69,1,3,0,53.8,44.0,6.0,79,4.8,No,Yes,0,None,NotPlaced
781,Female,Civil,8.4,0,84,78,0,1,0,46.3,27.5,2.6,90,4.6,Yes,Yes,3,Tier2,Placed
782,Male,ECE,7.5,0,68,64,0,2,0,36.5,24.4,4.0,82,4.8,Yes,Yes,3,Tier2,Placed
783,Male,Mechanical,7.8,0,57,71,0,1,1,32.5,38.2,1.8,69,4.2,No,No,0,None,NotPlaced
784,Male,EEE,8.4,0,74,70,2,3,1,79.1,62.5,6.6,89,4.6,Yes,Yes,0,None,NotPlaced
785,Male,EEE,6.6,1,55,79,1,1,1,20.0,23.7,2.2,69,4.6,No,No,0,None,NotPlaced
786,Female,CSE,8.3,0,81,84,2,3,1,70.1,46.9,5.7,86,4.7,No,No,0,None,NotPlaced
787,Male,IT,7.4,0,55,67,1,1,1,28.8,25.8,2.4,67,4.5,No,No,0,None,NotPlaced
788,Male,CSE,8.2,0,73,86,1,3,2,62.4,50.4,7.2,87,4.7,Yes,Yes,4,Tier1,Placed
789,Male,EEE,6.5,0,65,65,1,1,1,20.0,14.7,3.3,78,4.0,No,No,0,None,NotPlaced
790,Female,IT,7.6,1,64,65,1,2,1,50.5,42.3,3.5,82,4.7,No,Yes,0,None,NotPlaced
791,Male,EEE,8.3,0,81,86,1,3,3,58.1,33.3,8.8,86,4.8,Yes,Yes,2,Tier2,Placed
792,Male,ECE,6.5,1,60,59,0,1,0,20.0,24.0,3.1,72,3.6,No,No,0,None,NotPlaced
793,Male,Mechanical,6.5,1,57,76,1,1,0,20.0,17.6,3.5,76,3.9,No,Yes,0,None,NotPlaced
794,Male,CSE,6.5,0,64,70,1,2,0,20.0,18.9,4.3,77,4.6,No,Yes,0,None,NotPlaced
795,Male,CSE,8.4,0,72,61,1,3,2,66.1,59.2,6.7,68,3.6,Yes,Yes,3,Tier2,Placed
796,Female,CSE,8.6,0,79,71,1,3,0,65.7,56.7,6.5,81,4.8,Yes,Yes,1,Tier3,Placed
797,Female,IT,8.3,0,80,81,1,3,2,67.2,51.9,8.8,82,4.6,Yes,No,0,None,NotPlaced
798,Male,IT,8.4,0,55,73,1,2,2,57.2,37.9,6.1,75,4.1,Yes,Yes,0,None,NotPlaced
799,Female,EEE,7.6,0,55,68,0,1,0,29.3,37.0,1.0,65,4.1,No,No,0,None,NotPlaced
800,Female,CSE,8.3,0,77,85,2,3,2,67.9,44.9,8.0,90,4.8,Yes,Yes,2,Tier3,Placed
801,Female,IT,7.7,0,84,63,0,1,2,35.6,36.8,1.2,76,4.6,No,Yes,0,None,NotPlaced
802,Male,Mechanical,6.5,2,55,75,0,1,1,20.0,7.6,3.3,71,4.4,Yes,Yes,0,None,NotPlaced
803,Male,CSE,7.6,0,55,57,1,1,0,36.2,39.0,2.8,70,4.0,No,Yes,0,None,NotPlaced
804,Male,Mechanical,7.7,0,55,72,1,1,0,37.8,41.7,3.5,79,3.9,No,Yes,0,None,NotPlaced
805,Male,Civil,8.2,0,73,70,1,3,2,65.9,37.2,7.2,71,4.8,Yes,Yes,0,None,NotPlaced
806,Female,CSE,7.6,0,60,64,1,2,1,41.7,40.8,3.9,89,4.5,No,No,0,None,NotPlaced
807,Female,IT,7.3,1,70,84,1,3,2,53.5,47.9,7.0,83,4.7,Yes,Yes,1,Tier3,Placed
808,Female,IT,8.3,0,73,72,2,2,1,55.8,52.0,6.1,81,4.3,Yes,Yes,0,None,NotPlaced
809,Male,EEE,8.4,0,79,88,1,3,2,58.4,51.9,7.8,90,4.7,Yes,Yes,2,Tier3,Placed
810,Male,ECE,7.5,1,58,67,1,1,1,24.0,16.3,2.0,80,3.8,No,No,0,None,NotPlaced
811,Female,ECE,7.7,0,80,83,1,2,0,34.6,29.5,3.1,78,4.4,Yes,Yes,0,None,NotPlaced
812,Female,EEE,7.6,0,57,62,1,1,0,38.4,47.3,0.0,79,3.9,No,No,0,None,NotPlaced
813,Male,CSE,7.1,0,57,72,1,2,0,35.8,22.5,4.2,70,4.0,No,No,0,None,NotPlaced
814,Female,EEE,7.9,0,55,70,1,1,1,47.0,43.2,0.8,86,4.3,No,Yes,0,None,NotPlaced
815,Female,EEE,6.6,0,64,70,0,1,1,20.0,29.7,1.5,72,4.1,No,Yes,0,None,NotPlaced
816,Male,ECE,8.2,0,72,62,2,2,1,63.7,44.8,3.8,90,4.8,No,Yes,2,Tier3,Placed
817,Male,Mechanical,7.4,0,57,68,1,2,2,39.3,23.8,7.1,85,3.5,Yes,Yes,2,Tier3,Placed
818,Male,EEE,8.4,0,85,81,1,3,2,67.8,44.4,7.1,78,4.8,Yes,No,0,None,NotPlaced
819,Male,IT,6.8,0,85,73,0,3,2,33.1,33.2,7.7,76,3.9,Yes,Yes,0,None,NotPlaced
820,Male,IT,7.7,0,62,86,1,2,2,41.2,26.7,4.5,90,4.8,No,No,0,None,NotPlaced
821,Female,ECE,7.9,1,67,63,1,2,1,61.9,49.6,2.6,82,4.5,Yes,Yes,0,None,NotPlaced
822,Male,CSE,8.1,0,77,87,1,3,1,67.7,66.3,5.6,88,4.4,No,Yes,3,Tier1,Placed
823,Male,Civil,8.4,0,85,86,2,3,2,69.3,56.2,5.8,90,4.5,Yes,Yes,2,Tier2,Placed
824,Male,CSE,7.3,0,58,68,0,2,1,26.5,19.0,5.7,74,3.7,No,No,0,None,NotPlaced
825,Male,ECE,8.2,0,75,72,2,3,2,67.6,56.2,5.2,87,4.8,Yes,Yes,3,Tier2,Placed
826,Female,ECE,7.6,0,56,67,1,1,1,35.9,30.7,1.6,68,4.2,No,No,0,None,NotPlaced
827,Male,CSE,6.7,2,87,67,1,3,1,38.3,38.4,6.7,88,4.3,Yes,No,0,None,NotPlaced
828,Male,Civil,7.1,0,57,70,0,2,0,22.2,35.7,3.0,80,3.8,No,Yes,0,None,NotPlaced
829,Female,Mechanical,8.3,0,80,81,1,3,3,66.4,57.8,7.1,90,4.8,Yes,Yes,1,Tier3,Placed
830,Male,ECE,7.4,2,69,63,0,1,1,20.0,36.5,2.0,69,3.5,No,No,0,None,NotPlaced
831,Male,CSE,8.6,0,85,83,0,3,2,68.2,59.3,7.2,88,4.8,Yes,Yes,2,Tier2,Placed
832,Male,CSE,6.7,0,55,70,1,2,1,24.5,16.4,4.5,60,4.1,No,No,0,None,NotPlaced
833,Male,IT,8.0,2,87,82,1,2,0,60.7,68.6,5.2,87,4.4,Yes,Yes,2,Tier2,Placed
834,Male,IT,6.5,1,55,67,1,1,1,20.0,19.0,2.4,67,4.3,No,No,0,None,NotPlaced
835,Male,ECE,7.1,0,56,64,0,1,1,26.9,16.8,3.1,71,4.0,No,Yes,0,None,NotPlaced
836,Male,Civil,6.7,0,62,68,0,1,0,20.0,40.1,0.4,83,4.4,No,No,0,None,NotPlaced
837,Female,EEE,6.5,0,58,66,0,1,1,20.0,13.8,2.7,63,3.7,No,No,0,None,NotPlaced
838,Male,Mechanical,7.7,0,80,82,1,1,2,28.6,21.5,2.0,85,4.7,Yes,Yes,0,None,NotPlaced
839,Male,EEE,6.5,1,56,71,1,2,0,22.3,17.4,3.4,69,3.4,No,No,0,None,NotPlaced
840,Male,ECE,6.5,0,72,68,1,2,0,20.0,21.3,4.1,67,4.4,No,No,0,None,NotPlaced
841,Male,Mechanical,7.7,0,57,66,0,1,1,25.3,31.0,2.4,65,4.0,No,No,0,None,NotPlaced
842,Female,IT,8.0,0,70,87,2,3,2,65.0,32.4,7.5,90,4.7,Yes,Yes,1,Tier3,Placed
843,Male,Mechanical,6.5,0,79,62,1,1,0,20.0,27.7,2.1,70,4.8,Yes,Yes,2,Tier3,Placed
844,Female,IT,7.1,2,55,65,1,1,1,25.2,19.7,3.6,72,4.3,No,Yes,0,None,NotPlaced
845,Male,CSE,7.4,2,75,68,0,2,0,33.2,27.9,3.6,88,3.6,No,No,0,None,NotPlaced
846,Male,Mechanical,8.0,0,63,69,1,1,2,52.1,57.8,2.3,85,4.5,Yes,Yes,3,Tier2,Placed
847,Male,EEE,6.5,1,58,66,1,1,1,20.0,22.5,0.7,75,3.9,No,No,0,None,NotPlaced
848,Female,Mechanical,7.5,0,68,82,2,1,2,42.0,40.1,1.6,79,3.9,Yes,Yes,0,None,NotPlaced
849,Male,Mechanical,8.9,0,71,86,1,2,0,69.7,55.3,3.6,77,4.5,Yes,Yes,0,None,NotPlaced
850,Male,CSE,8.3,0,74,86,2,1,0,48.5,47.8,3.3,86,4.8,Yes,No,0,None,NotPlaced
851,Male,ECE,8.4,0,70,84,1,3,2,69.7,69.8,7.6,90,4.8,Yes,Yes,0,None,NotPlaced
852,Female,ECE,6.6,1,62,58,0,2,1,20.0,0.5,3.1,70,3.2,No,Yes,0,None,NotPlaced
853,Male,EEE,6.6,0,61,72,1,1,1,20.0,29.4,0.9,75,3.6,No,No,1,Tier3,Placed
854,Female,EEE,8.1,1,86,66,2,3,1,67.5,66.4,6.8,75,3.7,Yes,Yes,3,Tier2,Placed
855,Male,IT,6.5,2,82,68,2,3,2,24.3,28.3,7.1,81,3.5,Yes,No,3,Tier1,Placed
856,Male,ECE,7.6,0,56,68,0,1,1,22.0,17.6,2.3,85,4.1,No,Yes,3,Tier2,Placed
857,Male,EEE,6.5,0,71,75,1,2,0,25.5,15.7,4.0,79,4.6,Yes,No,2,Tier3,Placed
858,Male,CSE,6.5,0,82,86,0,3,2,20.7,41.5,6.8,90,4.8,Yes,Yes,3,Tier2,Placed
859,Male,EEE,8.6,0,79,82,2,3,2,72.9,51.9,8.6,90,4.8,Yes,Yes,2,Tier2,Placed
860,Male,EEE,6.5,1,80,69,1,2,0,21.8,35.0,2.8,84,4.3,No,Yes,0,None,NotPlaced
861,Female,Mechanical,8.0,0,55,66,1,1,0,41.1,39.5,3.0,84,3.9,Yes,No,0,None,NotPlaced
862,Male,IT,7.6,0,55,68,0,1,1,32.1,46.4,2.5,84,4.3,No,No,0,None,NotPlaced
863,Male,CSE,7.4,0,55,58,0,1,1,25.7,21.3,1.0,65,4.7,No,No,0,None,NotPlaced
864,Male,ECE,8.4,1,64,81,2,3,0,73.0,45.0,6.6,75,4.8,No,No,2,Tier2,Placed
865,Male,CSE,8.4,0,79,84,1,3,0,63.5,51.4,5.7,77,4.7,Yes,Yes,2,Tier3,Placed
866,Male,Civil,7.5,0,57,69,1,2,1,42.0,23.7,4.6,69,3.8,No,Yes,0,None,NotPlaced
867,Male,CSE,6.5,2,56,69,1,1,0,20.0,42.2,2.0,75,4.7,No,Yes,1,Tier3,Placed
868,Male,EEE,8.2,0,73,65,2,3,1,65.2,57.0,4.6,70,3.8,No,No,0,None,NotPlaced
869,Female,ECE,7.4,1,58,64,1,2,1,43.6,42.8,4.7,67,4.2,No,Yes,0,None,NotPlaced
870,Female,IT,8.4,0,80,85,1,3,2,66.7,60.8,6.1,88,4.8,Yes,Yes,2,Tier2,Placed
871,Male,CSE,7.2,0,58,62,1,1,1,30.7,22.2,1.8,69,4.3,No,No,0,None,NotPlaced
872,Male,ECE,7.5,0,62,68,1,1,0,33.6,29.1,2.6,74,4.2,No,No,0,None,NotPlaced
873,Male,EEE,6.5,0,55,70,1,2,0,20.8,21.8,3.0,71,4.3,No,Yes,0,None,NotPlaced
874,Male,CSE,8.6,0,84,85,2,3,2,77.7,78.0,6.5,90,4.8,Yes,Yes,3,Tier1,Placed
875,Male,Civil,6.5,0,64,85,1,1,2,20.0,11.1,4.1,71,4.1,Yes,Yes,0,None,NotPlaced
876,Male,IT,7.7,0,57,71,1,1,1,38.2,27.3,0.9,71,4.3,Yes,No,0,None,NotPlaced
877,Female,IT,8.7,0,76,85,1,3,2,75.4,58.0,8.4,90,4.8,Yes,Yes,4,Tier1,Placed
878,Female,ECE,6.5,0,55,71,0,1,0,20.0,14.5,0.5,65,3.5,No,Yes,0,None,NotPlaced
879,Male,CSE,8.1,0,74,80,1,3,1,68.9,44.7,6.3,90,4.8,Yes,Yes,2,Tier3,Placed
880,Male,Mechanical,7.6,0,80,66,1,2,1,46.2,16.8,4.3,68,4.5,No,Yes,0,None,NotPlaced
881,Male,IT,8.7,0,72,67,2,3,1,78.4,47.2,7.6,77,4.3,Yes,Yes,0,None,NotPlaced
882,Female,CSE,7.7,0,55,62,0,1,1,31.4,37.2,2.3,71,4.0,No,No,0,None,NotPlaced
883,Male,IT,8.7,0,83,86,1,3,2,77.9,62.4,7.0,88,4.8,Yes,Yes,4,Tier1,Placed
884,Male,EEE,7.1,0,71,69,1,2,0,30.0,34.6,4.6,77,3.7,Yes,Yes,2,Tier3,Placed
885,Female,ECE,6.6,2,55,66,1,2,1,20.0,16.0,5.6,74,3.7,No,No,0,None,NotPlaced
886,Male,EEE,6.5,0,55,68,0,2,0,20.0,20.2,4.8,78,4.5,No,Yes,2,Tier3,Placed
887,Female,CSE,7.6,1,55,63,1,2,0,49.0,52.6,5.2,60,3.9,No,No,0,None,NotPlaced
888,Male,IT,7.4,0,55,84,1,1,1,39.0,47.0,1.6,81,3.8,No,Yes,0,None,NotPlaced
889,Male,EEE,8.0,0,60,87,1,1,0,42.5,44.8,0.0,83,4.7,No,Yes,1,Tier3,Placed
890,Male,CSE,7.6,0,82,68,1,3,1,51.2,44.9,7.0,83,4.8,No,No,2,Tier2,Placed
891,Female,Mechanical,8.3,0,76,88,2,3,2,72.6,63.1,7.4,90,4.7,Yes,Yes,2,Tier2,Placed
892,Female,CSE,7.0,0,55,73,0,1,0,20.0,24.3,3.2,82,4.4,Yes,No,0,None,NotPlaced
893,Female,EEE,7.9,0,80,79,1,1,2,43.6,35.8,2.4,74,4.8,Yes,No,0,None,NotPlaced
894,Male,ECE,6.5,2,86,72,0,3,1,23.6,19.3,6.7,67,3.5,Yes,Yes,1,Tier3,Placed
895,Female,ECE,7.6,0,60,68,1,1,0,40.1,43.7,1.4,74,4.0,No,Yes,0,None,NotPlaced
896,Male,CSE,7.4,0,55,66,1,1,1,34.6,20.0,2.0,68,4.7,No,Yes,0,None,NotPlaced
897,Male,CSE,7.1,1,71,61,1,2,0,37.1,45.4,2.9,84,4.6,No,Yes,2,Tier2,Placed
898,Female,IT,6.5,0,55,64,1,1,0,20.0,17.9,2.8,68,4.1,No,Yes,0,None,NotPlaced
899,Male,CSE,8.5,0,65,85,1,3,1,78.6,51.4,9.0,77,4.7,Yes,Yes,0,None,NotPlaced
900,Male,IT,8.4,0,70,84,0,3,2,64.4,48.7,6.4,89,4.1,Yes,Yes,3,Tier2,Placed
901,Male,IT,8.6,0,70,86,2,3,3,77.2,54.9,5.4,87,4.7,Yes,Yes,4,Tier1,Placed
902,Male,ECE,8.0,0,83,84,1,2,1,47.2,35.7,4.9,81,4.4,Yes,Yes,4,Tier1,Placed
903,Male,EEE,8.0,0,73,69,1,1,1,42.5,31.9,3.3,77,3.7,Yes,Yes,0,None,NotPlaced
904,Male,ECE,8.5,0,80,86,2,2,0,66.6,49.3,5.5,86,4.3,Yes,Yes,3,Tier1,Placed
905,Male,ECE,8.2,0,76,88,0,3,0,54.1,41.8,8.6,71,4.7,Yes,Yes,4,Tier1,Placed
906,Female,IT,7.6,1,74,67,0,1,1,28.5,26.7,3.8,81,4.3,Yes,No,0,None,NotPlaced
907,Female,IT,8.3,0,59,85,2,3,0,69.2,61.7,5.2,79,4.5,Yes,No,0,None,NotPlaced
908,Male,ECE,6.8,1,61,66,1,2,2,27.3,24.5,3.8,82,3.9,Yes,Yes,1,Tier3,Placed
909,Male,EEE,7.8,0,76,80,2,3,1,51.2,46.2,7.4,86,4.4,Yes,Yes,0,None,NotPlaced
910,Male,CSE,8.6,0,77,74,1,3,1,70.3,57.1,6.5,87,4.6,Yes,Yes,4,Tier1,Placed
911,Male,CSE,7.8,0,72,88,2,3,0,58.1,52.4,8.5,82,4.3,Yes,Yes,4,Tier1,Placed
912,Male,ECE,8.2,2,80,63,1,3,2,62.9,51.2,6.1,75,4.5,Yes,Yes,0,None,NotPlaced
913,Male,CSE,8.3,0,81,82,0,3,2,65.2,48.0,7.0,84,4.3,No,No,0,None,NotPlaced
914,Male,Mechanical,7.6,0,84,67,1,3,0,61.3,42.8,6.4,80,4.3,Yes,Yes,0,None,NotPlaced
915,Male,Mechanical,7.6,0,62,67,1,1,0,38.4,35.9,2.3,81,4.5,No,No,0,None,NotPlaced
916,Male,CSE,6.5,1,58,73,1,1,0,20.0,31.2,1.2,78,3.5,No,Yes,0,None,NotPlaced
917,Male,CSE,6.5,1,55,66,1,1,1,20.0,17.9,2.6,64,4.0,No,Yes,0,None,NotPlaced
918,Female,ECE,7.5,0,72,79,2,2,0,49.0,36.7,6.1,89,4.8,Yes,Yes,3,Tier2,Placed
919,Female,EEE,7.4,0,66,74,2,1,0,38.4,31.8,2.3,77,4.3,No,No,1,Tier3,Placed
920,Male,CSE,7.8,0,73,71,0,3,0,54.9,40.1,8.9,69,4.2,Yes,Yes,1,Tier3,Placed
921,Female,EEE,7.7,1,60,80,1,2,1,44.5,31.8,3.3,66,3.4,No,Yes,0,None,NotPlaced
922,Male,ECE,7.7,0,56,73,2,1,1,40.2,24.7,3.1,90,4.5,Yes,Yes,4,Tier1,Placed
923,Female,IT,8.2,0,75,84,1,1,0,55.8,43.9,3.8,76,4.7,Yes,Yes,0,None,NotPlaced
924,Female,CSE,7.2,0,65,74,1,1,0,27.3,28.0,1.1,78,4.2,No,No,0,None,NotPlaced
925,Male,EEE,7.5,1,66,63,0,1,2,22.9,15.4,2.1,89,4.0,No,Yes,0,None,NotPlaced
926,Male,CSE,7.5,1,60,73,0,1,0,35.4,23.7,2.7,66,3.5,No,No,0,None,NotPlaced
927,Male,Mechanical,7.3,0,64,72,0,1,1,20.0,13.1,2.9,74,4.1,No,No,0,None,NotPlaced
928,Male,ECE,7.1,0,73,84,1,2,0,20.0,10.6,6.1,85,4.2,Yes,Yes,2,Tier2,Placed
929,Male,ECE,8.0,0,78,86,2,3,3,67.8,47.0,6.1,80,4.8,Yes,Yes,0,None,NotPlaced
930,Male,Mechanical,7.7,0,56,62,0,1,0,36.6,30.2,2.3,69,3.9,No,Yes,0,None,NotPlaced
931,Male,Mechanical,7.5,0,71,80,2,3,1,56.1,36.3,5.7,86,4.4,Yes,Yes,1,Tier3,Placed
932,Female,IT,7.7,0,55,65,0,1,0,25.5,23.6,1.3,76,3.4,No,No,0,None,NotPlaced
933,Female,CSE,7.5,0,55,71,1,1,0,32.7,23.6,1.8,70,4.3,No,Yes,0,None,NotPlaced
934,Male,EEE,7.9,0,74,80,1,3,2,55.6,38.8,7.1,81,4.8,No,Yes,2,Tier2,Placed
935,Male,ECE,6.6,0,55,66,1,1,1,20.0,23.3,2.5,70,4.6,No,Yes,3,Tier2,Placed
936,Male,IT,6.5,0,83,67,0,1,0,20.0,15.6,2.0,75,4.1,No,Yes,0,None,NotPlaced
937,Male,Mechanical,8.4,0,72,70,2,3,3,66.8,50.8,6.4,87,4.8,No,Yes,3,Tier1,Placed
938,Female,CSE,8.4,0,71,87,2,3,2,73.6,70.0,7.5,90,4.8,Yes,Yes,0,None,NotPlaced
939,Male,CSE,7.3,0,63,70,1,1,0,35.0,23.0,2.4,65,4.0,No,Yes,0,None,NotPlaced
940,Male,CSE,7.6,0,55,68,1,2,0,44.9,49.9,4.4,66,3.8,Yes,No,0,None,NotPlaced
941,Male,ECE,8.2,0,86,85,1,3,2,69.2,53.8,6.0,90,4.6,Yes,Yes,2,Tier2,Placed
942,Male,ECE,8.3,0,76,81,1,3,0,67.8,45.1,6.8,75,3.9,Yes,Yes,1,Tier3,Placed
943,Female,IT,6.5,1,56,70,2,3,0,36.1,28.2,5.2,82,4.3,No,Yes,0,None,NotPlaced
944,Female,IT,8.3,0,56,67,1,2,2,58.8,48.1,5.6,71,4.5,Yes,Yes,2,Tier2,Placed
945,Male,ECE,7.2,0,82,75,0,2,2,33.1,41.3,6.5,90,4.8,Yes,Yes,4,Tier1,Placed
946,Male,ECE,7.7,0,55,61,0,1,0,30.1,33.5,2.6,67,3.5,No,No,0,None,NotPlaced
947,Male,CSE,7.8,2,85,66,0,2,1,35.5,31.3,2.2,66,3.6,No,Yes,0,None,NotPlaced
948,Female,Mechanical,8.4,0,70,85,2,3,2,76.8,71.9,5.4,90,4.8,No,Yes,3,Tier2,Placed
949,Female,CSE,8.1,0,82,86,1,2,0,58.8,34.0,5.0,88,4.6,Yes,Yes,3,Tier2,Placed
950,Male,Civil,8.0,0,84,70,0,3,0,55.3,48.6,5.6,88,4.6,Yes,Yes,3,Tier2,Placed
951,Male,CSE,8.3,1,55,71,1,1,1,46.3,40.6,2.0,64,4.1,No,No,0,None,NotPlaced
952,Female,Mechanical,6.7,2,60,88,1,2,1,20.0,23.6,4.5,78,4.4,No,No,0,None,NotPlaced
953,Male,IT,6.6,1,56,86,1,2,0,23.4,9.9,6.4,71,3.8,Yes,Yes,0,None,NotPlaced
954,Female,CSE,7.6,0,55,62,0,1,1,23.3,14.0,3.8,65,4.1,No,No,0,None,NotPlaced
955,Male,Mechanical,7.5,0,56,75,1,1,0,25.6,22.9,0.8,70,3.9,No,No,0,None,NotPlaced
956,Male,Mechanical,6.5,2,55,60,1,1,0,20.0,30.3,1.9,82,3.9,No,Yes,0,None,NotPlaced
957,Male,IT,8.3,0,83,87,1,2,2,53.2,59.9,4.9,82,4.6,Yes,Yes,2,Tier2,Placed
958,Male,EEE,6.5,2,72,72,0,2,1,20.0,14.9,4.3,69,4.7,Yes,Yes,0,None,NotPlaced
959,Male,ECE,7.9,0,74,67,2,3,2,61.2,40.2,6.1,87,4.5,No,Yes,0,None,NotPlaced
960,Female,Mechanical,6.6,0,76,65,1,3,0,28.0,33.4,5.9,81,4.4,No,Yes,0,None,NotPlaced
961,Male,IT,8.1,0,78,82,2,3,2,57.5,69.3,7.6,90,4.7,Yes,Yes,1,Tier3,Placed
962,Male,ECE,7.3,0,67,70,1,1,1,24.7,33.6,4.4,83,3.9,Yes,No,0,None,NotPlaced
963,Male,ECE,6.6,2,65,71,0,1,1,20.0,14.0,2.1,67,4.5,No,No,0,None,NotPlaced
964,Male,IT,7.6,0,59,60,1,1,0,28.9,50.4,1.5,81,3.8,No,Yes,0,None,NotPlaced
965,Male,Mechanical,6.5,2,69,70,1,1,1,20.0,25.1,1.0,62,3.4,No,Yes,0,None,NotPlaced
966,Male,CSE,7.5,0,60,72,0,1,0,22.3,15.7,4.0,71,4.1,No,No,0,None,NotPlaced
967,Female,CSE,7.4,0,55,68,1,1,1,30.2,42.3,2.9,63,4.2,No,Yes,0,None,NotPlaced
968,Male,EEE,6.5,0,57,71,1,2,0,22.2,14.5,4.4,66,4.0,No,No,0,None,NotPlaced
969,Male,ECE,7.6,0,75,64,1,2,0,38.9,28.8,4.8,73,4.0,Yes,Yes,0,None,NotPlaced
970,Male,IT,6.8,0,73,72,1,1,1,21.1,27.6,3.6,78,4.1,No,No,0,None,NotPlaced
971,Female,IT,8.8,1,80,80,2,3,2,73.2,59.1,6.8,90,4.8,Yes,Yes,2,Tier2,Placed
972,Female,Civil,6.7,1,58,65,1,2,0,20.0,21.2,2.3,77,4.4,No,Yes,0,None,NotPlaced
973,Female,IT,7.3,0,55,70,1,1,2,28.4,26.1,2.3,66,4.6,No,Yes,1,Tier3,Placed
974,Male,ECE,7.6,1,55,61,1,2,1,46.4,48.7,2.8,81,4.0,No,Yes,0,None,NotPlaced
975,Male,EEE,7.7,0,78,63,1,2,1,49.3,22.1,4.3,69,4.1,No,Yes,0,None,NotPlaced
976,Male,IT,8.0,0,72,88,2,2,2,64.1,54.6,6.3,83,4.5,Yes,Yes,0,None,NotPlaced
977,Male,Mechanical,7.9,0,61,63,0,1,2,34.1,29.3,0.3,86,4.3,No,Yes,2,Tier2,Placed
978,Male,EEE,8.4,0,86,83,1,3,0,66.4,47.0,6.1,73,4.6,Yes,Yes,0,None,NotPlaced
979,Male,IT,7.5,0,62,62,1,1,0,27.8,19.6,2.9,69,4.3,No,No,0,None,NotPlaced
980,Male,EEE,6.6,0,78,67,1,2,0,20.0,0.8,3.5,88,4.0,No,No,0,None,NotPlaced
981,Male,ECE,8.3,0,80,88,2,3,2,71.1,51.5,7.4,90,4.8,Yes,Yes,2,Tier2,Placed
982,Female,EEE,7.4,1,85,75,2,3,2,48.1,50.4,7.4,71,4.8,Yes,Yes,2,Tier3,Placed
983,Male,Mechanical,6.8,0,76,63,1,2,0,33.2,37.0,4.9,79,3.4,No,Yes,0,None,NotPlaced
984,Male,IT,8.4,0,80,78,1,3,2,59.7,48.4,6.4,90,4.8,Yes,Yes,2,Tier2,Placed
985,Female,IT,8.3,0,70,80,1,1,2,51.4,32.6,0.4,88,4.1,Yes,No,2,Tier2,Placed
986,Male,CSE,7.9,0,78,77,2,1,2,41.0,43.3,3.4,89,4.8,Yes,No,0,None,NotPlaced
987,Female,CSE,7.5,1,58,63,1,1,0,28.9,36.6,0.4,66,3.8,No,No,0,None,NotPlaced
988,Male,CSE,8.2,0,83,79,2,1,1,54.7,52.8,3.9,69,4.5,Yes,No,0,None,NotPlaced
989,Male,Mechanical,6.9,1,73,87,1,2,0,25.6,17.8,5.0,85,4.8,Yes,Yes,3,Tier2,Placed
990,Female,EEE,6.7,0,67,60,0,1,0,20.0,13.5,1.7,71,4.3,No,No,0,None,NotPlaced
991,Female,ECE,7.6,0,80,83,0,3,2,41.9,50.2,7.7,85,3.7,Yes,Yes,0,None,NotPlaced
992,Female,ECE,7.9,0,55,58,1,2,2,57.9,37.7,3.3,76,4.5,Yes,Yes,0,None,NotPlaced
993,Male,EEE,7.8,0,59,65,1,1,2,35.9,36.3,2.8,82,4.3,Yes,Yes,3,Tier2,Placed
994,Male,ECE,8.1,0,57,68,2,3,2,66.3,39.2,6.4,78,4.5,No,Yes,2,Tier2,Placed
995,Male,EEE,8.6,0,83,85,2,3,0,75.0,58.1,7.3,89,4.8,Yes,Yes,3,Tier2,Placed
996,Male,IT,7.7,0,73,88,1,2,1,46.1,43.8,4.5,76,4.7,Yes,Yes,0,None,NotPlaced
997,Female,Mechanical,8.2,0,87,88,2,3,2,64.9,53.3,6.5,90,4.8,Yes,Yes,2,Tier2,Placed
998,Male,ECE,8.0,0,81,81,1,2,2,50.0,47.2,6.5,89,4.5,Yes,Yes,2,Tier2,Placed
999,Female,IT,7.4,0,78,65,1,2,0,41.0,25.9,4.9,78,4.6,No,No,0,None,NotPlaced
1000,Male,ECE,7.6,0,57,65,1,2,0,38.7,25.9,3.3,60,4.1,No,Yes,0,None,NotPlaced
1001,Male,ECE,7.8,0,55,68,0,2,0,47.4,43.3,5.3,70,4.3,No,No,0,None,NotPlaced
1002,Male,CSE,7.6,0,60,71,1,2,1,48.9,46.8,4.8,78,4.3,No,Yes,0,None,NotPlaced
1003,Female,ECE,8.1,0,88,67,2,2,1,61.0,52.4,5.5,88,4.8,Yes,Yes,0,None,NotPlaced
1004,Female,IT,8.1,0,79,82,0,1,0,40.3,43.4,3.5,85,4.5,Yes,Yes,2,Tier2,Placed
1005,Female,CSE,8.6,0,68,82,1,1,2,40.0,21.5,1.9,75,4.5,Yes,Yes,0,None,NotPlaced
1006,Female,Mechanical,7.8,0,73,58,1,2,2,49.1,37.5,5.5,76,4.0,No,Yes,0,None,NotPlaced
1007,Female,ECE,8.3,0,83,85,0,3,2,58.0,61.9,8.0,75,3.8,Yes,Yes,1,Tier3,Placed
1008,Female,Mechanical,7.3,0,80,68,1,1,1,27.8,36.6,2.2,76,4.1,No,Yes,0,None,NotPlaced
1009,Male,EEE,7.1,0,73,72,0,1,0,20.0,25.2,2.2,68,3.6,No,Yes,3,Tier1,Placed
1010,Male,IT,8.2,0,72,85,2,3,2,70.5,56.2,6.9,90,4.6,Yes,No,0,None,NotPlaced
1011,Male,ECE,7.5,0,58,76,1,1,0,25.8,33.6,1.4,81,4.5,No,Yes,4,Tier1,Placed
1012,Female,ECE,8.4,0,67,84,1,1,1,51.6,45.9,3.5,70,4.8,Yes,No,0,None,NotPlaced
1013,Female,Civil,6.8,1,56,82,1,2,1,31.5,17.2,4.2,81,4.0,Yes,Yes,0,None,NotPlaced
1014,Male,CSE,8.7,0,76,85,2,3,2,75.7,69.1,7.2,90,4.8,Yes,Yes,4,Tier1,Placed
1015,Female,Mechanical,8.0,0,65,69,2,2,2,62.1,44.0,5.1,83,3.3,Yes,Yes,0,None,NotPlaced
1016,Female,Mechanical,8.6,0,81,87,1,3,1,67.3,60.7,7.4,83,4.7,Yes,Yes,2,Tier2,Placed
1017,Male,ECE,8.1,0,69,67,2,3,3,69.0,42.2,7.9,76,4.5,Yes,Yes,0,None,NotPlaced
1018,Male,Civil,6.5,1,55,59,1,1,0,20.0,33.1,2.4,70,4.2,No,No,0,None,NotPlaced
1019,Female,IT,8.4,0,77,84,0,3,0,67.2,52.4,7.7,84,4.8,Yes,Yes,2,Tier2,Placed
1020,Male,Civil,8.3,0,77,87,0,3,2,64.4,43.2,5.1,78,4.3,Yes,No,0,None,NotPlaced
1021,Female,EEE,7.8,0,74,88,2,2,2,54.3,39.8,5.5,81,4.8,Yes,Yes,4,Tier1,Placed
1022,Male,CSE,7.5,0,65,71,1,2,1,39.0,31.7,4.1,79,4.6,No,Yes,0,None,NotPlaced
1023,Female,Mechanical,8.3,0,81,87,2,3,2,63.0,52.2,7.4,90,4.8,Yes,Yes,2,Tier2,Placed
1024,Female,ECE,7.4,0,55,72,1,1,0,29.0,36.6,2.5,64,4.7,Yes,Yes,0,None,NotPlaced
1025,Female,IT,8.1,0,61,63,1,1,1,50.6,42.5,4.2,72,4.6,Yes,No,0,None,NotPlaced
1026,Male,ECE,7.9,1,85,84,2,3,2,62.6,34.1,7.3,85,4.7,Yes,Yes,2,Tier2,Placed
1027,Female,CSE,7.8,0,73,72,1,3,2,47.2,31.0,6.3,87,4.3,Yes,Yes,2,Tier2,Placed
1028,Female,ECE,7.0,0,72,82,1,1,2,20.0,43.4,2.4,81,4.8,Yes,No,0,None,NotPlaced
1029,Male,EEE,8.3,0,71,62,1,1,0,55.3,47.0,2.9,80,4.4,No,No,0,None,NotPlaced
1030,Female,CSE,6.9,1,65,82,1,1,0,23.4,30.3,2.9,70,4.6,Yes,Yes,1,Tier3,Placed
1031,Male,CSE,8.2,0,65,71,1,2,0,48.8,39.2,5.0,83,4.8,Yes,No,1,Tier3,Placed
1032,Male,CSE,7.9,1,61,68,1,1,0,32.2,21.8,2.8,81,4.6,Yes,No,1,Tier3,Placed
1033,Male,IT,7.8,0,82,82,2,3,1,56.9,42.5,8.0,73,4.3,Yes,Yes,2,Tier2,Placed
1034,Male,EEE,7.7,0,76,83,1,2,1,35.7,33.7,5.5,85,4.6,Yes,Yes,2,Tier3,Placed
1035,Male,ECE,8.5,0,75,88,2,2,2,65.2,49.2,3.8,80,4.8,Yes,Yes,2,Tier2,Placed
1036,Female,Mechanical,7.7,0,71,68,1,2,0,57.3,61.8,4.0,71,4.5,Yes,Yes,0,None,NotPlaced
1037,Male,ECE,8.3,0,82,84,2,3,2,62.0,46.3,7.0,87,4.8,Yes,Yes,4,Tier1,Placed
1038,Female,CSE,8.4,0,76,83,1,3,2,66.1,45.8,6.4,89,4.2,Yes,Yes,3,Tier1,Placed
1039,Male,Mechanical,7.5,0,55,60,1,1,1,39.6,40.6,0.0,71,4.0,No,Yes,0,None,NotPlaced
1040,Male,Mechanical,7.4,0,85,71,1,2,3,42.7,43.7,4.3,71,4.8,Yes,Yes,0,None,NotPlaced
1041,Male,ECE,8.2,0,77,67,2,1,0,51.3,42.8,2.7,74,4.5,Yes,Yes,0,None,NotPlaced
1042,Female,ECE,7.9,0,70,84,1,2,2,48.3,36.9,4.6,88,4.8,Yes,Yes,1,Tier3,Placed
1043,Male,Mechanical,8.3,1,72,84,2,3,2,64.2,37.8,7.7,90,4.8,Yes,Yes,0,None,NotPlaced
1044,Male,EEE,6.5,2,58,84,0,1,0,20.0,30.5,0.0,75,4.5,No,No,0,None,NotPlaced
1045,Female,IT,7.6,1,55,73,1,2,0,44.2,44.7,4.2,76,3.8,Yes,Yes,2,Tier2,Placed
1046,Male,EEE,8.1,0,64,83,2,3,3,71.5,54.6,7.8,90,4.7,Yes,Yes,3,Tier2,Placed
1047,Male,CSE,7.7,0,78,82,2,3,0,54.9,46.7,6.3,87,4.4,Yes,Yes,0,None,NotPlaced
1048,Male,IT,8.3,0,78,83,1,1,1,48.1,38.2,1.8,71,4.8,Yes,Yes,0,None,NotPlaced
1049,Female,IT,7.7,2,55,72,1,1,1,32.3,42.0,1.3,71,4.2,No,Yes,0,None,NotPlaced
1050,Male,CSE,8.5,0,87,88,1,3,2,70.1,48.7,7.4,88,4.2,Yes,Yes,4,Tier1,Placed
1051,Female,CSE,8.0,0,78,87,2,3,2,67.9,50.7,6.7,90,4.8,Yes,Yes,1,Tier3,Placed
1052,Male,CSE,7.5,0,68,58,1,1,1,36.1,25.3,1.3,64,3.3,No,No,0,None,NotPlaced
1053,Female,ECE,8.7,0,76,87,0,1,2,46.1,42.9,3.5,90,4.5,Yes,Yes,3,Tier2,Placed
1054,Female,EEE,8.3,0,55,66,1,2,1,57.7,47.2,4.4,71,3.9,No,No,0,None,NotPlaced
1055,Female,Civil,8.0,0,72,84,2,3,2,60.6,52.1,5.7,90,4.3,Yes,Yes,2,Tier3,Placed
1056,Male,IT,7.7,0,82,87,0,2,0,45.1,31.1,5.1,73,4.2,Yes,Yes,4,Tier1,Placed
1057,Female,ECE,7.8,2,62,70,1,1,1,38.2,45.1,0.7,72,4.3,No,Yes,0,None,NotPlaced
1058,Male,Mechanical,8.5,0,74,83,2,3,2,66.4,50.9,8.2,89,4.8,Yes,Yes,3,Tier2,Placed
1059,Male,CSE,7.5,1,55,69,1,1,0,31.9,38.8,3.2,77,3.9,No,Yes,0,None,NotPlaced
1060,Male,EEE,8.2,0,74,83,1,2,3,57.3,72.6,4.7,82,4.6,Yes,Yes,0,None,NotPlaced
1061,Female,ECE,8.7,0,79,85,2,3,2,79.2,56.6,8.1,90,4.8,Yes,Yes,2,Tier2,Placed
1062,Female,CSE,7.5,0,69,67,1,1,2,30.4,30.8,1.2,75,3.5,No,Yes,0,None,NotPlaced
1063,Female,Mechanical,7.6,0,76,67,0,2,2,35.1,29.5,3.9,67,4.0,No,Yes,0,None,NotPlaced
1064,Male,Mechanical,6.5,0,61,65,1,1,0,20.0,37.4,1.4,80,3.8,No,No,3,Tier2,Placed
1065,Male,CSE,7.7,0,74,61,1,1,1,35.0,29.2,3.0,77,4.1,Yes,Yes,0,None,NotPlaced
1066,Female,CSE,8.6,0,73,85,0,3,2,61.7,51.7,7.1,73,4.2,Yes,No,3,Tier2,Placed
1067,Male,CSE,6.5,1,55,71,0,1,1,20.0,23.2,2.0,82,4.5,No,No,0,None,NotPlaced
1068,Male,IT,7.6,0,57,66,2,2,2,43.5,35.7,4.9,67,4.7,Yes,No,0,None,NotPlaced
1069,Male,ECE,7.5,0,76,75,2,1,2,38.6,40.3,2.1,80,4.0,No,No,0,None,NotPlaced
1070,Male,ECE,6.5,1,55,62,1,1,1,20.0,21.0,3.3,70,3.8,No,No,0,None,NotPlaced
1071,Male,CSE,7.6,0,59,68,1,2,0,47.7,44.6,2.0,82,4.0,No,No,0,None,NotPlaced
1072,Male,Mechanical,7.9,0,77,80,0,3,1,57.4,49.6,8.9,86,4.6,Yes,No,2,Tier2,Placed
1073,Male,ECE,6.5,0,55,70,1,1,1,20.0,16.1,1.6,77,3.9,No,Yes,0,None,NotPlaced
1074,Male,CSE,8.3,0,82,83,2,3,2,71.8,56.2,6.9,90,4.7,Yes,Yes,0,None,NotPlaced
1075,Female,IT,8.1,0,80,88,2,3,2,60.8,55.1,8.3,90,4.8,Yes,Yes,2,Tier3,Placed
1076,Male,ECE,7.5,0,72,83,1,2,2,35.7,35.8,4.6,71,4.1,No,Yes,2,Tier2,Placed
1077,Male,ECE,6.8,0,77,75,1,1,0,20.0,31.6,2.5,85,4.3,No,Yes,0,None,NotPlaced
1078,Female,IT,7.4,0,55,80,1,1,0,34.8,46.3,3.2,78,3.9,No,No,0,None,NotPlaced
1079,Male,CSE,6.6,0,55,72,1,2,0,23.4,19.1,3.8,77,4.1,No,Yes,0,None,NotPlaced
1080,Female,EEE,8.4,0,55,85,1,2,2,63.3,52.3,4.9,77,4.5,No,Yes,0,None,NotPlaced
1081,Female,Civil,8.8,0,78,81,1,1,2,64.0,51.1,1.7,87,4.4,Yes,Yes,4,Tier1,Placed
1082,Male,IT,7.8,0,58,65,0,1,0,30.4,19.5,2.4,79,4.1,No,Yes,2,Tier2,Placed
1083,Male,ECE,7.4,0,78,71,0,2,0,34.2,36.2,4.6,86,3.8,No,Yes,0,None,NotPlaced
1084,Female,EEE,7.4,1,55,57,0,1,1,25.9,30.9,3.1,73,4.4,No,No,0,None,NotPlaced
1085,Female,EEE,7.6,0,70,66,1,1,3,33.4,21.9,2.7,79,4.8,No,Yes,0,None,NotPlaced
1086,Male,IT,8.3,0,86,84,1,3,2,62.3,48.7,7.2,90,4.8,Yes,Yes,2,Tier2,Placed
1087,Male,Mechanical,8.4,2,73,83,0,3,0,67.9,50.5,6.7,75,4.6,Yes,Yes,3,Tier2,Placed
1088,Male,EEE,7.2,1,55,63,0,1,0,22.3,8.9,1.7,60,3.8,No,No,0,None,NotPlaced
1089,Female,IT,8.2,0,85,88,2,3,2,68.1,55.1,6.7,86,4.7,Yes,Yes,1,Tier3,Placed
1090,Male,ECE,8.5,0,73,88,2,3,2,70.0,47.9,5.7,90,4.8,Yes,Yes,2,Tier2,Placed
1091,Female,Civil,7.7,0,78,72,1,1,0,40.4,35.9,3.7,70,4.3,No,Yes,0,None,NotPlaced
1092,Male,ECE,8.7,0,79,88,1,2,2,60.0,51.1,6.0,77,4.3,Yes,Yes,3,Tier2,Placed
1093,Male,CSE,8.8,0,77,84,1,3,2,77.3,64.6,7.3,82,4.8,Yes,Yes,0,None,NotPlaced
1094,Male,CSE,8.7,0,71,80,1,2,0,67.4,57.7,5.8,78,4.4,Yes,Yes,3,Tier2,Placed
1095,Male,IT,8.8,0,72,88,2,3,2,77.9,74.9,7.8,90,4.8,Yes,Yes,2,Tier2,Placed
1096,Male,IT,8.4,0,78,72,1,3,3,68.6,49.7,6.0,90,4.7,Yes,Yes,3,Tier1,Placed
1097,Male,EEE,8.1,0,82,88,2,3,2,66.9,48.9,7.6,90,4.6,Yes,Yes,1,Tier3,Placed
1098,Male,EEE,7.6,0,76,84,1,2,0,42.8,42.5,5.3,81,4.5,No,Yes,0,None,NotPlaced
1099,Female,Mechanical,7.4,0,55,70,1,1,0,31.1,27.4,1.3,74,3.8,No,Yes,0,None,NotPlaced
1100,Male,Civil,8.1,0,82,86,0,3,2,56.3,56.5,5.5,90,4.7,Yes,Yes,1,Tier3,Placed
1101,Male,CSE,7.8,0,79,65,1,1,2,39.6,39.5,1.8,81,4.8,Yes,Yes,2,Tier3,Placed
1102,Female,Mechanical,7.5,0,62,65,0,2,0,36.3,47.8,3.9,78,4.4,No,Yes,0,None,NotPlaced
1103,Female,EEE,8.1,0,82,74,0,2,3,42.5,35.4,3.8,71,4.2,Yes,No,0,None,NotPlaced
1104,Female,ECE,7.4,0,57,77,1,1,1,30.2,16.5,1.8,80,4.5,No,Yes,0,None,NotPlaced
1105,Female,EEE,7.5,0,63,72,0,1,1,29.3,29.3,1.3,67,3.6,No,No,0,None,NotPlaced
1106,Male,CSE,7.7,0,80,84,1,3,2,53.5,45.0,7.0,90,4.7,Yes,Yes,3,Tier2,Placed
1107,Male,EEE,7.6,0,82,74,1,2,2,47.8,44.8,4.5,78,4.4,Yes,Yes,0,None,NotPlaced
1108,Female,ECE,6.5,0,64,67,0,1,0,20.0,26.3,2.0,78,3.9,No,No,0,None,NotPlaced
1109,Female,IT,7.3,0,72,74,1,1,2,24.6,20.3,3.6,82,4.2,Yes,Yes,0,None,NotPlaced
1110,Male,ECE,8.3,0,66,84,2,3,2,69.2,48.4,6.0,89,4.4,Yes,Yes,4,Tier1,Placed
1111,Female,ECE,7.5,1,55,61,1,1,0,31.4,27.3,2.3,72,3.4,No,No,0,None,NotPlaced
1112,Male,CSE,8.7,0,79,79,2,1,3,62.0,30.9,2.1,73,4.6,Yes,Yes,3,Tier1,Placed
1113,Male,CSE,7.4,0,57,61,1,3,1,47.0,41.4,6.0,87,3.6,No,No,0,None,NotPlaced
1114,Male,IT,7.8,0,71,65,2,1,0,47.1,37.3,2.9,84,4.2,Yes,Yes,4,Tier1,Placed
1115,Male,ECE,8.0,0,70,81,1,3,2,59.9,56.8,7.4,89,4.8,Yes,Yes,0,None,NotPlaced
1116,Male,Mechanical,7.3,0,55,74,1,1,1,35.2,15.5,2.2,75,3.7,No,Yes,0,None,NotPlaced
1117,Male,Mechanical,8.3,0,70,70,0,1,0,45.2,38.8,3.2,79,3.5,No,Yes,1,Tier3,Placed
1118,Female,ECE,7.8,1,78,66,1,1,1,34.8,44.0,2.0,78,4.5,No,Yes,0,None,NotPlaced
1119,Male,EEE,8.2,0,72,85,1,3,2,60.7,56.0,6.4,90,4.8,Yes,Yes,1,Tier3,Placed
1120,Male,IT,8.4,0,56,85,2,2,2,67.0,62.6,5.9,87,4.7,Yes,Yes,0,None,NotPlaced
1121,Female,EEE,8.5,0,84,68,1,1,0,44.9,40.9,3.3,75,4.5,Yes,Yes,0,None,NotPlaced
1122,Female,IT,7.4,0,55,68,0,2,1,27.3,13.3,5.9,83,4.5,Yes,Yes,3,Tier2,Placed
1123,Female,ECE,7.2,0,59,68,1,1,1,27.1,27.8,1.9,83,4.4,No,No,0,None,NotPlaced
1124,Female,EEE,6.9,1,60,64,1,2,1,33.8,33.2,2.7,70,4.1,No,No,0,None,NotPlaced
1125,Female,CSE,8.5,0,73,85,0,3,3,70.5,48.6,9.2,87,4.7,Yes,Yes,0,None,NotPlaced
1126,Male,EEE,7.8,1,80,85,2,3,2,58.9,48.3,6.4,90,4.3,Yes,Yes,2,Tier2,Placed
1127,Male,EEE,7.5,0,56,68,0,3,1,49.3,18.9,4.8,84,4.2,No,Yes,0,None,NotPlaced
1128,Male,ECE,6.5,1,59,64,1,1,0,20.0,17.4,2.7,68,4.5,No,No,0,None,NotPlaced
1129,Male,ECE,6.7,0,55,58,0,1,0,20.0,15.9,1.1,60,3.9,No,Yes,0,None,NotPlaced
1130,Male,Mechanical,7.3,0,55,68,1,2,2,37.0,44.2,3.6,79,4.6,No,No,2,Tier2,Placed
1131,Female,Mechanical,7.4,1,57,61,1,2,1,35.9,26.0,5.1,63,3.6,Yes,Yes,0,None,NotPlaced
1132,Male,CSE,8.6,0,73,80,2,3,2,80.6,62.4,6.9,90,4.8,Yes,Yes,3,Tier1,Placed
1133,Male,IT,6.5,0,79,65,1,2,0,20.9,21.6,3.6,84,4.2,No,No,0,None,NotPlaced
1134,Male,ECE,7.7,0,69,74,1,2,0,38.6,29.9,5.6,85,4.3,No,Yes,0,None,NotPlaced
1135,Female,EEE,6.7,1,56,64,1,1,1,20.0,25.8,1.9,67,3.7,No,No,0,None,NotPlaced
1136,Male,CSE,7.4,0,55,74,0,1,1,25.9,8.3,1.1,68,4.1,No,Yes,0,None,NotPlaced
1137,Female,IT,7.7,2,70,85,1,2,0,32.9,40.0,6.0,88,4.8,Yes,Yes,3,Tier2,Placed
1138,Male,EEE,8.7,0,70,80,2,3,0,75.4,60.4,6.3,86,4.8,Yes,Yes,3,Tier1,Placed
1139,Male,ECE,7.8,0,80,86,2,3,2,61.2,61.4,6.9,90,4.7,Yes,Yes,3,Tier1,Placed
1140,Male,Civil,8.0,0,73,88,2,3,2,58.7,27.2,6.1,90,4.8,Yes,Yes,0,None,NotPlaced
1141,Female,EEE,7.7,0,89,87,2,1,1,47.0,20.5,3.2,79,4.6,Yes,Yes,2,Tier2,Placed
1142,Male,Mechanical,8.3,0,80,81,1,3,2,71.0,55.2,7.0,87,4.6,Yes,Yes,0,None,NotPlaced
1143,Female,CSE,7.5,0,73,83,1,3,0,43.9,42.5,7.0,86,4.4,Yes,Yes,2,Tier2,Placed
1144,Male,EEE,8.3,0,70,85,2,3,2,68.5,50.8,7.2,81,4.8,Yes,Yes,3,Tier2,Placed
1145,Male,CSE,8.1,0,56,68,1,1,1,50.0,46.1,3.8,71,4.7,Yes,Yes,0,None,NotPlaced
1146,Female,ECE,8.5,0,87,85,0,3,2,64.0,60.8,7.7,90,4.8,Yes,Yes,4,Tier1,Placed
1147,Female,IT,8.6,0,89,83,2,3,0,69.0,61.3,6.0,85,4.8,Yes,Yes,2,Tier2,Placed
1148,Female,IT,7.9,0,73,84,1,1,2,40.3,37.1,2.3,90,4.8,Yes,Yes,0,None,NotPlaced
1149,Female,Mechanical,8.1,1,78,74,1,2,0,48.7,42.5,5.9,85,4.3,Yes,Yes,4,Tier1,Placed
1150,Female,Mechanical,6.9,0,55,63,1,1,0,26.5,20.0,1.2,71,4.5,No,Yes,0,None,NotPlaced
1151,Female,CSE,6.8,1,78,82,2,3,3,43.0,37.5,7.5,87,4.0,Yes,Yes,0,None,NotPlaced
1152,Female,ECE,7.7,1,71,63,1,1,0,35.4,24.1,3.8,84,4.7,Yes,Yes,1,Tier3,Placed
1153,Female,ECE,6.7,1,65,69,1,3,0,33.7,25.1,4.4,86,4.1,No,No,0,None,NotPlaced
1154,Female,ECE,6.5,1,55,74,1,2,1,20.0,25.0,4.6,76,4.5,Yes,Yes,0,None,NotPlaced
1155,Male,EEE,8.1,0,80,84,2,3,2,62.2,47.5,7.8,85,4.6,Yes,Yes,2,Tier2,Placed
1156,Female,IT,7.5,0,55,75,0,1,1,35.8,26.2,1.9,78,3.9,No,Yes,0,None,NotPlaced
1157,Male,Mechanical,8.4,0,60,86,2,3,0,72.3,61.9,6.6,85,4.2,Yes,Yes,0,None,NotPlaced
1158,Female,CSE,6.8,1,55,65,1,1,0,23.7,26.5,2.8,76,4.5,No,No,1,Tier3,Placed
1159,Female,ECE,7.9,2,77,85,1,3,1,58.2,46.6,8.1,84,3.9,Yes,Yes,0,None,NotPlaced
1160,Male,EEE,6.5,0,55,66,1,1,0,20.0,19.2,1.3,71,4.1,No,No,0,None,NotPlaced
1161,Female,CSE,7.8,0,77,87,1,3,0,45.0,42.7,8.8,88,4.8,Yes,Yes,2,Tier2,Placed
1162,Male,IT,6.5,0,55,73,0,2,1,20.0,27.2,2.2,60,3.5,No,No,0,None,NotPlaced
1163,Male,EEE,7.8,0,73,67,0,1,1,42.2,38.1,0.5,77,4.8,No,Yes,0,None,NotPlaced
1164,Female,EEE,7.8,0,56,68,0,1,0,38.8,23.1,1.5,61,4.0,No,No,0,None,NotPlaced
1165,Male,IT,6.5,1,55,71,1,1,0,20.0,18.3,1.7,67,3.8,No,Yes,0,None,NotPlaced
1166,Female,ECE,8.3,0,71,87,1,3,2,65.0,49.1,6.7,76,4.8,Yes,Yes,3,Tier2,Placed
1167,Female,CSE,8.3,0,77,71,0,3,1,57.3,38.1,6.5,71,3.4,Yes,Yes,0,None,NotPlaced
1168,Male,CSE,7.6,0,57,68,1,3,1,45.9,42.4,6.3,70,4.5,Yes,Yes,0,None,NotPlaced
1169,Male,ECE,8.0,0,77,83,1,3,2,53.5,50.1,6.8,90,4.8,Yes,Yes,0,None,NotPlaced
1170,Male,CSE,7.5,0,55,68,0,1,0,32.0,34.9,1.4,74,4.1,No,No,0,None,NotPlaced
1171,Male,Mechanical,6.5,2,68,67,0,1,0,20.0,12.6,3.7,73,4.0,Yes,Yes,0,None,NotPlaced
1172,Female,ECE,8.5,0,55,84,1,3,1,68.7,56.8,7.0,83,4.7,Yes,Yes,2,Tier2,Placed
1173,Male,Mechanical,7.6,0,78,60,1,1,2,37.5,33.2,1.8,78,4.2,No,No,0,None,NotPlaced
1174,Male,ECE,7.7,0,83,84,2,3,1,58.7,51.2,6.9,85,4.2,Yes,No,3,Tier2,Placed
1175,Male,Mechanical,7.5,2,58,72,1,1,3,37.8,33.6,3.1,68,3.6,No,No,0,None,NotPlaced
1176,Male,ECE,8.0,0,75,73,2,1,0,52.8,44.3,1.5,83,4.4,No,Yes,3,Tier2,Placed
1177,Female,ECE,8.2,0,75,58,0,1,2,36.7,32.5,1.7,88,4.6,Yes,No,2,Tier2,Placed
1178,Male,Civil,7.3,0,63,64,1,2,1,38.4,42.1,4.0,71,4.8,Yes,Yes,0,None,NotPlaced
1179,Female,ECE,8.8,0,72,84,2,1,2,55.7,39.7,2.8,85,4.8,Yes,Yes,3,Tier1,Placed
1180,Male,CSE,8.1,0,81,83,1,3,2,61.7,49.9,7.5,90,4.8,Yes,Yes,2,Tier2,Placed
1181,Female,EEE,8.1,0,69,82,2,2,2,61.0,58.7,5.9,82,4.7,Yes,Yes,0,None,NotPlaced
1182,Male,Mechanical,6.5,1,55,63,1,1,0,20.0,14.8,3.6,81,4.3,No,Yes,0,None,NotPlaced
1183,Male,EEE,7.7,0,55,85,1,3,2,50.9,36.2,7.7,74,4.4,Yes,Yes,0,None,NotPlaced
1184,Female,ECE,7.9,0,82,75,2,3,1,62.0,57.4,6.1,90,4.0,Yes,Yes,2,Tier2,Placed
1185,Male,EEE,6.9,0,55,64,0,2,1,25.2,13.1,3.8,76,3.7,No,No,0,None,NotPlaced
1186,Female,Civil,6.8,0,75,74,1,1,3,20.0,25.8,0.0,72,4.3,No,Yes,0,None,NotPlaced
1187,Female,CSE,7.6,0,55,70,1,1,0,29.1,22.8,1.7,71,3.8,No,No,0,None,NotPlaced
1188,Male,ECE,7.7,0,55,61,1,1,0,36.7,36.9,1.4,88,4.7,No,Yes,0,None,NotPlaced
1189,Male,CSE,8.6,0,78,79,2,3,2,67.7,45.7,4.7,90,4.3,Yes,No,4,Tier1,Placed
1190,Female,ECE,8.0,0,87,81,1,3,2,57.8,57.7,9.1,86,4.6,Yes,Yes,3,Tier2,Placed
1191,Male,EEE,6.5,0,55,73,2,3,0,31.8,20.2,5.6,85,4.0,No,No,0,None,NotPlaced
1192,Male,CSE,7.8,0,55,63,1,2,1,46.3,44.5,1.9,70,4.1,No,Yes,0,None,NotPlaced
1193,Male,CSE,7.6,0,82,64,1,1,1,32.2,20.1,1.7,77,4.5,No,No,0,None,NotPlaced
1194,Male,ECE,7.6,0,62,72,1,1,2,27.5,40.3,3.7,73,3.6,No,Yes,0,None,NotPlaced
1195,Male,CSE,8.1,0,84,88,2,3,2,64.2,52.5,8.9,90,4.8,Yes,Yes,3,Tier2,Placed
1196,Female,IT,6.9,0,71,83,2,1,0,30.7,44.1,2.1,78,4.8,No,Yes,0,None,NotPlaced
1197,Female,Mechanical,6.8,1,61,65,1,1,0,25.3,18.2,2.1,78,3.7,No,Yes,1,Tier3,Placed
1198,Female,IT,7.2,0,55,67,1,1,0,39.2,30.1,3.2,69,4.0,No,No,0,None,NotPlaced
1199,Female,ECE,8.4,0,61,58,0,1,0,54.5,54.4,1.8,73,4.4,No,No,0,None,NotPlaced
1200,Male,Mechanical,8.2,0,73,87,0,3,2,52.0,32.8,7.5,87,4.8,Yes,Yes,2,Tier2,Placed
1201,Female,IT,6.7,0,79,88,1,1,2,20.0,16.5,3.8,90,4.2,Yes,No,0,None,NotPlaced
1202,Male,ECE,6.9,0,81,68,1,1,2,20.9,25.9,1.9,81,4.5,Yes,Yes,2,Tier3,Placed
1203,Male,ECE,7.5,1,72,86,1,1,1,32.6,21.6,4.5,77,4.5,Yes,Yes,2,Tier3,Placed
1204,Male,EEE,7.7,0,55,64,1,2,1,45.3,42.6,3.1,75,3.8,No,No,0,None,NotPlaced
1205,Male,Mechanical,7.4,0,78,69,0,2,0,46.0,40.6,3.4,78,4.4,No,Yes,0,None,NotPlaced
1206,Female,Civil,7.2,0,67,65,1,2,1,29.6,14.8,4.1,69,3.1,No,Yes,0,None,NotPlaced
1207,Female,EEE,7.5,0,69,70,1,1,1,29.4,34.3,2.9,66,3.7,No,Yes,0,None,NotPlaced
1208,Male,CSE,8.1,0,73,87,1,1,2,53.2,34.1,3.7,77,4.8,Yes,Yes,4,Tier1,Placed
1209,Male,CSE,7.5,0,64,74,1,2,1,37.9,39.7,5.0,78,4.4,Yes,Yes,0,None,NotPlaced
1210,Female,IT,8.3,0,86,83,2,3,0,72.0,59.4,7.3,89,4.6,Yes,Yes,2,Tier2,Placed
1211,Male,CSE,7.9,0,77,66,1,2,0,54.2,42.3,5.1,89,4.8,No,Yes,0,None,NotPlaced
1212,Male,EEE,8.1,0,71,85,1,2,1,55.4,36.4,4.0,72,4.2,No,Yes,0,None,NotPlaced
1213,Male,ECE,8.2,0,85,86,1,3,2,64.0,55.5,6.2,90,4.8,Yes,Yes,2,Tier2,Placed
1214,Female,CSE,7.4,1,79,62,0,1,0,30.7,21.3,1.4,75,3.8,No,No,0,None,NotPlaced
1215,Female,EEE,7.7,0,55,70,1,2,0,40.5,44.6,4.9,73,4.3,No,Yes,0,None,NotPlaced
1216,Male,IT,6.9,0,59,60,1,3,2,34.5,41.5,6.2,82,3.5,Yes,Yes,2,Tier3,Placed
1217,Male,IT,7.6,0,81,65,2,2,0,50.7,56.6,3.4,89,3.8,Yes,No,0,None,NotPlaced
1218,Female,ECE,7.5,2,67,70,1,2,0,30.7,30.5,4.7,75,3.7,Yes,Yes,0,None,NotPlaced
1219,Female,IT,8.7,0,85,68,0,1,3,59.1,44.6,2.9,72,4.8,Yes,Yes,1,Tier3,Placed
1220,Male,IT,7.7,1,55,78,2,1,1,43.5,33.8,2.9,64,4.2,No,Yes,0,None,NotPlaced
1221,Female,CSE,8.3,0,88,65,1,2,0,57.8,44.2,3.5,74,4.7,Yes,Yes,1,Tier3,Placed
1222,Male,IT,7.5,0,55,66,1,1,1,24.8,26.2,2.3,76,3.9,No,No,0,None,NotPlaced
1223,Male,Mechanical,6.9,1,79,70,1,3,2,30.6,32.7,8.2,86,4.4,Yes,Yes,1,Tier3,Placed
1224,Female,Mechanical,8.0,0,84,77,1,2,0,49.0,51.3,3.2,79,4.4,No,No,0,None,NotPlaced
1225,Male,IT,8.3,0,78,70,2,3,0,74.0,60.1,7.1,90,4.6,Yes,Yes,3,Tier1,Placed
1226,Male,IT,7.6,2,55,74,1,1,1,24.6,12.3,0.8,70,3.6,Yes,Yes,2,Tier2,Placed
1227,Male,EEE,8.9,0,62,69,2,1,2,69.9,53.8,3.9,90,3.7,Yes,Yes,2,Tier2,Placed
1228,Male,Mechanical,7.5,0,74,80,1,3,0,47.2,52.9,7.8,82,4.5,Yes,Yes,4,Tier1,Placed
1229,Female,CSE,8.3,0,79,84,1,2,0,55.9,33.8,4.0,79,4.3,No,Yes,3,Tier1,Placed
1230,Male,ECE,6.7,1,73,74,1,2,0,26.3,30.7,3.7,71,3.8,Yes,Yes,0,None,NotPlaced
1231,Female,Mechanical,6.5,0,59,66,1,1,0,20.0,17.6,2.7,75,4.5,No,No,0,None,NotPlaced
1232,Male,ECE,7.7,0,76,84,0,3,2,44.4,32.1,6.8,90,4.8,Yes,Yes,2,Tier3,Placed
1233,Male,CSE,7.0,0,56,62,0,1,2,21.1,24.4,0.2,72,4.0,Yes,Yes,0,None,NotPlaced
1234,Male,ECE,8.6,0,74,81,2,3,2,64.4,65.7,7.8,90,4.8,Yes,No,1,Tier3,Placed
1235,Female,CSE,7.6,0,86,65,1,2,1,40.7,38.6,6.2,82,4.7,Yes,Yes,0,None,NotPlaced
1236,Male,ECE,8.5,0,77,59,1,1,1,53.8,42.8,4.3,81,4.7,Yes,Yes,4,Tier1,Placed
1237,Female,ECE,8.4,0,81,68,0,3,2,60.3,38.5,5.7,74,4.5,Yes,Yes,2,Tier3,Placed
1238,Male,EEE,8.8,0,71,79,1,3,2,65.9,52.0,5.1,74,4.3,Yes,Yes,1,Tier3,Placed
1239,Female,IT,8.4,0,77,84,1,3,2,70.8,46.7,5.6,87,4.8,No,Yes,3,Tier2,Placed
1240,Male,IT,7.4,0,70,78,1,1,0,24.8,21.9,3.5,78,4.5,Yes,Yes,1,Tier3,Placed
1241,Female,CSE,8.2,0,85,84,1,3,2,62.7,51.5,6.1,90,4.4,Yes,Yes,1,Tier3,Placed
1242,Female,Mechanical,7.1,0,57,70,1,1,0,25.8,6.0,0.4,76,3.9,No,No,0,None,NotPlaced
1243,Female,CSE,8.3,0,81,82,0,1,2,44.1,50.1,3.7,90,4.8,Yes,Yes,4,Tier1,Placed
1244,Female,IT,8.4,0,57,75,0,2,1,59.8,39.3,4.7,82,4.7,Yes,Yes,0,None,NotPlaced
1245,Female,IT,6.5,0,55,69,0,2,0,20.0,19.5,5.6,78,4.3,Yes,Yes,0,None,NotPlaced
1246,Male,Mechanical,7.2,1,81,71,1,1,1,29.1,32.7,2.0,90,4.5,No,Yes,0,None,NotPlaced
1247,Male,IT,8.4,0,76,80,2,2,2,63.7,62.2,4.8,79,4.7,Yes,Yes,2,Tier3,Placed
1248,Male,IT,7.7,0,79,88,1,3,2,56.1,41.0,6.9,90,4.8,Yes,Yes,3,Tier2,Placed
1249,Female,ECE,7.3,0,55,63,0,2,0,39.0,13.4,3.6,69,3.8,No,Yes,0,None,NotPlaced
1250,Male,Mechanical,6.5,0,60,64,1,1,1,20.0,28.2,1.5,62,4.1,No,Yes,0,None,NotPlaced
1251,Female,ECE,8.3,0,55,68,1,1,0,52.9,33.8,0.9,75,4.0,No,No,0,None,NotPlaced
1252,Male,EEE,7.2,0,81,70,0,1,0,29.3,30.5,2.5,79,3.8,No,Yes,0,None,NotPlaced
1253,Male,Mechanical,8.2,0,81,88,2,3,2,74.8,63.8,8.2,90,4.8,Yes,Yes,2,Tier2,Placed
1254,Male,Mechanical,7.4,0,84,67,1,1,1,29.1,1.6,1.5,80,4.3,No,No,0,None,NotPlaced
1255,Female,IT,8.4,0,80,87,1,3,2,72.2,45.7,8.9,90,4.8,Yes,Yes,2,Tier2,Placed
1256,Male,Civil,7.6,0,81,81,1,3,0,52.2,40.3,7.4,83,4.3,Yes,Yes,3,Tier2,Placed
1257,Male,CSE,7.6,0,64,70,1,1,1,40.6,14.7,2.3,77,4.1,No,Yes,0,None,NotPlaced
1258,Male,IT,7.5,0,71,67,2,2,3,48.8,29.8,5.7,70,4.2,Yes,Yes,1,Tier3,Placed
1259,Male,Mechanical,8.1,0,75,86,2,3,2,67.4,55.9,8.0,86,4.8,Yes,Yes,3,Tier1,Placed
1260,Male,CSE,7.6,2,74,82,1,2,1,45.2,37.8,4.5,76,4.3,Yes,Yes,2,Tier2,Placed
1261,Male,CSE,8.3,0,89,85,2,3,2,71.3,59.6,7.6,81,4.7,Yes,No,1,Tier3,Placed
1262,Female,IT,7.7,0,70,86,2,3,2,59.5,53.3,8.0,90,4.8,Yes,Yes,0,None,NotPlaced
1263,Male,EEE,7.4,1,56,64,1,2,2,38.2,20.8,4.6,83,4.4,Yes,Yes,1,Tier3,Placed
1264,Male,IT,8.5,0,57,70,1,2,2,59.7,38.5,5.0,78,4.8,Yes,Yes,0,None,NotPlaced
1265,Male,EEE,8.4,0,63,60,1,1,1,59.8,54.2,2.2,69,4.1,Yes,Yes,0,None,NotPlaced
1266,Male,EEE,8.6,0,72,83,1,3,1,73.4,71.7,6.5,90,4.8,Yes,Yes,0,None,NotPlaced
1267,Male,ECE,7.9,0,85,88,0,2,2,41.1,28.7,4.7,85,4.0,Yes,Yes,2,Tier3,Placed
1268,Male,CSE,7.6,0,58,77,1,1,1,33.6,33.2,1.1,84,4.5,No,Yes,0,None,NotPlaced
1269,Male,Mechanical,7.5,2,58,82,1,2,0,46.3,46.1,4.9,80,4.0,Yes,Yes,0,None,NotPlaced
1270,Male,CSE,8.0,0,72,82,2,3,1,60.3,51.8,7.3,85,4.8,Yes,Yes,0,None,NotPlaced
1271,Female,CSE,8.2,0,79,72,0,1,2,34.6,30.0,3.4,86,4.4,Yes,No,3,Tier2,Placed
1272,Female,CSE,7.5,0,55,67,1,1,0,26.0,19.2,2.2,68,4.1,Yes,Yes,0,None,NotPlaced
1273,Female,IT,8.6,0,55,78,0,3,2,57.4,63.7,5.4,85,4.6,No,Yes,3,Tier2,Placed
1274,Male,CSE,8.1,0,64,65,1,1,2,38.5,34.2,3.9,72,4.1,Yes,No,0,None,NotPlaced
1275,Male,CSE,8.1,0,78,83,2,3,2,60.1,53.3,6.4,90,4.8,Yes,Yes,3,Tier2,Placed
1276,Male,CSE,8.5,0,73,88,2,3,0,80.9,67.3,7.8,90,4.8,Yes,Yes,4,Tier1,Placed
1277,Male,CSE,8.6,0,72,88,2,2,2,67.8,49.1,4.3,90,4.8,Yes,Yes,3,Tier1,Placed
1278,Female,EEE,6.5,0,81,71,1,3,2,27.2,27.5,6.4,89,4.6,No,Yes,0,None,NotPlaced
1279,Male,Mechanical,6.5,0,67,71,0,1,0,20.0,16.9,2.8,61,3.7,No,No,0,None,NotPlaced
1280,Male,EEE,7.7,0,67,63,0,1,0,31.3,24.9,0.4,63,4.0,Yes,No,3,Tier2,Placed
1281,Male,CSE,8.2,0,75,64,1,1,1,38.3,36.5,2.9,80,4.3,No,No,0,None,NotPlaced
1282,Female,CSE,7.7,0,77,68,1,3,0,51.2,35.8,8.3,81,4.1,Yes,Yes,4,Tier1,Placed
1283,Male,Civil,8.2,0,55,85,0,1,1,52.3,34.2,2.7,80,4.8,Yes,Yes,2,Tier2,Placed
1284,Male,CSE,8.5,0,74,81,2,3,2,77.3,66.2,7.3,90,4.1,Yes,Yes,4,Tier1,Placed
1285,Male,EEE,8.6,0,83,68,0,3,2,65.0,49.3,6.2,89,4.3,Yes,Yes,4,Tier1,Placed
1286,Male,IT,7.4,1,55,73,1,2,1,42.5,33.3,4.4,70,3.8,No,Yes,0,None,NotPlaced
1287,Male,Mechanical,8.5,0,84,88,2,3,0,71.4,42.6,9.5,90,4.7,Yes,Yes,3,Tier1,Placed
1288,Male,IT,8.2,0,75,86,1,2,0,51.0,50.8,2.8,82,3.9,Yes,Yes,0,None,NotPlaced
1289,Male,IT,7.8,0,79,69,2,3,0,68.5,59.6,6.5,83,4.6,Yes,Yes,3,Tier2,Placed
1290,Male,EEE,7.0,0,75,67,0,2,1,20.3,25.9,5.8,67,3.8,Yes,No,0,None,NotPlaced
1291,Male,EEE,7.4,2,73,66,1,2,2,37.2,36.3,6.3,80,4.2,Yes,Yes,2,Tier3,Placed
1292,Male,IT,7.5,0,82,64,1,3,0,50.5,30.2,5.6,77,4.5,Yes,No,0,None,NotPlaced
1293,Male,ECE,8.0,0,81,83,0,3,2,49.3,44.4,6.4,90,4.8,Yes,Yes,2,Tier2,Placed
1294,Female,EEE,8.2,0,81,82,0,3,2,61.3,45.4,5.4,82,4.7,No,Yes,2,Tier2,Placed
1295,Female,CSE,7.6,1,55,68,1,1,1,33.5,21.7,1.3,66,4.5,No,Yes,0,None,NotPlaced
1296,Male,CSE,6.5,0,55,67,2,1,0,21.3,24.9,1.9,67,3.7,No,No,0,None,NotPlaced
1297,Male,ECE,6.8,0,78,86,2,2,2,34.9,44.7,3.6,78,4.3,Yes,Yes,3,Tier2,Placed
1298,Male,CSE,7.6,0,57,83,0,2,0,36.8,44.9,4.7,80,4.0,Yes,Yes,0,None,NotPlaced
1299,Male,ECE,7.5,0,55,71,1,1,0,41.6,41.1,1.1,78,4.0,No,No,0,None,NotPlaced
1300,Female,IT,7.3,0,55,72,1,2,0,33.7,30.5,3.9,79,4.6,No,Yes,0,None,NotPlaced
1301,Male,IT,8.3,0,76,87,2,3,2,76.7,59.2,6.3,80,4.2,Yes,Yes,3,Tier2,Placed
1302,Female,IT,7.3,1,55,84,1,2,1,42.9,28.3,3.8,61,4.5,No,Yes,0,None,NotPlaced
1303,Male,IT,8.5,0,72,83,1,3,2,77.9,60.3,6.0,88,4.8,Yes,Yes,2,Tier2,Placed
1304,Male,CSE,8.6,0,85,84,1,3,2,71.9,65.7,8.0,90,4.6,Yes,Yes,4,Tier1,Placed
1305,Female,CSE,8.6,0,68,82,1,3,2,67.1,68.7,6.7,79,4.5,Yes,Yes,2,Tier3,Placed
1306,Female,CSE,8.2,0,64,87,1,3,2,73.4,52.9,7.0,90,4.8,Yes,Yes,0,None,NotPlaced
1307,Female,Civil,8.1,0,81,86,1,2,2,51.3,27.7,4.9,86,4.4,Yes,Yes,1,Tier3,Placed
1308,Female,CSE,7.0,0,70,88,1,1,2,20.0,16.1,3.0,70,4.8,Yes,Yes,0,None,NotPlaced
1309,Male,EEE,8.2,0,84,84,2,2,0,59.1,56.3,4.0,85,4.1,No,Yes,2,Tier3,Placed
1310,Female,CSE,6.6,1,84,70,0,1,2,20.0,37.1,2.8,72,4.1,No,Yes,0,None,NotPlaced
1311,Male,CSE,6.6,0,63,62,1,1,0,20.0,31.1,1.7,73,3.9,No,No,0,None,NotPlaced
1312,Female,IT,8.6,0,73,87,2,3,2,73.0,69.4,6.3,89,4.8,Yes,Yes,4,Tier1,Placed
1313,Male,IT,7.7,2,75,60,1,2,1,43.6,29.8,4.0,67,3.8,No,Yes,0,None,NotPlaced
1314,Female,Civil,7.6,0,80,72,0,3,1,50.8,37.1,6.4,90,4.6,Yes,Yes,2,Tier3,Placed
1315,Male,Civil,7.4,0,77,84,1,2,0,42.1,27.0,4.9,90,4.7,Yes,Yes,2,Tier2,Placed
1316,Male,Mechanical,7.3,0,60,66,0,1,0,24.1,18.6,1.9,78,4.2,Yes,Yes,0,None,NotPlaced
1317,Male,EEE,6.5,0,55,59,1,2,0,21.9,29.5,5.0,76,4.4,No,No,0,None,NotPlaced
1318,Female,ECE,7.2,0,61,71,0,2,0,30.1,41.0,3.2,77,4.6,No,No,0,None,NotPlaced
1319,Male,IT,7.5,0,60,61,0,1,0,25.8,27.3,4.2,72,4.3,Yes,Yes,0,None,NotPlaced
1320,Male,Mechanical,7.9,0,59,84,1,3,0,57.0,45.9,6.9,89,4.5,Yes,Yes,3,Tier2,Placed
1321,Male,ECE,8.7,0,79,88,1,3,2,75.5,52.4,7.9,90,4.8,Yes,Yes,0,None,NotPlaced
1322,Male,ECE,7.9,0,77,69,2,3,2,61.4,49.3,6.2,80,4.6,Yes,No,0,None,NotPlaced
1323,Female,IT,6.8,0,57,62,0,1,1,20.0,21.1,1.0,61,3.5,Yes,Yes,0,None,NotPlaced
1324,Male,CSE,8.2,1,75,84,0,3,3,53.8,34.1,5.4,90,4.6,Yes,Yes,2,Tier3,Placed
1325,Female,Mechanical,8.5,0,80,77,1,1,2,50.0,50.0,5.5,85,4.7,Yes,Yes,3,Tier1,Placed
1326,Male,IT,6.6,0,65,63,1,1,1,20.0,17.4,1.4,76,4.5,No,No,3,Tier2,Placed
1327,Male,ECE,6.6,2,60,68,1,1,0,20.0,27.2,3.1,70,3.3,No,Yes,0,None,NotPlaced
1328,Female,CSE,6.5,2,58,67,1,1,1,20.0,19.9,0.7,67,3.6,No,No,0,None,NotPlaced
1329,Female,EEE,7.6,0,55,68,1,2,1,46.6,42.7,5.2,86,4.8,Yes,Yes,0,None,NotPlaced
1330,Male,CSE,7.6,1,75,84,2,2,2,42.6,30.9,5.3,74,3.8,Yes,Yes,0,None,NotPlaced
1331,Male,EEE,7.5,0,55,67,0,1,0,30.2,23.8,4.8,60,3.7,No,No,0,None,NotPlaced
1332,Female,CSE,8.0,0,75,82,1,3,2,57.0,53.1,6.7,90,4.8,Yes,Yes,3,Tier1,Placed
1333,Male,EEE,8.8,0,77,85,2,3,2,76.6,60.7,6.3,90,4.8,Yes,Yes,2,Tier2,Placed
1334,Female,EEE,7.5,0,58,67,0,1,0,20.6,12.8,2.4,80,4.5,No,No,0,None,NotPlaced
1335,Female,CSE,7.3,0,74,75,2,1,1,38.9,35.3,1.1,80,4.6,No,Yes,0,None,NotPlaced
1336,Female,ECE,8.0,0,79,73,2,3,1,57.2,51.2,7.4,90,4.3,Yes,Yes,2,Tier2,Placed
1337,Male,IT,7.6,0,76,64,1,1,0,34.7,41.9,2.9,74,4.6,Yes,Yes,0,None,NotPlaced
1338,Female,CSE,7.5,0,81,81,2,3,1,49.3,51.8,5.2,90,4.4,No,Yes,0,None,NotPlaced
1339,Male,Mechanical,6.5,0,55,74,1,1,0,20.0,19.5,2.5,67,4.6,No,Yes,0,None,NotPlaced
1340,Male,IT,7.6,0,71,64,0,1,0,28.3,22.5,2.1,78,4.3,No,Yes,0,None,NotPlaced
1341,Male,IT,8.2,0,67,86,0,1,0,41.3,35.2,2.8,90,4.7,No,Yes,0,None,NotPlaced
1342,Male,CSE,7.4,0,79,67,0,3,2,41.5,32.1,8.7,80,4.4,Yes,Yes,0,None,NotPlaced
1343,Female,IT,8.4,0,77,82,1,3,2,68.5,60.1,6.5,90,4.1,Yes,Yes,2,Tier2,Placed
1344,Female,EEE,8.7,0,80,85,2,2,2,70.1,65.5,4.6,90,4.8,Yes,Yes,3,Tier2,Placed
1345,Female,IT,8.2,0,82,88,2,3,2,67.8,65.5,5.7,90,4.8,Yes,Yes,1,Tier3,Placed
1346,Male,Civil,8.3,0,82,81,1,3,0,62.4,48.5,7.5,90,4.1,Yes,Yes,2,Tier3,Placed
1347,Male,Mechanical,7.8,1,70,78,1,2,1,39.1,30.3,3.4,78,4.4,No,Yes,0,None,NotPlaced
1348,Male,CSE,8.1,2,55,67,0,2,0,42.4,32.9,4.3,73,4.5,No,Yes,0,None,NotPlaced
1349,Female,CSE,6.6,1,58,72,2,2,0,31.6,14.3,6.2,85,3.7,Yes,Yes,3,Tier2,Placed
1350,Male,Mechanical,7.6,0,55,67,2,2,0,46.5,30.7,4.3,86,4.0,Yes,Yes,3,Tier2,Placed
1351,Female,IT,8.6,0,81,82,0,3,2,62.7,51.7,6.5,90,4.8,Yes,Yes,2,Tier3,Placed
1352,Male,CSE,8.4,0,86,81,2,3,2,65.0,56.2,7.0,85,4.5,No,Yes,3,Tier2,Placed
1353,Male,CSE,8.1,0,79,88,2,3,2,57.4,52.1,7.7,89,4.6,Yes,No,3,Tier2,Placed
1354,Female,ECE,8.1,0,82,82,1,3,1,57.5,41.4,7.6,82,4.8,Yes,Yes,2,Tier3,Placed
1355,Male,EEE,7.7,0,55,68,0,1,0,36.4,28.6,2.6,78,4.3,Yes,No,0,None,NotPlaced
1356,Female,CSE,6.9,0,60,63,1,1,0,20.0,18.0,1.6,68,4.7,Yes,Yes,0,None,NotPlaced
1357,Female,CSE,7.8,0,55,65,1,1,2,41.0,32.8,1.3,79,4.7,No,No,0,None,NotPlaced
1358,Male,Mechanical,7.6,0,62,70,1,1,1,32.0,34.7,1.0,75,3.9,No,Yes,0,None,NotPlaced
1359,Male,EEE,8.4,0,69,82,1,3,2,70.2,46.8,7.6,90,4.8,Yes,Yes,2,Tier2,Placed
1360,Male,EEE,6.7,1,63,72,1,1,1,20.0,11.0,2.3,69,3.5,No,No,0,None,NotPlaced
1361,Female,Mechanical,7.3,0,60,68,1,2,0,30.8,26.0,3.4,76,4.5,No,Yes,0,None,NotPlaced
1362,Male,IT,8.8,0,81,83,0,2,1,60.7,38.1,4.6,73,4.8,Yes,No,0,None,NotPlaced
1363,Male,EEE,7.6,0,80,79,1,2,0,52.2,28.4,4.5,78,4.4,No,No,0,None,NotPlaced
1364,Male,IT,8.3,0,72,85,2,3,2,78.9,50.9,6.7,85,4.7,Yes,Yes,0,None,NotPlaced
1365,Female,CSE,8.4,0,63,67,1,1,2,53.4,42.8,2.4,82,4.8,Yes,Yes,3,Tier2,Placed
1366,Male,EEE,6.7,0,55,69,2,0,0,20.0,25.8,3.0,75,4.0,Yes,Yes,2,Tier2,Placed
1367,Female,IT,7.6,0,55,72,1,2,0,44.5,43.5,3.5,79,4.1,No,Yes,0,None,NotPlaced
1368,Female,Civil,7.5,0,66,83,1,2,2,42.6,49.5,4.7,77,4.1,No,Yes,1,Tier3,Placed
1369,Male,IT,7.9,0,75,68,2,3,2,61.8,50.8,7.4,75,3.9,Yes,Yes,3,Tier1,Placed
1370,Male,Mechanical,7.9,0,77,82,2,3,2,64.2,54.5,5.5,85,4.4,Yes,Yes,3,Tier2,Placed
1371,Female,Mechanical,8.1,0,90,81,2,3,2,67.0,52.4,6.3,83,4.4,Yes,Yes,2,Tier3,Placed
1372,Male,CSE,8.1,0,83,84,0,3,0,54.4,44.6,7.8,90,4.7,Yes,No,2,Tier2,Placed
1373,Female,EEE,7.5,0,55,67,2,1,1,32.0,44.4,1.9,60,3.2,No,Yes,0,None,NotPlaced
1374,Male,IT,8.2,0,57,68,0,1,1,39.7,37.0,1.5,79,4.3,Yes,Yes,0,None,NotPlaced
1375,Male,Mechanical,7.5,0,74,86,1,2,2,45.0,42.0,4.4,86,3.6,No,No,3,Tier2,Placed
1376,Female,ECE,6.7,1,72,69,1,2,3,24.8,14.4,4.4,69,4.6,Yes,No,0,None,NotPlaced
1377,Male,Mechanical,6.8,0,55,67,1,2,0,28.5,30.0,4.4,75,4.3,No,Yes,0,None,NotPlaced
1378,Male,IT,7.8,0,77,81,0,2,0,40.6,40.3,7.7,74,4.7,Yes,Yes,3,Tier2,Placed
1379,Male,CSE,8.5,0,73,84,1,1,2,47.7,49.9,3.4,85,4.8,Yes,Yes,4,Tier1,Placed
1380,Male,CSE,7.5,1,55,67,1,1,1,31.8,34.9,2.6,84,4.3,No,Yes,0,None,NotPlaced
1381,Male,IT,8.3,0,78,66,2,3,2,64.9,52.5,6.7,90,4.8,Yes,Yes,3,Tier2,Placed
1382,Male,ECE,8.7,0,73,87,1,2,2,59.6,48.5,3.9,90,4.8,Yes,Yes,2,Tier2,Placed
1383,Female,ECE,8.4,0,55,81,1,1,0,57.0,46.5,4.0,80,3.7,Yes,Yes,0,None,NotPlaced
1384,Male,ECE,8.4,0,64,69,2,3,0,69.9,56.4,6.4,74,3.6,Yes,Yes,0,None,NotPlaced
1385,Female,IT,8.3,0,57,71,1,2,0,53.3,54.0,3.8,73,3.6,No,Yes,0,None,NotPlaced
1386,Male,ECE,7.5,0,61,66,0,1,1,36.1,41.3,3.8,83,3.9,No,No,0,None,NotPlaced
1387,Female,CSE,7.9,1,55,67,1,1,0,45.1,43.1,2.7,61,4.4,Yes,Yes,0,None,NotPlaced
1388,Male,EEE,8.0,0,90,84,2,2,2,54.1,62.2,6.2,90,4.8,Yes,Yes,2,Tier2,Placed
1389,Female,Civil,7.8,0,72,81,1,3,2,57.1,26.7,7.4,89,4.6,Yes,Yes,2,Tier2,Placed
1390,Male,ECE,6.5,0,55,68,0,1,1,20.0,16.4,1.4,68,4.1,No,Yes,0,None,NotPlaced
1391,Male,CSE,7.9,0,62,70,0,3,0,48.5,40.6,7.3,75,3.6,Yes,Yes,3,Tier1,Placed
1392,Male,CSE,7.7,0,60,71,0,1,0,34.4,25.1,1.3,71,4.2,No,No,0,None,NotPlaced
1393,Male,ECE,7.9,1,69,82,1,3,0,55.4,38.6,7.9,81,4.8,Yes,Yes,3,Tier2,Placed
1394,Male,ECE,7.6,1,61,69,1,2,0,43.4,23.4,5.2,75,4.8,No,No,0,None,NotPlaced
1395,Male,Mechanical,6.7,1,55,64,1,1,0,22.1,19.5,2.0,73,3.8,No,Yes,0,None,NotPlaced
1396,Female,CSE,8.0,0,82,83,1,3,1,63.6,59.7,8.3,89,4.5,Yes,Yes,2,Tier2,Placed
1397,Male,EEE,8.3,0,85,84,0,3,2,57.2,54.2,7.2,89,4.5,Yes,Yes,2,Tier2,Placed
1398,Male,ECE,7.6,0,57,61,1,1,2,37.4,26.2,2.9,67,4.0,No,Yes,0,None,NotPlaced
1399,Male,IT,6.5,1,75,82,1,2,1,20.0,23.1,7.0,81,3.9,No,Yes,0,None,NotPlaced
1400,Female,ECE,8.2,0,58,72,1,1,3,49.3,52.3,5.5,77,3.6,Yes,Yes,2,Tier3,Placed
1401,Male,CSE,8.4,0,79,85,2,3,2,72.7,46.8,6.8,90,4.8,Yes,Yes,3,Tier2,Placed
1402,Male,IT,8.4,0,86,79,1,2,2,60.9,49.1,5.3,86,4.5,Yes,Yes,2,Tier2,Placed
1403,Male,Mechanical,7.6,0,70,68,1,2,0,41.5,38.8,2.9,83,4.6,No,No,0,None,NotPlaced
1404,Female,ECE,7.4,0,55,65,1,2,1,49.4,41.3,4.8,74,3.7,No,Yes,0,None,NotPlaced
1405,Female,EEE,7.6,0,55,86,1,1,0,30.5,35.7,2.4,84,4.1,No,No,0,None,NotPlaced
1406,Male,ECE,7.5,2,69,69,0,1,0,32.9,16.8,1.2,64,4.3,No,No,0,None,NotPlaced
1407,Female,IT,7.4,1,55,58,1,1,0,25.8,16.0,3.2,66,4.1,No,No,0,None,NotPlaced
1408,Female,EEE,6.5,1,61,60,2,1,1,20.5,25.6,1.7,64,3.8,No,No,0,None,NotPlaced
1409,Male,ECE,7.8,1,69,82,1,3,1,57.9,34.7,6.5,87,4.5,Yes,Yes,4,Tier1,Placed
1410,Female,IT,8.0,0,73,71,1,3,1,59.3,54.8,7.4,75,4.5,Yes,Yes,3,Tier2,Placed
1411,Male,CSE,7.9,1,76,82,1,3,0,54.5,49.1,6.5,82,4.6,Yes,Yes,3,Tier2,Placed
1412,Male,ECE,7.0,0,56,65,1,1,1,23.7,28.8,2.0,70,4.0,No,Yes,0,None,NotPlaced
1413,Male,CSE,7.4,0,55,70,1,1,3,32.3,24.3,3.7,61,4.0,No,No,0,None,NotPlaced
1414,Male,CSE,7.7,0,77,68,1,1,0,45.9,43.4,1.4,80,4.3,No,Yes,3,Tier2,Placed
1415,Male,IT,8.4,0,75,87,2,3,2,67.6,46.0,7.7,90,4.7,Yes,Yes,4,Tier1,Placed
1416,Female,IT,8.2,0,69,73,1,2,0,52.2,39.8,4.4,73,4.5,Yes,Yes,0,None,NotPlaced
1417,Male,Mechanical,7.5,0,83,69,1,1,3,34.4,31.3,1.0,77,4.1,No,Yes,0,None,NotPlaced
1418,Male,IT,7.6,2,55,63,0,1,0,28.7,19.3,1.9,71,3.9,No,No,0,None,NotPlaced
1419,Male,ECE,8.8,0,70,83,2,3,0,79.5,65.1,9.7,86,4.5,Yes,Yes,0,None,NotPlaced
1420,Female,ECE,6.9,0,55,66,0,1,0,21.4,12.0,2.8,69,3.4,No,No,0,None,NotPlaced
1421,Male,EEE,7.7,0,64,61,1,1,0,22.9,24.2,3.5,67,4.0,Yes,No,0,None,NotPlaced
1422,Male,CSE,8.1,0,55,88,2,2,3,55.0,59.3,4.5,76,4.1,Yes,Yes,0,None,NotPlaced
1423,Male,Civil,6.5,0,55,66,0,1,0,20.0,9.9,1.6,66,3.4,No,No,0,None,NotPlaced
1424,Male,ECE,8.3,0,55,88,0,3,1,54.0,45.2,5.5,84,4.8,Yes,Yes,1,Tier3,Placed
1425,Female,EEE,8.0,0,86,85,1,3,2,71.0,44.9,8.8,90,4.8,Yes,Yes,1,Tier3,Placed
1426,Female,IT,7.5,0,62,69,1,2,1,44.0,31.6,4.3,83,4.6,No,Yes,0,None,NotPlaced
1427,Male,CSE,7.0,0,69,61,1,2,1,35.8,37.6,5.2,77,4.3,Yes,Yes,1,Tier3,Placed
1428,Female,ECE,8.2,0,75,85,1,3,2,62.6,48.5,7.2,90,4.5,Yes,Yes,3,Tier2,Placed
1429,Male,CSE,7.4,0,55,70,1,2,1,42.8,42.4,6.1,72,4.4,No,Yes,0,None,NotPlaced
1430,Female,IT,7.5,0,72,88,1,3,0,40.2,38.4,7.3,82,4.7,Yes,Yes,0,None,NotPlaced
1431,Male,CSE,7.8,1,74,62,1,1,1,44.2,37.9,2.8,83,3.7,Yes,No,0,None,NotPlaced
1432,Male,EEE,6.9,2,75,74,1,3,1,32.9,21.3,8.8,72,4.7,Yes,Yes,1,Tier3,Placed
1433,Male,Civil,8.6,0,89,82,1,3,0,68.3,61.2,6.9,88,4.8,Yes,Yes,0,None,NotPlaced
1434,Female,IT,7.8,0,62,64,1,1,1,41.5,39.0,1.3,83,4.8,Yes,Yes,2,Tier3,Placed
1435,Male,EEE,8.5,0,80,58,1,3,0,70.6,43.9,5.5,74,4.0,Yes,Yes,0,None,NotPlaced
1436,Male,ECE,7.1,0,61,61,1,2,0,33.4,22.1,4.8,71,4.8,Yes,No,0,None,NotPlaced
1437,Male,ECE,7.0,0,61,69,1,1,0,20.0,0.0,2.3,69,3.7,No,No,0,None,NotPlaced
1438,Female,Mechanical,8.8,0,83,67,2,3,2,80.5,53.5,7.8,90,4.8,Yes,Yes,3,Tier2,Placed
1439,Male,Mechanical,7.6,0,55,63,0,2,0,42.8,34.6,3.1,79,4.3,No,No,2,Tier2,Placed
1440,Female,EEE,7.5,0,64,75,0,2,2,33.3,21.9,3.8,78,4.0,No,Yes,0,None,NotPlaced
1441,Female,IT,8.0,0,83,87,2,3,2,70.6,50.9,6.2,90,4.8,Yes,Yes,1,Tier3,Placed
1442,Male,ECE,6.6,0,70,85,1,2,0,20.0,32.4,6.1,81,4.8,Yes,Yes,0,None,NotPlaced
1443,Female,IT,7.3,0,80,87,2,3,2,50.0,51.3,8.3,90,4.6,Yes,Yes,3,Tier2,Placed
1444,Male,ECE,6.6,0,69,62,1,1,1,22.7,16.5,4.0,68,4.0,No,No,0,None,NotPlaced
1445,Female,ECE,8.1,0,77,87,1,3,2,57.6,54.8,7.4,90,4.8,Yes,Yes,3,Tier2,Placed
1446,Male,EEE,8.1,0,59,82,2,3,1,71.3,65.7,8.9,67,4.4,Yes,Yes,0,None,NotPlaced
1447,Female,Mechanical,7.7,1,82,64,1,1,0,46.9,44.4,2.3,74,4.3,Yes,Yes,0,None,NotPlaced
1448,Female,IT,7.6,0,66,68,1,1,0,35.9,33.6,2.2,68,4.3,No,Yes,0,None,NotPlaced
1449,Female,CSE,8.2,0,76,78,0,3,1,55.4,54.6,4.9,78,4.2,No,No,0,None,NotPlaced
1450,Female,Mechanical,7.3,0,64,83,1,2,3,33.1,37.4,4.6,90,4.4,No,Yes,2,Tier3,Placed
1451,Male,CSE,6.9,2,83,85,0,3,0,38.5,24.5,6.3,81,4.2,No,Yes,3,Tier2,Placed
1452,Male,ECE,7.5,0,55,82,1,2,0,47.4,38.9,2.5,80,4.1,Yes,Yes,1,Tier3,Placed
1453,Female,CSE,8.2,0,73,68,2,3,1,75.2,56.3,8.1,90,4.8,Yes,Yes,3,Tier2,Placed
1454,Male,ECE,7.0,1,55,70,1,2,1,30.8,37.5,5.9,75,4.7,Yes,Yes,0,None,NotPlaced
1455,Male,Civil,8.3,0,65,84,1,3,1,70.2,52.2,6.4,86,4.3,Yes,Yes,3,Tier2,Placed
1456,Female,CSE,7.4,0,60,68,2,1,0,35.8,26.2,2.3,79,4.8,No,Yes,0,None,NotPlaced
1457,Female,IT,8.3,0,64,86,1,1,1,44.6,45.7,1.5,70,4.8,Yes,Yes,0,None,NotPlaced
1458,Female,IT,8.2,0,83,82,2,3,2,73.6,61.7,6.2,90,4.5,Yes,Yes,4,Tier1,Placed
1459,Male,Mechanical,7.5,0,55,73,1,1,0,41.2,51.6,3.7,65,3.5,No,Yes,0,None,NotPlaced
1460,Female,EEE,8.7,0,88,87,2,3,2,72.9,52.2,5.8,90,4.8,Yes,Yes,2,Tier2,Placed
1461,Male,IT,7.1,0,64,64,2,2,0,32.8,26.1,5.0,81,4.4,Yes,Yes,3,Tier2,Placed
1462,Female,CSE,6.5,1,81,66,1,1,1,20.0,30.4,0.6,83,4.1,No,Yes,4,Tier1,Placed
1463,Male,ECE,8.2,0,75,85,2,3,2,72.8,48.8,7.3,90,4.8,Yes,Yes,0,None,NotPlaced
1464,Female,IT,7.5,0,62,74,1,2,1,35.3,41.7,4.6,71,4.3,No,Yes,0,None,NotPlaced
1465,Female,ECE,7.6,0,80,75,1,1,0,36.1,22.4,3.7,75,3.9,Yes,Yes,0,None,NotPlaced
1466,Male,CSE,8.4,0,81,69,1,3,0,64.0,57.2,7.5,84,4.4,Yes,Yes,3,Tier1,Placed
1467,Female,CSE,7.2,0,55,63,0,2,1,33.5,15.6,6.4,77,4.6,Yes,Yes,0,None,NotPlaced
1468,Male,EEE,6.6,0,55,71,1,1,1,20.0,20.8,2.4,71,4.2,Yes,Yes,0,None,NotPlaced
1469,Female,CSE,8.5,0,84,84,0,3,2,67.9,44.1,5.9,84,4.1,Yes,Yes,0,None,NotPlaced
1470,Female,Mechanical,6.8,0,59,69,1,2,1,26.2,40.6,3.4,76,3.8,No,Yes,0,None,NotPlaced
1471,Male,CSE,8.4,0,77,72,0,1,0,41.3,27.5,0.7,80,4.5,No,No,3,Tier2,Placed
1472,Female,CSE,8.2,0,71,72,1,2,1,55.3,39.5,4.1,83,4.7,No,Yes,2,Tier2,Placed
1473,Female,Civil,8.5,0,82,77,2,2,0,56.3,51.6,4.9,88,4.8,Yes,No,0,None,NotPlaced
1474,Male,IT,8.4,1,71,85,2,3,2,69.2,51.7,7.5,90,4.8,Yes,Yes,0,None,NotPlaced
1475,Male,EEE,7.8,0,84,86,2,3,2,61.7,56.9,5.4,90,4.8,Yes,Yes,3,Tier1,Placed
1476,Female,CSE,7.6,0,73,87,1,3,0,42.1,31.2,6.0,82,4.3,No,Yes,0,None,NotPlaced
1477,Female,ECE,8.2,0,73,87,1,3,2,50.1,36.9,8.2,90,4.5,Yes,Yes,4,Tier1,Placed
1478,Female,EEE,7.4,0,75,65,1,2,0,27.3,25.7,5.6,76,4.2,Yes,Yes,0,None,NotPlaced
1479,Female,IT,6.5,0,59,66,1,2,0,27.6,15.9,2.1,70,3.8,No,Yes,0,None,NotPlaced
1480,Male,EEE,7.6,0,59,72,0,1,0,29.6,29.7,2.0,65,3.4,No,No,0,None,NotPlaced
1481,Female,ECE,7.5,0,83,60,0,2,0,33.3,37.3,3.3,78,3.5,No,Yes,0,None,NotPlaced
1482,Male,IT,8.0,0,79,78,2,3,2,68.7,60.6,7.0,90,4.8,Yes,Yes,4,Tier1,Placed
1483,Male,ECE,8.2,0,58,65,0,1,1,40.0,39.7,2.6,73,4.5,Yes,No,2,Tier2,Placed
1484,Male,ECE,8.3,0,70,82,1,3,2,66.3,39.1,8.7,90,4.8,Yes,Yes,3,Tier2,Placed
1485,Male,CSE,7.0,1,59,64,0,3,0,34.1,27.4,6.1,80,3.9,No,Yes,2,Tier3,Placed
1486,Male,IT,7.9,1,62,69,0,2,0,41.6,34.8,4.3,83,4.0,No,Yes,0,None,NotPlaced
1487,Male,CSE,8.5,0,76,85,1,3,2,70.5,69.1,7.0,90,4.8,Yes,Yes,3,Tier1,Placed
1488,Female,IT,7.9,0,55,63,2,1,1,49.9,37.6,3.5,81,4.8,Yes,No,1,Tier3,Placed
1489,Male,EEE,8.3,0,57,61,0,3,0,59.1,29.8,5.8,76,3.9,No,No,0,None,NotPlaced
1490,Male,ECE,7.6,0,55,81,1,2,0,40.7,27.1,5.8,74,4.2,Yes,Yes,0,None,NotPlaced
1491,Male,Civil,7.1,0,57,74,1,2,1,31.3,23.8,3.6,80,4.7,No,Yes,2,Tier2,Placed
1492,Male,IT,7.8,0,80,63,1,2,0,35.5,14.4,6.4,76,4.4,Yes,Yes,0,None,NotPlaced
1493,Male,IT,7.5,0,79,83,1,3,1,50.4,49.5,7.5,72,4.5,Yes,Yes,2,Tier3,Placed
1494,Male,EEE,7.6,2,74,77,2,3,3,50.0,28.9,6.8,72,4.0,Yes,No,0,None,NotPlaced
1495,Male,ECE,6.5,1,55,62,1,1,1,20.0,23.9,2.8,70,3.9,No,No,0,None,NotPlaced
1496,Female,ECE,8.0,0,80,87,2,1,2,47.5,32.4,3.5,88,4.0,Yes,Yes,0,None,NotPlaced
1497,Male,CSE,6.5,0,55,86,0,2,0,20.0,32.4,4.8,71,4.1,No,Yes,0,None,NotPlaced
1498,Male,ECE,6.7,2,55,62,1,1,1,20.5,18.0,2.1,65,3.8,No,No,0,None,NotPlaced
1499,Male,CSE,9.0,0,80,88,1,3,2,74.4,56.3,6.8,90,4.8,Yes,No,0,None,NotPlaced
1500,Female,Civil,7.6,1,73,74,0,3,0,47.8,44.6,7.1,77,4.8,Yes,Yes,1,Tier3,Placed
1501,Male,IT,7.4,0,81,85,2,2,2,45.3,31.8,4.5,90,4.1,Yes,No,1,Tier3,Placed
1502,Male,Mechanical,7.9,0,62,65,0,1,0,35.1,35.5,3.0,70,3.7,No,Yes,0,None,NotPlaced
1503,Male,ECE,8.3,0,67,81,1,3,2,60.4,46.2,8.5,86,4.8,Yes,Yes,0,None,NotPlaced
1504,Male,ECE,7.3,0,55,70,0,1,1,27.0,21.3,2.6,80,4.1,No,No,0,None,NotPlaced
1505,Male,ECE,7.9,1,71,88,1,3,2,60.5,49.3,8.4,85,4.6,Yes,Yes,2,Tier2,Placed
1506,Male,Mechanical,6.9,0,81,73,0,3,0,32.6,20.9,7.1,76,3.8,No,Yes,0,None,NotPlaced
1507,Male,Mechanical,6.5,2,63,67,0,1,0,20.0,19.2,1.7,75,3.7,No,Yes,0,None,NotPlaced
1508,Male,CSE,7.7,0,75,68,2,1,0,39.4,37.3,3.8,78,4.3,Yes,Yes,0,None,NotPlaced
1509,Male,IT,7.6,0,56,74,2,1,1,39.7,15.3,0.7,66,3.4,No,No,0,None,NotPlaced
1510,Female,IT,8.2,0,58,63,1,3,1,66.4,62.4,6.2,80,4.0,No,Yes,0,None,NotPlaced
1511,Female,CSE,7.8,0,82,69,1,1,0,31.1,35.0,1.8,74,4.5,Yes,No,2,Tier2,Placed
1512,Female,ECE,7.5,1,83,71,1,2,1,38.2,18.8,4.9,77,4.4,Yes,Yes,4,Tier1,Placed
1513,Female,EEE,8.6,0,82,83,0,3,1,64.0,35.6,5.6,77,4.8,Yes,Yes,0,None,NotPlaced
1514,Male,IT,8.3,0,82,86,2,3,2,69.6,63.6,8.1,90,4.8,Yes,Yes,3,Tier1,Placed
1515,Male,EEE,7.5,0,55,74,1,1,0,26.5,30.5,1.6,65,3.8,No,Yes,0,None,NotPlaced
1516,Male,ECE,7.6,0,57,67,1,1,1,33.9,35.2,3.9,72,4.2,Yes,Yes,0,None,NotPlaced
1517,Male,IT,8.9,0,76,82,1,1,0,59.4,36.5,2.9,70,4.7,Yes,Yes,0,None,NotPlaced
1518,Female,CSE,7.8,0,75,63,1,3,0,49.8,56.9,5.2,82,3.7,Yes,No,0,None,NotPlaced
1519,Male,EEE,8.0,0,90,87,2,3,2,63.4,46.4,6.5,90,4.8,Yes,Yes,1,Tier3,Placed
1520,Female,Mechanical,7.8,1,60,61,1,1,0,36.3,34.0,1.5,74,4.1,No,No,0,None,NotPlaced
1521,Male,ECE,7.9,0,55,72,1,1,0,43.5,39.8,2.0,82,3.7,No,No,0,None,NotPlaced
1522,Female,CSE,7.4,2,55,66,1,1,1,26.6,37.8,3.5,71,4.1,No,Yes,0,None,NotPlaced
1523,Male,CSE,7.7,0,55,60,1,2,1,45.4,39.8,5.7,78,4.6,No,Yes,0,None,NotPlaced
1524,Male,CSE,7.4,0,55,61,1,1,0,27.0,29.0,1.8,75,4.3,No,No,0,None,NotPlaced
1525,Male,ECE,8.2,0,73,68,0,1,2,39.0,34.8,0.7,90,4.7,No,Yes,2,Tier2,Placed
1526,Male,EEE,8.7,0,72,68,1,1,2,58.5,38.7,2.3,81,4.1,Yes,Yes,0,None,NotPlaced
1527,Male,CSE,7.8,0,90,78,2,3,2,61.2,32.4,7.5,90,4.8,Yes,Yes,2,Tier2,Placed
1528,Male,EEE,7.5,1,55,70,1,2,0,38.9,34.1,4.9,73,4.7,Yes,Yes,3,Tier2,Placed
1529,Female,ECE,8.3,0,76,83,1,3,2,63.7,40.5,5.4,80,4.1,Yes,Yes,2,Tier3,Placed
1530,Male,ECE,8.3,0,83,82,1,3,0,57.7,50.6,6.5,82,4.7,Yes,Yes,0,None,NotPlaced
1531,Male,Civil,7.5,0,55,70,1,1,1,40.0,35.9,3.3,74,4.0,No,No,0,None,NotPlaced
1532,Male,CSE,7.6,0,84,86,1,2,2,46.4,40.8,5.3,81,3.8,Yes,No,3,Tier2,Placed
1533,Female,Mechanical,8.0,0,88,79,2,3,2,67.3,46.8,7.0,90,4.1,Yes,No,0,None,NotPlaced
1534,Male,CSE,7.2,1,61,61,2,1,0,24.0,32.0,2.6,77,4.4,Yes,Yes,2,Tier2,Placed
1535,Male,IT,8.1,0,56,62,1,1,0,42.0,39.4,1.5,69,3.8,No,No,0,None,NotPlaced
1536,Male,Mechanical,8.2,0,67,85,2,3,1,66.3,44.0,7.5,78,4.4,Yes,Yes,0,None,NotPlaced
1537,Male,Mechanical,7.7,0,80,83,2,3,2,48.3,57.7,7.1,82,4.8,Yes,Yes,1,Tier3,Placed
1538,Female,ECE,7.8,0,70,67,2,2,0,56.4,44.0,4.8,69,3.7,No,No,0,None,NotPlaced
1539,Male,EEE,6.7,0,55,66,0,1,0,20.0,9.3,2.5,66,3.7,No,Yes,3,Tier2,Placed
1540,Male,EEE,7.5,1,55,62,1,2,1,51.3,36.9,4.0,78,4.8,No,Yes,0,None,NotPlaced
1541,Female,Mechanical,6.5,1,55,67,0,1,0,20.0,8.9,2.4,78,3.5,No,Yes,0,None,NotPlaced
1542,Male,CSE,7.6,0,86,81,1,1,2,35.6,43.1,2.4,81,4.2,Yes,Yes,0,None,NotPlaced
1543,Male,Mechanical,6.7,1,55,68,1,1,0,23.6,31.8,2.0,74,4.1,No,Yes,0,None,NotPlaced
1544,Male,ECE,8.1,0,71,88,2,3,0,64.7,58.8,8.3,84,4.8,Yes,Yes,1,Tier3,Placed
1545,Female,IT,8.1,0,82,85,1,3,1,58.2,51.8,7.0,74,4.6,Yes,No,0,None,NotPlaced
1546,Male,IT,7.8,1,82,79,2,3,2,50.7,53.6,6.8,90,4.8,Yes,No,1,Tier3,Placed
1547,Female,ECE,7.3,0,55,62,1,1,1,34.7,29.9,2.2,84,3.9,No,No,0,None,NotPlaced
1548,Male,Mechanical,8.1,0,81,86,2,3,1,65.9,57.6,5.8,90,4.5,Yes,Yes,1,Tier3,Placed
1549,Male,ECE,8.3,0,84,88,1,1,1,45.4,33.4,3.2,90,4.8,Yes,Yes,3,Tier1,Placed
1550,Male,Mechanical,8.6,0,79,88,1,3,2,72.4,57.2,8.7,86,4.5,Yes,Yes,4,Tier1,Placed
1551,Female,CSE,7.5,0,72,81,2,3,2,54.8,49.9,6.2,88,4.8,Yes,Yes,0,None,NotPlaced
1552,Male,EEE,7.7,0,57,67,1,2,2,45.8,14.7,4.3,81,4.0,No,Yes,1,Tier3,Placed
1553,Female,Mechanical,6.5,0,55,66,1,1,1,20.0,15.1,2.0,67,3.7,No,Yes,0,None,NotPlaced
1554,Female,ECE,8.2,0,80,79,2,3,2,76.1,61.9,7.0,81,4.8,Yes,No,2,Tier2,Placed
1555,Male,ECE,7.6,0,69,75,2,2,1,47.3,39.4,3.9,77,4.1,No,No,0,None,NotPlaced
1556,Male,ECE,7.8,0,55,68,2,3,1,68.1,51.2,6.7,79,4.6,No,No,0,None,NotPlaced
1557,Male,Mechanical,7.4,0,60,69,0,2,1,36.8,37.3,2.9,76,4.1,No,No,0,None,NotPlaced
1558,Male,Mechanical,6.7,0,59,63,1,1,1,20.0,13.7,2.7,60,4.3,No,No,0,None,NotPlaced
1559,Female,CSE,8.3,0,79,85,1,3,2,64.4,43.2,7.1,88,4.4,Yes,Yes,4,Tier1,Placed
1560,Female,EEE,8.3,0,65,69,2,3,0,74.9,70.0,5.2,90,4.7,Yes,Yes,3,Tier2,Placed
1561,Male,IT,7.5,0,58,71,1,1,1,33.6,38.8,3.4,77,3.9,Yes,Yes,0,None,NotPlaced
1562,Male,CSE,7.6,0,61,85,1,2,1,38.3,29.8,5.1,87,3.8,Yes,Yes,0,None,NotPlaced
1563,Female,Mechanical,7.5,0,56,67,1,1,1,28.2,27.0,1.1,87,4.2,No,Yes,0,None,NotPlaced
1564,Male,IT,7.5,0,58,66,1,1,1,35.1,36.7,2.2,60,3.5,No,Yes,0,None,NotPlaced
1565,Female,Mechanical,7.4,0,70,88,1,2,0,34.5,31.9,3.7,82,4.6,Yes,Yes,0,None,NotPlaced
1566,Male,CSE,7.6,0,55,61,1,1,0,34.7,35.2,2.3,74,4.6,Yes,Yes,0,None,NotPlaced
1567,Female,CSE,7.7,0,57,65,1,1,1,42.3,39.9,2.0,72,4.4,No,No,0,None,NotPlaced
1568,Male,ECE,8.1,0,79,72,1,1,0,46.5,37.2,0.3,80,4.5,No,No,0,None,NotPlaced
1569,Male,CSE,7.7,0,80,68,1,3,0,49.4,46.4,5.8,85,4.8,Yes,Yes,3,Tier1,Placed
1570,Male,EEE,8.4,0,79,88,2,3,2,79.0,55.7,6.0,90,4.8,Yes,Yes,2,Tier2,Placed
1571,Male,IT,7.4,0,57,64,1,1,0,33.7,34.0,2.1,81,4.0,No,Yes,0,None,NotPlaced
1572,Male,IT,8.9,0,72,86,2,3,2,87.1,68.5,7.4,90,4.8,Yes,Yes,2,Tier2,Placed
1573,Female,CSE,8.5,0,76,88,1,2,1,49.7,38.5,4.1,73,4.2,Yes,Yes,0,None,NotPlaced
1574,Female,IT,8.2,0,69,73,2,3,2,69.7,46.9,6.1,90,4.8,Yes,No,3,Tier2,Placed
1575,Male,EEE,7.5,2,75,70,2,3,2,58.2,48.9,7.1,79,4.1,Yes,Yes,3,Tier1,Placed
1576,Male,CSE,7.6,0,82,85,1,3,2,59.5,49.5,7.1,84,4.4,Yes,Yes,1,Tier3,Placed
1577,Male,ECE,7.6,0,80,65,1,1,1,27.7,18.3,1.3,62,4.2,No,No,0,None,NotPlaced
1578,Male,Mechanical,8.1,0,84,88,0,3,0,62.0,38.7,8.8,90,4.8,Yes,Yes,2,Tier2,Placed
1579,Male,ECE,8.8,0,73,85,0,3,0,78.2,49.7,7.2,90,4.1,Yes,Yes,4,Tier1,Placed
1580,Male,Mechanical,6.6,0,71,70,1,3,1,20.9,19.3,6.8,75,3.9,Yes,Yes,0,None,NotPlaced
1581,Male,CSE,7.5,1,59,72,1,1,1,35.4,34.3,1.6,78,4.2,No,Yes,0,None,NotPlaced
1582,Male,CSE,8.4,0,84,80,1,1,2,54.1,60.0,4.0,81,4.8,Yes,No,3,Tier1,Placed
1583,Male,Mechanical,7.5,0,76,86,2,3,0,52.4,42.5,7.5,69,3.9,Yes,Yes,0,None,NotPlaced
1584,Male,ECE,8.5,0,86,87,1,3,2,66.5,41.6,5.3,90,4.7,Yes,Yes,4,Tier1,Placed
1585,Female,ECE,7.5,0,63,71,0,3,0,47.3,38.9,6.3,83,3.9,Yes,Yes,0,None,NotPlaced
1586,Male,ECE,8.2,0,57,68,1,2,0,51.9,53.6,4.6,81,4.0,Yes,Yes,0,None,NotPlaced
1587,Female,IT,7.7,0,79,87,1,1,0,35.9,26.3,3.0,74,4.0,Yes,Yes,2,Tier2,Placed
1588,Male,CSE,6.6,1,62,67,1,1,0,20.0,28.6,2.6,63,3.3,No,No,0,None,NotPlaced
1589,Male,EEE,7.7,0,55,63,1,1,1,45.8,39.7,0.9,69,4.2,No,No,0,None,NotPlaced
1590,Female,ECE,7.6,0,57,67,1,3,0,53.7,50.2,6.9,83,4.1,Yes,Yes,0,None,NotPlaced
1591,Female,IT,8.2,0,86,81,1,3,0,63.7,67.0,8.7,84,4.6,Yes,Yes,2,Tier3,Placed
1592,Female,Mechanical,7.7,0,59,65,1,2,0,42.4,21.6,4.0,73,4.8,No,Yes,0,None,NotPlaced
1593,Male,CSE,9.0,0,79,85,1,3,2,73.9,65.9,6.3,78,4.8,Yes,Yes,3,Tier2,Placed
1594,Male,IT,7.5,0,79,69,0,3,0,49.5,40.9,4.7,78,4.2,No,Yes,3,Tier2,Placed
1595,Female,Mechanical,7.9,0,71,84,1,3,2,56.2,39.3,6.5,84,4.8,Yes,No,1,Tier3,Placed
1596,Male,Mechanical,7.4,1,60,75,2,3,3,57.8,47.4,5.9,86,4.2,Yes,Yes,0,None,NotPlaced
1597,Male,ECE,7.3,1,55,72,1,2,1,35.4,44.5,4.6,69,4.3,Yes,No,0,None,NotPlaced
1598,Male,CSE,7.0,2,55,66,1,1,0,20.0,30.1,2.5,60,3.3,No,Yes,0,None,NotPlaced
1599,Male,CSE,8.4,1,81,85,2,3,2,74.1,44.0,7.0,90,4.5,Yes,Yes,1,Tier3,Placed
1600,Female,EEE,6.8,1,62,66,1,1,1,20.0,13.2,1.5,60,4.4,No,Yes,0,None,NotPlaced
1601,Male,IT,8.2,1,77,88,1,3,0,57.0,55.4,4.2,88,4.8,No,Yes,3,Tier2,Placed
1602,Male,Mechanical,6.6,1,62,84,0,2,0,27.1,25.4,5.8,73,4.2,Yes,Yes,0,None,NotPlaced
1603,Male,Mechanical,7.5,0,77,80,1,3,0,45.9,39.2,6.6,80,4.5,Yes,No,0,None,NotPlaced
1604,Male,Mechanical,6.5,0,56,70,2,1,1,22.6,9.8,3.1,72,3.7,Yes,No,0,None,NotPlaced
1605,Male,IT,7.9,0,75,87,2,3,2,66.2,48.5,6.1,90,4.8,Yes,Yes,2,Tier2,Placed
1606,Male,EEE,8.2,0,55,82,0,2,0,43.7,27.7,3.6,89,4.1,No,Yes,0,None,NotPlaced
1607,Male,ECE,7.4,0,56,60,1,2,0,34.0,16.6,3.4,67,3.3,No,No,0,None,NotPlaced
1608,Female,CSE,8.1,0,85,77,1,3,1,59.5,38.0,5.7,71,4.1,Yes,Yes,0,None,NotPlaced
1609,Male,CSE,6.5,0,55,66,1,1,1,20.0,13.6,1.1,78,4.0,No,No,0,None,NotPlaced
1610,Male,IT,7.6,0,55,71,1,1,1,43.6,30.6,2.0,68,4.1,No,No,0,None,NotPlaced
1611,Female,Mechanical,7.0,0,73,64,1,2,0,30.0,21.3,4.3,78,4.7,No,Yes,0,None,NotPlaced
1612,Female,CSE,8.3,0,61,84,2,2,2,66.4,60.8,4.3,68,4.8,Yes,Yes,3,Tier2,Placed
1613,Male,CSE,7.7,0,71,74,2,3,2,60.6,42.9,5.8,86,4.4,Yes,Yes,3,Tier2,Placed
1614,Male,Civil,7.5,1,75,66,1,1,0,34.3,41.7,1.6,70,3.5,No,Yes,0,None,NotPlaced
1615,Male,CSE,7.5,0,55,67,1,1,0,33.2,26.4,2.8,78,4.1,No,No,0,None,NotPlaced
1616,Female,ECE,8.6,0,73,85,2,3,3,82.2,68.9,5.1,87,4.8,No,Yes,4,Tier1,Placed
1617,Female,IT,6.6,0,55,61,1,2,0,20.0,23.3,4.0,61,3.9,No,No,0,None,NotPlaced
1618,Female,CSE,8.1,0,78,83,2,1,3,58.6,41.6,2.3,86,4.7,Yes,No,3,Tier2,Placed
1619,Male,Mechanical,8.9,0,77,72,0,3,2,65.6,50.9,7.1,85,4.6,No,Yes,0,None,NotPlaced
1620,Female,CSE,7.7,0,55,74,1,1,0,40.9,31.8,1.5,80,4.5,No,No,0,None,NotPlaced
1621,Male,EEE,6.5,0,57,68,0,1,1,20.0,23.3,2.7,70,3.6,No,No,0,None,NotPlaced
1622,Male,CSE,8.3,0,72,69,2,3,2,68.4,54.0,8.0,79,4.7,Yes,Yes,3,Tier2,Placed
1623,Male,CSE,7.8,1,74,87,1,2,1,47.5,34.2,6.5,77,4.5,Yes,Yes,1,Tier3,Placed
1624,Female,CSE,7.4,0,84,76,1,3,3,44.6,39.7,5.6,84,4.6,Yes,Yes,1,Tier3,Placed
1625,Male,CSE,7.8,0,66,72,1,2,1,46.1,42.5,2.6,83,3.5,No,Yes,0,None,NotPlaced
1626,Female,CSE,6.6,0,58,61,1,1,1,20.0,35.0,3.2,69,4.3,No,No,0,None,NotPlaced
1627,Male,EEE,7.5,1,78,66,1,2,1,36.1,32.9,6.0,79,4.7,Yes,Yes,0,None,NotPlaced
1628,Male,ECE,7.6,1,60,68,0,1,1,32.5,28.3,1.4,61,4.3,No,No,0,None,NotPlaced
1629,Male,IT,8.0,0,75,85,1,1,0,43.1,40.3,0.0,75,4.3,Yes,Yes,2,Tier2,Placed
1630,Male,ECE,6.8,2,62,62,0,2,1,20.0,12.9,4.1,72,4.4,No,No,0,None,NotPlaced
1631,Female,Mechanical,7.7,1,57,69,1,2,0,51.6,29.7,2.5,82,4.4,No,Yes,1,Tier3,Placed
1632,Male,Civil,6.5,1,61,65,0,1,0,20.0,17.7,1.2,69,4.0,No,No,0,None,NotPlaced
1633,Female,EEE,6.5,1,70,66,1,2,0,20.0,30.0,5.2,82,4.1,Yes,Yes,0,None,NotPlaced
1634,Female,Mechanical,6.5,0,55,67,1,2,0,20.0,30.9,4.3,78,4.3,No,No,0,None,NotPlaced
1635,Female,IT,8.1,0,81,83,2,3,2,69.1,41.4,8.6,90,4.7,Yes,Yes,3,Tier1,Placed
1636,Male,IT,7.7,0,56,66,1,2,0,45.2,43.8,4.6,76,4.6,Yes,Yes,0,None,NotPlaced
1637,Male,ECE,8.2,0,70,86,1,3,1,62.5,33.7,5.0,82,4.8,No,Yes,0,None,NotPlaced
1638,Male,EEE,6.5,0,61,57,1,2,0,20.0,24.8,4.9,79,4.5,No,No,0,None,NotPlaced
1639,Female,ECE,7.6,1,55,63,1,2,1,47.3,42.5,4.4,69,3.9,No,No,0,None,NotPlaced
1640,Female,IT,9.0,0,78,86,0,2,2,64.9,39.4,4.6,86,4.5,Yes,Yes,3,Tier2,Placed
1641,Male,Civil,7.5,2,60,64,1,1,0,33.6,38.8,3.0,81,3.8,Yes,Yes,0,None,NotPlaced
1642,Female,EEE,7.5,0,69,83,1,2,0,37.3,46.9,4.6,76,4.5,Yes,Yes,3,Tier2,Placed
1643,Male,ECE,6.7,0,55,68,1,1,1,20.0,20.8,2.7,81,4.5,No,Yes,0,None,NotPlaced
1644,Male,EEE,8.4,0,71,81,2,3,0,79.5,64.3,8.7,84,4.8,Yes,Yes,0,None,NotPlaced
1645,Male,IT,6.8,0,61,66,0,3,0,21.1,34.1,6.3,83,4.3,Yes,Yes,3,Tier2,Placed
1646,Female,CSE,8.2,1,76,87,2,3,2,62.7,43.0,7.4,90,4.6,Yes,Yes,2,Tier2,Placed
1647,Male,IT,8.5,0,80,85,0,3,2,71.4,49.3,5.5,90,4.3,Yes,Yes,4,Tier1,Placed
1648,Female,ECE,7.3,0,61,70,1,1,1,32.2,22.3,0.9,72,4.1,No,Yes,0,None,NotPlaced
1649,Female,CSE,8.5,0,82,85,2,3,2,72.4,59.1,7.6,90,4.5,Yes,Yes,3,Tier1,Placed
1650,Female,EEE,8.0,0,83,86,0,3,2,60.2,50.1,6.9,85,4.7,Yes,Yes,2,Tier2,Placed
1651,Male,IT,8.2,0,71,86,2,3,2,70.2,52.8,5.9,90,4.1,Yes,Yes,4,Tier1,Placed
1652,Male,EEE,7.4,0,68,84,0,3,0,43.2,35.3,6.0,83,3.5,No,Yes,3,Tier2,Placed
1653,Male,CSE,7.6,0,76,85,2,3,2,57.1,43.8,7.9,90,4.8,Yes,No,2,Tier2,Placed
1654,Male,CSE,8.2,0,82,86,1,2,1,57.3,43.5,3.6,81,4.3,Yes,Yes,3,Tier2,Placed
1655,Male,Mechanical,8.1,0,79,82,1,3,2,63.5,45.6,7.7,81,4.8,No,Yes,0,None,NotPlaced
1656,Female,EEE,6.5,0,67,70,1,1,1,24.0,17.3,2.6,73,3.9,No,No,0,None,NotPlaced
1657,Male,Civil,8.2,0,74,70,1,2,2,54.0,28.9,5.6,79,4.8,Yes,Yes,3,Tier1,Placed
1658,Male,Civil,8.1,0,59,72,2,3,1,65.2,50.6,7.0,75,4.8,Yes,Yes,0,None,NotPlaced
1659,Male,IT,8.5,1,64,63,0,1,0,41.8,21.0,4.7,82,4.5,Yes,Yes,0,None,NotPlaced
1660,Male,IT,7.8,0,61,71,1,2,0,46.7,45.3,5.0,73,4.1,No,Yes,0,None,NotPlaced
1661,Male,Mechanical,8.0,0,79,71,1,2,0,60.3,44.8,4.6,78,3.8,Yes,No,0,None,NotPlaced
1662,Male,Civil,8.6,0,84,88,1,3,2,75.9,60.3,7.8,90,4.5,Yes,Yes,0,None,NotPlaced
1663,Female,ECE,8.0,0,77,76,1,3,2,56.3,44.5,5.3,90,4.5,No,Yes,2,Tier2,Placed
1664,Male,Mechanical,6.5,1,62,72,1,1,1,20.0,19.1,1.7,78,3.5,No,Yes,0,None,NotPlaced
1665,Female,ECE,8.5,0,82,88,0,2,2,49.5,52.4,6.5,85,4.2,Yes,Yes,3,Tier2,Placed
1666,Female,IT,8.6,0,74,76,1,2,0,58.2,37.8,5.4,87,4.8,Yes,Yes,2,Tier3,Placed
1667,Male,EEE,7.3,1,75,61,1,1,2,29.7,14.6,2.7,75,3.5,No,Yes,0,None,NotPlaced
1668,Female,EEE,8.0,0,79,85,0,3,0,51.5,45.0,8.2,89,4.4,Yes,No,2,Tier2,Placed
1669,Male,ECE,8.3,0,75,79,1,3,0,59.8,45.6,7.5,86,4.4,Yes,Yes,2,Tier2,Placed
1670,Female,CSE,6.7,0,65,67,1,1,1,20.0,23.6,1.2,75,4.3,No,Yes,0,None,NotPlaced
1671,Male,IT,8.2,0,76,65,1,3,2,62.6,57.3,8.7,86,4.4,Yes,Yes,2,Tier2,Placed
1672,Female,CSE,8.4,0,55,63,1,2,0,51.2,34.2,4.5,80,3.3,No,No,0,None,NotPlaced
1673,Female,IT,6.6,1,55,60,0,1,1,20.0,25.2,2.6,71,3.5,No,No,0,None,NotPlaced
1674,Female,Mechanical,6.5,0,55,80,0,1,0,20.0,13.3,3.1,83,4.1,Yes,Yes,0,None,NotPlaced
1675,Female,CSE,6.6,0,76,84,1,2,1,20.0,20.9,6.1,70,4.6,Yes,Yes,0,None,NotPlaced
1676,Male,CSE,7.5,1,55,60,1,2,1,31.7,19.0,5.9,74,4.7,No,Yes,3,Tier2,Placed
1677,Male,IT,6.6,0,60,65,1,3,0,36.6,34.4,5.6,86,4.4,No,No,0,None,NotPlaced
1678,Male,EEE,7.0,0,71,79,1,1,0,22.5,23.0,4.1,82,4.6,Yes,No,0,None,NotPlaced
1679,Male,ECE,8.4,0,77,80,0,2,0,52.7,35.8,5.0,86,4.6,Yes,Yes,0,None,NotPlaced
1680,Female,CSE,7.6,0,55,67,0,2,1,37.1,21.6,2.0,72,4.5,No,No,0,None,NotPlaced
1681,Male,CSE,7.5,0,75,63,1,3,1,43.3,42.9,5.6,73,4.6,Yes,Yes,2,Tier3,Placed
1682,Female,CSE,8.3,0,76,85,1,2,1,59.1,45.1,5.4,82,4.4,Yes,Yes,3,Tier2,Placed
1683,Male,ECE,7.6,0,55,64,1,1,0,34.3,38.7,3.0,73,3.7,No,Yes,0,None,NotPlaced
1684,Female,CSE,7.7,0,70,71,1,1,0,33.2,25.3,2.6,71,4.2,No,Yes,0,None,NotPlaced
1685,Male,Civil,6.5,0,62,68,0,1,0,20.0,30.0,2.8,62,3.9,No,No,0,None,NotPlaced
1686,Female,IT,8.3,0,62,82,1,2,1,50.9,35.6,6.6,84,4.4,No,Yes,0,None,NotPlaced
1687,Female,CSE,8.1,0,59,58,1,1,0,43.0,49.1,2.5,80,4.6,No,No,0,None,NotPlaced
1688,Male,EEE,7.4,2,55,69,1,2,0,37.8,35.1,4.7,81,4.8,Yes,No,0,None,NotPlaced
1689,Male,IT,6.7,1,55,67,1,1,1,20.0,23.6,1.9,71,4.5,No,No,0,None,NotPlaced
1690,Female,EEE,6.5,0,55,76,0,1,1,20.0,14.0,3.6,89,4.2,No,No,3,Tier2,Placed
1691,Male,CSE,8.2,0,75,80,2,3,2,67.6,61.3,5.7,90,4.8,Yes,No,2,Tier2,Placed
1692,Male,ECE,7.7,0,55,62,1,2,0,46.2,44.8,5.2,70,3.6,No,Yes,0,None,NotPlaced
1693,Male,EEE,7.8,0,80,78,2,3,0,64.7,50.8,7.0,90,4.7,Yes,Yes,3,Tier2,Placed
1694,Male,Mechanical,7.5,0,55,66,2,1,0,41.0,18.6,2.2,78,4.2,Yes,Yes,0,None,NotPlaced
1695,Male,CSE,7.5,0,63,70,1,1,1,37.8,24.8,0.5,80,4.6,No,No,0,None,NotPlaced
1696,Male,IT,8.4,1,77,73,1,3,0,62.8,42.7,8.5,85,3.9,Yes,Yes,2,Tier2,Placed
1697,Male,IT,7.6,0,70,82,1,2,2,40.5,39.1,4.1,79,4.3,Yes,Yes,2,Tier2,Placed
1698,Male,Mechanical,7.5,1,90,67,0,2,2,39.3,30.9,5.1,79,4.6,Yes,Yes,1,Tier3,Placed
1699,Female,Mechanical,6.5,0,64,63,0,1,0,20.0,16.2,2.0,64,4.3,Yes,Yes,0,None,NotPlaced
1700,Male,CSE,7.4,1,86,83,1,2,0,35.6,27.5,7.0,79,4.7,Yes,Yes,0,None,NotPlaced
1701,Female,CSE,7.5,0,66,83,1,1,2,36.1,44.6,3.1,84,4.7,Yes,Yes,0,None,NotPlaced
1702,Male,ECE,8.4,1,75,79,2,3,2,67.3,54.8,5.7,81,4.3,Yes,Yes,2,Tier2,Placed
1703,Male,CSE,8.2,0,65,83,2,3,2,70.4,58.8,6.6,88,4.8,Yes,Yes,3,Tier2,Placed
1704,Male,ECE,7.0,0,55,67,1,1,1,22.9,16.6,3.4,61,3.5,No,No,0,None,NotPlaced
1705,Male,CSE,8.7,0,71,78,2,3,0,71.1,56.7,6.0,80,4.1,Yes,Yes,1,Tier3,Placed
1706,Male,EEE,6.6,1,66,66,2,1,1,20.0,13.1,1.6,77,3.4,No,No,0,None,NotPlaced
1707,Male,Mechanical,8.1,0,81,88,1,3,2,71.9,61.2,8.2,90,4.8,Yes,Yes,4,Tier1,Placed
1708,Male,Civil,8.5,0,80,88,0,3,2,65.0,44.0,7.3,85,4.8,Yes,Yes,3,Tier1,Placed
1709,Male,ECE,6.5,0,82,82,1,2,0,32.5,34.4,2.8,63,4.3,No,No,0,None,NotPlaced
1710,Female,ECE,8.1,0,66,85,2,3,2,58.8,43.4,7.2,90,4.7,Yes,Yes,1,Tier3,Placed
1711,Male,Mechanical,8.3,0,75,82,0,3,2,63.8,60.3,6.8,89,4.4,Yes,Yes,0,None,NotPlaced
1712,Male,CSE,7.6,0,86,64,1,2,1,30.3,43.9,5.1,83,4.6,Yes,Yes,0,None,NotPlaced
1713,Female,EEE,6.9,1,55,59,0,1,0,20.0,20.6,2.9,73,4.2,No,No,0,None,NotPlaced
1714,Male,IT,7.5,0,61,67,0,2,1,39.2,44.8,4.2,76,4.2,No,Yes,0,None,NotPlaced
1715,Male,CSE,8.1,0,81,83,2,3,2,70.2,62.9,6.9,86,4.5,Yes,No,0,None,NotPlaced
1716,Female,IT,7.7,0,70,70,2,1,0,38.0,21.5,2.9,71,4.5,Yes,Yes,0,None,NotPlaced
1717,Male,CSE,8.0,0,78,85,0,3,2,59.2,49.8,8.1,83,4.7,Yes,Yes,3,Tier2,Placed
1718,Female,EEE,6.7,0,69,68,1,1,1,20.0,23.8,1.3,64,4.2,No,Yes,0,None,NotPlaced
1719,Female,CSE,8.5,0,83,85,2,3,2,73.2,63.9,4.8,88,4.8,Yes,Yes,4,Tier1,Placed
1720,Male,IT,7.7,0,55,74,1,2,0,42.8,38.0,3.8,74,4.7,No,Yes,1,Tier3,Placed
1721,Male,CSE,7.6,0,73,72,1,2,1,37.3,34.1,5.4,74,4.4,Yes,Yes,3,Tier2,Placed
1722,Male,Mechanical,8.2,0,62,63,0,1,1,49.8,42.0,1.6,79,3.9,No,Yes,0,None,NotPlaced
1723,Male,IT,8.5,0,74,78,2,3,2,74.2,60.8,6.5,87,4.8,Yes,Yes,4,Tier1,Placed
1724,Male,IT,8.8,0,74,74,1,3,0,80.4,53.0,6.6,72,4.1,Yes,Yes,3,Tier2,Placed
1725,Female,ECE,8.2,0,83,81,1,3,2,68.2,53.2,7.0,82,4.5,Yes,Yes,1,Tier3,Placed
1726,Male,IT,8.1,0,73,83,1,3,2,56.2,35.8,5.7,90,4.8,Yes,Yes,1,Tier3,Placed
1727,Male,CSE,8.5,0,78,84,2,3,2,80.1,60.2,7.7,90,4.8,Yes,Yes,3,Tier2,Placed
1728,Female,Mechanical,6.5,2,61,65,1,1,0,20.0,15.7,0.0,71,4.5,No,No,0,None,NotPlaced
1729,Female,CSE,8.2,0,90,66,2,3,2,62.8,46.6,7.5,87,4.7,Yes,No,3,Tier2,Placed
1730,Male,CSE,7.9,0,74,88,2,3,2,64.2,44.6,7.3,90,4.8,Yes,Yes,3,Tier1,Placed
1731,Male,EEE,6.9,1,57,64,1,1,1,20.0,23.3,2.5,79,3.5,No,No,0,None,NotPlaced
1732,Male,IT,6.6,2,55,64,1,1,1,23.0,19.0,0.1,60,4.0,No,No,0,None,NotPlaced
1733,Male,IT,7.6,0,80,71,0,2,2,42.1,33.5,5.3,82,4.7,Yes,No,1,Tier3,Placed
1734,Male,IT,7.6,2,73,81,1,3,2,50.6,32.3,6.5,90,4.4,Yes,No,3,Tier2,Placed
1735,Male,IT,7.7,0,56,66,0,1,1,38.3,30.5,3.6,67,4.8,No,No,0,None,NotPlaced
1736,Female,EEE,7.8,0,62,72,1,1,2,31.1,38.2,2.4,81,3.9,No,Yes,0,None,NotPlaced
1737,Male,ECE,8.5,0,72,83,2,3,2,70.3,66.6,5.8,90,4.8,Yes,Yes,3,Tier1,Placed
1738,Male,ECE,8.4,0,57,67,0,1,0,44.7,42.0,1.3,86,4.3,Yes,Yes,1,Tier3,Placed
1739,Male,EEE,6.9,0,59,70,1,3,1,48.2,38.4,6.4,78,4.5,Yes,Yes,2,Tier3,Placed
1740,Male,IT,7.8,0,73,62,2,3,2,54.6,49.3,7.8,73,4.6,Yes,No,0,None,NotPlaced
1741,Female,IT,7.5,0,69,82,1,2,0,32.5,24.7,6.2,81,4.4,Yes,Yes,0,None,NotPlaced
1742,Female,IT,8.2,0,78,72,0,3,0,50.8,40.9,7.2,86,4.3,Yes,No,3,Tier2,Placed
1743,Female,IT,8.3,0,79,68,0,1,0,48.5,35.2,3.1,80,3.9,Yes,Yes,0,None,NotPlaced
1744,Male,Civil,7.7,0,88,79,1,3,0,50.0,49.3,6.7,78,4.7,Yes,Yes,1,Tier3,Placed
1745,Male,EEE,7.5,0,55,76,1,1,0,32.2,35.8,2.0,78,3.8,No,Yes,0,None,NotPlaced
1746,Male,CSE,8.5,1,88,82,0,3,0,67.8,55.1,8.2,88,4.8,Yes,Yes,4,Tier1,Placed
1747,Male,CSE,7.4,0,73,69,2,2,1,43.2,50.6,3.7,72,3.5,No,No,0,None,NotPlaced
1748,Male,CSE,6.5,0,55,68,1,1,0,20.0,23.2,2.7,65,4.5,No,Yes,0,None,NotPlaced
1749,Female,CSE,7.5,0,64,64,1,1,1,35.7,33.3,2.5,61,4.2,Yes,No,0,None,NotPlaced
1750,Male,CSE,6.5,0,69,73,2,1,0,20.0,22.7,4.0,75,4.3,Yes,Yes,0,None,NotPlaced
1751,Male,ECE,7.8,0,55,67,1,1,0,38.2,23.2,2.6,73,3.9,No,Yes,2,Tier2,Placed
1752,Male,Mechanical,7.2,0,83,67,0,1,1,23.2,16.2,3.0,79,4.1,No,Yes,2,Tier2,Placed
1753,Male,EEE,8.3,0,75,83,0,3,2,64.3,52.7,8.9,90,4.8,Yes,Yes,3,Tier2,Placed
1754,Male,CSE,8.1,0,81,88,2,3,2,62.0,51.1,4.4,90,4.6,Yes,Yes,1,Tier3,Placed
1755,Female,ECE,6.5,0,75,66,1,1,2,20.0,25.1,3.8,71,3.7,Yes,No,0,None,NotPlaced
1756,Female,ECE,8.1,0,76,85,2,3,0,69.4,51.2,7.5,88,4.5,Yes,No,2,Tier2,Placed
1757,Female,EEE,7.8,1,74,88,2,3,2,64.6,53.9,7.4,90,4.8,Yes,Yes,1,Tier3,Placed
1758,Male,EEE,7.5,0,55,70,1,1,0,34.0,32.0,2.2,83,4.4,No,Yes,0,None,NotPlaced
1759,Male,Mechanical,7.9,0,68,72,1,1,1,42.3,37.7,2.2,79,4.1,No,Yes,0,None,NotPlaced
1760,Male,ECE,8.1,0,79,87,2,3,2,63.2,51.8,7.3,82,4.5,Yes,Yes,0,None,NotPlaced
1761,Male,EEE,7.4,2,58,70,1,2,1,41.5,24.0,4.9,69,4.1,No,Yes,0,None,NotPlaced
1762,Female,CSE,7.5,0,63,73,1,1,1,37.3,14.3,2.8,70,3.8,No,Yes,0,None,NotPlaced
1763,Male,ECE,8.1,0,77,67,0,3,0,56.3,39.2,6.0,81,4.5,No,Yes,3,Tier1,Placed
1764,Male,CSE,8.5,0,79,81,2,3,2,86.5,64.4,6.8,90,4.8,Yes,Yes,2,Tier2,Placed
1765,Male,IT,8.3,0,74,88,2,3,2,62.2,42.2,7.0,90,4.5,Yes,Yes,4,Tier1,Placed
1766,Male,ECE,7.5,2,63,69,1,2,0,41.8,34.7,3.6,65,4.7,No,Yes,0,None,NotPlaced
1767,Female,CSE,7.6,2,66,83,1,2,0,37.1,41.6,6.8,77,4.3,Yes,Yes,0,None,NotPlaced
1768,Male,CSE,8.3,0,83,85,2,3,2,74.4,66.0,5.7,90,4.8,Yes,Yes,3,Tier1,Placed
1769,Male,CSE,8.6,0,77,85,2,3,1,68.1,59.1,7.7,86,4.8,Yes,No,2,Tier2,Placed
1770,Male,CSE,7.8,0,57,63,0,2,0,35.3,39.7,4.7,79,4.1,No,Yes,0,None,NotPlaced
1771,Male,CSE,8.4,0,66,71,1,2,3,55.8,38.4,4.5,75,3.8,Yes,Yes,0,None,NotPlaced
1772,Female,CSE,8.4,1,76,88,0,3,2,63.3,48.8,7.3,90,4.3,Yes,Yes,3,Tier2,Placed
1773,Female,IT,7.4,0,55,62,2,1,1,33.0,33.9,3.3,65,3.2,No,Yes,0,None,NotPlaced
1774,Female,CSE,8.5,0,57,84,1,3,1,66.1,49.0,6.7,72,4.5,Yes,Yes,0,None,NotPlaced
1775,Female,Civil,7.4,0,56,66,0,1,0,25.1,21.0,3.3,75,3.8,No,No,0,None,NotPlaced
1776,Male,IT,8.3,0,76,87,2,3,2,68.8,71.2,8.1,90,4.8,Yes,Yes,2,Tier2,Placed
1777,Female,CSE,8.3,1,75,65,0,2,0,59.4,49.5,3.3,79,4.3,No,No,3,Tier2,Placed
1778,Male,ECE,8.2,0,55,84,1,3,0,66.4,67.5,4.9,77,3.4,No,Yes,0,None,NotPlaced
1779,Male,Mechanical,7.6,0,67,68,0,1,0,28.4,12.0,2.2,75,4.0,No,No,0,None,NotPlaced
1780,Female,ECE,8.1,0,55,61,1,1,1,55.5,40.2,0.8,71,4.2,No,No,0,None,NotPlaced
1781,Male,IT,7.7,0,77,72,1,2,2,47.5,44.4,2.1,88,4.6,Yes,Yes,2,Tier2,Placed
1782,Female,ECE,8.4,0,57,64,2,3,2,67.2,55.0,6.5,80,4.5,Yes,Yes,3,Tier2,Placed
1783,Male,EEE,6.5,2,55,64,1,1,1,20.0,4.4,4.2,76,3.8,No,No,0,None,NotPlaced
1784,Male,ECE,8.6,0,69,86,2,3,2,78.7,61.4,6.6,90,4.6,Yes,Yes,0,None,NotPlaced
1785,Female,EEE,7.4,0,56,69,1,1,0,27.6,46.0,2.4,77,4.3,No,Yes,0,None,NotPlaced
1786,Female,Mechanical,8.3,0,62,73,1,1,0,43.7,40.6,2.7,89,3.9,No,Yes,3,Tier1,Placed
1787,Male,Mechanical,7.5,0,82,85,1,3,0,49.4,47.3,7.0,88,4.8,Yes,No,3,Tier2,Placed
1788,Male,ECE,8.2,0,86,78,1,3,2,61.2,45.3,6.7,85,4.6,Yes,Yes,3,Tier2,Placed
1789,Male,ECE,6.7,1,77,69,2,1,2,29.4,29.0,3.2,72,4.5,No,Yes,0,None,NotPlaced
1790,Male,ECE,7.7,0,55,64,2,1,0,45.7,39.1,2.0,80,3.8,No,Yes,2,Tier2,Placed
1791,Male,EEE,8.2,0,78,66,1,2,0,51.8,51.9,4.9,74,4.8,Yes,No,2,Tier3,Placed
1792,Female,CSE,7.5,0,59,59,1,1,1,35.1,40.1,3.8,76,4.5,Yes,No,0,None,NotPlaced
1793,Male,Civil,7.6,0,62,67,1,1,0,41.3,37.6,1.0,60,4.2,No,No,0,None,NotPlaced
1794,Female,CSE,8.5,0,83,82,2,3,2,67.0,55.6,5.7,90,4.8,Yes,Yes,3,Tier2,Placed
1795,Male,ECE,7.4,1,77,71,1,2,1,33.9,17.1,2.4,76,4.3,No,Yes,0,None,NotPlaced
1796,Male,Mechanical,8.3,0,81,67,0,2,2,51.9,30.0,4.6,82,4.4,No,Yes,0,None,NotPlaced
1797,Female,IT,7.2,0,58,66,1,1,1,27.2,25.8,1.8,68,4.0,No,No,0,None,NotPlaced
1798,Male,IT,8.3,0,76,74,2,3,2,69.7,63.3,7.8,84,4.6,Yes,Yes,0,None,NotPlaced
1799,Male,CSE,7.5,0,60,65,1,2,1,39.4,44.3,4.1,67,4.7,No,No,0,None,NotPlaced
1800,Male,ECE,6.7,0,58,68,0,2,0,20.0,12.8,2.6,66,3.9,No,No,0,None,NotPlaced
1801,Female,CSE,8.3,0,61,63,1,2,0,58.9,35.6,3.6,72,4.2,No,Yes,0,None,NotPlaced
1802,Female,ECE,7.4,0,66,70,0,2,0,39.7,42.1,4.9,76,3.8,No,Yes,0,None,NotPlaced
1803,Male,IT,8.7,0,79,83,2,3,2,75.6,54.3,6.7,88,4.8,Yes,Yes,0,None,NotPlaced
1804,Male,Civil,6.5,2,61,68,1,2,0,33.2,18.2,5.2,84,4.7,No,Yes,0,None,NotPlaced
1805,Male,Civil,7.6,0,58,65,1,1,2,44.8,33.6,1.5,69,4.0,No,Yes,0,None,NotPlaced
1806,Female,CSE,8.1,0,73,70,1,2,0,59.6,44.1,5.7,72,4.5,Yes,Yes,2,Tier3,Placed
1807,Female,EEE,8.2,0,79,81,0,3,2,61.1,61.4,5.2,90,4.8,Yes,Yes,2,Tier3,Placed
1808,Male,CSE,8.4,0,72,85,1,3,2,77.0,68.9,6.8,90,4.8,Yes,Yes,1,Tier3,Placed
1809,Male,CSE,7.7,0,55,85,0,1,2,30.5,22.5,1.6,78,4.6,No,Yes,3,Tier2,Placed
1810,Male,CSE,7.7,0,55,61,1,1,1,32.8,39.9,0.6,64,3.7,No,Yes,0,None,NotPlaced
1811,Female,Civil,8.4,0,75,88,1,3,2,64.4,53.9,8.1,87,4.8,Yes,Yes,4,Tier1,Placed
1812,Female,Mechanical,8.3,0,78,88,1,1,2,44.0,46.3,2.4,78,4.5,Yes,Yes,1,Tier3,Placed
1813,Male,CSE,8.6,0,77,69,1,2,1,63.6,62.1,4.3,77,3.9,Yes,Yes,0,None,NotPlaced
1814,Male,CSE,8.0,0,66,63,2,1,1,49.5,40.2,3.3,85,4.5,No,No,4,Tier1,Placed
1815,Male,CSE,8.6,0,77,78,2,3,0,77.0,65.8,7.2,81,4.7,Yes,Yes,3,Tier1,Placed
1816,Female,ECE,7.4,0,76,63,1,2,1,38.9,30.4,4.8,71,4.0,No,Yes,2,Tier3,Placed
1817,Male,ECE,8.4,0,76,83,2,3,2,72.7,66.4,5.3,90,4.8,Yes,Yes,3,Tier2,Placed
1818,Female,CSE,7.9,0,87,83,1,3,0,65.7,54.1,6.2,82,4.6,Yes,Yes,0,None,NotPlaced
1819,Male,EEE,8.2,2,75,69,2,2,0,63.1,59.9,7.1,89,4.6,Yes,Yes,0,None,NotPlaced
1820,Male,IT,7.8,1,65,64,2,1,1,48.6,53.0,2.9,75,3.8,No,No,0,None,NotPlaced
1821,Male,Mechanical,8.5,0,75,82,2,3,2,75.0,65.0,5.9,90,4.5,Yes,Yes,4,Tier1,Placed
1822,Male,ECE,8.4,0,75,88,2,3,2,63.9,52.0,7.2,89,4.4,Yes,Yes,2,Tier3,Placed
1823,Male,IT,8.1,0,64,80,1,3,2,51.9,42.8,5.0,79,4.6,No,Yes,2,Tier2,Placed
1824,Female,EEE,7.8,0,56,72,0,1,0,44.4,14.0,3.4,73,4.0,No,No,0,None,NotPlaced
1825,Male,EEE,7.8,0,65,83,0,3,1,47.3,35.3,4.7,88,4.6,Yes,Yes,3,Tier2,Placed
1826,Male,IT,6.5,0,62,77,0,1,0,20.0,29.5,3.3,89,4.6,Yes,No,0,None,NotPlaced
1827,Male,ECE,6.7,0,60,79,1,1,0,20.0,28.3,2.3,73,4.5,No,Yes,2,Tier2,Placed
1828,Female,Mechanical,7.5,0,61,69,1,1,1,35.8,25.4,0.9,69,4.0,No,Yes,0,None,NotPlaced
1829,Female,CSE,8.1,0,61,82,2,3,2,69.4,56.6,6.7,74,4.2,Yes,Yes,3,Tier2,Placed
1830,Male,CSE,6.5,0,71,82,1,2,1,29.9,27.1,5.4,85,4.0,Yes,Yes,2,Tier3,Placed
1831,Female,IT,8.2,0,86,86,2,3,2,75.5,66.5,5.2,90,4.8,Yes,Yes,3,Tier2,Placed
1832,Male,EEE,7.6,0,55,63,1,1,1,30.9,46.0,0.7,75,3.7,No,No,0,None,NotPlaced
1833,Male,ECE,8.5,0,81,85,2,3,2,78.8,68.9,6.8,90,4.8,Yes,Yes,4,Tier1,Placed
1834,Female,Mechanical,7.6,2,72,80,0,2,0,36.1,26.8,4.2,77,3.7,Yes,Yes,3,Tier2,Placed
1835,Female,ECE,7.9,0,58,65,1,2,0,48.3,39.8,3.5,73,4.3,No,Yes,0,None,NotPlaced
1836,Female,CSE,7.2,2,57,65,1,1,0,21.5,33.1,2.0,76,3.5,No,Yes,0,None,NotPlaced
1837,Male,ECE,7.9,0,70,60,1,1,0,32.5,18.3,2.1,76,4.2,Yes,Yes,0,None,NotPlaced
1838,Male,EEE,7.5,0,57,67,1,2,1,40.8,30.1,4.0,72,4.3,No,Yes,0,None,NotPlaced
1839,Female,CSE,7.6,0,62,73,1,2,0,38.2,38.3,4.3,65,4.8,No,Yes,3,Tier2,Placed
1840,Male,CSE,6.9,0,55,57,1,2,0,33.6,40.4,4.8,73,4.2,No,No,0,None,NotPlaced
1841,Male,CSE,7.7,0,57,65,1,1,0,35.6,36.0,0.8,69,3.8,No,No,0,None,NotPlaced
1842,Male,EEE,7.3,1,60,65,0,1,1,25.5,19.7,1.4,74,3.8,No,Yes,0,None,NotPlaced
1843,Male,Mechanical,7.9,0,58,75,1,2,0,55.8,50.9,4.6,84,4.1,No,Yes,1,Tier3,Placed
1844,Male,ECE,8.8,0,72,76,2,3,3,72.6,62.2,5.5,90,4.8,Yes,Yes,2,Tier2,Placed
1845,Female,Civil,6.7,1,65,68,1,1,2,20.0,23.8,2.1,78,4.3,No,No,0,None,NotPlaced
1846,Male,CSE,8.4,0,57,65,2,3,0,72.9,57.4,7.0,79,4.6,Yes,No,0,None,NotPlaced
1847,Male,Mechanical,8.2,0,76,83,2,3,0,69.6,57.2,4.4,90,4.8,Yes,Yes,4,Tier1,Placed
1848,Male,EEE,7.8,0,87,84,2,3,1,65.5,46.7,6.5,90,4.6,Yes,No,3,Tier2,Placed
1849,Female,IT,6.5,0,58,67,1,1,0,20.0,39.2,2.3,60,3.6,No,No,0,None,NotPlaced
1850,Male,Civil,7.6,0,73,62,1,1,0,35.5,32.9,1.8,76,4.6,No,No,0,None,NotPlaced
1851,Male,IT,7.8,0,60,76,1,1,0,40.5,40.5,2.5,86,4.0,Yes,Yes,3,Tier2,Placed
1852,Female,Mechanical,7.4,0,74,86,1,3,2,48.7,38.6,7.2,70,4.7,Yes,Yes,0,None,NotPlaced
1853,Female,Mechanical,7.6,0,60,68,1,2,0,35.7,38.0,5.0,69,4.4,No,Yes,0,None,NotPlaced
1854,Female,Mechanical,6.7,0,56,67,1,2,1,24.2,13.2,5.5,74,4.1,Yes,Yes,2,Tier3,Placed
1855,Female,EEE,7.3,0,76,81,1,2,2,38.2,20.3,4.2,84,4.4,Yes,Yes,2,Tier2,Placed
1856,Male,CSE,7.4,1,70,64,1,2,0,41.3,35.0,3.5,70,4.5,Yes,Yes,3,Tier2,Placed
1857,Female,ECE,6.5,0,55,66,1,1,0,20.0,36.7,3.5,70,4.7,Yes,Yes,4,Tier1,Placed
1858,Male,ECE,6.5,1,75,67,2,3,0,27.7,37.2,5.8,90,4.6,Yes,Yes,3,Tier2,Placed
1859,Female,EEE,7.7,0,65,63,1,1,1,35.8,25.2,1.5,73,4.3,No,No,0,None,NotPlaced
1860,Female,Mechanical,6.6,0,59,70,1,2,0,32.8,34.1,4.2,78,4.4,No,No,0,None,NotPlaced
1861,Female,Mechanical,8.1,0,71,81,1,3,0,56.9,42.8,7.1,90,4.6,No,Yes,4,Tier1,Placed
1862,Female,CSE,7.4,0,59,65,1,1,1,36.9,35.5,3.3,69,4.2,No,Yes,0,None,NotPlaced
1863,Male,EEE,7.9,0,59,65,0,1,1,43.9,41.4,2.1,74,4.4,No,No,0,None,NotPlaced
1864,Male,Civil,6.6,2,57,72,1,1,0,20.0,27.5,1.5,68,4.6,No,No,0,None,NotPlaced
1865,Female,EEE,8.4,0,82,81,2,3,2,68.6,43.6,5.8,90,4.8,Yes,No,1,Tier3,Placed
1866,Female,CSE,6.7,2,55,66,0,2,0,22.6,13.2,6.0,83,4.0,No,Yes,0,None,NotPlaced
1867,Male,CSE,7.7,0,55,74,1,1,0,38.0,31.8,1.7,65,3.0,No,No,0,None,NotPlaced
1868,Male,CSE,6.7,0,57,62,1,1,0,20.0,12.9,2.7,80,3.5,No,No,0,None,NotPlaced
1869,Male,EEE,7.4,0,61,68,1,1,1,27.7,17.3,2.2,75,3.7,No,No,0,None,NotPlaced
1870,Female,ECE,8.7,0,75,86,2,3,2,80.3,66.5,6.5,90,4.6,Yes,Yes,2,Tier2,Placed
1871,Female,Civil,8.0,0,77,85,2,3,0,68.7,47.7,6.5,77,4.8,Yes,Yes,0,None,NotPlaced
1872,Male,IT,7.6,0,58,70,1,2,1,41.4,53.1,2.6,67,4.1,No,No,0,None,NotPlaced
1873,Male,ECE,6.9,0,79,78,1,3,1,36.7,28.4,8.1,78,4.4,Yes,Yes,0,None,NotPlaced
1874,Female,ECE,8.2,0,89,87,2,3,2,71.3,55.8,6.9,90,4.8,Yes,Yes,2,Tier3,Placed
1875,Female,Mechanical,6.5,0,76,83,0,3,2,23.1,26.3,8.4,86,4.6,Yes,Yes,0,None,NotPlaced
1876,Male,Mechanical,7.7,0,56,85,2,1,1,40.5,23.5,2.6,80,4.7,Yes,Yes,2,Tier3,Placed
1877,Male,EEE,7.8,0,59,69,1,2,0,43.2,40.6,4.7,70,3.8,Yes,Yes,0,None,NotPlaced
1878,Male,ECE,7.4,0,71,65,0,1,1,22.1,25.5,1.9,81,3.5,Yes,Yes,0,None,NotPlaced
1879,Male,EEE,6.8,2,79,61,2,1,2,37.3,30.8,2.7,83,4.7,Yes,No,0,None,NotPlaced
1880,Male,Mechanical,8.3,0,76,70,2,1,2,53.0,45.8,1.8,72,4.0,Yes,Yes,0,None,NotPlaced
1881,Female,ECE,7.2,0,55,62,0,1,0,28.8,30.2,2.4,73,3.7,No,No,0,None,NotPlaced
1882,Female,CSE,7.9,0,74,70,0,2,0,52.4,56.0,5.1,87,4.4,Yes,Yes,2,Tier2,Placed
1883,Male,CSE,7.7,1,55,74,1,1,1,36.1,52.3,3.5,78,3.3,No,No,0,None,NotPlaced
1884,Female,CSE,7.4,0,57,66,1,1,0,32.8,20.7,0.5,69,4.4,No,No,0,None,NotPlaced
1885,Male,EEE,8.2,0,85,78,2,3,2,68.5,45.7,8.2,90,4.8,Yes,No,2,Tier2,Placed
1886,Male,CSE,7.7,0,56,72,1,2,0,36.9,34.3,3.0,85,3.7,No,Yes,0,None,NotPlaced
1887,Male,IT,7.4,0,83,80,1,2,0,31.2,12.4,5.3,80,4.2,Yes,Yes,1,Tier3,Placed
1888,Male,IT,8.1,0,84,86,2,3,2,66.2,59.6,5.9,90,4.8,Yes,Yes,3,Tier2,Placed
1889,Female,EEE,7.3,1,56,71,0,2,0,29.9,29.1,4.2,81,4.2,No,Yes,0,None,NotPlaced
1890,Female,ECE,6.5,0,84,71,1,1,0,22.5,25.3,0.0,74,4.0,No,Yes,0,None,NotPlaced
1891,Male,ECE,8.3,1,55,67,0,1,3,42.8,34.5,1.3,77,4.0,No,Yes,0,None,NotPlaced
1892,Male,CSE,7.7,0,79,80,1,2,2,54.8,47.2,5.1,75,4.7,Yes,Yes,0,None,NotPlaced
1893,Female,CSE,8.1,1,71,83,0,1,0,37.6,37.6,4.8,83,4.2,Yes,Yes,0,None,NotPlaced
1894,Male,ECE,8.2,0,56,65,1,1,1,56.6,47.6,0.0,71,3.5,No,No,0,None,NotPlaced
1895,Male,IT,7.5,0,60,68,0,1,0,30.5,16.5,2.0,66,4.3,No,No,0,None,NotPlaced
1896,Female,IT,8.6,0,55,83,2,1,0,62.8,53.2,2.5,87,4.4,Yes,Yes,4,Tier1,Placed
1897,Male,CSE,7.5,0,80,63,1,3,2,46.4,54.1,5.1,75,4.5,Yes,Yes,2,Tier2,Placed
1898,Male,Mechanical,8.2,0,67,62,1,1,0,49.9,43.2,0.9,71,3.8,No,No,0,None,NotPlaced
1899,Male,EEE,6.9,0,73,88,1,3,1,45.5,40.5,6.5,84,4.4,Yes,Yes,2,Tier2,Placed
1900,Female,CSE,6.5,0,59,66,0,1,0,20.0,33.3,2.5,76,4.3,No,No,0,None,NotPlaced
1901,Male,CSE,8.4,0,71,82,1,1,0,49.3,36.4,3.1,87,4.8,Yes,Yes,0,None,NotPlaced
1902,Male,Civil,8.2,0,61,73,1,3,1,61.8,56.9,4.7,72,3.9,No,Yes,0,None,NotPlaced
1903,Female,ECE,7.7,1,58,75,0,1,1,40.1,30.8,0.2,78,4.1,No,No,0,None,NotPlaced
1904,Male,IT,8.4,0,79,86,2,3,2,76.3,70.2,7.4,90,4.8,Yes,Yes,3,Tier2,Placed
1905,Female,EEE,8.4,0,73,84,1,3,2,74.2,66.4,6.8,90,4.6,Yes,Yes,3,Tier1,Placed
1906,Male,EEE,7.7,0,82,87,2,3,2,59.6,46.4,8.6,89,4.8,Yes,Yes,3,Tier1,Placed
1907,Female,EEE,7.7,0,59,65,1,3,1,53.2,42.7,6.6,84,4.7,Yes,No,0,None,NotPlaced
1908,Male,IT,7.6,0,58,61,1,1,1,37.1,40.3,3.1,72,3.3,No,Yes,0,None,NotPlaced
1909,Male,ECE,6.7,0,55,67,1,2,0,30.4,13.2,5.5,75,4.8,Yes,Yes,1,Tier3,Placed
1910,Male,CSE,6.5,1,71,73,1,2,1,20.0,17.3,5.8,76,4.4,Yes,Yes,2,Tier3,Placed
1911,Male,Mechanical,7.5,0,56,66,1,1,0,39.8,38.6,2.4,64,3.4,No,No,0,None,NotPlaced
1912,Female,EEE,7.1,0,62,88,1,3,0,42.8,34.8,7.5,81,4.2,Yes,Yes,1,Tier3,Placed
1913,Female,CSE,7.8,1,59,71,0,3,0,38.0,35.2,4.7,84,3.8,Yes,Yes,0,None,NotPlaced
1914,Male,Civil,6.5,0,80,82,1,1,3,20.0,5.5,2.8,87,4.2,Yes,Yes,2,Tier2,Placed
1915,Male,Mechanical,7.5,0,81,83,0,3,1,37.6,26.3,6.3,76,4.4,Yes,Yes,3,Tier2,Placed
1916,Female,Civil,8.3,0,78,82,2,3,2,74.3,65.3,8.3,87,4.6,Yes,Yes,3,Tier1,Placed
1917,Female,Mechanical,8.1,0,83,72,1,1,2,49.5,36.7,2.0,90,4.8,Yes,Yes,3,Tier2,Placed
1918,Male,Civil,7.5,1,70,80,2,3,2,55.6,35.6,6.7,79,4.4,Yes,Yes,1,Tier3,Placed
1919,Male,IT,7.4,0,61,57,2,1,3,38.7,41.5,2.8,66,3.9,No,No,0,None,NotPlaced
1920,Male,EEE,8.2,0,70,84,0,3,2,63.5,56.7,7.3,90,4.8,Yes,Yes,4,Tier1,Placed
1921,Female,EEE,8.1,0,67,59,0,3,0,53.5,35.0,7.2,69,4.1,Yes,No,0,None,NotPlaced
1922,Male,CSE,8.6,0,87,68,1,3,0,75.0,61.0,8.1,82,4.8,Yes,Yes,0,None,NotPlaced
1923,Male,CSE,6.5,0,77,73,1,2,1,26.8,17.3,5.3,78,4.4,Yes,Yes,0,None,NotPlaced
1924,Male,Civil,6.5,0,61,69,1,2,0,29.8,25.9,4.5,70,3.7,Yes,Yes,0,None,NotPlaced
1925,Female,IT,7.4,0,55,66,1,1,1,25.5,26.3,0.7,78,4.3,No,Yes,0,None,NotPlaced
1926,Male,Mechanical,6.9,0,68,64,1,2,1,31.0,22.3,4.5,78,4.5,No,Yes,2,Tier2,Placed
1927,Male,CSE,7.7,0,86,87,2,2,2,45.2,45.1,3.2,84,3.9,No,Yes,3,Tier2,Placed
1928,Male,CSE,8.1,0,81,85,2,3,2,61.0,58.0,6.8,90,4.8,Yes,Yes,2,Tier2,Placed
1929,Male,IT,7.9,0,73,66,2,1,2,47.8,43.5,3.1,88,3.6,No,No,0,None,NotPlaced
1930,Male,CSE,8.3,0,83,87,2,3,2,70.4,60.7,6.8,90,4.8,Yes,Yes,3,Tier2,Placed
1931,Male,ECE,8.4,0,72,82,2,3,2,77.7,50.9,6.6,90,4.8,Yes,Yes,3,Tier2,Placed
1932,Male,EEE,6.9,2,76,85,1,3,2,35.3,43.7,6.7,90,4.8,Yes,Yes,3,Tier2,Placed
1933,Male,CSE,8.2,0,56,81,0,1,0,41.3,35.0,2.7,76,4.4,Yes,Yes,0,None,NotPlaced
1934,Male,CSE,8.5,0,58,85,1,3,0,70.1,49.1,6.0,84,4.7,Yes,Yes,1,Tier3,Placed
1935,Female,IT,8.4,0,80,84,2,3,2,67.7,56.7,8.7,90,4.8,Yes,Yes,2,Tier3,Placed
1936,Female,IT,7.2,0,83,82,2,2,2,36.4,38.6,4.5,79,4.4,Yes,Yes,2,Tier3,Placed
1937,Male,ECE,8.6,0,79,78,2,3,2,81.6,69.2,7.8,89,4.8,Yes,No,2,Tier2,Placed
1938,Female,IT,7.6,0,70,70,2,2,1,45.3,31.1,4.0,90,4.7,Yes,Yes,0,None,NotPlaced
1939,Male,CSE,7.6,0,59,69,0,1,0,35.9,37.2,3.5,67,4.3,Yes,Yes,0,None,NotPlaced
1940,Male,ECE,7.5,1,58,65,0,2,0,39.0,33.0,4.2,69,3.7,No,No,0,None,NotPlaced
1941,Male,CSE,7.6,0,58,69,1,1,0,27.3,29.1,2.0,66,4.1,No,Yes,0,None,NotPlaced
1942,Male,CSE,6.6,1,67,83,1,3,2,33.7,25.3,7.2,90,4.8,Yes,Yes,0,None,NotPlaced
1943,Female,CSE,7.6,0,61,83,0,1,0,32.6,38.5,3.4,81,3.9,Yes,Yes,3,Tier1,Placed
1944,Female,Mechanical,8.3,0,76,86,1,3,2,67.1,56.1,6.8,85,4.1,Yes,Yes,4,Tier1,Placed
1945,Female,Civil,6.5,1,55,67,0,1,1,20.0,30.8,1.8,81,4.0,No,Yes,0,None,NotPlaced
1946,Male,EEE,8.4,0,73,81,2,3,2,67.3,42.8,7.6,89,4.8,Yes,Yes,0,None,NotPlaced
1947,Male,ECE,6.5,2,55,74,1,1,1,20.0,8.2,0.9,60,4.0,No,No,0,None,NotPlaced
1948,Male,CSE,8.1,0,83,88,2,3,0,65.5,52.0,5.7,90,4.8,Yes,Yes,2,Tier2,Placed
1949,Male,ECE,7.3,0,57,68,0,1,0,20.0,33.4,2.2,85,4.4,No,No,0,None,NotPlaced
1950,Male,EEE,7.7,0,56,65,1,1,1,39.3,50.3,0.0,79,4.3,No,No,0,None,NotPlaced
1951,Male,Civil,7.5,0,82,74,1,1,0,29.3,20.3,1.3,77,4.2,Yes,Yes,0,None,NotPlaced
1952,Male,CSE,8.0,0,80,79,1,1,2,38.3,34.4,4.8,80,4.7,Yes,Yes,0,None,NotPlaced
1953,Male,CSE,7.8,0,85,84,0,2,0,40.1,37.1,6.5,86,4.1,Yes,Yes,0,None,NotPlaced
1954,Female,ECE,8.5,0,81,85,2,3,2,70.7,63.3,6.4,90,4.8,Yes,Yes,2,Tier2,Placed
1955,Female,Mechanical,6.5,0,55,68,0,2,1,20.0,28.0,6.0,77,4.1,Yes,No,0,None,NotPlaced
1956,Female,EEE,7.8,0,59,86,1,1,1,43.0,29.0,4.0,87,4.2,Yes,Yes,1,Tier3,Placed
1957,Male,ECE,7.7,1,71,85,1,1,0,36.4,33.1,2.5,79,4.3,No,Yes,3,Tier2,Placed
1958,Male,Civil,7.7,0,55,65,0,1,0,38.3,17.3,1.9,73,3.6,No,No,0,None,NotPlaced
1959,Male,ECE,7.5,0,64,61,1,1,0,28.7,33.6,2.6,78,3.3,No,No,0,None,NotPlaced
1960,Female,Civil,6.5,2,65,82,2,1,2,20.0,19.0,3.8,86,4.7,Yes,No,2,Tier2,Placed
1961,Male,Civil,8.3,0,84,64,2,3,0,70.7,46.8,7.6,77,4.1,Yes,Yes,0,None,NotPlaced
1962,Male,EEE,7.8,0,81,79,1,2,0,56.3,50.2,3.5,90,4.0,Yes,Yes,0,None,NotPlaced
1963,Female,IT,8.4,0,79,84,2,3,2,74.7,57.4,9.0,90,4.8,Yes,Yes,1,Tier3,Placed
1964,Male,CSE,7.6,0,55,60,1,2,0,59.1,57.8,6.4,70,3.9,No,Yes,0,None,NotPlaced
1965,Male,ECE,6.8,1,64,63,0,2,0,23.7,16.0,3.1,73,4.3,Yes,Yes,1,Tier3,Placed
1966,Male,ECE,6.8,2,55,70,0,1,0,20.0,38.1,2.5,70,3.3,No,No,0,None,NotPlaced
1967,Male,Mechanical,6.6,0,58,63,1,1,1,20.0,27.3,4.0,72,4.0,No,No,0,None,NotPlaced
1968,Male,CSE,6.5,1,72,70,0,1,0,20.0,32.0,3.0,86,3.9,No,No,0,None,NotPlaced
1969,Male,IT,6.5,2,83,74,0,1,0,20.0,12.9,4.0,79,4.2,Yes,Yes,2,Tier3,Placed
1970,Male,EEE,7.8,0,57,67,1,1,0,37.0,46.1,0.6,66,4.6,No,No,0,None,NotPlaced
1971,Male,CSE,7.6,0,78,81,0,1,2,29.3,18.3,3.8,83,4.8,Yes,Yes,2,Tier2,Placed
1972,Female,IT,7.7,0,68,73,1,2,2,44.7,36.4,5.2,75,4.6,Yes,No,3,Tier1,Placed
1973,Male,IT,8.2,1,65,70,1,1,0,46.1,49.5,3.8,75,4.1,Yes,No,0,None,NotPlaced
1974,Male,EEE,6.5,2,60,74,1,1,0,23.4,28.1,1.0,85,3.7,No,No,0,None,NotPlaced
1975,Male,CSE,6.5,1,55,71,1,1,1,20.0,9.8,0.9,64,4.0,No,No,0,None,NotPlaced
1976,Female,Mechanical,8.2,0,84,85,2,3,2,68.8,65.3,6.9,90,4.8,Yes,Yes,3,Tier2,Placed
1977,Male,IT,8.1,0,68,83,0,3,2,54.0,48.0,6.6,83,4.6,Yes,No,3,Tier2,Placed
1978,Male,Mechanical,7.9,0,76,80,1,2,0,52.9,41.8,4.8,90,4.8,Yes,Yes,3,Tier2,Placed
1979,Female,ECE,7.3,2,56,71,1,1,1,29.9,14.9,1.5,70,3.8,No,No,0,None,NotPlaced
1980,Female,CSE,8.3,0,82,72,2,3,0,68.6,59.4,6.8,88,4.8,Yes,Yes,0,None,NotPlaced
1981,Male,CSE,8.4,0,73,82,1,3,2,57.4,46.8,6.3,88,4.5,Yes,Yes,1,Tier3,Placed
1982,Female,CSE,7.3,0,79,71,1,3,0,46.2,41.6,6.0,89,3.8,No,No,0,None,NotPlaced
1983,Male,ECE,7.7,0,57,63,1,2,1,43.5,24.0,3.6,69,4.1,Yes,No,0,None,NotPlaced
1984,Male,CSE,8.3,0,75,69,1,1,0,48.7,38.0,2.5,81,4.7,No,No,0,None,NotPlaced
1985,Male,IT,7.6,0,58,81,2,1,1,34.1,34.6,2.3,76,3.5,No,Yes,0,None,NotPlaced
1986,Male,ECE,8.0,0,55,64,1,1,2,50.2,56.9,1.7,75,3.6,Yes,Yes,0,None,NotPlaced
1987,Female,CSE,7.7,1,55,66,2,2,1,54.3,42.8,5.3,71,4.4,No,Yes,0,None,NotPlaced
1988,Male,CSE,7.5,0,55,68,0,2,1,43.2,47.8,3.2,67,4.4,No,Yes,0,None,NotPlaced
1989,Male,EEE,8.4,0,78,83,2,3,1,77.7,68.3,8.2,85,4.4,Yes,Yes,3,Tier1,Placed
1990,Female,Civil,6.6,1,69,68,0,2,1,21.0,23.6,4.3,78,4.5,No,No,0,None,NotPlaced
1991,Female,CSE,6.6,1,57,62,1,1,1,20.0,13.6,3.0,85,4.0,No,Yes,2,Tier3,Placed
1992,Male,CSE,6.5,0,55,61,1,1,1,22.2,13.7,2.2,66,3.7,No,Yes,0,None,NotPlaced
1993,Male,Civil,7.0,0,79,63,0,2,0,21.4,25.9,4.6,66,4.3,No,Yes,3,Tier2,Placed
1994,Male,CSE,7.6,0,72,68,2,1,0,38.7,29.8,3.0,77,4.2,No,Yes,4,Tier1,Placed
1995,Female,Civil,7.7,0,55,64,0,1,0,35.5,25.8,3.9,65,4.3,No,Yes,0,None,NotPlaced
1996,Female,CSE,6.5,0,75,74,0,3,0,27.8,24.6,8.1,73,4.6,Yes,Yes,3,Tier2,Placed
1997,Female,Mechanical,7.7,0,66,72,1,2,0,47.9,39.3,5.4,79,4.1,Yes,Yes,0,None,NotPlaced
1998,Male,IT,8.1,0,86,88,2,3,0,64.0,59.8,5.7,87,4.4,Yes,Yes,4,Tier1,Placed
1999,Male,Mechanical,7.5,0,61,67,1,1,1,30.0,23.5,0.6,73,4.7,Yes,No,0,None,NotPlaced
2000,Male,IT,8.0,0,82,86,2,3,2,76.7,68.2,6.9,90,4.7,Yes,Yes,3,Tier2,Placed
2001,Male,ECE,7.7,0,88,79,2,1,0,41.8,38.6,2.3,65,3.8,Yes,No,0,None,NotPlaced
2002,Male,CSE,8.1,0,75,75,1,2,0,52.2,30.6,4.3,83,4.6,Yes,Yes,0,None,NotPlaced
2003,Female,CSE,8.2,0,72,81,1,2,2,51.4,45.0,4.9,74,4.4,Yes,Yes,3,Tier2,Placed
2004,Male,Mechanical,7.3,0,77,74,1,2,2,38.2,12.1,5.7,75,4.6,Yes,Yes,1,Tier3,Placed
2005,Male,ECE,6.7,1,59,66,1,2,0,26.0,17.9,4.4,76,4.8,Yes,Yes,3,Tier2,Placed
2006,Female,Mechanical,8.0,0,72,88,1,3,3,58.9,53.0,7.9,90,4.6,Yes,Yes,2,Tier2,Placed
2007,Male,ECE,7.3,0,58,60,1,1,0,30.9,27.8,3.0,69,3.9,Yes,Yes,0,None,NotPlaced
2008,Female,Mechanical,8.2,0,73,67,1,3,2,71.8,43.2,7.0,79,4.0,Yes,Yes,0,None,NotPlaced
2009,Male,IT,8.5,0,85,88,2,3,0,71.0,47.6,8.9,76,4.8,Yes,Yes,2,Tier2,Placed
2010,Male,Civil,8.1,0,78,77,2,3,2,66.2,33.6,7.2,90,3.7,Yes,Yes,4,Tier1,Placed
2011,Male,Civil,7.2,2,73,70,0,1,1,20.0,9.8,1.9,73,3.4,No,Yes,0,None,NotPlaced
2012,Male,IT,8.1,0,78,88,1,3,2,62.5,56.5,7.5,90,4.8,Yes,Yes,3,Tier2,Placed
2013,Female,Mechanical,6.9,0,73,86,0,2,1,21.2,17.8,6.8,82,4.2,Yes,Yes,1,Tier3,Placed
2014,Male,EEE,7.9,0,57,66,1,2,0,46.4,40.6,5.0,75,3.8,Yes,No,0,None,NotPlaced
2015,Male,IT,6.5,0,60,66,1,2,1,20.0,19.7,4.4,62,4.4,No,Yes,0,None,NotPlaced
2016,Male,ECE,7.7,0,75,86,0,3,2,48.5,41.8,6.9,84,4.8,Yes,Yes,4,Tier1,Placed
2017,Male,CSE,7.6,0,84,63,1,2,0,45.1,45.9,4.9,68,4.3,Yes,Yes,0,None,NotPlaced
2018,Female,EEE,8.9,0,82,88,2,3,2,91.3,70.4,6.5,90,4.8,Yes,Yes,4,Tier1,Placed
2019,Male,CSE,8.0,1,71,88,0,3,2,56.3,54.8,6.4,90,4.7,Yes,Yes,3,Tier1,Placed
2020,Female,CSE,7.4,0,79,83,1,3,2,44.8,19.6,8.7,90,4.8,Yes,Yes,1,Tier3,Placed
2021,Female,ECE,7.4,0,58,67,1,1,1,24.2,32.1,1.4,70,3.2,No,Yes,0,None,NotPlaced
2022,Male,EEE,6.9,0,65,82,1,1,2,20.0,10.7,1.5,78,4.6,Yes,Yes,0,None,NotPlaced
2023,Female,Mechanical,8.1,0,55,73,2,1,0,43.5,29.2,2.1,82,4.4,No,No,0,None,NotPlaced
2024,Male,Civil,8.3,0,68,83,2,3,0,79.4,58.0,8.0,90,4.8,Yes,Yes,1,Tier3,Placed
2025,Male,ECE,6.5,0,57,71,1,2,0,22.4,32.0,5.2,85,3.4,No,Yes,0,None,NotPlaced
2026,Male,CSE,7.7,0,56,83,2,3,1,55.1,39.4,4.8,88,4.3,No,Yes,0,None,NotPlaced
2027,Female,Mechanical,7.3,0,61,67,1,1,0,24.2,18.0,4.1,70,3.7,Yes,Yes,0,None,NotPlaced
2028,Female,EEE,7.4,0,88,84,0,3,2,37.7,25.4,9.1,75,4.3,Yes,Yes,2,Tier2,Placed
2029,Male,IT,8.2,0,74,87,2,3,2,65.0,55.6,6.3,89,4.8,Yes,Yes,3,Tier2,Placed
2030,Female,IT,7.6,2,55,64,1,1,0,41.6,41.7,1.8,74,4.1,No,Yes,0,None,NotPlaced
2031,Male,ECE,6.8,0,63,67,1,1,0,20.0,33.4,0.8,64,4.2,No,Yes,0,None,NotPlaced
2032,Male,IT,8.4,0,55,84,1,3,0,59.8,68.9,8.9,87,4.1,Yes,No,0,None,NotPlaced
2033,Male,EEE,8.3,0,77,88,2,3,2,81.6,70.3,5.5,89,4.6,Yes,Yes,2,Tier2,Placed
2034,Female,ECE,6.9,2,55,71,1,1,1,20.0,23.0,1.6,67,4.5,No,Yes,0,None,NotPlaced
2035,Male,Mechanical,8.2,0,73,73,1,2,2,52.0,34.4,5.8,86,4.2,Yes,Yes,0,None,NotPlaced
2036,Male,ECE,6.5,1,85,64,0,1,1,20.0,35.8,1.3,73,3.5,No,No,0,None,NotPlaced
2037,Male,CSE,7.7,0,66,82,1,1,1,39.1,36.5,2.0,82,4.6,Yes,Yes,0,None,NotPlaced
2038,Male,Mechanical,7.8,0,55,69,0,3,1,47.7,37.9,5.9,76,3.8,No,Yes,0,None,NotPlaced
2039,Male,ECE,8.3,0,83,87,1,3,1,58.8,52.4,9.4,90,4.8,Yes,Yes,2,Tier3,Placed
2040,Male,CSE,7.5,0,62,63,1,3,1,44.2,33.0,6.7,79,3.8,Yes,Yes,3,Tier2,Placed
2041,Female,ECE,7.9,0,55,59,1,2,0,44.5,18.6,3.8,68,3.7,No,No,0,None,NotPlaced
2042,Male,IT,7.8,0,55,64,1,1,1,39.0,38.1,0.9,69,4.1,No,No,0,None,NotPlaced
2043,Male,EEE,7.6,0,61,71,0,1,0,31.0,38.1,2.4,63,4.4,No,Yes,4,Tier1,Placed
2044,Male,ECE,7.4,0,58,73,1,3,1,46.3,42.4,6.9,61,4.8,No,No,0,None,NotPlaced
2045,Female,EEE,7.8,0,70,74,0,2,0,41.8,37.2,4.4,89,3.9,Yes,Yes,0,None,NotPlaced
2046,Female,CSE,7.5,0,64,66,0,1,1,22.7,22.3,2.5,70,4.3,No,No,0,None,NotPlaced
2047,Male,ECE,6.6,0,55,67,1,1,0,20.0,21.7,1.4,70,4.1,No,No,0,None,NotPlaced
2048,Female,Civil,7.6,0,55,61,0,1,0,36.4,32.1,0.1,61,3.8,No,Yes,0,None,NotPlaced
2049,Male,EEE,8.6,0,75,88,2,3,1,75.2,60.3,7.5,90,4.8,Yes,Yes,4,Tier1,Placed
2050,Male,CSE,7.5,0,82,68,0,2,1,35.1,31.8,6.1,78,3.8,No,Yes,0,None,NotPlaced
2051,Male,CSE,8.1,0,86,65,0,3,0,56.4,59.5,4.8,84,3.3,No,No,0,None,NotPlaced
2052,Male,IT,7.6,0,55,63,0,1,1,35.6,35.4,2.2,75,4.2,No,Yes,0,None,NotPlaced
2053,Male,ECE,7.7,0,59,58,1,1,1,32.5,29.0,3.3,60,3.6,No,No,0,None,NotPlaced
2054,Female,EEE,8.0,0,72,85,2,3,2,71.3,62.7,6.9,83,4.6,Yes,Yes,2,Tier2,Placed
2055,Female,EEE,8.3,0,78,87,2,3,2,72.1,63.8,5.6,90,4.8,Yes,Yes,2,Tier2,Placed
2056,Female,ECE,7.8,0,64,61,0,1,0,34.1,37.2,2.0,64,3.9,No,No,0,None,NotPlaced
2057,Male,EEE,8.0,0,77,68,1,3,0,65.1,46.2,7.5,74,3.8,No,Yes,0,None,NotPlaced
2058,Male,IT,8.4,0,74,88,2,3,2,66.1,50.5,6.5,90,4.8,Yes,Yes,2,Tier2,Placed
2059,Female,CSE,8.7,0,80,86,2,3,2,80.6,58.0,7.2,90,4.8,Yes,Yes,2,Tier2,Placed
2060,Male,ECE,8.4,0,82,75,0,3,2,64.2,58.9,5.9,87,4.8,Yes,No,2,Tier2,Placed
2061,Male,Civil,7.1,0,55,61,1,1,0,20.3,27.1,1.9,79,3.8,No,No,0,None,NotPlaced
2062,Male,EEE,8.1,0,84,82,1,2,0,55.3,35.5,5.4,78,4.2,Yes,Yes,3,Tier2,Placed
2063,Female,ECE,8.4,0,85,88,1,3,2,68.4,59.1,7.1,90,4.7,Yes,Yes,3,Tier2,Placed
2064,Male,ECE,8.8,0,77,87,0,3,2,69.1,67.4,6.6,89,4.5,Yes,Yes,1,Tier3,Placed
2065,Male,Mechanical,7.5,0,65,86,2,2,1,50.3,40.1,5.4,75,4.2,Yes,Yes,0,None,NotPlaced
2066,Female,IT,7.7,0,55,61,1,2,1,42.1,38.2,4.7,69,4.5,No,Yes,0,None,NotPlaced
2067,Male,IT,7.5,0,56,66,0,2,1,37.4,39.3,5.7,81,4.1,Yes,No,0,None,NotPlaced
2068,Male,Civil,7.9,1,81,63,0,3,1,51.3,32.3,6.7,77,4.7,Yes,No,0,None,NotPlaced
2069,Male,Mechanical,7.5,1,73,87,1,3,0,45.9,40.8,6.4,83,4.8,Yes,Yes,2,Tier2,Placed
2070,Male,CSE,8.6,0,81,88,1,3,0,73.5,69.5,9.0,87,4.7,Yes,Yes,3,Tier2,Placed
2071,Female,IT,8.3,0,76,85,0,3,2,59.0,44.7,7.1,90,4.7,Yes,Yes,4,Tier1,Placed
2072,Male,IT,7.6,1,80,71,0,2,1,30.6,34.3,3.7,69,4.8,No,No,0,None,NotPlaced
2073,Male,CSE,6.7,0,57,70,1,1,0,20.0,21.5,1.5,81,4.6,Yes,Yes,2,Tier2,Placed
2074,Female,Civil,7.6,0,80,57,0,1,0,33.9,24.9,1.1,73,4.7,No,No,0,None,NotPlaced
2075,Female,ECE,6.5,1,64,65,0,1,0,20.0,20.5,1.4,81,4.1,No,Yes,0,None,NotPlaced
2076,Female,Mechanical,7.9,0,84,82,2,3,2,63.4,48.3,7.4,90,4.5,Yes,No,1,Tier3,Placed
2077,Male,CSE,8.4,0,82,87,0,3,2,62.3,44.6,6.6,90,4.7,Yes,Yes,2,Tier2,Placed
2078,Male,ECE,6.9,0,58,58,1,1,0,20.0,18.8,2.0,76,4.5,No,No,1,Tier3,Placed
2079,Female,CSE,7.8,1,84,76,2,3,2,69.8,56.8,5.6,82,4.6,Yes,No,0,None,NotPlaced
2080,Female,Mechanical,7.3,0,67,65,1,1,0,29.9,26.3,3.4,74,4.5,No,No,0,None,NotPlaced
2081,Male,EEE,6.8,2,55,65,0,2,1,25.8,22.8,3.3,76,4.0,No,Yes,0,None,NotPlaced
2082,Male,ECE,7.6,0,69,86,0,2,0,39.4,36.9,5.2,84,4.5,Yes,Yes,3,Tier2,Placed
2083,Male,CSE,7.4,0,86,69,1,1,1,29.8,32.5,1.5,82,4.3,No,Yes,0,None,NotPlaced
2084,Female,CSE,8.7,0,78,87,1,2,2,64.9,43.8,3.7,84,4.3,No,No,0,None,NotPlaced
2085,Male,CSE,8.0,0,78,79,2,1,0,55.3,43.4,2.2,74,4.6,Yes,Yes,4,Tier1,Placed
2086,Male,IT,7.9,0,63,59,0,3,2,57.4,32.4,6.3,89,4.5,No,No,3,Tier2,Placed
2087,Male,ECE,7.8,0,79,87,2,3,2,69.8,55.7,6.0,90,4.8,Yes,Yes,3,Tier2,Placed
2088,Female,ECE,7.8,1,79,70,1,2,0,48.1,41.8,4.3,77,4.2,No,Yes,2,Tier2,Placed
2089,Female,EEE,6.8,0,65,58,1,1,1,20.0,25.6,1.9,78,4.0,No,No,0,None,NotPlaced
2090,Male,ECE,8.7,0,60,75,1,1,2,54.8,46.8,3.6,80,3.8,Yes,Yes,0,None,NotPlaced
2091,Female,CSE,7.7,0,73,86,1,2,2,39.1,39.5,5.7,86,4.8,Yes,Yes,3,Tier1,Placed
2092,Female,CSE,7.6,0,55,74,1,1,1,38.8,34.6,1.7,77,4.0,No,Yes,3,Tier2,Placed
2093,Male,CSE,7.7,0,55,69,1,2,0,42.1,32.0,4.4,88,4.5,No,Yes,0,None,NotPlaced
2094,Male,Mechanical,6.7,0,79,68,2,3,2,22.7,14.4,5.6,83,4.0,No,No,1,Tier3,Placed
2095,Male,ECE,7.7,1,60,63,1,1,0,49.3,39.8,3.3,82,4.3,No,Yes,0,None,NotPlaced
2096,Female,CSE,8.2,0,78,82,0,2,2,47.1,34.3,4.6,83,4.8,Yes,Yes,1,Tier3,Placed
2097,Male,CSE,8.2,0,75,68,2,2,2,57.1,46.4,4.8,82,4.7,Yes,No,2,Tier2,Placed
2098,Male,Mechanical,6.9,1,74,67,2,3,0,50.4,38.5,6.5,80,4.4,Yes,Yes,0,None,NotPlaced
2099,Female,EEE,8.1,0,74,80,1,3,2,55.0,50.0,6.3,90,4.3,Yes,Yes,0,None,NotPlaced
2100,Male,ECE,8.1,0,66,86,1,3,3,66.7,55.1,9.0,89,4.8,Yes,Yes,3,Tier2,Placed
2101,Female,ECE,6.7,0,56,66,1,2,0,22.1,25.7,4.5,74,4.0,No,Yes,0,None,NotPlaced
2102,Male,CSE,8.4,0,65,72,1,2,2,52.4,47.1,4.1,77,4.1,No,No,0,None,NotPlaced
2103,Male,Civil,7.9,0,74,82,0,2,2,52.5,43.0,4.5,85,4.2,Yes,No,0,None,NotPlaced
2104,Female,Mechanical,6.5,1,57,68,1,2,0,25.6,23.9,5.1,77,3.5,No,Yes,1,Tier3,Placed
2105,Female,IT,7.5,0,76,71,0,1,1,32.6,33.9,1.5,79,4.4,No,Yes,0,None,NotPlaced
2106,Male,EEE,8.1,0,80,79,2,3,2,67.8,74.7,7.1,85,4.8,Yes,Yes,2,Tier2,Placed
2107,Female,Mechanical,7.3,0,59,66,0,1,1,27.0,16.9,4.2,66,4.7,No,No,0,None,NotPlaced
2108,Female,CSE,8.7,0,82,84,2,3,2,71.8,58.7,6.0,90,4.8,Yes,Yes,3,Tier1,Placed
2109,Male,IT,7.5,0,70,64,1,1,0,33.6,20.3,2.5,70,4.4,No,Yes,0,None,NotPlaced
2110,Female,CSE,8.1,0,77,66,1,1,0,40.4,33.5,3.3,60,3.7,Yes,No,0,None,NotPlaced
2111,Male,CSE,8.7,0,87,88,2,3,2,71.1,52.5,7.5,90,4.8,Yes,Yes,2,Tier2,Placed
2112,Male,EEE,7.5,1,82,82,1,3,0,51.1,42.4,6.7,84,4.1,Yes,Yes,0,None,NotPlaced
2113,Male,CSE,8.7,0,77,82,0,3,1,73.8,60.8,6.4,88,4.8,Yes,No,2,Tier2,Placed
2114,Female,EEE,8.0,0,77,88,2,3,2,62.1,47.7,7.2,90,4.5,Yes,Yes,2,Tier2,Placed
2115,Female,Civil,8.3,0,78,84,0,1,1,42.9,22.7,2.5,77,3.8,Yes,Yes,0,None,NotPlaced
2116,Male,CSE,6.6,2,64,85,0,1,1,20.0,31.8,0.7,71,4.4,Yes,Yes,0,None,NotPlaced
2117,Male,IT,8.3,0,87,88,1,3,2,65.0,60.3,6.2,90,4.8,Yes,Yes,3,Tier1,Placed
2118,Male,EEE,7.8,0,63,58,0,1,0,37.8,32.7,1.7,81,4.2,No,No,0,None,NotPlaced
2119,Male,EEE,8.0,1,76,84,1,1,2,47.0,33.3,1.9,84,4.6,Yes,No,3,Tier2,Placed
2120,Female,Mechanical,6.5,1,56,63,0,2,1,20.0,21.4,4.2,75,3.9,No,Yes,0,None,NotPlaced
2121,Female,IT,7.5,1,66,84,1,2,0,37.9,35.4,4.2,67,4.4,Yes,No,0,None,NotPlaced
2122,Male,IT,7.7,0,64,80,2,3,1,54.7,50.5,7.0,67,4.2,Yes,Yes,0,None,NotPlaced
2123,Female,ECE,8.1,1,76,88,2,2,0,62.0,58.4,7.2,90,4.8,Yes,Yes,0,None,NotPlaced
2124,Male,Civil,6.5,1,56,64,1,1,0,20.0,28.4,3.2,67,3.8,No,No,0,None,NotPlaced
2125,Female,IT,7.1,0,56,65,1,1,0,24.1,9.2,3.6,70,4.1,Yes,Yes,0,None,NotPlaced
2126,Female,Mechanical,7.7,0,79,84,1,3,0,50.9,40.9,8.8,86,4.8,Yes,Yes,3,Tier2,Placed
2127,Male,CSE,8.7,0,73,82,2,3,2,83.8,74.7,6.9,90,4.8,Yes,Yes,4,Tier1,Placed
2128,Male,Civil,7.6,2,70,69,1,2,1,41.2,28.9,4.9,83,3.9,Yes,Yes,3,Tier2,Placed
2129,Female,ECE,8.6,0,55,68,1,2,0,66.7,63.4,2.9,77,4.7,No,Yes,3,Tier2,Placed
2130,Male,IT,7.9,0,88,83,0,3,2,51.3,58.5,8.3,90,4.4,Yes,Yes,3,Tier2,Placed
2131,Male,ECE,8.1,0,78,86,0,2,0,42.8,45.8,7.0,70,4.8,Yes,Yes,3,Tier2,Placed
2132,Male,CSE,8.1,0,86,73,1,2,1,61.1,54.3,5.9,69,4.0,Yes,Yes,3,Tier2,Placed
2133,Male,CSE,8.1,0,55,67,1,1,0,45.6,33.9,3.4,62,3.0,No,No,0,None,NotPlaced
2134,Male,CSE,8.2,0,83,82,2,3,2,64.4,55.4,4.3,90,4.8,Yes,No,2,Tier3,Placed
2135,Female,CSE,8.1,0,79,85,2,2,2,51.0,32.0,7.3,79,4.6,Yes,Yes,0,None,NotPlaced
2136,Female,IT,7.7,0,63,82,0,2,2,33.5,24.7,4.9,83,4.5,Yes,Yes,1,Tier3,Placed
2137,Male,Mechanical,6.5,0,82,71,1,2,1,20.0,14.8,7.4,72,4.6,Yes,Yes,0,None,NotPlaced
2138,Female,ECE,8.0,0,75,85,2,2,2,65.6,54.5,6.7,90,4.8,Yes,Yes,2,Tier2,Placed
2139,Male,CSE,8.4,0,77,85,1,3,0,64.1,49.2,7.8,83,4.8,Yes,Yes,1,Tier3,Placed
2140,Female,Mechanical,6.5,2,74,67,1,0,0,20.0,24.0,0.7,88,4.7,Yes,Yes,3,Tier2,Placed
2141,Female,EEE,7.3,0,59,65,1,1,1,28.3,32.2,2.2,60,4.1,No,No,0,None,NotPlaced
2142,Male,Civil,7.7,0,66,66,1,2,0,39.1,28.7,2.1,78,3.8,No,Yes,0,None,NotPlaced
2143,Female,ECE,8.5,0,83,85,1,3,2,66.6,55.7,7.9,88,4.8,Yes,Yes,3,Tier1,Placed
2144,Male,CSE,6.6,1,64,83,1,2,2,20.0,17.2,2.4,73,3.3,Yes,Yes,4,Tier1,Placed
2145,Male,IT,8.5,1,58,76,0,3,2,59.7,51.1,6.7,87,4.7,Yes,Yes,2,Tier2,Placed
2146,Female,EEE,6.5,0,55,70,1,1,0,20.0,26.3,3.5,76,3.8,No,No,0,None,NotPlaced
2147,Male,CSE,8.5,0,75,88,2,3,1,64.5,60.6,7.7,90,4.7,Yes,Yes,2,Tier2,Placed
2148,Male,CSE,7.0,0,85,82,1,3,1,46.6,45.9,5.5,88,4.8,Yes,Yes,1,Tier3,Placed
2149,Male,CSE,8.2,0,75,88,1,3,0,64.1,55.1,5.7,77,4.5,Yes,Yes,3,Tier2,Placed
2150,Female,IT,6.5,0,66,60,1,1,0,20.0,9.6,1.4,77,4.3,No,No,0,None,NotPlaced
2151,Male,IT,7.5,0,56,66,1,1,1,34.1,23.1,2.1,88,4.8,No,Yes,2,Tier2,Placed
2152,Male,ECE,7.6,0,90,76,1,2,2,38.8,28.4,5.9,87,4.8,Yes,Yes,0,None,NotPlaced
2153,Female,CSE,6.5,2,70,71,1,1,1,20.0,22.3,2.6,60,4.0,No,No,0,None,NotPlaced
2154,Female,EEE,6.6,0,55,70,1,2,1,37.8,22.3,2.9,69,3.6,No,Yes,0,None,NotPlaced
2155,Male,ECE,7.8,2,70,60,1,2,0,47.9,43.6,4.6,82,4.0,No,Yes,0,None,NotPlaced
2156,Male,IT,8.4,0,72,85,2,3,2,69.1,58.6,7.7,90,4.8,Yes,No,2,Tier2,Placed
2157,Male,CSE,7.4,0,84,72,1,2,2,29.3,11.7,5.5,74,4.4,Yes,Yes,0,None,NotPlaced
2158,Male,CSE,7.8,0,55,73,2,2,1,44.5,28.3,6.5,65,4.8,No,Yes,2,Tier3,Placed
2159,Male,IT,7.9,0,61,66,0,2,1,52.3,52.1,5.7,79,4.8,Yes,Yes,0,None,NotPlaced
2160,Female,CSE,7.4,0,69,68,1,1,1,38.5,38.6,3.0,68,4.5,No,No,0,None,NotPlaced
2161,Female,IT,8.4,0,88,83,0,3,2,65.8,47.4,8.9,90,4.8,Yes,Yes,4,Tier1,Placed
2162,Male,EEE,7.4,0,63,65,1,2,0,33.4,21.0,5.9,66,4.7,Yes,Yes,0,None,NotPlaced
2163,Male,ECE,7.8,0,60,71,0,1,0,41.5,14.9,1.4,61,3.8,No,No,0,None,NotPlaced
2164,Female,IT,6.5,0,59,65,1,1,0,20.0,31.9,3.2,68,3.8,No,No,0,None,NotPlaced
2165,Male,IT,7.6,0,60,64,1,2,0,46.3,39.2,3.6,72,4.1,No,Yes,0,None,NotPlaced
2166,Female,EEE,6.8,2,81,83,2,3,3,42.2,52.7,6.0,90,4.8,Yes,Yes,3,Tier2,Placed
2167,Male,Mechanical,8.0,0,72,80,1,2,2,43.5,36.1,4.1,80,4.7,Yes,No,0,None,NotPlaced
2168,Male,EEE,7.9,0,89,85,0,1,2,30.0,31.1,4.2,87,4.7,Yes,Yes,0,None,NotPlaced
2169,Female,IT,8.7,0,79,85,0,3,2,65.4,61.0,7.6,90,4.8,Yes,Yes,1,Tier3,Placed
2170,Male,IT,8.2,0,74,82,1,0,0,42.2,50.2,2.1,84,4.8,Yes,Yes,3,Tier2,Placed
2171,Female,IT,8.5,0,76,87,1,3,2,62.1,54.9,7.6,83,4.8,Yes,Yes,3,Tier2,Placed
2172,Male,Mechanical,7.1,0,56,63,2,1,0,29.1,26.9,2.2,72,4.3,No,Yes,0,None,NotPlaced
2173,Male,CSE,7.8,0,82,64,1,2,0,46.1,38.9,5.3,71,3.7,Yes,Yes,2,Tier2,Placed
2174,Female,Civil,8.3,0,87,86,0,2,2,56.0,38.4,5.6,84,4.8,Yes,Yes,1,Tier3,Placed
2175,Male,ECE,7.6,0,71,71,2,1,1,43.4,34.7,2.4,82,3.9,Yes,No,0,None,NotPlaced
2176,Female,EEE,6.5,1,63,69,1,1,0,20.0,21.3,0.7,77,3.7,No,Yes,0,None,NotPlaced
2177,Male,CSE,7.8,0,55,68,1,2,2,54.2,55.1,3.5,68,4.4,No,No,0,None,NotPlaced
2178,Male,ECE,8.3,0,81,88,2,3,2,64.2,49.6,7.5,90,4.8,Yes,Yes,3,Tier2,Placed
2179,Female,ECE,8.4,0,88,80,2,3,2,77.5,70.9,6.4,90,4.8,Yes,Yes,3,Tier2,Placed
2180,Male,CSE,6.5,0,68,74,1,1,1,20.0,18.8,4.1,61,3.1,No,No,0,None,NotPlaced
2181,Male,CSE,7.5,1,57,72,1,2,0,41.8,47.0,4.4,87,4.5,No,No,0,None,NotPlaced
2182,Male,Mechanical,8.3,0,83,80,2,3,2,71.1,63.3,7.1,90,4.7,Yes,No,4,Tier1,Placed
2183,Male,ECE,7.7,0,79,88,2,3,2,59.0,54.3,6.4,90,4.7,Yes,Yes,3,Tier2,Placed
2184,Male,ECE,7.2,0,62,69,1,1,1,30.4,36.0,3.9,77,4.7,Yes,Yes,1,Tier3,Placed
2185,Female,CSE,8.0,0,77,83,1,3,1,61.0,56.8,5.8,83,4.7,Yes,Yes,0,None,NotPlaced
2186,Female,EEE,6.9,0,60,64,1,1,0,24.9,32.8,2.3,76,4.3,No,Yes,0,None,NotPlaced
2187,Female,EEE,7.8,0,57,72,2,1,1,46.3,56.1,2.6,74,3.6,Yes,Yes,0,None,NotPlaced
2188,Female,ECE,8.6,0,81,83,1,2,2,56.7,60.3,5.1,85,3.7,Yes,Yes,0,None,NotPlaced
2189,Female,ECE,7.9,1,78,85,1,3,0,58.3,51.6,7.5,78,4.6,Yes,Yes,2,Tier3,Placed
2190,Female,IT,8.3,0,55,72,0,2,0,49.2,37.2,2.9,70,4.1,No,Yes,0,None,NotPlaced
2191,Male,ECE,7.8,0,55,69,1,2,1,41.5,39.0,2.3,78,4.8,No,Yes,0,None,NotPlaced
2192,Female,CSE,7.6,0,67,69,2,3,2,54.6,30.1,6.1,81,4.0,Yes,Yes,1,Tier3,Placed
2193,Female,Civil,7.3,0,55,58,0,1,0,24.9,30.1,2.9,67,3.6,No,No,0,None,NotPlaced
2194,Male,ECE,7.8,0,55,70,1,1,0,40.2,26.8,2.4,79,4.0,No,Yes,0,None,NotPlaced
2195,Male,IT,7.4,0,71,81,1,1,0,36.3,41.0,2.6,74,4.4,Yes,Yes,1,Tier3,Placed
2196,Male,IT,8.3,0,78,83,1,3,2,71.5,73.0,9.0,79,4.4,Yes,Yes,1,Tier3,Placed
2197,Male,EEE,8.0,0,70,84,1,2,2,52.7,31.9,5.3,74,4.1,No,Yes,3,Tier2,Placed
2198,Female,CSE,7.6,0,80,71,0,2,2,40.6,35.0,6.0,78,4.4,Yes,Yes,0,None,NotPlaced
2199,Male,IT,8.3,0,73,81,0,3,0,60.5,41.2,6.3,82,4.5,Yes,Yes,2,Tier2,Placed
2200,Male,ECE,8.5,0,74,88,2,3,0,77.8,48.7,8.0,90,4.8,Yes,No,2,Tier2,Placed
2201,Female,IT,8.1,0,70,82,1,1,0,47.4,40.4,2.3,90,4.7,No,Yes,0,None,NotPlaced
2202,Male,ECE,8.5,0,73,88,1,3,0,68.7,60.3,6.3,79,4.5,Yes,Yes,0,None,NotPlaced
2203,Male,CSE,6.8,0,60,82,0,1,1,24.8,30.5,2.9,79,4.2,Yes,Yes,0,None,NotPlaced
2204,Male,Mechanical,6.5,1,65,71,0,2,1,20.0,20.6,3.0,60,3.1,No,No,0,None,NotPlaced
2205,Female,CSE,8.3,0,81,67,0,3,1,67.3,40.6,6.3,76,4.5,Yes,No,0,None,NotPlaced
2206,Female,CSE,6.5,0,58,66,0,1,0,20.0,20.6,0.9,62,4.0,No,Yes,0,None,NotPlaced
2207,Male,Mechanical,8.0,0,84,81,2,3,3,68.1,43.8,8.0,90,4.6,Yes,Yes,2,Tier3,Placed
2208,Female,ECE,7.8,0,79,69,1,1,0,46.2,28.9,2.9,89,4.7,Yes,Yes,0,None,NotPlaced
2209,Male,IT,8.9,0,71,88,2,3,2,72.5,50.5,6.1,86,4.7,Yes,Yes,4,Tier1,Placed
2210,Female,CSE,8.3,0,71,70,1,3,2,65.7,62.0,7.5,85,4.8,Yes,Yes,2,Tier3,Placed
2211,Female,ECE,8.5,0,84,86,2,3,2,77.6,66.8,7.0,90,4.7,Yes,Yes,2,Tier2,Placed
2212,Female,ECE,8.5,0,61,75,0,1,1,49.3,45.2,4.1,90,4.8,Yes,No,0,None,NotPlaced
2213,Male,Civil,6.5,0,63,67,1,1,1,20.0,12.7,2.1,62,4.1,No,Yes,0,None,NotPlaced
2214,Female,Civil,8.1,0,74,66,0,1,2,40.7,32.7,1.6,81,4.1,Yes,Yes,3,Tier2,Placed
2215,Female,EEE,6.5,1,58,70,0,1,1,20.0,8.9,1.5,65,4.2,No,Yes,0,None,NotPlaced
2216,Male,IT,7.7,1,86,79,2,3,2,69.8,67.8,5.8,89,4.8,Yes,Yes,2,Tier3,Placed
2217,Female,ECE,8.2,0,57,64,1,2,0,52.5,60.4,4.6,68,4.2,No,No,0,None,NotPlaced
2218,Male,EEE,6.7,1,75,72,1,1,1,20.0,24.8,3.1,70,4.5,No,Yes,0,None,NotPlaced
2219,Female,CSE,7.5,0,66,74,0,1,1,24.8,29.6,0.5,71,3.4,No,No,0,None,NotPlaced
2220,Male,IT,8.3,0,79,81,2,3,2,58.6,47.1,6.9,82,4.8,Yes,Yes,3,Tier2,Placed
2221,Female,CSE,6.5,0,64,80,1,2,3,20.0,8.0,6.2,77,4.4,Yes,No,0,None,NotPlaced
2222,Male,CSE,6.5,1,55,73,0,2,0,20.0,13.6,2.4,71,3.4,No,Yes,0,None,NotPlaced
2223,Male,IT,7.4,0,74,66,1,2,0,44.5,33.3,3.6,65,3.9,No,No,0,None,NotPlaced
2224,Male,ECE,6.5,1,69,62,1,2,1,20.0,17.8,4.0,76,4.3,No,No,1,Tier3,Placed
2225,Male,Mechanical,7.4,0,83,88,0,3,2,39.4,30.8,8.1,90,4.7,Yes,Yes,1,Tier3,Placed
2226,Male,ECE,7.7,0,67,64,0,1,1,26.7,25.0,2.5,66,3.4,No,No,0,None,NotPlaced
2227,Male,IT,8.4,0,74,66,1,3,2,67.5,47.7,6.7,81,4.3,No,Yes,3,Tier2,Placed
2228,Male,CSE,7.8,0,79,72,1,3,0,51.4,60.6,7.6,81,4.5,Yes,Yes,2,Tier2,Placed
2229,Male,ECE,8.0,0,72,84,1,3,2,64.0,42.0,6.6,90,4.7,Yes,Yes,0,None,NotPlaced
2230,Male,CSE,8.3,0,75,80,2,3,2,71.5,65.2,8.6,90,4.8,Yes,Yes,2,Tier3,Placed
2231,Female,ECE,8.0,0,75,83,1,3,0,56.1,44.6,5.3,83,4.8,No,Yes,0,None,NotPlaced
2232,Male,Civil,8.4,0,69,73,1,3,1,71.3,60.6,3.2,78,4.4,No,No,0,None,NotPlaced
2233,Female,CSE,8.3,0,88,87,2,3,2,70.0,61.2,5.2,90,4.8,Yes,Yes,2,Tier3,Placed
2234,Female,CSE,8.4,0,73,71,2,3,2,72.1,59.3,5.9,84,4.8,No,Yes,2,Tier3,Placed
2235,Female,IT,8.5,0,64,83,1,3,2,61.7,41.9,6.7,86,4.6,Yes,Yes,4,Tier1,Placed
2236,Male,Civil,8.3,0,90,84,1,2,2,56.6,45.1,4.5,90,4.8,Yes,Yes,2,Tier2,Placed
2237,Female,ECE,8.5,0,70,72,1,2,3,62.6,53.3,4.2,90,4.8,No,Yes,0,None,NotPlaced
2238,Male,Mechanical,6.8,2,63,61,0,2,1,28.7,29.0,5.2,89,3.9,No,Yes,1,Tier3,Placed
2239,Male,IT,7.5,0,57,61,1,2,0,37.2,25.2,4.5,82,4.4,No,Yes,2,Tier3,Placed
2240,Male,Civil,7.4,0,62,69,1,2,1,50.4,51.4,4.6,64,3.5,No,No,0,None,NotPlaced
2241,Female,CSE,7.8,1,57,69,1,1,0,41.8,15.9,0.9,73,3.2,No,Yes,0,None,NotPlaced
2242,Male,CSE,7.5,0,82,67,1,1,0,25.4,21.9,1.5,68,4.1,No,Yes,0,None,NotPlaced
2243,Male,Mechanical,6.5,2,77,73,2,3,0,29.8,21.5,7.7,89,4.4,Yes,Yes,2,Tier3,Placed
2244,Female,Mechanical,7.5,0,64,70,1,2,0,48.1,42.2,4.1,79,3.8,No,No,0,None,NotPlaced
2245,Female,CSE,7.4,0,60,71,0,1,1,32.2,36.9,2.5,69,4.0,No,Yes,0,None,NotPlaced
2246,Male,CSE,8.0,0,75,68,1,2,1,51.1,32.0,5.6,83,4.0,Yes,Yes,2,Tier2,Placed
2247,Male,CSE,8.5,0,76,81,2,2,2,66.7,71.7,4.2,69,4.4,No,Yes,0,None,NotPlaced
2248,Female,CSE,7.8,1,66,63,1,3,0,49.2,43.9,8.6,87,4.1,Yes,Yes,0,None,NotPlaced
2249,Male,IT,6.6,1,55,85,0,2,0,24.6,26.0,3.5,64,4.2,No,No,0,None,NotPlaced
2250,Male,Civil,8.5,0,58,70,1,2,1,56.1,34.6,3.2,76,3.8,No,Yes,0,None,NotPlaced
2251,Male,EEE,6.5,2,55,72,1,2,1,25.2,23.2,2.2,66,4.2,No,No,0,None,NotPlaced
2252,Female,EEE,7.6,0,86,74,1,3,3,57.8,55.3,7.7,78,4.7,Yes,No,2,Tier2,Placed
2253,Female,EEE,7.7,0,72,75,1,1,1,37.2,34.5,1.4,75,4.6,No,Yes,0,None,NotPlaced
2254,Female,ECE,8.0,0,72,85,2,3,0,68.8,57.4,8.3,90,4.4,Yes,Yes,3,Tier1,Placed
2255,Female,EEE,8.0,0,84,85,1,3,2,68.2,55.1,7.2,86,4.8,Yes,No,3,Tier2,Placed
2256,Male,EEE,6.8,0,76,80,1,2,0,28.3,15.5,4.7,75,4.5,Yes,Yes,0,None,NotPlaced
2257,Male,IT,8.2,0,78,65,1,3,2,62.1,39.5,5.9,79,4.1,Yes,Yes,4,Tier1,Placed
2258,Male,ECE,8.1,0,84,81,2,3,2,65.7,63.1,7.8,86,4.5,Yes,Yes,3,Tier1,Placed
2259,Male,ECE,8.3,0,85,86,1,2,0,53.3,51.7,4.9,82,4.6,Yes,Yes,1,Tier3,Placed
2260,Male,EEE,8.2,0,80,86,2,3,2,64.2,61.3,7.3,90,4.8,Yes,Yes,3,Tier2,Placed
2261,Female,Civil,7.6,1,78,73,1,2,0,45.2,32.7,4.6,85,4.6,No,Yes,0,None,NotPlaced
2262,Male,ECE,6.5,0,55,65,1,2,0,20.2,19.7,4.3,76,4.2,No,Yes,0,None,NotPlaced
2263,Female,EEE,8.3,0,59,69,1,2,1,58.6,58.4,4.2,84,4.7,Yes,Yes,0,None,NotPlaced
2264,Male,CSE,7.4,0,68,63,0,1,0,20.0,11.8,2.5,85,3.9,No,Yes,0,None,NotPlaced
2265,Male,EEE,7.6,0,68,72,1,2,0,42.5,45.7,4.8,77,4.1,No,Yes,3,Tier1,Placed
2266,Male,IT,8.4,0,79,83,2,3,1,77.2,56.8,7.4,83,4.6,Yes,Yes,2,Tier2,Placed
2267,Male,CSE,7.4,0,56,62,1,1,0,25.4,17.6,2.6,74,4.1,No,Yes,0,None,NotPlaced
2268,Female,IT,8.0,0,72,68,1,1,0,43.1,36.8,3.7,77,3.9,Yes,Yes,3,Tier1,Placed
2269,Male,ECE,8.2,0,80,83,0,3,2,48.7,32.4,6.6,80,4.8,Yes,Yes,3,Tier2,Placed
2270,Male,CSE,8.2,0,76,83,1,2,2,48.5,26.8,4.6,89,4.3,Yes,Yes,4,Tier1,Placed
2271,Male,Mechanical,8.0,0,82,78,0,2,2,50.0,43.1,7.2,83,4.6,Yes,Yes,0,None,NotPlaced
2272,Male,CSE,7.8,0,72,81,2,3,0,58.5,52.0,8.3,75,4.5,Yes,Yes,3,Tier2,Placed
2273,Male,Mechanical,8.0,0,76,82,1,2,1,60.1,59.0,5.0,80,3.4,Yes,Yes,0,None,NotPlaced
2274,Female,EEE,6.5,2,80,71,2,2,2,28.2,31.7,4.7,79,4.4,No,No,2,Tier2,Placed
2275,Female,IT,6.5,2,61,74,1,1,0,20.0,35.3,1.1,62,4.0,No,No,0,None,NotPlaced
2276,Male,IT,7.9,0,55,69,1,1,1,35.6,42.8,1.4,78,4.2,No,No,0,None,NotPlaced
2277,Female,Mechanical,6.5,0,72,67,0,1,0,20.0,26.5,0.8,73,3.7,No,No,0,None,NotPlaced
2278,Male,ECE,7.8,2,79,83,1,3,2,51.3,47.8,7.3,90,4.8,Yes,Yes,2,Tier2,Placed
2279,Male,ECE,7.8,0,55,69,1,2,0,41.7,45.5,4.3,72,4.5,No,Yes,0,None,NotPlaced
2280,Male,IT,8.0,0,71,85,2,3,2,67.3,37.2,8.1,87,4.5,Yes,Yes,4,Tier1,Placed
2281,Male,ECE,8.3,0,70,84,0,3,2,64.3,47.8,6.8,74,4.1,Yes,Yes,0,None,NotPlaced
2282,Male,Civil,6.6,0,55,67,1,1,0,20.0,5.3,4.1,68,3.9,Yes,Yes,1,Tier3,Placed
2283,Male,CSE,7.5,1,83,73,1,3,1,44.9,43.8,6.7,78,4.0,No,No,0,None,NotPlaced
2284,Male,IT,7.6,0,62,71,1,1,1,36.7,26.0,4.5,70,4.5,No,No,0,None,NotPlaced
2285,Male,IT,7.7,1,74,69,0,1,0,22.4,45.7,3.7,65,3.9,No,No,0,None,NotPlaced
2286,Male,Mechanical,7.4,1,65,67,1,2,0,45.6,35.0,5.5,80,4.3,No,Yes,0,None,NotPlaced
2287,Female,EEE,8.5,0,58,71,1,1,0,46.5,40.2,3.8,75,4.2,Yes,Yes,0,None,NotPlaced
2288,Male,IT,7.5,0,55,67,1,2,1,35.4,27.6,3.1,67,3.3,No,Yes,0,None,NotPlaced
2289,Male,CSE,7.6,1,69,84,1,3,0,51.6,39.6,7.3,82,4.8,Yes,Yes,3,Tier2,Placed
2290,Male,CSE,8.0,0,77,69,1,2,1,52.0,33.6,7.2,80,4.2,Yes,No,0,None,NotPlaced
2291,Male,IT,8.7,0,76,82,1,3,2,72.6,47.8,7.5,80,4.7,Yes,Yes,2,Tier3,Placed
2292,Male,ECE,6.5,1,55,66,0,2,0,20.0,3.4,3.2,76,3.6,No,Yes,0,None,NotPlaced
2293,Male,Civil,8.2,0,66,86,1,3,2,68.7,59.3,7.3,76,4.4,Yes,Yes,0,None,NotPlaced
2294,Male,ECE,6.5,0,59,69,1,1,0,20.0,17.8,1.0,80,4.4,No,Yes,0,None,NotPlaced
2295,Male,CSE,8.4,0,75,86,2,3,2,64.6,68.8,6.1,90,4.5,Yes,No,2,Tier3,Placed
2296,Male,Mechanical,7.9,0,82,82,2,1,2,45.5,29.2,3.4,81,4.8,Yes,No,1,Tier3,Placed
2297,Male,ECE,7.6,0,56,63,1,2,0,36.7,43.9,4.7,71,4.1,No,No,0,None,NotPlaced
2298,Male,ECE,7.5,0,64,72,1,1,1,39.1,46.5,2.2,73,4.2,Yes,Yes,0,None,NotPlaced
2299,Male,CSE,7.5,0,60,61,1,1,1,27.1,34.8,1.4,62,4.3,No,No,0,None,NotPlaced
2300,Male,IT,8.4,0,78,58,0,1,1,53.8,45.6,0.6,67,4.1,No,No,2,Tier2,Placed
2301,Female,Mechanical,8.8,0,63,78,0,3,0,75.2,57.3,6.9,82,4.8,Yes,Yes,3,Tier2,Placed
2302,Male,ECE,8.0,0,82,84,1,3,3,65.2,63.9,5.1,90,4.8,Yes,Yes,2,Tier2,Placed
2303,Male,CSE,8.6,0,84,82,2,3,2,85.4,61.5,6.7,90,4.5,Yes,Yes,2,Tier2,Placed
2304,Male,ECE,8.4,0,77,77,2,3,2,72.4,60.9,7.1,90,4.8,Yes,Yes,0,None,NotPlaced
2305,Female,Mechanical,8.2,0,75,80,1,3,2,57.9,48.3,5.2,90,3.6,Yes,Yes,3,Tier2,Placed
2306,Male,IT,7.3,0,59,60,1,1,1,28.5,18.6,1.0,64,4.1,No,No,0,None,NotPlaced
2307,Male,ECE,6.5,1,66,70,1,2,2,20.0,23.0,4.9,75,4.1,Yes,Yes,1,Tier3,Placed
2308,Male,Civil,7.4,0,65,65,1,1,1,27.5,30.9,1.8,63,3.6,No,No,0,None,NotPlaced
2309,Male,CSE,8.0,1,59,65,2,1,0,48.8,33.6,1.8,77,4.5,No,Yes,0,None,NotPlaced
2310,Male,EEE,7.9,0,59,66,1,2,0,47.4,44.1,4.3,80,4.5,No,Yes,0,None,NotPlaced
2311,Male,ECE,8.3,0,70,80,0,3,0,56.2,29.4,5.3,88,4.7,Yes,Yes,0,None,NotPlaced
2312,Female,EEE,7.0,0,74,60,1,3,1,37.8,26.2,7.7,90,4.7,Yes,Yes,0,None,NotPlaced
2313,Male,ECE,6.5,0,59,68,1,2,0,23.7,20.1,3.7,80,4.4,No,Yes,0,None,NotPlaced
2314,Female,IT,8.2,0,55,73,1,3,0,67.8,57.2,5.4,77,4.3,No,No,0,None,NotPlaced
2315,Female,ECE,8.7,1,74,68,1,2,1,57.0,55.0,2.1,90,4.6,No,No,0,None,NotPlaced
2316,Male,CSE,7.5,0,79,88,1,1,0,31.5,29.6,2.7,76,4.5,Yes,Yes,2,Tier2,Placed
2317,Male,IT,7.6,0,56,64,1,1,0,34.3,33.9,2.5,60,4.0,No,No,0,None,NotPlaced
2318,Male,CSE,7.6,0,57,73,1,3,0,45.1,37.8,6.1,84,4.1,No,No,0,None,NotPlaced
2319,Male,CSE,8.3,0,72,80,1,3,2,64.4,56.3,7.2,89,4.7,Yes,Yes,0,None,NotPlaced
2320,Male,Civil,7.4,0,71,69,0,1,1,26.7,29.6,2.7,90,4.8,Yes,Yes,0,None,NotPlaced
2321,Female,IT,7.6,0,71,62,1,2,0,45.6,35.0,3.9,79,4.1,No,Yes,0,None,NotPlaced
2322,Female,Civil,7.4,2,60,66,1,2,1,39.4,30.3,3.9,62,4.5,Yes,Yes,0,None,NotPlaced
2323,Male,CSE,7.5,0,79,74,0,1,1,23.6,27.7,3.0,71,4.4,Yes,Yes,0,None,NotPlaced
2324,Male,ECE,7.7,0,59,71,1,1,0,47.1,54.2,1.5,75,3.6,No,Yes,0,None,NotPlaced
2325,Female,IT,6.5,0,61,69,2,2,1,30.1,38.0,2.9,81,4.8,No,No,0,None,NotPlaced
2326,Female,Mechanical,7.4,0,75,73,2,3,1,54.8,36.4,6.8,79,4.4,No,Yes,0,None,NotPlaced
2327,Female,EEE,7.5,0,61,69,1,1,0,38.0,23.6,0.4,67,4.3,No,No,0,None,NotPlaced
2328,Male,CSE,7.8,0,64,83,1,3,0,56.2,43.2,6.5,90,4.6,No,Yes,0,None,NotPlaced
2329,Male,Mechanical,8.1,0,85,62,1,1,0,51.4,43.3,2.6,72,4.0,No,No,0,None,NotPlaced
2330,Male,CSE,8.0,0,82,83,1,3,0,59.3,49.4,6.5,83,4.1,Yes,Yes,1,Tier3,Placed
2331,Male,EEE,7.4,1,68,69,2,2,1,44.0,47.7,6.0,78,4.3,Yes,No,0,None,NotPlaced
2332,Male,Civil,8.6,0,75,85,2,3,2,79.2,73.5,6.5,86,4.1,Yes,Yes,1,Tier3,Placed
2333,Male,Mechanical,7.6,0,72,73,1,3,1,58.9,47.8,6.4,73,3.9,Yes,No,2,Tier3,Placed
2334,Female,Civil,8.0,0,79,83,0,3,2,61.6,49.4,5.8,90,4.8,Yes,Yes,4,Tier1,Placed
2335,Male,IT,7.6,2,55,86,1,3,2,54.0,50.0,7.0,90,4.3,Yes,Yes,1,Tier3,Placed
2336,Male,CSE,7.3,2,55,67,1,1,1,31.6,37.2,1.0,73,4.0,No,Yes,0,None,NotPlaced
2337,Male,CSE,7.5,1,59,72,1,2,1,44.5,43.7,3.2,90,3.4,No,Yes,0,None,NotPlaced
2338,Male,ECE,8.0,0,90,86,1,3,2,63.9,48.8,6.9,84,4.7,Yes,Yes,3,Tier2,Placed
2339,Male,ECE,8.5,0,86,70,0,3,3,70.5,52.0,6.0,84,4.6,No,Yes,0,None,NotPlaced
2340,Male,CSE,8.6,0,71,80,1,3,1,69.8,47.9,8.3,88,4.8,Yes,Yes,0,None,NotPlaced
2341,Female,EEE,6.6,0,55,69,1,1,0,21.6,22.9,3.9,69,4.2,Yes,Yes,0,None,NotPlaced
2342,Male,IT,7.7,0,55,61,1,1,1,38.7,39.2,2.6,79,3.9,No,Yes,0,None,NotPlaced
2343,Male,CSE,8.7,0,77,77,2,2,1,73.3,63.7,4.9,72,4.6,Yes,Yes,0,None,NotPlaced
2344,Male,ECE,7.5,0,55,63,1,2,0,47.9,48.6,3.6,65,3.5,No,No,0,None,NotPlaced
2345,Female,ECE,6.7,0,62,68,1,1,1,20.7,33.2,2.0,76,4.6,No,No,0,None,NotPlaced
2346,Female,Mechanical,7.2,0,83,84,1,3,2,47.6,29.6,5.4,81,4.8,No,Yes,2,Tier3,Placed
2347,Female,CSE,6.9,0,58,66,1,1,1,20.0,24.1,2.3,76,4.8,Yes,Yes,0,None,NotPlaced
2348,Male,EEE,8.2,0,84,88,2,3,2,75.5,64.1,6.9,86,4.7,Yes,Yes,4,Tier1,Placed
2349,Male,CSE,8.5,0,74,83,2,3,2,77.5,61.2,6.1,84,4.6,Yes,Yes,3,Tier2,Placed
2350,Male,CSE,8.2,0,79,86,0,3,0,58.6,42.5,6.2,90,4.3,Yes,Yes,0,None,NotPlaced
2351,Male,EEE,7.3,0,58,74,1,1,1,34.5,42.6,3.0,77,4.1,No,No,0,None,NotPlaced
2352,Female,Mechanical,7.6,1,61,66,1,2,1,55.9,40.8,2.6,71,4.1,No,Yes,0,None,NotPlaced
2353,Male,IT,6.5,2,79,86,1,3,2,23.2,6.3,6.0,85,3.7,Yes,Yes,1,Tier3,Placed
2354,Female,IT,7.4,1,69,85,1,3,0,43.0,37.7,7.3,83,3.8,No,Yes,0,None,NotPlaced
2355,Female,ECE,8.0,0,88,83,2,3,2,77.4,60.4,6.6,90,4.8,Yes,Yes,3,Tier2,Placed
2356,Male,CSE,8.2,0,60,79,2,1,2,54.1,59.7,4.4,77,4.8,Yes,Yes,0,None,NotPlaced
2357,Female,EEE,7.5,0,63,60,1,1,0,34.0,33.7,0.8,66,4.1,No,No,0,None,NotPlaced
2358,Male,EEE,8.1,0,68,88,2,2,1,57.4,45.8,5.1,90,4.7,Yes,Yes,3,Tier1,Placed
2359,Male,CSE,6.5,2,65,86,1,3,0,35.0,30.8,6.8,87,4.8,No,No,0,None,NotPlaced
2360,Male,IT,8.8,0,63,72,1,3,0,88.1,67.7,6.1,86,4.4,Yes,Yes,0,None,NotPlaced
2361,Male,Mechanical,7.4,0,56,69,1,2,1,35.7,49.3,5.7,73,4.5,No,No,0,None,NotPlaced
2362,Male,IT,8.2,0,72,84,2,3,2,67.5,60.8,6.6,90,4.7,Yes,Yes,3,Tier2,Placed
2363,Male,ECE,7.7,1,58,63,1,2,0,43.2,25.6,5.5,74,3.8,Yes,Yes,0,None,NotPlaced
2364,Male,CSE,8.5,0,78,87,2,3,2,77.7,60.2,6.3,86,4.8,Yes,Yes,3,Tier1,Placed
2365,Male,ECE,8.6,0,78,81,1,3,1,77.1,61.3,8.5,83,4.7,Yes,Yes,3,Tier1,Placed
2366,Male,CSE,8.6,0,55,82,1,2,0,71.1,48.6,5.3,86,4.1,Yes,Yes,0,None,NotPlaced
2367,Male,EEE,7.7,0,65,88,1,3,2,56.8,33.2,8.1,86,4.5,No,Yes,0,None,NotPlaced
2368,Male,IT,8.2,0,83,77,2,3,2,80.6,69.3,8.2,90,4.2,Yes,Yes,2,Tier2,Placed
2369,Male,IT,6.5,2,84,88,1,2,1,20.0,15.3,5.8,86,4.3,Yes,Yes,2,Tier2,Placed
2370,Female,EEE,9.0,0,72,84,2,3,2,79.8,73.8,5.0,88,4.8,No,Yes,4,Tier1,Placed
2371,Female,CSE,7.5,0,56,71,0,2,1,43.3,36.9,4.1,73,3.6,No,No,0,None,NotPlaced
2372,Female,IT,7.8,1,55,68,0,2,0,42.6,32.7,3.7,74,4.2,No,Yes,0,None,NotPlaced
2373,Female,IT,8.3,0,76,87,0,3,0,53.1,25.8,7.0,88,3.4,Yes,Yes,3,Tier2,Placed
2374,Male,IT,6.5,1,58,64,2,1,1,20.0,30.7,3.1,77,4.2,Yes,Yes,0,None,NotPlaced
2375,Female,Civil,6.5,1,55,71,0,2,3,20.0,24.0,4.1,85,4.5,Yes,Yes,1,Tier3,Placed
2376,Male,Mechanical,7.4,1,55,65,1,1,0,27.8,22.8,1.8,77,3.6,No,No,0,None,NotPlaced
2377,Male,CSE,8.2,0,76,85,2,3,2,62.9,45.0,6.9,90,4.8,Yes,Yes,4,Tier1,Placed
2378,Female,ECE,8.5,0,82,88,2,3,2,73.0,72.0,6.0,90,4.8,Yes,Yes,3,Tier2,Placed
2379,Male,IT,8.6,0,65,82,2,3,2,70.7,49.1,7.8,90,4.8,Yes,Yes,3,Tier1,Placed
2380,Female,Mechanical,8.5,0,80,82,1,1,2,56.2,42.9,3.2,72,4.0,Yes,Yes,3,Tier2,Placed
2381,Female,IT,7.8,0,78,80,1,3,2,45.3,43.7,7.8,83,4.2,Yes,Yes,0,None,NotPlaced
2382,Female,ECE,8.4,0,77,86,2,3,2,72.5,69.8,7.5,83,4.8,Yes,Yes,3,Tier1,Placed
2383,Female,ECE,8.5,0,64,79,2,1,1,60.6,47.3,1.3,73,4.5,Yes,No,0,None,NotPlaced
2384,Male,ECE,7.7,2,75,70,1,1,1,36.5,26.0,2.2,70,4.3,Yes,Yes,0,None,NotPlaced
2385,Male,IT,7.5,0,55,79,1,2,0,46.5,39.0,6.7,81,4.8,Yes,Yes,0,None,NotPlaced
2386,Male,IT,6.5,0,74,62,1,3,1,22.1,30.8,6.8,90,4.5,No,No,0,None,NotPlaced
2387,Male,EEE,7.8,0,78,80,1,2,0,43.5,47.0,3.4,83,4.8,Yes,Yes,2,Tier3,Placed
2388,Male,IT,7.6,0,67,65,1,1,1,33.3,19.1,3.5,76,4.2,Yes,Yes,4,Tier1,Placed
2389,Female,Civil,7.6,1,85,70,1,1,1,38.6,35.6,1.2,85,4.1,No,Yes,0,None,NotPlaced
2390,Female,IT,6.5,0,56,82,0,1,0,20.0,10.6,0.9,90,4.5,Yes,Yes,0,None,NotPlaced
2391,Male,ECE,8.0,0,63,68,2,2,1,66.7,61.1,6.7,82,3.9,Yes,Yes,0,None,NotPlaced
2392,Male,Mechanical,7.5,0,56,62,2,1,1,34.0,33.0,2.1,65,4.0,No,Yes,0,None,NotPlaced
2393,Male,ECE,7.8,0,55,68,1,1,0,32.0,20.7,2.2,63,4.4,No,Yes,0,None,NotPlaced
2394,Male,Mechanical,6.9,0,85,79,0,3,2,40.9,48.3,5.7,82,4.8,Yes,Yes,1,Tier3,Placed
2395,Female,EEE,8.6,0,72,83,1,3,2,63.8,55.3,4.8,88,4.6,No,Yes,3,Tier2,Placed
2396,Male,ECE,7.0,0,57,82,0,3,1,37.4,34.0,5.4,67,3.6,Yes,Yes,0,None,NotPlaced
2397,Male,ECE,8.8,0,84,87,2,1,2,59.1,47.4,4.4,83,4.8,Yes,Yes,2,Tier3,Placed
2398,Male,CSE,7.4,0,61,67,1,2,0,28.7,27.9,2.4,87,3.5,No,Yes,0,None,NotPlaced
2399,Male,ECE,6.7,2,55,67,1,1,1,20.0,17.2,3.6,69,4.0,No,No,0,None,NotPlaced
2400,Male,CSE,7.7,0,55,63,1,1,0,41.5,29.6,1.0,72,4.2,No,No,0,None,NotPlaced
2401,Male,Mechanical,7.4,0,61,60,1,1,2,24.9,33.4,0.8,68,4.3,No,Yes,0,None,NotPlaced
2402,Male,ECE,8.3,0,63,74,1,2,0,59.9,44.5,3.9,72,4.2,No,No,0,None,NotPlaced
2403,Male,IT,8.2,0,83,88,2,3,0,71.8,53.9,6.3,87,4.7,Yes,Yes,3,Tier2,Placed
2404,Male,CSE,8.0,0,71,85,1,3,1,52.6,42.7,7.1,77,4.5,Yes,Yes,0,None,NotPlaced
2405,Female,Civil,7.8,0,55,63,1,1,0,37.9,45.2,2.1,81,4.5,Yes,Yes,0,None,NotPlaced
2406,Male,CSE,7.6,0,55,71,1,1,2,42.9,46.0,1.7,77,3.9,No,Yes,0,None,NotPlaced
2407,Male,CSE,7.6,0,55,65,0,1,0,33.3,27.6,1.2,83,3.2,No,No,0,None,NotPlaced
2408,Male,IT,7.4,0,84,79,1,3,2,45.7,49.3,7.9,83,4.5,Yes,No,2,Tier2,Placed
2409,Female,Civil,6.5,0,61,67,1,1,1,20.0,22.0,2.5,79,4.1,No,No,2,Tier3,Placed
2410,Male,Civil,7.9,0,65,85,1,1,1,37.6,26.4,3.2,76,4.4,Yes,Yes,0,None,NotPlaced
2411,Female,ECE,8.4,0,82,83,0,3,0,67.6,50.7,8.1,80,4.3,Yes,Yes,0,None,NotPlaced
2412,Male,EEE,8.7,0,75,87,1,2,2,70.6,67.1,5.3,74,4.1,Yes,Yes,2,Tier3,Placed
2413,Male,CSE,8.5,0,55,84,2,2,2,66.6,71.3,5.2,89,4.6,Yes,Yes,3,Tier2,Placed
2414,Male,Civil,8.0,0,76,86,2,3,2,65.2,56.3,6.9,90,4.8,Yes,Yes,3,Tier2,Placed
2415,Male,CSE,7.4,2,74,82,1,3,0,42.0,31.9,6.3,78,4.6,Yes,Yes,0,None,NotPlaced
2416,Female,CSE,8.2,0,87,88,2,3,2,61.2,49.7,6.3,87,4.8,Yes,Yes,3,Tier2,Placed
2417,Male,CSE,7.3,2,55,68,1,2,0,35.1,24.7,4.1,69,3.7,No,Yes,0,None,NotPlaced
2418,Male,ECE,7.5,0,55,70,0,3,0,43.6,32.6,7.0,78,4.7,No,No,0,None,NotPlaced
2419,Male,EEE,7.5,0,87,76,1,2,0,46.3,33.7,5.6,78,3.9,Yes,Yes,0,None,NotPlaced
2420,Male,IT,7.6,0,64,61,0,2,0,42.6,35.3,4.6,68,3.9,No,Yes,0,None,NotPlaced
2421,Male,Civil,7.9,0,77,61,2,3,3,62.9,53.1,5.9,90,4.7,Yes,No,3,Tier1,Placed
2422,Male,IT,7.5,1,57,60,1,1,0,39.0,32.1,2.5,67,4.2,No,No,0,None,NotPlaced
2423,Female,CSE,7.6,0,81,68,1,2,2,38.3,31.7,3.6,74,4.2,No,Yes,0,None,NotPlaced
2424,Male,IT,8.0,0,90,68,1,2,2,56.4,53.4,5.2,87,4.8,Yes,Yes,3,Tier2,Placed
2425,Male,ECE,7.6,0,61,68,1,1,1,31.0,26.0,2.6,68,4.0,No,Yes,0,None,NotPlaced
2426,Female,EEE,8.0,0,75,85,2,3,2,70.2,55.8,5.8,89,4.1,Yes,Yes,2,Tier2,Placed
2427,Male,ECE,6.5,1,61,63,0,1,1,20.0,20.1,2.2,84,3.6,No,No,0,None,NotPlaced
2428,Female,ECE,8.2,0,55,81,1,1,1,37.0,46.1,3.2,87,4.7,Yes,Yes,0,None,NotPlaced
2429,Male,IT,7.3,0,55,69,1,1,0,32.7,26.5,3.0,84,3.9,No,Yes,0,None,NotPlaced
2430,Female,ECE,8.4,0,82,87,2,3,2,76.0,66.1,6.5,90,4.8,Yes,Yes,4,Tier1,Placed
2431,Male,Civil,7.9,0,82,81,2,3,2,59.7,43.9,6.9,90,4.6,Yes,Yes,2,Tier2,Placed
2432,Female,CSE,7.4,0,63,66,1,1,1,29.1,29.4,3.2,69,3.9,Yes,Yes,0,None,NotPlaced
2433,Female,Mechanical,6.5,0,82,64,0,1,1,20.0,25.2,2.5,76,4.7,Yes,No,0,None,NotPlaced
2434,Male,ECE,7.7,0,71,82,1,1,0,27.4,34.2,2.5,70,3.9,Yes,Yes,0,None,NotPlaced
2435,Female,CSE,8.4,0,83,83,0,3,2,50.2,40.2,6.4,90,4.8,Yes,Yes,4,Tier1,Placed
2436,Male,Civil,8.0,0,59,64,1,2,0,57.5,36.8,4.9,61,3.6,Yes,No,0,None,NotPlaced
2437,Male,ECE,7.7,0,75,75,0,1,1,27.9,21.4,4.7,90,4.3,Yes,Yes,4,Tier1,Placed
2438,Male,IT,7.6,2,60,64,1,2,0,52.3,50.6,3.9,70,4.7,No,Yes,2,Tier2,Placed
2439,Male,IT,7.4,0,72,85,0,2,0,40.9,52.1,4.5,76,4.5,No,Yes,0,None,NotPlaced
2440,Male,IT,6.8,1,77,57,1,2,0,34.8,37.8,4.0,75,4.2,No,Yes,0,None,NotPlaced
2441,Male,EEE,8.0,0,77,82,0,3,2,50.7,32.2,6.7,76,4.7,Yes,Yes,2,Tier3,Placed
2442,Male,ECE,8.4,0,83,86,2,3,2,64.0,59.3,7.0,90,4.5,Yes,Yes,1,Tier3,Placed
2443,Female,Civil,7.4,0,59,75,2,2,0,38.6,25.7,4.8,69,4.1,No,No,0,None,NotPlaced
2444,Female,CSE,7.8,0,59,72,1,3,1,52.8,40.9,6.9,75,4.4,Yes,Yes,0,None,NotPlaced
2445,Male,CSE,6.5,2,76,61,1,1,2,20.0,21.6,1.8,68,3.5,No,No,0,None,NotPlaced
2446,Male,CSE,8.7,0,80,66,0,3,2,65.6,56.1,6.8,81,4.5,Yes,Yes,2,Tier2,Placed
2447,Male,ECE,8.4,0,85,84,2,1,1,55.0,46.9,2.0,88,4.8,Yes,Yes,0,None,NotPlaced
2448,Male,Civil,7.8,0,59,69,0,1,0,27.5,20.5,4.0,67,4.1,Yes,No,0,None,NotPlaced
2449,Male,EEE,6.7,2,67,66,1,1,0,20.0,28.1,1.6,63,4.6,No,No,0,None,NotPlaced
2450,Male,CSE,8.6,0,82,87,2,3,2,74.9,56.3,8.5,90,4.8,Yes,Yes,3,Tier1,Placed
2451,Male,Mechanical,8.0,0,61,87,1,3,2,60.8,60.0,6.2,82,4.8,No,Yes,2,Tier2,Placed
2452,Female,EEE,7.8,0,78,80,2,1,0,39.5,24.5,3.4,86,4.3,No,Yes,3,Tier2,Placed
2453,Male,CSE,7.6,0,59,62,0,1,1,31.5,30.5,1.8,75,3.6,No,Yes,0,None,NotPlaced
2454,Male,EEE,8.0,0,78,83,1,2,3,51.7,33.0,4.3,74,4.0,Yes,Yes,3,Tier1,Placed
2455,Male,IT,7.2,0,82,74,1,1,0,27.2,19.7,3.0,82,4.0,No,Yes,1,Tier3,Placed
2456,Male,CSE,7.9,0,76,82,1,3,0,53.7,41.0,5.4,83,4.8,No,No,0,None,NotPlaced
2457,Male,CSE,7.8,0,60,87,2,3,2,53.3,57.6,8.3,90,3.9,Yes,Yes,0,None,NotPlaced
2458,Male,IT,8.1,0,73,83,0,2,3,56.5,56.5,5.6,72,3.2,Yes,Yes,3,Tier2,Placed
2459,Male,IT,8.4,0,69,83,2,3,3,75.2,67.1,8.5,83,4.7,Yes,No,0,None,NotPlaced
2460,Male,IT,7.6,2,58,67,1,2,0,48.0,40.3,3.0,71,4.8,No,Yes,0,None,NotPlaced
2461,Female,CSE,8.4,0,71,66,2,2,0,63.6,53.5,6.0,83,4.8,Yes,No,2,Tier3,Placed
2462,Female,EEE,7.6,1,61,63,1,1,0,34.2,40.4,1.3,70,4.1,No,No,0,None,NotPlaced
2463,Male,Civil,7.9,1,63,67,0,1,0,38.5,38.3,0.6,64,4.1,Yes,Yes,0,None,NotPlaced
2464,Male,EEE,7.6,0,90,79,1,2,1,33.8,31.5,5.9,86,4.4,Yes,Yes,0,None,NotPlaced
2465,Male,IT,7.5,2,55,79,0,2,0,30.4,41.3,4.0,90,4.8,No,Yes,0,None,NotPlaced
2466,Male,CSE,7.6,0,55,66,1,1,1,31.0,35.8,3.0,84,4.1,No,No,0,None,NotPlaced
2467,Male,CSE,7.5,0,58,67,1,2,0,38.7,36.1,4.1,79,4.3,No,Yes,0,None,NotPlaced
2468,Male,CSE,7.9,2,81,70,1,1,1,36.6,30.0,2.0,89,4.0,No,Yes,0,None,NotPlaced
2469,Male,ECE,7.9,0,71,87,2,3,3,63.7,47.2,8.5,78,4.5,Yes,Yes,2,Tier2,Placed
2470,Male,ECE,7.6,0,88,82,1,3,0,51.4,39.4,7.1,68,4.2,Yes,Yes,0,None,NotPlaced
2471,Male,EEE,8.1,0,68,61,1,1,0,52.0,46.4,2.5,70,4.3,Yes,No,0,None,NotPlaced
2472,Female,ECE,7.6,0,78,73,2,1,0,52.4,49.9,2.9,73,4.6,Yes,Yes,0,None,NotPlaced
2473,Female,IT,7.9,1,77,80,2,1,2,39.7,23.0,3.2,75,3.9,Yes,No,0,None,NotPlaced
2474,Female,CSE,8.5,0,77,85,2,3,2,74.7,44.6,4.2,88,4.8,Yes,Yes,0,None,NotPlaced
2475,Male,ECE,7.5,1,72,86,2,3,0,54.7,38.6,7.5,88,4.6,Yes,Yes,0,None,NotPlaced
2476,Female,IT,7.7,0,55,74,1,2,0,44.9,34.7,5.4,73,3.8,No,Yes,0,None,NotPlaced
2477,Male,CSE,7.6,0,57,70,1,1,2,29.6,36.3,2.0,67,3.8,No,Yes,2,Tier2,Placed
2478,Female,IT,8.3,0,87,80,2,3,2,65.4,51.2,6.6,85,4.5,Yes,Yes,3,Tier2,Placed
2479,Male,IT,7.4,0,81,69,1,2,1,40.2,36.7,5.4,72,3.3,Yes,Yes,4,Tier1,Placed
2480,Female,CSE,8.2,0,61,60,1,1,1,42.3,40.5,4.7,84,3.9,Yes,Yes,2,Tier3,Placed
2481,Male,Mechanical,6.6,1,57,68,1,1,1,20.0,12.7,2.5,77,3.0,No,No,0,None,NotPlaced
2482,Female,EEE,8.6,0,80,80,1,3,2,69.8,68.6,7.2,90,4.8,Yes,Yes,4,Tier1,Placed
2483,Female,CSE,7.6,0,76,81,1,2,2,43.7,32.1,4.6,76,4.5,Yes,Yes,0,None,NotPlaced
2484,Male,CSE,8.6,0,81,86,1,3,0,66.2,66.3,5.9,83,4.8,Yes,Yes,2,Tier2,Placed
2485,Male,EEE,7.7,0,71,61,1,0,0,29.8,26.6,1.0,75,4.1,Yes,Yes,3,Tier2,Placed
2486,Female,CSE,8.0,0,87,67,1,2,0,46.6,36.4,5.0,72,4.8,Yes,No,0,None,NotPlaced
2487,Male,IT,8.1,0,68,88,1,3,2,61.8,42.0,5.1,85,4.7,Yes,Yes,3,Tier2,Placed
2488,Female,CSE,6.5,1,55,62,1,2,1,27.7,28.3,3.3,82,4.0,No,Yes,0,None,NotPlaced
2489,Male,CSE,7.7,0,77,58,1,3,0,54.3,63.8,8.2,86,4.1,Yes,Yes,0,None,NotPlaced
2490,Male,EEE,8.2,0,83,68,1,1,2,48.6,43.8,1.7,72,4.4,No,No,0,None,NotPlaced
2491,Male,EEE,7.7,0,79,83,2,2,2,54.1,48.1,2.5,90,4.8,Yes,Yes,3,Tier2,Placed
2492,Male,CSE,8.6,0,81,87,1,2,2,56.0,42.0,6.6,90,4.6,Yes,Yes,2,Tier2,Placed
2493,Female,IT,8.0,0,56,63,0,1,0,46.6,43.7,1.1,70,3.6,No,No,0,None,NotPlaced
2494,Male,CSE,7.5,0,55,66,1,2,0,35.7,32.6,4.5,71,4.0,Yes,No,0,None,NotPlaced
2495,Male,CSE,7.9,0,81,88,1,3,2,61.4,50.6,8.1,90,4.6,Yes,Yes,1,Tier3,Placed
2496,Male,Civil,7.4,0,55,67,1,1,1,34.7,34.2,1.3,66,4.0,No,Yes,0,None,NotPlaced
2497,Male,ECE,8.0,0,86,84,0,3,1,49.5,27.3,5.0,80,4.6,Yes,Yes,1,Tier3,Placed
2498,Female,ECE,8.4,1,71,83,1,2,0,64.0,51.4,5.2,82,4.4,Yes,Yes,0,None,NotPlaced
2499,Female,EEE,7.6,2,57,71,1,1,0,37.5,24.1,2.8,83,4.3,No,Yes,0,None,NotPlaced
2500,Male,EEE,8.5,0,74,65,0,1,0,57.4,47.7,2.5,81,4.2,Yes,Yes,3,Tier2,Placed
2501,Female,EEE,8.0,0,75,70,1,2,0,52.0,38.7,4.9,90,4.3,Yes,Yes,0,None,NotPlaced
2502,Female,CSE,7.8,0,60,83,0,2,0,41.5,31.0,2.8,80,4.1,No,Yes,3,Tier2,Placed
2503,Male,CSE,7.7,0,55,69,1,1,0,34.4,19.4,1.0,67,4.0,No,No,0,None,NotPlaced
2504,Female,ECE,7.8,1,81,86,2,3,2,51.3,52.4,6.7,84,4.7,Yes,Yes,2,Tier2,Placed
2505,Male,IT,7.5,0,55,71,1,2,2,39.4,28.6,5.6,72,3.9,Yes,Yes,0,None,NotPlaced
2506,Male,Civil,8.3,0,85,86,1,3,2,63.6,47.6,7.1,90,4.8,Yes,Yes,3,Tier1,Placed
2507,Female,ECE,8.3,0,70,85,1,0,0,42.3,48.4,2.0,73,4.6,Yes,Yes,2,Tier3,Placed
2508,Male,Civil,6.9,1,63,64,0,2,0,20.0,25.7,5.7,79,4.1,No,Yes,0,None,NotPlaced
2509,Female,IT,6.8,0,65,60,1,1,1,20.0,4.2,2.9,72,4.3,No,Yes,1,Tier3,Placed
2510,Female,Mechanical,7.3,0,55,65,1,1,1,31.9,39.4,0.4,66,3.6,No,Yes,0,None,NotPlaced
2511,Male,IT,8.2,0,77,86,2,3,2,71.4,71.0,6.7,87,4.8,Yes,Yes,3,Tier2,Placed
2512,Female,Civil,8.1,0,88,82,0,2,0,38.7,46.8,4.9,81,4.8,No,Yes,0,None,NotPlaced
2513,Male,CSE,6.8,2,78,86,1,1,1,22.5,28.1,2.9,78,4.1,Yes,No,0,None,NotPlaced
2514,Male,ECE,7.7,1,74,71,1,2,0,43.8,28.0,2.4,68,3.7,No,Yes,0,None,NotPlaced
2515,Male,Mechanical,7.4,0,67,68,2,1,0,35.1,30.8,2.4,74,4.5,Yes,Yes,0,None,NotPlaced
2516,Female,IT,8.2,0,90,67,2,3,2,56.2,35.9,4.7,90,4.5,Yes,Yes,1,Tier3,Placed
2517,Male,IT,8.0,0,79,78,1,3,0,66.5,47.6,6.7,89,4.5,Yes,Yes,3,Tier2,Placed
2518,Male,Civil,6.7,1,64,64,2,3,2,38.9,26.0,6.3,85,4.2,Yes,Yes,0,None,NotPlaced
2519,Female,ECE,6.8,0,55,63,0,1,1,20.0,14.6,1.6,62,3.5,No,No,0,None,NotPlaced
2520,Female,ECE,7.7,0,75,60,0,2,0,41.9,37.9,5.2,81,4.2,No,Yes,0,None,NotPlaced
2521,Female,CSE,7.6,0,59,64,1,1,0,36.7,28.3,0.7,69,3.9,No,No,0,None,NotPlaced
2522,Male,EEE,8.1,0,71,71,1,1,2,51.1,38.7,1.3,76,4.0,No,Yes,0,None,NotPlaced
2523,Male,ECE,7.5,0,56,66,1,2,0,39.5,32.1,2.9,75,3.9,No,No,0,None,NotPlaced
2524,Male,IT,8.4,0,76,82,1,3,2,67.1,66.6,8.1,85,4.8,Yes,Yes,3,Tier1,Placed
2525,Female,CSE,7.8,0,74,81,0,2,1,38.8,51.1,5.1,74,4.5,No,Yes,4,Tier1,Placed
2526,Male,EEE,6.9,0,69,63,0,1,1,20.0,17.0,2.4,73,3.5,No,Yes,0,None,NotPlaced
2527,Male,CSE,8.2,0,62,68,0,2,1,46.1,41.1,5.3,68,4.3,Yes,Yes,2,Tier3,Placed
2528,Female,CSE,7.0,0,58,73,0,1,1,20.0,14.0,0.8,75,4.0,No,Yes,0,None,NotPlaced
2529,Male,EEE,6.8,1,55,63,1,2,2,26.7,31.7,5.2,76,3.7,Yes,Yes,0,None,NotPlaced
2530,Female,CSE,8.3,0,74,85,0,3,0,53.9,42.0,5.9,90,4.8,Yes,Yes,3,Tier2,Placed
2531,Female,CSE,8.5,0,77,71,2,3,2,82.0,59.5,7.0,87,4.4,Yes,Yes,1,Tier3,Placed
2532,Female,EEE,7.3,0,55,70,1,1,2,38.6,49.9,1.7,76,4.3,No,No,2,Tier3,Placed
2533,Male,CSE,7.5,1,59,87,1,3,0,46.7,29.3,6.4,83,4.7,Yes,Yes,2,Tier2,Placed
2534,Male,IT,6.5,1,57,66,1,2,1,20.0,1.4,4.0,78,4.5,No,No,0,None,NotPlaced
2535,Female,CSE,7.2,0,56,65,1,1,1,28.7,32.5,2.7,73,3.6,No,No,2,Tier3,Placed
2536,Female,ECE,8.1,0,86,80,1,3,2,58.6,46.2,8.8,90,4.8,Yes,Yes,4,Tier1,Placed
2537,Female,EEE,7.4,0,58,63,1,1,0,36.9,28.8,2.6,90,4.4,No,Yes,0,None,NotPlaced
2538,Male,EEE,7.4,0,80,70,0,2,2,30.1,49.9,6.3,78,3.8,No,Yes,0,None,NotPlaced
2539,Female,CSE,8.4,0,69,63,2,3,2,74.7,66.2,7.2,90,4.8,Yes,Yes,2,Tier3,Placed
2540,Female,CSE,7.5,0,72,67,1,3,1,49.6,41.8,8.8,84,4.8,Yes,Yes,2,Tier2,Placed
2541,Female,CSE,6.8,1,67,70,0,2,2,20.0,15.9,4.4,84,4.5,No,No,0,None,NotPlaced
2542,Female,IT,8.4,0,70,67,1,2,2,60.2,52.2,5.2,72,4.6,Yes,Yes,0,None,NotPlaced
2543,Female,Mechanical,8.4,0,85,88,1,3,2,71.4,44.2,6.8,90,4.8,Yes,Yes,1,Tier3,Placed
2544,Male,CSE,7.6,1,77,86,1,2,0,43.4,34.4,5.3,90,4.8,Yes,Yes,2,Tier2,Placed
2545,Male,CSE,8.2,0,81,66,0,1,1,42.5,37.1,3.4,85,4.7,Yes,No,0,None,NotPlaced
2546,Male,CSE,8.3,0,55,67,1,3,1,60.6,50.6,5.6,72,4.3,Yes,Yes,0,None,NotPlaced
2547,Male,EEE,6.9,2,69,69,1,2,1,34.7,28.6,5.7,60,4.8,Yes,Yes,0,None,NotPlaced
2548,Male,ECE,8.7,0,65,82,1,3,0,78.2,57.0,5.5,87,4.8,Yes,Yes,0,None,NotPlaced
2549,Male,ECE,7.5,0,60,69,1,1,1,30.9,35.5,2.7,72,4.4,No,Yes,0,None,NotPlaced
2550,Male,Mechanical,7.6,0,58,65,1,2,0,42.4,24.2,4.6,86,4.2,No,Yes,0,None,NotPlaced
2551,Male,ECE,7.6,0,72,84,2,3,0,63.1,49.0,8.4,78,3.7,Yes,Yes,3,Tier1,Placed
2552,Male,CSE,8.5,0,83,68,2,1,1,52.3,39.7,2.1,80,3.6,Yes,No,0,None,NotPlaced
2553,Female,IT,6.9,1,82,86,2,3,3,45.0,46.8,6.0,80,4.8,Yes,No,1,Tier3,Placed
2554,Female,ECE,8.0,0,85,88,1,3,2,56.2,43.8,7.1,90,4.8,No,Yes,2,Tier2,Placed
2555,Male,ECE,8.2,0,73,69,2,3,2,76.9,65.4,5.9,90,4.1,Yes,Yes,1,Tier3,Placed
2556,Female,ECE,8.2,0,84,88,1,3,2,63.3,55.0,5.8,89,4.5,Yes,Yes,2,Tier2,Placed
2557,Male,ECE,8.4,0,87,85,1,2,2,65.3,38.8,4.2,86,4.8,No,Yes,2,Tier2,Placed
2558,Male,ECE,8.2,0,75,81,1,3,2,59.2,49.0,7.0,90,4.8,Yes,Yes,3,Tier1,Placed
2559,Male,Mechanical,7.5,0,61,69,0,1,0,21.8,8.2,2.2,77,4.3,No,Yes,0,None,NotPlaced
2560,Male,ECE,8.4,0,87,83,1,3,2,65.8,57.0,7.5,90,4.8,Yes,Yes,3,Tier2,Placed
2561,Female,EEE,8.3,0,68,88,2,3,2,71.3,52.2,7.5,90,4.8,Yes,Yes,3,Tier2,Placed
2562,Female,CSE,8.4,0,66,87,0,2,2,51.4,53.2,4.9,86,4.7,Yes,Yes,0,None,NotPlaced
2563,Male,ECE,7.5,1,55,59,1,2,0,44.8,36.8,4.0,77,4.8,No,Yes,0,None,NotPlaced
2564,Male,Mechanical,7.6,0,64,76,1,1,2,34.0,24.2,2.9,73,4.2,Yes,No,0,None,NotPlaced
2565,Male,IT,7.6,0,76,82,2,2,2,37.6,43.0,5.0,79,4.8,Yes,Yes,2,Tier2,Placed
2566,Male,EEE,8.3,0,82,84,1,2,0,59.8,41.7,3.6,76,4.4,Yes,Yes,3,Tier2,Placed
2567,Male,EEE,7.5,0,63,69,1,1,0,28.6,33.3,2.8,68,4.8,No,Yes,0,None,NotPlaced
2568,Male,CSE,7.4,0,62,65,1,1,0,29.2,30.1,4.0,66,3.8,Yes,Yes,0,None,NotPlaced
2569,Female,ECE,8.3,0,60,66,0,1,1,51.8,39.5,3.6,69,4.1,Yes,Yes,0,None,NotPlaced
2570,Female,CSE,8.4,0,81,88,1,3,2,75.9,50.5,7.6,90,4.7,Yes,Yes,3,Tier2,Placed
2571,Male,Civil,7.1,0,78,70,1,1,0,22.1,32.1,2.0,74,4.7,Yes,No,0,None,NotPlaced
2572,Female,EEE,8.4,1,65,65,0,2,0,56.9,51.1,3.6,81,3.8,Yes,Yes,2,Tier2,Placed
2573,Male,CSE,8.1,0,90,83,0,3,2,53.2,38.9,7.8,87,4.8,Yes,No,3,Tier2,Placed
2574,Male,CSE,7.4,0,61,63,1,1,3,29.6,29.3,2.0,74,4.1,No,Yes,0,None,NotPlaced
2575,Male,ECE,7.8,0,60,62,1,1,2,36.0,38.8,2.2,62,3.9,No,No,0,None,NotPlaced
2576,Male,IT,8.2,0,79,61,2,3,0,59.4,49.8,7.2,81,4.7,Yes,No,0,None,NotPlaced
2577,Female,CSE,7.4,0,78,72,1,3,2,47.5,43.0,6.3,87,4.4,No,Yes,0,None,NotPlaced
2578,Male,ECE,6.6,1,70,66,1,1,1,20.0,29.7,3.6,83,3.9,Yes,No,0,None,NotPlaced
2579,Male,ECE,6.7,0,55,62,0,2,0,20.0,33.7,3.9,82,4.3,No,Yes,0,None,NotPlaced
2580,Male,CSE,6.5,0,55,71,0,1,1,20.0,19.6,0.1,73,3.8,No,Yes,0,None,NotPlaced
2581,Male,EEE,8.0,0,62,61,0,1,1,35.8,20.4,3.7,67,4.1,Yes,Yes,4,Tier1,Placed
2582,Female,Mechanical,7.9,0,55,74,1,3,0,53.8,34.3,6.6,78,4.2,No,Yes,3,Tier2,Placed
2583,Male,Mechanical,6.5,0,83,76,2,3,2,36.6,27.4,4.7,81,3.3,No,Yes,4,Tier1,Placed
2584,Male,EEE,8.7,0,81,80,2,3,2,70.3,49.8,5.8,90,4.8,Yes,Yes,3,Tier2,Placed
2585,Male,CSE,8.8,0,86,86,2,3,2,84.5,53.3,7.9,85,4.7,Yes,No,4,Tier1,Placed
2586,Male,IT,6.6,1,62,67,1,1,0,20.0,34.2,3.1,60,4.2,No,Yes,0,None,NotPlaced
2587,Male,IT,7.4,0,57,66,1,2,0,43.9,41.5,1.3,73,3.3,No,Yes,0,None,NotPlaced
2588,Female,EEE,8.8,0,70,83,1,1,0,65.4,47.8,3.4,69,4.7,Yes,Yes,0,None,NotPlaced
2589,Male,Civil,7.3,0,56,69,2,2,1,45.2,39.0,3.8,85,4.8,No,No,0,None,NotPlaced
2590,Female,ECE,8.5,1,76,82,2,3,2,69.9,42.7,6.1,90,4.7,No,Yes,2,Tier3,Placed
2591,Female,Mechanical,7.9,0,83,73,2,2,1,47.7,50.6,5.1,88,4.5,Yes,Yes,3,Tier2,Placed
2592,Female,EEE,6.6,2,74,84,1,3,2,23.8,7.9,6.2,76,4.5,Yes,Yes,1,Tier3,Placed
2593,Male,IT,8.2,0,72,64,2,2,0,65.5,56.4,4.7,72,4.8,No,Yes,0,None,NotPlaced
2594,Male,IT,7.5,0,55,71,1,2,1,40.3,20.3,3.3,76,4.2,No,Yes,0,None,NotPlaced
2595,Male,CSE,7.7,0,65,75,1,1,0,34.0,27.1,3.7,73,4.0,Yes,Yes,1,Tier3,Placed
2596,Female,CSE,8.2,0,85,83,2,3,2,67.3,65.2,8.0,90,4.8,Yes,Yes,3,Tier2,Placed
2597,Male,ECE,7.5,1,84,65,1,2,1,46.4,26.3,4.1,77,4.6,Yes,Yes,0,None,NotPlaced
2598,Male,ECE,7.1,1,75,70,1,1,1,28.9,26.9,1.2,87,4.2,No,No,0,None,NotPlaced
2599,Male,ECE,7.7,0,72,61,1,2,0,47.2,45.6,4.1,84,4.7,No,Yes,0,None,NotPlaced
2600,Male,EEE,7.3,0,55,72,1,1,0,32.2,32.4,3.5,68,4.3,No,No,0,None,NotPlaced
2601,Male,CSE,7.9,0,66,61,0,1,0,36.9,32.6,1.4,69,3.8,No,Yes,0,None,NotPlaced
2602,Male,IT,8.2,2,77,83,0,2,2,51.5,48.1,4.6,90,4.8,Yes,Yes,2,Tier2,Placed
2603,Female,ECE,6.8,0,55,76,1,1,0,20.1,16.4,2.3,80,4.3,No,Yes,1,Tier3,Placed
2604,Male,ECE,7.3,0,57,73,1,1,0,29.0,41.3,2.7,62,4.1,No,No,0,None,NotPlaced
2605,Male,EEE,7.9,0,75,74,2,3,2,65.8,41.3,7.5,90,4.7,Yes,Yes,2,Tier2,Placed
2606,Male,IT,8.4,1,81,88,2,3,2,73.8,69.1,7.0,90,4.8,Yes,Yes,2,Tier2,Placed
2607,Male,ECE,8.6,0,75,86,2,3,2,71.6,58.7,6.7,79,4.8,Yes,Yes,2,Tier2,Placed
2608,Male,Mechanical,8.5,2,61,69,1,1,0,55.6,51.1,2.3,80,4.6,No,No,0,None,NotPlaced
2609,Female,Mechanical,7.8,0,77,81,2,3,0,61.2,56.5,3.8,81,4.5,Yes,Yes,0,None,NotPlaced
2610,Male,Mechanical,7.3,0,80,80,0,3,2,43.1,42.7,8.9,90,4.1,Yes,Yes,2,Tier2,Placed
2611,Female,CSE,7.6,0,58,65,0,1,1,29.5,20.0,2.8,65,4.2,Yes,Yes,0,None,NotPlaced
2612,Male,CSE,8.5,0,55,69,0,2,2,60.1,47.5,4.2,86,4.8,No,Yes,3,Tier2,Placed
2613,Male,CSE,8.5,0,79,80,2,3,2,73.7,48.1,9.1,90,4.8,Yes,Yes,4,Tier1,Placed
2614,Female,CSE,8.4,0,84,85,2,3,2,75.6,58.6,6.3,90,4.5,Yes,Yes,0,None,NotPlaced
2615,Male,Mechanical,7.7,0,63,68,0,1,1,29.7,29.9,5.3,72,3.8,Yes,Yes,0,None,NotPlaced
2616,Male,ECE,7.7,0,75,67,0,2,0,38.1,38.7,4.7,80,4.3,No,Yes,0,None,NotPlaced
2617,Male,CSE,7.4,1,81,88,2,1,2,39.0,38.5,3.4,90,4.7,Yes,Yes,0,None,NotPlaced
2618,Male,CSE,6.6,0,58,64,1,1,0,20.0,6.4,3.6,72,4.1,Yes,No,2,Tier3,Placed
2619,Female,CSE,7.4,0,55,63,1,0,1,34.0,25.3,0.0,67,3.6,No,No,0,None,NotPlaced
2620,Male,ECE,7.9,0,77,84,2,1,0,48.8,35.8,1.4,77,4.3,Yes,No,0,None,NotPlaced
2621,Female,ECE,8.6,0,81,85,2,3,2,76.1,50.3,5.8,84,4.5,Yes,Yes,3,Tier2,Placed
2622,Female,Mechanical,7.5,1,55,63,1,1,1,37.1,25.5,3.1,69,3.7,No,No,0,None,NotPlaced
2623,Male,Civil,6.7,0,64,69,1,1,0,20.0,20.3,1.1,70,3.6,No,No,0,None,NotPlaced
2624,Female,CSE,7.8,0,70,86,1,3,2,59.6,61.1,5.3,90,4.1,Yes,No,0,None,NotPlaced
2625,Male,IT,7.7,0,55,81,1,1,0,41.5,28.8,1.9,82,3.7,No,Yes,2,Tier3,Placed
2626,Female,CSE,7.6,0,55,68,1,1,0,41.3,27.9,2.6,89,4.2,No,Yes,0,None,NotPlaced
2627,Male,ECE,6.6,1,56,65,1,1,0,20.0,17.0,2.0,87,4.8,No,No,0,None,NotPlaced
2628,Female,Civil,6.7,0,58,57,2,1,2,20.0,23.6,2.6,77,4.1,No,Yes,0,None,NotPlaced
2629,Male,ECE,7.5,0,55,61,1,1,1,29.9,36.6,4.2,65,3.7,Yes,Yes,0,None,NotPlaced
2630,Male,EEE,8.4,0,74,80,1,3,1,65.6,52.4,7.6,80,4.4,Yes,Yes,0,None,NotPlaced
2631,Male,ECE,7.6,1,77,70,1,3,0,59.3,37.1,5.8,80,4.7,No,No,0,None,NotPlaced
2632,Female,CSE,7.5,1,71,72,1,2,0,52.0,32.1,3.5,62,3.9,No,No,0,None,NotPlaced
2633,Male,CSE,8.4,1,71,84,2,2,0,65.7,54.7,5.8,80,4.0,Yes,No,0,None,NotPlaced
2634,Male,ECE,7.5,1,56,82,1,1,0,33.0,38.3,2.3,80,4.7,No,No,3,Tier2,Placed
2635,Female,EEE,7.9,0,82,62,1,2,1,47.3,55.4,4.1,86,4.6,Yes,Yes,1,Tier3,Placed
2636,Female,IT,6.5,0,79,67,0,1,0,20.0,11.4,4.3,76,4.6,Yes,Yes,0,None,NotPlaced
2637,Female,EEE,8.3,0,76,88,1,3,2,75.9,62.3,7.3,90,4.8,Yes,Yes,2,Tier2,Placed
2638,Female,EEE,8.1,0,88,84,1,3,2,69.9,48.4,7.7,86,4.6,Yes,Yes,2,Tier2,Placed
2639,Female,IT,7.6,0,60,74,0,1,0,35.7,24.0,1.6,69,3.4,No,No,0,None,NotPlaced
2640,Female,EEE,8.4,0,85,78,2,3,2,77.6,54.6,8.1,90,4.8,Yes,Yes,4,Tier1,Placed
2641,Male,IT,8.0,0,65,59,0,1,0,42.2,34.2,0.4,81,3.1,No,No,0,None,NotPlaced
2642,Male,ECE,8.1,0,77,83,1,2,0,52.8,37.9,6.7,89,4.8,Yes,Yes,0,None,NotPlaced
2643,Female,ECE,8.5,0,56,72,0,2,1,52.3,64.5,3.1,89,4.8,Yes,Yes,3,Tier1,Placed
2644,Male,Civil,8.9,0,75,84,2,1,2,65.9,50.6,1.6,90,4.7,Yes,Yes,2,Tier2,Placed
2645,Male,ECE,7.3,0,55,67,1,1,1,31.1,36.9,2.3,80,4.7,No,No,0,None,NotPlaced
2646,Male,ECE,7.0,0,69,67,2,1,0,20.7,16.0,2.5,75,3.8,Yes,Yes,2,Tier3,Placed
2647,Female,CSE,6.8,2,55,62,1,1,1,20.0,37.7,1.7,65,4.5,No,Yes,0,None,NotPlaced
2648,Male,IT,7.4,0,60,71,0,1,0,21.9,24.5,1.5,72,3.6,No,No,0,None,NotPlaced
2649,Male,ECE,8.5,0,78,82,1,3,1,74.1,66.6,6.2,89,4.6,Yes,Yes,0,None,NotPlaced
2650,Male,Mechanical,7.9,0,67,81,2,1,3,43.3,31.9,3.3,70,4.0,Yes,Yes,1,Tier3,Placed
2651,Male,IT,8.5,0,55,83,1,2,0,62.6,59.3,4.0,85,4.3,No,Yes,2,Tier2,Placed
2652,Male,CSE,7.6,0,78,84,0,2,2,34.5,33.7,5.9,76,4.2,Yes,Yes,0,None,NotPlaced
2653,Male,IT,7.8,0,79,88,2,3,2,68.0,52.7,7.1,90,4.6,Yes,Yes,3,Tier2,Placed
2654,Male,ECE,7.3,1,55,68,1,1,1,20.5,11.7,1.6,67,3.4,No,No,0,None,NotPlaced
2655,Female,CSE,8.5,0,75,83,1,3,3,71.4,56.0,7.8,88,4.4,Yes,Yes,2,Tier2,Placed
2656,Male,CSE,8.5,0,84,71,2,2,2,59.6,47.2,3.2,90,4.8,Yes,Yes,3,Tier1,Placed
2657,Female,Mechanical,6.5,0,59,70,0,1,2,20.0,26.6,0.0,63,3.9,No,No,0,None,NotPlaced
2658,Female,CSE,7.4,0,68,88,1,3,2,48.0,39.2,4.4,83,4.8,No,Yes,2,Tier2,Placed
2659,Male,ECE,7.6,0,57,62,1,2,0,44.3,22.4,4.7,75,3.9,Yes,Yes,0,None,NotPlaced
2660,Female,EEE,7.5,0,74,84,1,3,2,50.1,47.3,7.4,78,4.6,Yes,Yes,4,Tier1,Placed
2661,Male,CSE,8.5,1,58,80,2,2,3,66.8,63.1,2.3,67,4.6,Yes,No,0,None,NotPlaced
2662,Female,ECE,7.5,0,55,65,1,2,0,37.8,19.8,4.0,74,4.3,No,No,0,None,NotPlaced
2663,Male,EEE,6.5,1,58,67,1,1,1,20.0,34.9,1.6,72,4.4,No,No,0,None,NotPlaced
2664,Female,ECE,7.7,0,71,82,0,3,0,48.2,52.4,7.1,83,4.2,Yes,Yes,0,None,NotPlaced
2665,Male,IT,7.5,1,79,73,0,1,0,29.0,22.5,1.1,80,4.5,Yes,Yes,0,None,NotPlaced
2666,Male,IT,7.6,0,66,74,1,3,0,50.7,33.0,9.6,72,4.0,Yes,No,0,None,NotPlaced
2667,Male,EEE,8.2,0,73,83,2,3,2,71.6,66.6,7.0,90,4.8,Yes,Yes,1,Tier3,Placed
2668,Female,Mechanical,6.5,2,62,74,0,1,1,20.0,8.4,0.8,60,3.2,No,No,0,None,NotPlaced
2669,Female,IT,6.9,0,62,62,0,1,0,20.0,15.2,2.1,73,3.0,No,No,0,None,NotPlaced
2670,Male,CSE,8.6,0,75,78,2,3,2,74.1,49.4,8.5,90,4.8,Yes,Yes,4,Tier1,Placed
2671,Male,CSE,6.8,2,59,72,1,1,0,20.0,21.4,0.7,82,4.2,No,No,0,None,NotPlaced
2672,Male,CSE,8.4,0,60,82,1,1,1,51.8,55.4,1.5,82,4.3,Yes,Yes,0,None,NotPlaced
2673,Female,EEE,6.7,0,55,82,1,2,0,31.0,32.8,4.9,90,4.7,Yes,Yes,1,Tier3,Placed
2674,Male,CSE,7.5,0,76,74,1,1,2,35.2,39.8,2.0,78,4.4,No,Yes,0,None,NotPlaced
2675,Female,IT,8.1,0,58,63,1,1,1,40.9,32.8,2.7,78,4.3,No,Yes,0,None,NotPlaced
2676,Male,EEE,8.3,0,79,88,1,3,1,69.1,56.4,8.5,81,4.3,Yes,Yes,0,None,NotPlaced
2677,Male,IT,6.5,0,79,58,0,1,0,20.0,10.7,2.8,72,4.6,No,No,0,None,NotPlaced
2678,Male,Mechanical,7.2,0,70,74,1,2,3,38.6,33.3,3.6,78,4.5,Yes,Yes,0,None,NotPlaced
2679,Male,ECE,8.5,0,74,85,1,3,2,67.2,48.6,5.9,84,4.6,Yes,Yes,3,Tier1,Placed
2680,Male,IT,7.2,0,67,67,1,1,1,28.8,24.8,2.2,66,3.8,Yes,No,0,None,NotPlaced
2681,Male,EEE,6.5,1,67,71,1,1,0,20.0,19.1,3.8,77,3.9,Yes,No,0,None,NotPlaced
2682,Female,Mechanical,6.5,0,60,69,1,1,1,20.0,18.6,2.6,79,3.8,No,Yes,0,None,NotPlaced
2683,Male,ECE,6.5,1,72,70,0,2,0,20.0,38.0,5.3,79,3.6,No,Yes,0,None,NotPlaced
2684,Male,IT,6.5,0,84,72,1,2,0,23.6,37.2,5.6,73,3.6,Yes,Yes,0,None,NotPlaced
2685,Male,ECE,7.0,0,71,73,1,2,0,32.9,40.8,3.4,72,4.1,No,Yes,0,None,NotPlaced
2686,Male,Mechanical,8.4,0,85,81,1,3,1,69.1,70.2,6.8,83,4.2,Yes,Yes,1,Tier3,Placed
2687,Male,ECE,7.9,0,81,68,1,3,0,58.4,59.7,5.5,83,4.6,Yes,Yes,1,Tier3,Placed
2688,Male,CSE,8.5,0,72,77,2,3,1,70.2,57.1,7.6,90,4.7,Yes,Yes,4,Tier1,Placed
2689,Male,ECE,8.4,0,82,80,1,3,2,71.8,56.2,6.4,77,4.5,Yes,Yes,2,Tier2,Placed
2690,Male,ECE,6.5,0,55,60,1,2,0,26.0,27.6,5.2,84,4.7,No,Yes,0,None,NotPlaced
2691,Male,EEE,6.5,1,65,68,1,2,1,20.0,18.9,4.6,73,4.1,No,Yes,0,None,NotPlaced
2692,Male,EEE,7.6,2,69,63,1,2,0,45.7,30.9,5.9,80,3.7,No,Yes,0,None,NotPlaced
2693,Male,ECE,8.4,0,80,84,1,3,2,71.4,60.1,7.4,86,4.7,Yes,Yes,2,Tier2,Placed
2694,Male,EEE,8.3,0,83,82,0,1,2,41.6,24.2,3.4,84,4.8,Yes,Yes,2,Tier2,Placed
2695,Female,EEE,7.6,0,56,66,1,2,0,41.5,36.7,3.8,73,4.4,No,Yes,2,Tier3,Placed
2696,Male,ECE,7.7,1,55,62,1,1,1,39.7,25.8,1.6,66,3.3,No,No,0,None,NotPlaced
2697,Female,CSE,7.2,0,56,67,1,2,0,27.4,24.7,3.7,69,4.5,No,Yes,1,Tier3,Placed
2698,Male,EEE,8.3,0,84,81,2,2,2,56.6,48.1,6.0,77,4.0,Yes,Yes,3,Tier2,Placed
2699,Female,Mechanical,8.6,0,71,84,1,3,1,66.1,51.1,5.7,85,4.6,Yes,Yes,3,Tier1,Placed
2700,Female,CSE,8.4,0,75,84,2,3,2,63.0,39.1,7.1,90,4.8,Yes,Yes,3,Tier2,Placed
2701,Male,ECE,6.7,0,55,64,1,1,0,22.4,13.9,0.3,86,4.8,No,Yes,2,Tier3,Placed
2702,Female,IT,7.3,0,59,60,0,1,0,20.0,25.0,2.4,81,4.2,No,Yes,0,None,NotPlaced
2703,Male,ECE,8.5,0,83,85,2,3,2,75.7,56.6,6.5,90,4.8,Yes,Yes,3,Tier2,Placed
2704,Male,EEE,7.3,2,55,70,1,1,0,33.1,34.7,2.5,78,3.7,No,No,0,None,NotPlaced
2705,Female,CSE,7.5,0,66,70,1,2,2,39.5,34.2,4.3,72,4.1,Yes,Yes,0,None,NotPlaced
2706,Female,EEE,8.6,0,85,82,2,3,2,72.7,57.4,6.7,90,4.7,Yes,Yes,4,Tier1,Placed
2707,Male,CSE,8.8,0,75,84,1,3,3,76.2,64.2,7.6,90,4.8,Yes,Yes,0,None,NotPlaced
2708,Male,EEE,7.5,0,65,68,0,2,0,36.0,27.0,4.1,80,4.4,No,Yes,0,None,NotPlaced
2709,Male,IT,8.5,0,65,84,2,1,2,63.0,54.8,4.5,83,4.3,Yes,Yes,0,None,NotPlaced
2710,Male,IT,7.9,0,81,87,2,3,2,48.9,39.0,6.5,90,4.8,Yes,Yes,4,Tier1,Placed
2711,Female,CSE,6.6,0,55,63,1,1,1,20.0,40.7,1.4,71,4.0,No,Yes,0,None,NotPlaced
2712,Male,CSE,8.5,0,80,84,2,3,2,76.8,52.8,8.2,90,4.7,Yes,Yes,3,Tier2,Placed
2713,Male,EEE,6.8,2,63,68,1,1,0,20.0,17.7,1.6,73,4.3,No,No,0,None,NotPlaced
2714,Male,IT,8.6,0,79,84,1,2,2,66.8,51.1,4.6,76,4.4,Yes,No,0,None,NotPlaced
2715,Male,CSE,6.5,0,82,69,1,1,1,20.0,10.3,3.4,79,4.2,Yes,Yes,3,Tier2,Placed
2716,Male,CSE,6.5,0,55,68,1,1,0,20.0,26.0,1.8,69,4.3,No,Yes,0,None,NotPlaced
2717,Male,CSE,6.5,0,63,66,0,3,0,22.5,18.7,5.7,71,3.8,No,Yes,0,None,NotPlaced
2718,Female,EEE,8.4,0,90,83,0,3,0,73.6,40.2,6.3,86,4.6,Yes,Yes,4,Tier1,Placed
2719,Female,EEE,6.5,0,60,75,0,1,0,20.0,25.7,3.4,68,3.6,No,Yes,0,None,NotPlaced
2720,Male,CSE,8.2,0,61,71,0,3,2,60.5,44.3,6.8,78,4.8,Yes,No,3,Tier2,Placed
2721,Female,ECE,7.5,0,60,71,1,1,0,33.4,28.8,1.4,69,4.3,No,No,0,None,NotPlaced
2722,Female,CSE,7.4,0,57,85,0,1,1,28.7,31.7,1.7,69,3.5,No,Yes,0,None,NotPlaced
2723,Female,Mechanical,8.3,0,60,83,2,2,0,66.1,50.4,4.4,78,4.1,No,Yes,1,Tier3,Placed
2724,Male,Mechanical,7.7,0,81,60,0,3,0,50.1,39.9,8.5,87,4.7,Yes,Yes,2,Tier2,Placed
2725,Male,EEE,7.4,0,80,75,1,1,2,27.2,46.3,2.8,84,4.7,Yes,Yes,1,Tier3,Placed
2726,Male,Mechanical,8.4,0,69,70,1,2,0,67.9,37.3,4.1,78,4.2,Yes,Yes,0,None,NotPlaced
2727,Male,EEE,7.6,0,75,83,1,3,2,52.2,33.8,8.9,84,4.2,Yes,Yes,0,None,NotPlaced
2728,Male,EEE,7.9,0,55,61,0,3,1,62.1,41.7,7.1,77,4.0,Yes,Yes,0,None,NotPlaced
2729,Male,ECE,7.6,0,55,68,1,1,0,35.9,46.2,1.9,75,3.6,No,Yes,0,None,NotPlaced
2730,Male,IT,7.6,0,76,72,0,2,0,36.8,27.7,4.1,79,4.6,No,Yes,0,None,NotPlaced
2731,Female,IT,6.6,0,58,62,1,2,1,29.9,28.4,2.8,62,3.4,No,Yes,0,None,NotPlaced
2732,Male,IT,8.1,0,75,82,1,3,2,62.5,48.0,7.0,89,4.8,Yes,Yes,1,Tier3,Placed
2733,Male,EEE,7.4,0,67,73,1,2,1,39.7,39.0,5.8,71,4.3,Yes,Yes,0,None,NotPlaced
2734,Female,CSE,7.7,0,81,85,2,3,2,52.0,44.4,8.2,90,4.8,Yes,Yes,4,Tier1,Placed
2735,Female,IT,6.5,1,55,62,1,1,1,20.0,22.5,1.6,72,3.3,No,Yes,0,None,NotPlaced
2736,Female,IT,8.1,0,76,88,2,3,2,63.5,62.8,7.2,90,4.7,Yes,Yes,2,Tier2,Placed
2737,Female,CSE,7.6,0,90,84,2,2,1,45.8,43.1,6.2,84,4.8,Yes,Yes,0,None,NotPlaced
2738,Male,ECE,7.9,0,83,82,0,1,2,33.5,24.5,3.0,77,4.8,Yes,Yes,1,Tier3,Placed
2739,Female,Mechanical,8.5,0,83,83,1,3,2,71.2,60.3,7.7,88,4.8,Yes,Yes,0,None,NotPlaced
2740,Male,EEE,8.1,0,83,86,2,3,2,58.3,67.5,7.4,82,4.7,Yes,Yes,3,Tier1,Placed
2741,Male,ECE,8.4,0,84,83,2,3,0,70.9,61.9,6.3,86,4.7,Yes,Yes,2,Tier3,Placed
2742,Male,IT,8.8,0,77,81,2,3,2,84.9,68.7,6.1,90,4.8,Yes,Yes,4,Tier1,Placed
2743,Male,ECE,7.6,0,73,78,1,3,0,44.8,27.6,8.1,80,4.8,Yes,Yes,3,Tier2,Placed
2744,Male,CSE,8.3,0,80,88,2,3,2,70.9,63.5,4.3,90,4.8,Yes,Yes,2,Tier3,Placed
2745,Male,Mechanical,8.2,0,79,83,0,1,1,38.8,40.3,2.3,68,3.8,Yes,No,2,Tier2,Placed
2746,Female,IT,6.5,0,56,68,0,1,0,20.0,23.0,0.6,72,4.1,No,No,0,None,NotPlaced
2747,Male,CSE,7.7,1,73,74,2,3,0,66.3,53.7,7.1,71,3.8,No,No,0,None,NotPlaced
2748,Male,EEE,7.9,0,58,71,1,2,1,40.7,57.5,5.4,70,4.3,No,Yes,0,None,NotPlaced
2749,Female,CSE,8.1,0,82,85,2,3,2,69.8,63.4,6.3,85,4.6,Yes,Yes,3,Tier2,Placed
2750,Male,IT,8.6,0,87,81,1,3,0,68.6,66.0,9.8,90,4.8,Yes,Yes,3,Tier1,Placed
2751,Male,CSE,7.7,0,58,66,0,2,1,37.4,33.2,5.4,72,4.4,No,Yes,0,None,NotPlaced
2752,Female,CSE,8.6,0,77,83,0,3,2,60.4,49.3,7.2,90,4.8,Yes,Yes,2,Tier2,Placed
2753,Male,CSE,8.1,0,55,70,1,2,0,56.8,52.1,5.5,81,4.2,No,No,0,None,NotPlaced
2754,Male,CSE,6.5,1,63,72,1,1,0,20.0,19.2,1.4,70,4.2,No,Yes,0,None,NotPlaced
2755,Female,ECE,8.2,1,68,87,1,2,2,53.4,44.2,4.7,80,4.4,Yes,Yes,4,Tier1,Placed
2756,Male,EEE,8.4,0,74,88,2,3,2,72.5,62.6,7.5,90,4.4,Yes,Yes,2,Tier2,Placed
2757,Male,IT,8.4,0,81,81,2,3,2,71.1,53.8,6.3,90,4.8,Yes,Yes,3,Tier2,Placed
2758,Female,EEE,8.6,1,76,87,1,3,3,61.0,51.5,5.7,78,4.7,Yes,Yes,2,Tier2,Placed
2759,Female,IT,6.5,0,69,64,1,1,1,20.0,21.3,1.1,74,3.8,No,No,0,None,NotPlaced
2760,Male,IT,7.5,0,76,68,2,1,1,42.5,44.9,1.8,82,4.7,No,No,0,None,NotPlaced
2761,Male,CSE,8.3,0,56,83,1,1,3,41.5,31.0,2.5,76,4.2,No,Yes,0,None,NotPlaced
2762,Male,ECE,8.0,0,83,81,0,3,2,48.6,25.9,6.7,87,4.5,Yes,Yes,1,Tier3,Placed
2763,Male,IT,7.6,1,68,74,2,1,0,37.9,32.1,0.4,90,4.8,No,Yes,0,None,NotPlaced
2764,Male,ECE,8.0,0,75,66,0,3,1,50.4,46.2,7.5,86,4.3,Yes,Yes,1,Tier3,Placed
2765,Male,EEE,8.5,0,75,88,1,1,2,52.9,52.8,4.3,90,4.7,Yes,Yes,4,Tier1,Placed
2766,Female,ECE,8.4,0,74,68,2,1,1,50.5,36.9,2.3,79,4.3,Yes,Yes,1,Tier3,Placed
2767,Male,ECE,8.2,0,88,77,0,3,0,56.1,51.7,8.7,90,4.5,Yes,No,0,None,NotPlaced
2768,Male,Mechanical,7.9,0,78,82,0,3,2,51.8,53.4,7.9,89,4.7,Yes,Yes,4,Tier1,Placed
2769,Male,IT,6.5,0,72,83,0,2,2,20.0,26.9,2.9,77,4.6,No,Yes,0,None,NotPlaced
2770,Female,IT,8.1,0,55,59,0,1,0,46.2,32.1,1.4,68,4.2,No,No,0,None,NotPlaced
2771,Male,EEE,7.3,0,62,72,0,1,0,22.7,16.2,1.7,64,3.7,No,No,0,None,NotPlaced
2772,Male,ECE,8.5,0,79,73,0,1,2,57.4,51.1,2.8,83,4.2,Yes,No,2,Tier3,Placed
2773,Female,CSE,8.3,0,79,85,1,3,2,64.1,65.7,4.6,87,4.8,Yes,Yes,2,Tier3,Placed
2774,Male,IT,7.7,0,80,82,0,3,0,52.1,44.1,6.2,83,4.5,Yes,Yes,0,None,NotPlaced
2775,Male,IT,9.0,0,79,86,0,3,2,83.7,65.0,6.4,86,4.8,Yes,Yes,2,Tier2,Placed
2776,Male,ECE,7.0,1,55,71,1,2,1,31.7,18.3,5.9,78,4.0,No,No,0,None,NotPlaced
2777,Male,CSE,7.5,0,55,69,1,1,1,26.1,21.7,2.2,71,4.5,No,No,0,None,NotPlaced
2778,Male,Civil,7.1,0,65,66,0,1,1,20.5,14.8,1.2,69,4.8,No,No,0,None,NotPlaced
2779,Male,EEE,8.2,0,73,87,1,2,2,51.9,42.9,4.6,71,4.4,Yes,Yes,2,Tier2,Placed
2780,Male,ECE,8.1,0,72,82,2,3,2,64.6,40.5,7.4,82,4.2,Yes,Yes,0,None,NotPlaced
2781,Male,EEE,7.3,0,55,68,0,1,1,33.9,28.7,1.6,84,4.7,No,No,0,None,NotPlaced
2782,Female,Mechanical,8.4,0,80,83,1,3,1,60.9,41.7,6.4,79,4.0,Yes,Yes,0,None,NotPlaced
2783,Female,CSE,7.5,0,70,84,1,2,2,42.5,45.3,4.4,89,4.8,Yes,Yes,2,Tier3,Placed
2784,Female,CSE,7.5,0,74,70,1,3,1,44.6,31.9,7.5,84,4.0,Yes,No,1,Tier3,Placed
2785,Female,ECE,7.4,0,62,65,1,3,0,45.5,34.9,4.6,85,4.6,No,No,0,None,NotPlaced
2786,Male,Mechanical,6.5,0,63,67,1,1,1,20.0,23.1,0.9,76,4.2,No,Yes,0,None,NotPlaced
2787,Female,CSE,6.8,1,64,80,1,3,2,36.6,29.5,6.1,83,4.7,Yes,No,0,None,NotPlaced
2788,Male,Civil,8.6,1,80,86,1,3,2,69.9,75.6,5.9,87,4.1,Yes,Yes,4,Tier1,Placed
2789,Female,ECE,6.8,1,62,86,0,1,0,20.0,29.0,2.2,84,4.1,Yes,Yes,2,Tier2,Placed
2790,Female,IT,7.5,1,63,65,1,1,1,34.6,31.3,2.9,77,3.8,No,Yes,0,None,NotPlaced
2791,Female,IT,8.4,0,89,88,1,3,2,75.5,63.4,8.0,85,4.2,Yes,Yes,2,Tier2,Placed
2792,Female,CSE,6.7,1,82,70,2,1,2,20.0,2.5,3.3,82,4.6,Yes,Yes,0,None,NotPlaced
2793,Male,ECE,8.5,0,55,70,1,2,0,70.6,67.1,4.2,87,4.7,No,Yes,2,Tier2,Placed
2794,Male,Civil,8.2,0,67,80,0,3,0,64.0,56.6,6.3,86,4.0,Yes,Yes,3,Tier1,Placed
2795,Male,ECE,6.5,1,74,71,1,1,1,20.0,20.5,0.9,79,4.4,Yes,Yes,0,None,NotPlaced
2796,Male,Civil,8.1,0,76,82,1,3,2,62.5,56.4,7.1,90,4.5,Yes,Yes,3,Tier2,Placed
2797,Male,Mechanical,7.0,0,62,67,0,1,0,23.9,28.4,3.3,69,4.5,Yes,No,0,None,NotPlaced
2798,Male,ECE,7.5,0,55,65,0,1,1,23.0,19.2,1.3,72,3.5,No,Yes,0,None,NotPlaced
2799,Female,ECE,7.9,0,55,72,1,1,0,37.7,36.6,0.9,80,3.8,No,No,0,None,NotPlaced
2800,Male,ECE,6.9,0,57,63,0,1,0,20.0,28.7,0.7,70,4.3,No,No,0,None,NotPlaced
2801,Female,IT,8.8,0,81,88,1,3,2,76.5,65.3,7.2,90,4.8,Yes,Yes,4,Tier1,Placed
2802,Female,CSE,8.4,0,82,80,2,3,2,71.3,56.0,7.1,90,4.8,Yes,Yes,0,None,NotPlaced
2803,Female,ECE,8.3,0,76,83,1,3,2,52.5,47.0,8.2,87,4.4,Yes,Yes,1,Tier3,Placed
2804,Female,CSE,6.7,1,84,83,1,3,1,30.8,39.5,6.2,76,4.4,Yes,Yes,3,Tier2,Placed
2805,Male,Mechanical,7.4,1,55,64,1,1,1,25.1,30.8,1.7,77,4.1,No,No,0,None,NotPlaced
2806,Female,Mechanical,7.4,0,80,66,2,3,2,54.5,35.6,6.0,75,4.2,No,Yes,0,None,NotPlaced
2807,Female,IT,6.7,0,74,66,1,1,0,20.0,25.4,2.5,74,3.9,Yes,Yes,0,None,NotPlaced
2808,Male,IT,7.7,0,81,82,1,2,1,41.9,40.3,5.8,81,4.8,Yes,Yes,2,Tier3,Placed
2809,Male,ECE,7.5,0,80,60,0,1,1,41.2,44.2,3.2,67,4.4,No,Yes,0,None,NotPlaced
2810,Female,EEE,6.5,1,78,67,1,1,0,20.0,21.2,1.9,77,3.9,Yes,Yes,0,None,NotPlaced
2811,Male,IT,6.5,0,75,73,1,2,1,26.3,23.5,3.5,89,4.6,No,Yes,0,None,NotPlaced
2812,Male,IT,8.5,0,80,70,1,3,1,80.0,52.4,8.3,82,4.7,Yes,Yes,3,Tier1,Placed
2813,Female,IT,7.9,0,81,86,1,2,2,53.0,39.6,5.3,90,4.2,Yes,Yes,2,Tier2,Placed
2814,Male,CSE,7.2,0,74,72,1,1,1,23.1,31.9,2.1,67,4.3,No,No,0,None,NotPlaced
2815,Male,CSE,7.4,0,55,69,2,2,1,39.6,36.0,4.3,74,3.8,No,Yes,0,None,NotPlaced
2816,Female,CSE,8.6,0,55,68,1,2,0,67.8,53.9,4.7,80,4.2,No,No,0,None,NotPlaced
2817,Male,ECE,8.5,0,81,81,0,3,2,53.7,56.1,7.4,90,4.7,Yes,Yes,3,Tier1,Placed
2818,Male,Civil,8.4,0,77,83,2,2,3,63.6,61.3,5.2,90,4.6,Yes,Yes,3,Tier2,Placed
2819,Male,IT,7.5,0,61,65,1,1,1,22.1,16.7,2.0,79,3.2,No,Yes,0,None,NotPlaced
2820,Male,ECE,7.8,1,55,71,1,2,0,47.5,49.6,5.3,75,4.5,No,Yes,3,Tier2,Placed
2821,Female,CSE,8.1,0,81,87,2,3,2,70.3,44.0,6.7,90,4.8,Yes,Yes,1,Tier3,Placed
2822,Male,IT,8.6,0,78,78,2,3,2,77.4,65.0,7.0,79,4.8,Yes,Yes,3,Tier2,Placed
2823,Male,CSE,7.6,0,67,62,1,3,1,55.7,49.5,8.6,86,4.6,Yes,Yes,0,None,NotPlaced
2824,Male,ECE,7.5,0,67,71,1,3,3,58.8,56.5,7.3,68,4.1,Yes,Yes,0,None,NotPlaced
2825,Male,Civil,7.3,0,55,75,1,1,0,28.3,30.4,1.9,84,4.5,No,Yes,0,None,NotPlaced
2826,Female,IT,6.5,2,59,68,1,2,1,35.0,29.2,4.6,74,3.2,No,No,0,None,NotPlaced
2827,Female,Mechanical,6.6,1,66,61,0,1,0,20.0,18.2,2.2,61,3.8,No,No,0,None,NotPlaced
2828,Male,CSE,7.8,1,67,69,1,1,1,43.7,59.6,1.3,83,4.0,No,Yes,2,Tier3,Placed
2829,Male,IT,7.5,0,60,69,1,1,1,29.9,27.0,2.2,60,3.0,No,No,0,None,NotPlaced
2830,Male,CSE,8.4,0,71,84,2,2,2,72.1,62.2,4.2,77,4.8,Yes,Yes,3,Tier2,Placed
2831,Male,ECE,7.1,0,75,70,2,3,2,51.2,27.6,8.8,88,4.5,Yes,Yes,2,Tier3,Placed
2832,Female,CSE,8.0,0,81,68,2,3,1,71.4,49.9,7.2,73,4.4,Yes,Yes,0,None,NotPlaced
2833,Male,ECE,7.2,0,79,84,1,3,2,43.3,41.7,5.1,80,4.6,No,No,2,Tier2,Placed
2834,Male,IT,8.1,0,75,84,1,2,2,46.7,27.3,4.6,84,4.3,Yes,Yes,0,None,NotPlaced
2835,Male,IT,6.6,0,55,69,1,2,0,25.3,27.5,5.8,60,4.7,Yes,Yes,0,None,NotPlaced
2836,Female,ECE,8.6,0,59,63,2,2,1,59.5,42.5,2.9,74,4.0,No,No,0,None,NotPlaced
2837,Female,Civil,6.8,0,60,62,1,1,1,20.0,12.1,4.7,71,4.3,No,Yes,0,None,NotPlaced
2838,Male,ECE,7.3,0,61,64,1,1,0,30.0,21.5,0.5,70,3.9,No,No,0,None,NotPlaced
2839,Female,CSE,7.9,0,70,60,1,2,1,60.9,62.6,4.9,86,4.8,No,Yes,0,None,NotPlaced
2840,Male,CSE,7.5,0,60,57,1,1,0,34.6,33.3,1.5,71,4.0,No,No,0,None,NotPlaced
2841,Male,Mechanical,8.2,1,83,78,2,3,2,68.7,48.9,6.2,90,4.7,Yes,Yes,1,Tier3,Placed
2842,Female,EEE,6.5,1,55,70,1,2,1,20.7,27.1,4.5,71,4.3,No,Yes,0,None,NotPlaced
2843,Female,IT,8.0,0,67,73,1,2,0,44.3,45.4,4.5,86,4.8,Yes,Yes,0,None,NotPlaced
2844,Female,CSE,8.1,0,59,68,1,3,1,61.4,46.0,7.6,68,4.7,No,Yes,0,None,NotPlaced
2845,Male,IT,8.4,0,80,79,2,3,2,72.5,65.5,5.6,79,4.4,Yes,No,0,None,NotPlaced
2846,Male,IT,6.5,0,71,64,1,3,0,24.2,30.8,6.6,64,4.6,No,No,0,None,NotPlaced
2847,Female,Mechanical,8.4,0,59,81,1,3,0,61.1,57.4,6.7,87,4.3,Yes,Yes,0,None,NotPlaced
2848,Male,Mechanical,8.4,0,85,88,1,3,0,64.6,47.1,7.3,81,4.8,Yes,Yes,4,Tier1,Placed
2849,Male,CSE,8.4,0,75,79,2,3,1,72.3,48.4,7.5,80,4.6,Yes,Yes,0,None,NotPlaced
2850,Male,ECE,7.9,0,82,87,0,3,1,49.7,29.3,5.3,90,4.4,Yes,Yes,3,Tier2,Placed
2851,Female,IT,6.8,1,55,68,1,2,0,21.7,16.0,4.2,67,3.2,No,No,0,None,NotPlaced
2852,Male,ECE,7.3,0,76,88,1,3,0,46.4,37.6,8.1,90,4.7,Yes,Yes,0,None,NotPlaced
2853,Male,Mechanical,7.7,0,55,66,1,1,0,39.7,32.0,2.5,72,4.2,No,No,0,None,NotPlaced
2854,Female,ECE,7.3,0,60,73,1,1,0,29.6,26.3,1.6,66,3.8,No,No,0,None,NotPlaced
2855,Male,CSE,8.5,0,82,70,2,3,0,71.2,71.7,5.6,89,4.8,Yes,Yes,4,Tier1,Placed
2856,Male,CSE,8.1,0,55,88,1,3,2,64.0,50.0,6.5,88,4.4,No,Yes,1,Tier3,Placed
2857,Male,EEE,8.0,0,82,83,2,3,2,63.0,51.8,8.9,90,4.8,Yes,Yes,3,Tier2,Placed
2858,Male,ECE,8.8,0,82,82,0,1,2,48.1,27.2,3.7,90,4.8,Yes,Yes,0,None,NotPlaced
2859,Male,IT,8.1,0,82,85,2,3,2,71.2,75.8,8.2,90,4.7,Yes,Yes,3,Tier2,Placed
2860,Male,CSE,7.6,0,74,87,2,3,0,57.8,37.0,7.9,78,4.8,Yes,Yes,1,Tier3,Placed
2861,Female,IT,8.4,0,70,88,2,3,0,71.4,52.4,6.6,90,4.8,Yes,Yes,2,Tier3,Placed
2862,Male,Civil,7.9,0,80,81,1,3,1,49.1,46.7,7.1,75,4.6,Yes,Yes,0,None,NotPlaced
2863,Female,ECE,8.3,0,73,81,2,2,2,58.3,50.9,5.9,90,4.7,Yes,No,0,None,NotPlaced
2864,Male,IT,8.5,0,57,81,2,2,2,76.1,72.3,3.4,65,4.4,Yes,Yes,0,None,NotPlaced
2865,Male,ECE,8.4,0,76,88,2,3,2,64.5,59.0,7.7,90,4.8,Yes,Yes,4,Tier1,Placed
2866,Male,ECE,8.6,0,79,85,2,3,2,74.7,59.6,8.3,89,4.8,Yes,Yes,0,None,NotPlaced
2867,Male,IT,7.7,0,65,61,1,3,1,52.9,52.2,5.9,76,4.0,No,No,0,None,NotPlaced
2868,Female,CSE,7.6,0,55,60,1,1,0,36.6,42.4,2.8,83,4.0,No,No,0,None,NotPlaced
2869,Male,ECE,8.2,0,83,82,2,3,2,60.5,44.4,6.4,81,4.8,Yes,Yes,1,Tier3,Placed
2870,Male,ECE,8.0,0,83,83,2,3,0,64.9,61.2,6.0,90,4.3,No,Yes,2,Tier2,Placed
2871,Female,EEE,6.5,0,55,77,1,1,0,20.0,19.2,2.7,78,4.5,Yes,Yes,0,None,NotPlaced
2872,Female,Mechanical,7.7,0,55,68,0,2,0,40.5,34.7,4.5,80,4.3,No,Yes,0,None,NotPlaced
2873,Female,IT,8.3,0,74,88,2,3,2,66.7,55.9,6.9,90,4.8,Yes,Yes,2,Tier3,Placed
2874,Male,CSE,7.3,0,68,85,1,2,0,32.7,27.1,3.3,81,3.7,Yes,Yes,0,None,NotPlaced
2875,Female,Civil,6.5,1,70,64,0,3,0,28.2,22.7,5.3,72,4.1,No,Yes,0,None,NotPlaced
2876,Male,IT,7.5,0,69,67,1,2,0,39.8,42.8,5.9,79,4.7,No,No,0,None,NotPlaced
2877,Male,ECE,7.8,0,57,74,1,2,0,49.4,29.4,4.6,78,4.8,No,Yes,0,None,NotPlaced
2878,Male,EEE,7.3,0,59,72,1,2,0,39.5,25.1,1.9,66,4.6,No,Yes,0,None,NotPlaced
2879,Male,ECE,7.6,0,56,62,0,1,0,36.3,38.7,3.2,88,4.3,No,Yes,0,None,NotPlaced
2880,Male,CSE,8.1,2,78,66,1,1,1,39.0,33.8,0.8,79,3.4,No,Yes,0,None,NotPlaced
2881,Male,EEE,7.9,0,78,87,2,3,2,66.6,62.7,7.9,90,4.8,Yes,Yes,3,Tier1,Placed
2882,Female,EEE,7.6,0,62,68,1,1,0,35.1,33.6,3.3,68,4.3,No,No,0,None,NotPlaced
2883,Male,ECE,8.2,0,78,66,2,3,1,66.1,43.3,6.1,85,4.6,No,Yes,4,Tier1,Placed
2884,Male,ECE,7.6,1,74,85,2,3,0,50.3,43.8,6.0,90,4.8,Yes,No,0,None,NotPlaced
2885,Male,CSE,8.1,2,76,87,2,2,0,61.0,54.5,4.3,84,4.8,Yes,Yes,2,Tier2,Placed
2886,Female,CSE,6.6,1,62,65,1,1,0,20.0,22.6,2.6,75,4.8,No,No,0,None,NotPlaced
2887,Male,IT,8.3,0,70,88,1,2,2,59.6,46.1,3.9,90,4.8,Yes,Yes,3,Tier2,Placed
2888,Male,IT,6.5,0,72,70,1,2,0,30.6,25.3,3.4,68,4.4,No,Yes,2,Tier3,Placed
2889,Female,Civil,6.5,1,85,71,1,1,1,20.0,16.6,2.5,79,4.2,No,No,0,None,NotPlaced
2890,Female,EEE,8.1,0,75,88,1,3,2,68.0,44.0,6.3,78,4.7,Yes,Yes,0,None,NotPlaced
2891,Male,EEE,6.5,1,56,66,1,2,1,20.0,8.0,6.4,63,4.0,Yes,No,0,None,NotPlaced
2892,Female,ECE,8.3,0,84,86,2,1,0,57.8,50.8,2.0,80,4.7,Yes,Yes,3,Tier2,Placed
2893,Female,CSE,7.3,0,80,86,0,3,2,34.3,25.0,3.7,89,4.5,Yes,Yes,2,Tier3,Placed
2894,Female,Civil,7.6,0,70,87,1,3,2,49.8,46.6,5.2,79,4.3,No,Yes,0,None,NotPlaced
2895,Male,ECE,6.7,1,55,65,1,1,1,25.7,20.6,2.3,82,4.3,No,Yes,0,None,NotPlaced
2896,Female,CSE,8.3,0,64,71,1,2,1,54.0,34.9,5.9,84,4.3,Yes,Yes,0,None,NotPlaced
2897,Male,ECE,7.5,0,55,69,0,1,0,33.6,26.7,1.6,72,4.1,No,No,0,None,NotPlaced
2898,Male,Mechanical,7.6,0,55,70,1,1,1,40.1,51.6,1.7,75,4.1,No,No,0,None,NotPlaced
2899,Male,Mechanical,8.0,0,83,83,2,3,2,69.4,55.8,7.0,89,4.8,Yes,Yes,2,Tier2,Placed
2900,Male,CSE,8.6,0,84,84,1,1,2,48.7,47.1,4.7,87,3.9,Yes,Yes,2,Tier2,Placed
2901,Male,Mechanical,8.4,0,72,83,2,2,2,66.6,55.7,5.4,86,4.8,Yes,Yes,3,Tier2,Placed
2902,Female,IT,6.5,1,63,63,1,1,0,20.0,8.8,1.5,67,3.5,No,No,0,None,NotPlaced
2903,Male,CSE,8.2,0,80,84,1,3,3,68.4,66.9,9.1,82,4.0,Yes,Yes,0,None,NotPlaced
2904,Male,EEE,7.8,2,74,73,1,1,1,30.7,26.9,2.0,82,3.9,No,Yes,0,None,NotPlaced
2905,Male,Mechanical,6.7,0,55,66,1,1,0,20.0,10.4,0.0,76,4.2,No,Yes,0,None,NotPlaced
2906,Male,EEE,6.8,1,55,60,0,1,1,20.0,16.2,0.6,70,3.0,No,No,0,None,NotPlaced
2907,Female,ECE,8.3,0,76,84,2,3,2,60.0,48.5,7.6,90,4.8,Yes,Yes,4,Tier1,Placed
2908,Male,EEE,7.5,1,62,63,1,1,1,28.6,32.5,1.2,72,4.6,Yes,No,0,None,NotPlaced
2909,Male,Mechanical,7.4,0,59,69,1,1,1,21.8,16.7,2.5,77,3.9,No,Yes,0,None,NotPlaced
2910,Male,Mechanical,6.6,0,56,66,1,2,1,20.0,41.1,3.2,68,4.7,No,No,0,None,NotPlaced
2911,Male,ECE,8.4,0,74,86,1,3,0,69.7,48.7,7.2,82,4.1,No,Yes,0,None,NotPlaced
2912,Male,Civil,6.7,0,82,64,1,2,1,26.0,28.9,4.2,64,3.8,No,Yes,0,None,NotPlaced
2913,Female,Civil,7.8,0,74,83,2,3,2,60.8,34.2,4.4,83,4.8,No,Yes,0,None,NotPlaced
2914,Female,CSE,8.7,0,87,85,2,3,2,72.8,57.3,7.9,81,4.8,Yes,Yes,1,Tier3,Placed
2915,Male,Mechanical,6.6,1,90,64,1,1,0,20.6,23.7,4.4,71,4.5,Yes,No,0,None,NotPlaced
2916,Female,ECE,8.4,0,74,85,2,3,2,71.9,49.5,5.7,90,4.6,Yes,Yes,2,Tier3,Placed
2917,Female,IT,8.1,1,60,69,0,1,0,40.2,46.5,2.2,71,4.0,Yes,Yes,0,None,NotPlaced
2918,Female,ECE,7.8,1,89,63,0,3,2,54.7,49.4,7.5,85,4.3,Yes,No,0,None,NotPlaced
2919,Male,CSE,8.2,0,85,83,2,3,2,63.0,49.7,7.7,90,4.8,Yes,Yes,3,Tier1,Placed
2920,Male,ECE,7.6,0,78,65,1,3,0,52.1,47.2,9.4,82,3.8,Yes,Yes,0,None,NotPlaced
2921,Male,Mechanical,7.7,1,66,73,1,1,1,39.1,29.0,3.9,71,4.4,Yes,Yes,0,None,NotPlaced
2922,Female,CSE,7.6,1,58,72,1,2,2,40.3,44.1,7.4,65,4.8,Yes,No,0,None,NotPlaced
2923,Female,IT,8.4,0,75,81,1,3,0,70.3,64.7,7.0,82,4.8,Yes,Yes,1,Tier3,Placed
2924,Male,Mechanical,7.7,0,55,78,1,3,1,55.4,49.3,6.4,84,3.9,No,Yes,0,None,NotPlaced
2925,Male,ECE,6.6,0,79,66,0,3,0,25.5,30.5,5.4,86,4.8,No,No,0,None,NotPlaced
2926,Female,ECE,7.2,0,74,63,1,1,1,26.3,12.2,1.5,62,4.0,No,No,0,None,NotPlaced
2927,Female,IT,7.5,0,55,60,0,2,1,38.6,45.0,4.1,69,4.5,No,Yes,0,None,NotPlaced
2928,Female,ECE,6.5,0,58,63,1,1,1,20.0,19.3,1.4,68,4.6,No,No,0,None,NotPlaced
2929,Female,ECE,8.3,0,73,87,2,3,0,70.3,65.1,4.4,85,4.7,Yes,Yes,0,None,NotPlaced
2930,Male,EEE,8.9,0,71,84,1,3,2,82.6,71.3,6.3,83,4.6,Yes,Yes,3,Tier1,Placed
2931,Male,ECE,7.3,0,55,67,1,1,1,32.3,36.8,3.1,68,3.3,No,Yes,0,None,NotPlaced
2932,Female,EEE,7.8,0,64,67,1,1,0,30.1,19.6,2.1,77,4.1,No,Yes,0,None,NotPlaced
2933,Male,ECE,7.5,1,57,63,1,1,0,26.0,17.0,2.1,68,3.7,No,No,0,None,NotPlaced
2934,Male,IT,8.6,0,72,86,1,1,3,60.9,67.9,1.2,81,4.7,No,Yes,2,Tier2,Placed
2935,Female,ECE,7.5,0,56,62,0,2,0,34.8,17.9,5.3,63,4.5,Yes,Yes,2,Tier2,Placed
2936,Male,ECE,8.6,0,58,71,2,3,1,76.8,53.1,8.7,90,4.8,Yes,Yes,3,Tier2,Placed
2937,Female,EEE,6.9,0,62,71,1,1,0,26.7,25.1,4.4,67,4.1,Yes,Yes,0,None,NotPlaced
2938,Male,CSE,8.3,0,79,84,1,3,2,65.0,54.0,7.4,90,4.8,Yes,Yes,4,Tier1,Placed
2939,Female,CSE,7.9,0,79,80,0,1,1,36.2,27.6,1.1,73,4.1,No,Yes,0,None,NotPlaced
2940,Male,IT,8.2,0,83,87,1,2,2,50.7,48.5,6.8,90,4.7,Yes,Yes,0,None,NotPlaced
2941,Male,IT,7.9,0,55,68,1,1,0,42.8,43.7,3.1,72,3.6,No,No,0,None,NotPlaced
2942,Male,EEE,6.5,0,68,68,1,2,2,23.9,22.9,2.5,70,4.1,No,No,0,None,NotPlaced
2943,Male,CSE,7.7,0,57,64,1,1,0,34.1,27.8,0.2,67,3.6,No,No,0,None,NotPlaced
2944,Female,EEE,8.1,0,72,80,2,1,0,45.4,39.3,1.6,86,4.3,Yes,Yes,0,None,NotPlaced
2945,Female,CSE,8.2,0,73,69,2,3,2,81.1,60.3,6.5,83,3.8,Yes,Yes,0,None,NotPlaced
2946,Male,IT,8.0,0,69,81,1,2,0,50.5,29.4,5.9,85,4.3,Yes,Yes,0,None,NotPlaced
2947,Male,ECE,7.9,0,90,69,1,3,2,53.6,47.8,7.9,88,4.5,Yes,No,1,Tier3,Placed
2948,Male,CSE,8.5,0,87,85,1,3,2,72.5,65.0,7.3,90,4.8,Yes,Yes,1,Tier3,Placed
2949,Male,Mechanical,6.7,0,57,60,1,1,0,20.0,19.2,1.9,71,4.3,No,Yes,1,Tier3,Placed
2950,Female,CSE,7.3,1,55,69,0,1,1,20.0,3.1,4.4,80,4.5,No,Yes,0,None,NotPlaced
2951,Female,IT,8.1,0,84,88,1,3,2,63.4,47.9,7.0,90,4.8,Yes,Yes,3,Tier1,Placed
2952,Female,EEE,9.1,0,81,85,2,1,3,65.7,60.8,2.9,84,4.8,Yes,Yes,2,Tier3,Placed
2953,Female,ECE,8.6,0,75,83,1,3,2,78.9,51.7,6.5,89,4.6,Yes,Yes,3,Tier2,Placed
2954,Male,IT,6.7,0,64,62,2,1,1,24.5,29.6,5.2,77,4.5,Yes,Yes,0,None,NotPlaced
2955,Female,IT,7.9,0,60,63,1,2,0,47.6,35.7,4.7,66,4.5,No,Yes,0,None,NotPlaced
2956,Female,EEE,8.3,0,78,84,1,3,2,65.5,52.4,6.0,74,4.7,Yes,Yes,0,None,NotPlaced
2957,Female,Civil,8.6,0,85,86,1,3,2,75.5,54.7,5.8,82,4.8,Yes,Yes,3,Tier2,Placed
2958,Female,Mechanical,7.1,0,55,75,1,1,0,25.9,15.7,1.3,74,4.6,Yes,No,0,None,NotPlaced
2959,Male,ECE,7.3,0,66,68,1,1,0,39.6,46.1,2.9,77,4.3,Yes,Yes,0,None,NotPlaced
2960,Female,Civil,7.7,0,80,86,1,3,2,58.7,55.3,5.5,85,4.8,Yes,Yes,1,Tier3,Placed
2961,Male,CSE,8.5,0,78,62,1,3,0,71.4,61.8,5.8,74,4.3,Yes,Yes,3,Tier2,Placed
2962,Male,CSE,7.5,2,55,65,1,2,1,36.3,39.5,5.1,76,3.4,No,No,0,None,NotPlaced
2963,Male,Mechanical,6.5,0,59,60,0,2,1,20.0,24.5,4.9,72,3.9,No,Yes,0,None,NotPlaced
2964,Female,IT,7.0,0,55,83,2,2,1,38.4,41.1,5.5,74,4.3,No,Yes,0,None,NotPlaced
2965,Female,CSE,7.8,0,85,82,1,3,1,50.9,38.4,5.5,90,4.4,Yes,Yes,2,Tier2,Placed
2966,Female,CSE,8.4,0,74,86,2,3,2,78.5,74.0,6.0,89,4.6,Yes,Yes,3,Tier2,Placed
2967,Female,ECE,6.7,1,61,67,2,1,1,20.0,31.1,1.4,75,4.6,No,No,0,None,NotPlaced
2968,Male,ECE,8.6,0,78,80,0,3,2,62.8,54.7,8.6,85,4.7,Yes,Yes,3,Tier2,Placed
2969,Female,ECE,8.1,0,78,84,1,2,2,50.2,40.4,5.1,84,4.5,Yes,Yes,1,Tier3,Placed
2970,Male,CSE,7.8,0,88,80,2,3,2,63.7,42.9,8.8,90,4.8,Yes,Yes,1,Tier3,Placed
2971,Male,ECE,6.5,0,55,71,1,1,1,20.0,23.3,2.6,83,4.7,No,No,0,None,NotPlaced
2972,Male,Mechanical,8.6,0,74,85,0,3,1,57.0,60.7,6.9,81,4.6,Yes,Yes,2,Tier2,Placed
2973,Female,EEE,8.1,0,65,75,1,3,2,66.4,43.5,6.6,70,4.7,No,Yes,2,Tier2,Placed
2974,Female,CSE,8.5,0,76,80,2,3,2,71.8,66.1,5.3,86,4.7,Yes,No,0,None,NotPlaced
2975,Male,Civil,6.5,1,55,65,0,2,1,20.0,17.4,1.9,80,3.9,No,No,0,None,NotPlaced
2976,Male,EEE,8.3,1,76,81,1,2,1,53.2,40.8,5.3,74,4.2,Yes,Yes,0,None,NotPlaced
2977,Female,CSE,7.6,1,79,67,2,3,0,64.6,43.9,7.0,90,4.8,Yes,Yes,2,Tier2,Placed
2978,Male,CSE,6.8,0,69,88,1,1,2,20.0,15.5,4.9,84,4.5,Yes,Yes,0,None,NotPlaced
2979,Female,CSE,8.1,0,60,72,0,2,0,47.4,45.1,3.6,75,4.3,Yes,Yes,0,None,NotPlaced
2980,Female,EEE,8.2,0,79,84,2,3,2,65.8,60.3,7.4,90,4.8,Yes,Yes,3,Tier2,Placed
2981,Male,CSE,7.8,0,88,84,2,3,3,53.8,46.9,7.7,82,4.3,Yes,Yes,0,None,NotPlaced
2982,Male,ECE,7.7,1,56,68,0,1,1,28.3,22.7,2.3,77,3.3,No,No,0,None,NotPlaced
2983,Female,CSE,8.7,0,75,88,1,2,1,58.5,40.2,6.1,90,4.6,Yes,Yes,4,Tier1,Placed
2984,Female,Mechanical,7.8,0,56,67,0,2,1,46.8,39.1,4.4,65,4.3,Yes,No,2,Tier2,Placed
2985,Male,IT,8.3,0,55,88,1,2,2,57.5,44.8,5.8,83,4.2,Yes,Yes,2,Tier3,Placed
2986,Female,Mechanical,6.8,1,55,69,1,1,1,31.4,31.2,2.6,84,4.2,No,No,0,None,NotPlaced
2987,Male,Civil,7.4,0,55,70,1,1,0,27.5,23.6,3.2,77,4.2,No,Yes,0,None,NotPlaced
2988,Male,CSE,8.6,0,82,85,2,3,2,71.7,55.7,6.5,88,4.5,Yes,Yes,0,None,NotPlaced
2989,Female,ECE,6.5,0,55,68,1,1,1,20.7,21.2,0.8,60,3.4,No,No,0,None,NotPlaced
2990,Female,CSE,8.4,0,61,79,1,3,2,72.3,60.6,6.4,80,4.4,Yes,Yes,0,None,NotPlaced
2991,Male,Mechanical,8.3,0,78,86,2,3,2,71.9,67.9,5.9,86,4.8,Yes,Yes,3,Tier2,Placed
2992,Female,ECE,7.6,0,80,67,1,2,1,37.4,30.2,4.4,75,4.3,Yes,Yes,2,Tier3,Placed
2993,Male,CSE,7.5,0,55,64,1,2,0,49.7,45.2,3.7,67,4.2,No,No,0,None,NotPlaced
2994,Male,CSE,6.5,0,62,84,2,3,0,33.6,45.5,5.1,84,4.8,No,Yes,0,None,NotPlaced
2995,Male,ECE,6.5,0,64,71,0,1,1,20.0,26.7,2.0,90,3.7,No,Yes,0,None,NotPlaced
2996,Female,Mechanical,8.1,0,73,87,1,1,1,50.7,51.7,1.8,77,4.6,Yes,Yes,0,None,NotPlaced
2997,Male,EEE,6.7,1,55,71,1,2,1,24.9,20.1,3.9,85,4.4,No,Yes,0,None,NotPlaced
2998,Male,Mechanical,7.1,1,69,69,1,2,0,27.2,19.8,4.5,72,4.4,Yes,No,0,None,NotPlaced
2999,Male,IT,8.4,0,78,83,2,3,2,72.2,57.4,6.9,90,4.7,Yes,Yes,3,Tier2,Placed
3000,Female,CSE,7.6,0,73,77,0,3,0,42.1,37.1,6.4,90,4.7,No,Yes,0,None,NotPlaced
3001,Female,Civil,6.5,0,55,69,1,1,0,20.0,29.7,1.6,79,4.4,No,Yes,0,None,NotPlaced
3002,Female,CSE,8.2,0,76,88,1,3,2,58.6,42.8,6.2,85,4.4,Yes,Yes,3,Tier2,Placed
3003,Male,Civil,6.5,0,56,61,1,1,1,20.0,19.1,1.3,64,3.4,No,No,0,None,NotPlaced
3004,Male,IT,8.2,0,82,63,1,2,1,49.2,51.1,6.0,90,4.8,Yes,No,0,None,NotPlaced
3005,Male,CSE,8.7,0,89,86,2,3,2,80.9,66.5,8.3,90,4.8,Yes,Yes,3,Tier2,Placed
3006,Female,ECE,8.3,0,77,77,2,3,2,66.1,54.2,6.5,89,4.1,Yes,Yes,1,Tier3,Placed
3007,Female,Civil,7.9,0,69,87,1,2,2,51.4,45.4,4.8,83,4.5,Yes,No,2,Tier2,Placed
3008,Male,Civil,6.7,2,73,69,0,2,1,20.0,12.1,2.3,79,3.3,No,No,0,None,NotPlaced
3009,Female,CSE,7.6,0,56,67,0,1,0,34.5,21.2,1.8,69,4.7,No,No,0,None,NotPlaced
3010,Male,CSE,8.2,0,78,88,2,3,2,61.6,38.5,5.5,90,4.8,Yes,Yes,3,Tier2,Placed
3011,Male,EEE,6.5,2,55,69,1,2,1,20.0,23.0,3.5,82,4.4,No,Yes,0,None,NotPlaced
3012,Male,ECE,8.3,0,55,63,1,2,1,63.2,58.9,6.1,81,4.0,Yes,Yes,0,None,NotPlaced
3013,Male,EEE,8.3,0,83,66,1,3,1,60.7,55.2,5.5,73,4.5,Yes,Yes,4,Tier1,Placed
3014,Male,IT,6.5,1,79,62,2,3,0,42.8,47.0,5.1,88,4.5,No,No,0,None,NotPlaced
3015,Male,Civil,7.6,0,56,67,1,2,1,45.8,50.3,4.1,73,4.3,Yes,Yes,0,None,NotPlaced
3016,Male,EEE,6.5,0,56,70,1,1,1,20.0,21.5,0.3,71,4.1,No,No,0,None,NotPlaced
3017,Female,Mechanical,6.5,1,55,69,1,1,0,20.0,20.6,2.9,79,4.4,No,Yes,0,None,NotPlaced
3018,Male,ECE,8.1,0,88,79,2,2,2,58.6,60.9,4.3,90,4.6,No,No,0,None,NotPlaced
3019,Male,IT,7.6,0,85,82,2,2,2,48.6,35.7,5.8,81,4.3,No,Yes,0,None,NotPlaced
3020,Female,Civil,8.3,0,71,85,2,3,2,76.4,51.9,5.0,87,4.7,No,Yes,4,Tier1,Placed
3021,Male,ECE,7.5,0,55,65,0,1,1,28.6,22.9,0.2,62,3.7,No,No,0,None,NotPlaced
3022,Male,Mechanical,7.7,0,77,82,1,3,2,49.4,38.0,7.9,78,4.1,Yes,Yes,2,Tier3,Placed
3023,Female,Civil,7.7,0,85,67,0,2,2,42.9,36.9,4.6,72,4.8,Yes,No,0,None,NotPlaced
3024,Male,ECE,8.8,0,84,88,2,3,2,69.4,49.9,6.5,90,4.8,Yes,Yes,4,Tier1,Placed
3025,Male,ECE,6.5,0,83,65,1,2,1,27.6,29.5,5.5,80,4.8,No,No,0,None,NotPlaced
3026,Male,CSE,7.3,0,81,87,1,2,3,43.7,33.7,5.2,85,4.3,Yes,Yes,0,None,NotPlaced
3027,Female,CSE,6.5,1,61,60,0,1,0,20.0,31.0,2.9,80,4.3,No,No,0,None,NotPlaced
3028,Male,CSE,7.7,0,82,82,1,3,2,58.8,39.1,6.4,83,4.8,Yes,Yes,2,Tier2,Placed
3029,Female,CSE,8.7,0,84,72,1,3,2,72.6,56.2,6.3,72,4.8,Yes,Yes,1,Tier3,Placed
3030,Male,CSE,7.6,0,55,73,1,3,0,50.5,39.4,5.6,75,4.0,No,Yes,0,None,NotPlaced
3031,Male,IT,7.8,0,61,68,1,1,0,32.9,31.5,2.7,74,3.8,No,No,0,None,NotPlaced
3032,Male,IT,8.0,0,88,71,1,3,2,67.7,62.7,6.1,88,3.9,No,No,1,Tier3,Placed
3033,Female,IT,7.8,0,71,87,1,3,1,52.6,46.1,6.5,80,4.2,No,Yes,0,None,NotPlaced
3034,Male,CSE,7.4,0,55,70,1,1,1,32.7,29.0,0.4,79,4.0,Yes,No,2,Tier2,Placed
3035,Male,CSE,7.3,0,55,86,1,3,0,46.3,45.8,4.1,87,4.3,No,Yes,2,Tier3,Placed
3036,Male,ECE,8.0,0,75,60,2,3,3,57.3,54.4,4.8,84,4.0,Yes,Yes,0,None,NotPlaced
3037,Male,ECE,7.3,0,60,64,1,1,1,20.3,22.3,1.6,66,4.4,No,No,0,None,NotPlaced
3038,Female,ECE,7.4,0,78,70,1,2,1,39.0,36.3,2.6,66,4.3,No,No,0,None,NotPlaced
3039,Male,ECE,8.3,0,81,88,1,2,2,54.7,51.3,6.7,87,4.3,Yes,Yes,2,Tier2,Placed
3040,Male,EEE,8.3,0,66,82,1,3,1,64.6,39.5,6.0,83,4.1,No,Yes,0,None,NotPlaced
3041,Male,IT,8.9,1,62,75,0,2,1,69.3,52.8,4.2,79,4.6,No,No,0,None,NotPlaced
3042,Female,ECE,7.9,0,62,74,1,1,0,42.1,38.6,0.9,68,3.9,No,No,0,None,NotPlaced
3043,Male,Civil,7.5,0,74,70,1,1,0,36.8,30.0,0.9,73,4.0,No,No,0,None,NotPlaced
3044,Male,EEE,8.3,0,57,81,1,2,0,59.2,46.2,6.6,78,4.4,Yes,Yes,0,None,NotPlaced
3045,Female,IT,7.6,0,57,70,2,1,2,38.4,37.0,3.8,79,4.4,No,Yes,0,None,NotPlaced
3046,Female,EEE,6.5,0,70,87,0,1,1,20.0,22.9,3.4,64,4.5,Yes,Yes,0,None,NotPlaced
3047,Male,CSE,7.6,0,58,66,0,1,0,31.3,32.0,0.0,71,4.0,No,Yes,0,None,NotPlaced
3048,Male,ECE,8.3,0,76,85,1,2,2,57.4,40.9,4.6,78,4.4,Yes,Yes,3,Tier2,Placed
3049,Male,Civil,8.4,0,78,83,2,3,2,76.6,50.4,7.3,90,4.8,Yes,Yes,3,Tier2,Placed
3050,Male,ECE,7.8,1,82,82,2,3,2,59.2,56.0,6.8,90,4.5,Yes,Yes,1,Tier3,Placed
3051,Male,Mechanical,8.2,0,85,63,1,1,1,45.5,32.8,0.0,76,3.5,No,Yes,2,Tier2,Placed
3052,Male,IT,8.6,0,55,70,1,3,0,69.9,49.4,7.8,77,4.0,No,Yes,0,None,NotPlaced
3053,Male,Civil,7.4,0,55,69,0,1,1,21.4,15.1,1.2,82,4.5,No,Yes,0,None,NotPlaced
3054,Male,EEE,7.4,0,66,83,1,2,2,46.2,48.5,3.7,77,4.6,Yes,Yes,1,Tier3,Placed
3055,Female,CSE,8.4,0,83,80,2,2,2,69.7,57.5,4.0,78,4.1,No,Yes,3,Tier1,Placed
3056,Female,IT,8.5,0,87,83,2,3,2,67.9,57.9,8.2,85,4.8,Yes,Yes,3,Tier1,Placed
3057,Male,IT,6.5,2,68,62,1,1,1,20.0,26.4,3.5,76,3.9,Yes,Yes,0,None,NotPlaced
3058,Male,CSE,8.3,0,83,86,2,3,2,60.8,50.1,5.7,87,4.8,Yes,Yes,2,Tier2,Placed
3059,Male,Mechanical,7.3,0,55,73,1,2,1,41.9,43.7,2.5,70,4.0,No,No,0,None,NotPlaced
3060,Female,CSE,7.7,0,81,73,1,1,0,33.5,19.9,0.0,67,4.4,No,Yes,0,None,NotPlaced
3061,Male,EEE,8.2,0,76,66,2,2,2,61.8,41.4,4.7,76,4.3,Yes,Yes,3,Tier2,Placed
3062,Male,IT,8.1,0,88,67,2,3,2,56.4,38.4,6.5,89,4.8,Yes,Yes,0,None,NotPlaced
3063,Male,IT,6.5,0,58,58,1,1,0,20.0,23.7,3.5,70,4.1,Yes,Yes,0,None,NotPlaced
3064,Male,Civil,8.8,0,85,83,2,3,2,82.3,69.8,6.3,90,4.6,Yes,Yes,4,Tier1,Placed
3065,Male,IT,8.6,0,71,81,2,3,2,72.5,55.1,8.0,90,4.8,Yes,Yes,3,Tier1,Placed
3066,Male,EEE,6.5,0,55,70,1,2,1,20.0,19.3,4.7,79,3.9,No,Yes,0,None,NotPlaced
3067,Male,ECE,8.1,0,65,63,0,1,0,47.0,49.3,2.3,70,3.6,Yes,Yes,0,None,NotPlaced
3068,Female,EEE,6.9,0,70,66,1,2,1,40.1,28.6,5.4,68,3.8,Yes,Yes,0,None,NotPlaced
3069,Male,Mechanical,8.7,0,63,87,2,3,2,82.7,68.3,8.3,89,4.5,Yes,Yes,4,Tier1,Placed
3070,Female,EEE,7.2,0,61,67,1,1,1,21.5,15.2,1.0,63,3.9,No,No,0,None,NotPlaced
3071,Female,ECE,6.5,1,57,70,1,1,0,21.8,31.0,1.8,78,3.9,No,Yes,0,None,NotPlaced
3072,Male,Mechanical,6.5,0,87,81,1,3,0,21.2,27.3,6.8,83,4.8,Yes,No,0,None,NotPlaced
3073,Male,CSE,8.2,0,83,63,1,3,2,61.5,39.3,6.6,83,4.3,Yes,No,0,None,NotPlaced
3074,Male,ECE,7.9,0,88,65,2,3,2,62.3,49.6,7.8,90,4.7,Yes,Yes,1,Tier3,Placed
3075,Male,Mechanical,8.7,0,81,84,2,3,2,87.6,52.4,7.9,86,4.8,Yes,Yes,3,Tier1,Placed
3076,Female,ECE,7.7,0,86,86,0,3,2,52.6,52.1,6.4,90,4.5,No,Yes,3,Tier2,Placed
3077,Female,EEE,8.0,0,76,82,0,2,2,43.7,53.7,5.4,75,3.8,Yes,No,0,None,NotPlaced
3078,Male,ECE,7.7,0,75,71,1,1,1,32.3,13.3,1.4,90,4.1,No,Yes,2,Tier2,Placed
3079,Male,Mechanical,6.5,1,57,68,2,3,2,39.0,23.0,7.3,79,3.7,Yes,Yes,3,Tier2,Placed
3080,Female,Civil,6.5,1,79,63,1,2,0,20.0,21.9,2.7,73,4.5,No,Yes,0,None,NotPlaced
3081,Female,CSE,7.9,0,80,88,1,3,2,58.1,47.9,9.5,82,4.4,Yes,Yes,0,None,NotPlaced
3082,Female,CSE,8.2,0,60,87,1,1,0,40.2,31.6,3.4,75,4.5,No,No,0,None,NotPlaced
3083,Male,ECE,8.3,0,82,82,1,3,2,67.8,40.2,8.0,74,4.4,Yes,Yes,3,Tier2,Placed
3084,Male,ECE,8.7,0,76,81,1,3,1,75.4,61.8,7.4,71,4.8,Yes,Yes,2,Tier2,Placed
3085,Female,CSE,7.7,0,74,74,1,1,1,30.8,34.8,2.4,68,4.2,No,Yes,0,None,NotPlaced
3086,Female,CSE,8.3,0,80,87,2,3,2,75.2,83.5,5.3,90,4.8,Yes,Yes,3,Tier2,Placed
3087,Male,IT,7.7,0,60,70,1,1,0,39.8,45.6,0.7,81,4.3,No,No,1,Tier3,Placed
3088,Male,Civil,6.6,0,55,66,0,2,2,21.7,11.7,2.9,77,4.2,No,Yes,0,None,NotPlaced
3089,Male,ECE,7.7,1,72,63,1,1,2,35.1,30.7,2.1,69,4.7,No,Yes,0,None,NotPlaced
3090,Male,ECE,7.1,0,57,57,1,1,1,25.9,29.3,1.7,72,3.9,No,No,0,None,NotPlaced
3091,Male,IT,6.5,1,58,67,1,1,0,20.0,15.2,2.8,74,3.6,No,Yes,0,None,NotPlaced
3092,Female,IT,8.1,0,84,86,1,2,0,52.3,51.0,4.0,90,4.6,Yes,Yes,4,Tier1,Placed
3093,Male,CSE,6.7,0,62,61,2,1,1,22.9,27.9,3.0,69,3.8,No,Yes,0,None,NotPlaced
3094,Female,CSE,7.4,1,55,65,1,2,1,45.3,47.5,3.2,66,3.5,No,No,0,None,NotPlaced
3095,Male,Mechanical,7.6,0,73,85,1,2,0,48.4,46.1,4.6,65,4.8,Yes,Yes,0,None,NotPlaced
3096,Female,Civil,8.4,0,78,83,2,3,0,66.1,56.7,7.9,90,4.7,Yes,Yes,2,Tier3,Placed
3097,Female,CSE,7.8,0,56,66,1,1,0,43.9,32.6,3.5,78,4.4,Yes,No,0,None,NotPlaced
3098,Male,CSE,8.5,0,79,86,1,3,2,75.0,50.3,5.7,90,4.8,Yes,Yes,2,Tier2,Placed
3099,Male,IT,7.6,0,59,70,1,1,1,34.2,31.1,3.1,60,4.4,No,Yes,0,None,NotPlaced
3100,Male,IT,7.7,0,76,68,1,1,0,39.5,31.7,2.1,81,3.9,No,Yes,0,None,NotPlaced
3101,Male,CSE,8.8,0,84,80,2,3,2,82.5,63.4,4.9,90,4.8,Yes,Yes,4,Tier1,Placed
3102,Female,IT,7.7,0,55,71,1,1,1,32.8,39.3,1.2,82,3.8,No,No,0,None,NotPlaced
3103,Female,CSE,7.6,0,63,67,1,1,1,33.1,41.4,1.6,81,4.5,No,Yes,0,None,NotPlaced
3104,Male,EEE,7.9,0,85,84,2,1,1,49.8,32.2,1.8,80,4.7,Yes,Yes,3,Tier2,Placed
3105,Male,ECE,8.7,0,72,83,2,3,1,75.5,59.3,8.3,90,4.8,Yes,Yes,0,None,NotPlaced
3106,Male,EEE,6.7,1,64,59,1,1,0,21.9,18.6,1.6,75,4.1,No,No,0,None,NotPlaced
3107,Female,ECE,7.0,1,58,64,1,2,1,37.5,36.2,5.5,83,4.8,Yes,Yes,0,None,NotPlaced
3108,Male,Mechanical,7.6,0,55,80,1,1,0,40.7,15.9,2.2,62,4.2,No,Yes,0,None,NotPlaced
3109,Male,Civil,7.0,0,74,63,1,3,2,48.9,29.3,7.7,75,4.4,Yes,Yes,2,Tier3,Placed
3110,Male,CSE,7.4,0,55,66,1,2,1,38.5,32.8,5.7,75,4.3,No,Yes,0,None,NotPlaced
3111,Male,IT,7.1,0,57,71,1,1,2,25.9,30.8,2.7,71,4.2,No,Yes,0,None,NotPlaced
3112,Male,ECE,8.1,0,63,58,2,3,0,67.6,53.9,8.7,66,4.2,Yes,No,0,None,NotPlaced
3113,Female,CSE,7.6,1,74,68,1,1,1,34.7,35.2,2.7,62,3.8,No,Yes,0,None,NotPlaced
3114,Male,IT,8.3,0,86,86,1,3,2,67.7,57.0,7.1,89,4.8,Yes,Yes,3,Tier2,Placed
3115,Male,EEE,6.8,2,55,63,1,1,0,20.0,30.4,2.3,69,4.0,No,No,0,None,NotPlaced
3116,Female,ECE,7.4,0,62,64,0,1,1,27.0,36.8,0.0,67,3.4,No,No,0,None,NotPlaced
3117,Female,ECE,7.2,0,63,74,1,2,1,28.1,20.1,3.5,72,4.4,No,Yes,0,None,NotPlaced
3118,Male,ECE,7.9,0,55,69,1,3,1,52.2,51.0,5.9,82,4.1,No,Yes,0,None,NotPlaced
3119,Male,Civil,8.1,0,55,80,1,2,1,56.7,51.4,4.4,85,4.7,No,Yes,0,None,NotPlaced
3120,Male,CSE,7.7,0,87,86,1,2,2,44.0,58.5,5.0,85,4.8,Yes,Yes,2,Tier2,Placed
3121,Male,EEE,7.4,0,61,70,1,1,0,34.5,23.9,2.3,68,3.5,No,No,0,None,NotPlaced
3122,Male,CSE,6.6,0,69,84,0,1,2,20.0,20.2,1.7,79,4.2,Yes,No,2,Tier2,Placed
3123,Male,CSE,7.6,0,55,66,1,2,0,48.5,32.9,3.4,80,3.8,Yes,Yes,0,None,NotPlaced
3124,Male,ECE,8.0,0,83,61,1,2,2,49.8,33.6,2.8,73,4.4,No,No,0,None,NotPlaced
3125,Female,CSE,6.9,0,62,71,1,1,1,20.0,22.9,3.6,65,4.4,No,Yes,0,None,NotPlaced
3126,Male,CSE,8.3,0,59,83,1,3,1,66.1,55.7,5.7,87,4.4,Yes,Yes,2,Tier2,Placed
3127,Female,CSE,8.6,0,73,86,1,3,1,60.2,54.1,6.2,85,4.8,Yes,No,0,None,NotPlaced
3128,Male,EEE,7.4,0,55,68,1,1,1,23.7,27.0,2.1,70,3.7,No,No,0,None,NotPlaced
3129,Female,EEE,6.9,1,69,68,0,2,0,20.0,17.8,2.4,63,4.3,No,No,0,None,NotPlaced
3130,Female,IT,7.3,1,57,63,0,1,0,20.0,18.8,1.1,75,3.9,No,Yes,0,None,NotPlaced
3131,Female,ECE,8.5,0,82,84,1,2,2,58.3,40.2,5.7,79,4.3,Yes,Yes,3,Tier2,Placed
3132,Female,CSE,7.7,0,71,72,0,2,0,34.8,25.7,4.6,77,4.6,Yes,Yes,0,None,NotPlaced
3133,Female,ECE,7.6,0,66,65,0,1,1,23.0,22.0,3.7,71,3.9,No,Yes,0,None,NotPlaced
3134,Male,ECE,7.2,0,65,68,1,1,0,34.7,32.7,0.3,76,4.0,No,Yes,0,None,NotPlaced
3135,Male,ECE,8.2,1,68,84,2,1,1,48.6,46.5,2.7,75,3.7,Yes,Yes,0,None,NotPlaced
3136,Male,Civil,7.5,0,71,88,1,2,0,29.8,33.0,4.6,81,4.0,Yes,Yes,2,Tier2,Placed
3137,Female,Mechanical,8.0,0,81,87,2,3,2,62.2,63.9,7.0,88,4.6,Yes,Yes,2,Tier3,Placed
3138,Female,CSE,7.6,1,84,80,0,3,0,40.4,27.9,5.8,82,4.4,Yes,No,0,None,NotPlaced
3139,Male,Mechanical,8.3,0,63,60,1,2,0,52.6,42.0,3.4,78,4.5,No,Yes,0,None,NotPlaced
3140,Male,CSE,7.4,1,79,88,1,2,2,42.6,29.7,5.8,77,3.7,Yes,Yes,0,None,NotPlaced
3141,Male,Civil,7.8,0,71,76,1,2,1,44.8,48.5,4.7,77,4.6,Yes,Yes,3,Tier1,Placed
3142,Female,IT,7.5,0,58,65,0,1,0,22.2,17.5,0.9,66,4.2,No,No,0,None,NotPlaced
3143,Male,IT,8.7,0,90,80,2,3,2,80.2,73.5,9.1,90,4.8,Yes,Yes,3,Tier1,Placed
3144,Male,CSE,8.2,0,86,78,0,3,0,63.7,64.3,7.0,90,4.4,Yes,Yes,2,Tier2,Placed
3145,Male,CSE,7.6,1,79,82,1,3,0,53.7,48.2,7.6,81,4.7,Yes,Yes,2,Tier2,Placed
3146,Male,EEE,7.8,0,55,74,1,1,1,26.7,28.1,2.8,79,3.8,No,No,2,Tier2,Placed
3147,Female,Mechanical,8.1,0,77,82,1,2,2,47.4,41.0,3.9,83,4.5,No,Yes,0,None,NotPlaced
3148,Female,ECE,8.0,0,71,82,1,3,2,59.2,47.0,6.2,90,4.8,Yes,Yes,0,None,NotPlaced
3149,Female,EEE,8.3,1,55,71,2,2,2,60.8,45.9,4.2,76,4.6,No,Yes,3,Tier1,Placed
3150,Male,Mechanical,6.5,1,74,72,1,1,0,20.0,19.1,1.3,70,4.4,No,Yes,0,None,NotPlaced
3151,Male,CSE,7.9,0,78,82,0,3,0,47.1,55.4,7.4,87,3.9,Yes,Yes,0,None,NotPlaced
3152,Male,CSE,7.7,0,73,77,0,3,0,41.0,28.3,6.8,88,4.8,Yes,Yes,2,Tier2,Placed
3153,Female,CSE,8.1,0,84,84,2,3,2,76.0,62.6,8.0,86,4.7,Yes,Yes,2,Tier2,Placed
3154,Male,ECE,7.4,0,69,73,1,1,0,31.1,34.4,0.9,77,4.5,No,Yes,0,None,NotPlaced
3155,Male,CSE,7.9,0,71,62,2,3,2,65.2,51.5,7.7,90,4.8,Yes,No,3,Tier2,Placed
3156,Male,CSE,6.6,1,58,68,0,1,0,20.0,23.9,3.6,73,4.3,Yes,Yes,0,None,NotPlaced
3157,Female,CSE,6.5,0,66,66,0,1,0,20.0,8.4,1.8,71,3.9,No,Yes,0,None,NotPlaced
3158,Male,CSE,7.4,0,63,76,1,3,1,46.7,49.7,7.7,71,4.4,Yes,No,0,None,NotPlaced
3159,Female,Mechanical,8.1,0,80,87,1,2,0,47.4,49.2,5.4,77,4.8,Yes,Yes,2,Tier2,Placed
3160,Male,CSE,6.5,0,64,81,0,1,0,20.0,19.5,3.7,70,4.2,Yes,No,0,None,NotPlaced
3161,Male,ECE,8.1,0,79,83,2,3,2,67.9,48.5,7.6,89,4.8,Yes,No,3,Tier2,Placed
3162,Male,EEE,7.3,0,73,74,0,3,0,40.9,42.4,7.1,83,4.3,Yes,No,0,None,NotPlaced
3163,Male,ECE,8.1,0,58,86,1,1,0,49.7,31.7,1.4,68,4.4,No,No,2,Tier2,Placed
3164,Male,CSE,6.5,1,58,70,1,1,0,20.0,13.9,2.4,88,4.0,Yes,Yes,2,Tier2,Placed
3165,Male,IT,6.8,1,80,65,0,1,0,20.0,20.1,2.8,72,4.0,Yes,Yes,3,Tier2,Placed
3166,Male,CSE,7.8,1,69,84,1,1,0,44.7,51.5,2.8,90,4.3,No,Yes,1,Tier3,Placed
3167,Female,IT,8.3,0,79,84,1,2,0,60.8,55.2,5.6,83,4.2,Yes,No,0,None,NotPlaced
3168,Male,CSE,7.8,1,67,66,0,3,0,53.5,39.6,8.0,81,4.2,Yes,Yes,0,None,NotPlaced
3169,Female,ECE,7.7,0,55,65,1,2,0,56.2,33.3,5.1,82,4.1,No,No,0,None,NotPlaced
3170,Male,ECE,7.9,0,71,68,1,1,1,51.2,42.2,2.8,67,3.3,Yes,Yes,0,None,NotPlaced
3171,Female,ECE,6.5,1,68,72,0,3,2,27.4,28.8,9.0,84,4.4,Yes,Yes,2,Tier2,Placed
3172,Male,IT,8.4,0,84,84,0,3,2,64.8,52.1,6.9,81,4.8,Yes,Yes,0,None,NotPlaced
3173,Male,ECE,6.5,1,74,69,2,1,1,23.4,37.7,2.5,76,4.8,Yes,No,0,None,NotPlaced
3174,Male,EEE,8.1,0,57,82,2,3,3,63.1,50.8,7.3,85,4.8,Yes,No,0,None,NotPlaced
3175,Male,CSE,8.0,0,62,64,1,1,0,40.2,16.2,2.5,70,4.3,No,No,0,None,NotPlaced
3176,Male,EEE,8.3,0,82,80,1,2,1,60.4,46.0,4.3,77,4.6,Yes,Yes,3,Tier2,Placed
3177,Female,Mechanical,6.8,1,57,65,1,2,0,22.7,25.6,3.8,67,4.1,No,Yes,0,None,NotPlaced
3178,Female,ECE,7.4,0,64,63,0,2,0,37.0,35.7,3.6,74,4.1,No,Yes,1,Tier3,Placed
3179,Female,IT,7.6,0,55,67,1,1,0,35.8,30.8,2.1,80,3.6,No,No,0,None,NotPlaced
3180,Female,ECE,7.3,0,55,67,1,1,0,24.7,20.0,2.8,61,3.3,No,No,0,None,NotPlaced
3181,Male,CSE,7.7,0,55,69,1,1,0,37.1,16.2,1.7,69,4.4,No,No,0,None,NotPlaced
3182,Male,CSE,7.8,0,72,83,1,3,1,61.5,51.7,6.6,88,4.0,No,Yes,0,None,NotPlaced
3183,Male,CSE,8.4,0,77,88,0,2,3,54.4,42.8,3.6,82,4.4,Yes,Yes,3,Tier1,Placed
3184,Male,CSE,7.9,0,77,88,1,3,2,57.4,50.1,7.9,88,4.8,Yes,Yes,0,None,NotPlaced
3185,Male,ECE,6.8,0,77,80,1,2,0,28.6,31.2,3.5,80,3.8,No,Yes,2,Tier2,Placed
3186,Male,EEE,8.4,0,77,88,2,3,2,74.3,70.0,6.5,90,4.8,Yes,Yes,2,Tier2,Placed
3187,Male,CSE,7.9,1,55,63,1,2,1,47.3,32.4,4.4,77,4.3,No,No,2,Tier2,Placed
3188,Male,Mechanical,8.2,0,68,62,1,1,1,48.8,29.9,3.5,68,3.7,Yes,No,0,None,NotPlaced
3189,Female,Civil,7.6,0,68,64,1,1,0,29.8,22.8,1.9,73,4.3,No,Yes,0,None,NotPlaced
3190,Female,Civil,7.6,0,71,79,1,2,0,39.0,28.3,4.1,76,4.8,Yes,Yes,0,None,NotPlaced
3191,Male,EEE,8.3,0,55,63,1,2,0,53.6,37.1,3.5,69,4.4,No,Yes,0,None,NotPlaced
3192,Female,IT,8.5,0,80,85,1,3,2,71.3,69.6,7.1,90,4.8,Yes,Yes,3,Tier1,Placed
3193,Female,CSE,7.4,0,56,59,1,1,0,31.8,29.2,2.5,64,3.7,No,No,0,None,NotPlaced
3194,Male,ECE,8.1,0,58,79,2,2,0,57.3,62.9,4.2,78,4.8,Yes,No,0,None,NotPlaced
3195,Male,ECE,8.0,0,64,69,2,3,2,67.5,54.3,6.4,79,4.3,Yes,No,0,None,NotPlaced
3196,Male,EEE,7.6,0,55,66,0,1,0,31.9,19.7,3.3,75,4.3,Yes,Yes,0,None,NotPlaced
3197,Female,Civil,7.6,0,72,84,2,3,1,54.6,39.8,6.9,89,4.5,Yes,No,2,Tier2,Placed
3198,Female,ECE,8.4,0,77,85,0,1,2,40.8,43.6,2.1,76,3.4,No,Yes,3,Tier1,Placed
3199,Male,IT,8.1,0,55,75,2,3,2,61.9,41.9,3.4,85,4.5,No,Yes,1,Tier3,Placed
3200,Male,CSE,8.3,0,67,85,1,3,3,57.7,53.0,6.7,90,4.8,Yes,Yes,3,Tier2,Placed
3201,Male,CSE,7.5,0,80,69,1,3,0,49.7,39.6,7.9,85,4.6,Yes,Yes,3,Tier2,Placed
3202,Male,ECE,8.2,0,74,88,2,3,2,63.7,44.4,6.4,81,4.5,Yes,Yes,2,Tier2,Placed
3203,Male,ECE,8.4,0,55,65,1,2,0,56.5,57.5,5.5,76,4.7,Yes,Yes,0,None,NotPlaced
3204,Female,EEE,8.6,0,75,88,2,3,2,75.4,56.2,5.8,90,4.7,Yes,Yes,2,Tier2,Placed
3205,Female,ECE,7.5,0,77,73,0,2,1,41.2,28.9,3.4,74,4.5,Yes,Yes,3,Tier2,Placed
3206,Female,Mechanical,8.7,0,74,81,2,3,2,82.6,65.3,7.4,90,4.8,Yes,Yes,0,None,NotPlaced
3207,Female,ECE,8.2,0,71,85,1,3,1,62.7,47.6,6.9,86,4.3,Yes,Yes,3,Tier2,Placed
3208,Female,EEE,7.6,1,55,63,0,2,0,44.3,55.8,3.7,79,3.8,No,Yes,0,None,NotPlaced
3209,Male,CSE,7.7,0,57,69,1,1,1,26.9,33.4,2.8,68,3.8,No,No,0,None,NotPlaced
3210,Male,Mechanical,6.5,1,72,60,1,2,1,30.4,22.8,3.7,69,4.1,No,Yes,0,None,NotPlaced
3211,Male,ECE,8.4,0,74,84,2,3,0,75.5,55.7,6.4,74,4.3,Yes,Yes,0,None,NotPlaced
3212,Female,CSE,6.8,0,63,65,0,1,1,20.0,3.5,2.3,63,3.7,Yes,No,0,None,NotPlaced
3213,Male,CSE,7.5,0,83,69,1,2,2,36.5,34.0,4.0,82,4.1,Yes,Yes,0,None,NotPlaced
3214,Female,Mechanical,7.9,0,81,77,1,1,0,38.8,28.0,3.5,76,3.3,Yes,No,0,None,NotPlaced
3215,Male,CSE,8.6,0,75,85,1,3,2,74.0,60.3,6.7,87,4.8,Yes,Yes,3,Tier2,Placed
3216,Male,IT,7.8,0,72,88,0,3,2,53.2,29.5,8.1,89,4.7,Yes,Yes,2,Tier2,Placed
3217,Male,IT,7.5,0,55,62,2,2,0,49.3,40.6,1.0,70,4.4,No,Yes,0,None,NotPlaced
3218,Male,ECE,8.1,0,81,81,2,3,2,62.4,65.3,7.9,89,4.5,Yes,Yes,0,None,NotPlaced
3219,Female,Mechanical,6.7,0,81,64,1,1,1,20.0,20.5,2.4,67,4.7,No,Yes,3,Tier2,Placed
3220,Female,IT,8.1,0,80,88,2,3,2,67.0,48.8,6.9,90,4.5,Yes,Yes,1,Tier3,Placed
3221,Male,ECE,6.5,0,57,71,0,2,1,20.0,20.9,2.7,79,4.3,No,No,0,None,NotPlaced
3222,Male,Civil,8.3,0,69,87,1,3,2,65.0,52.5,5.3,83,4.6,Yes,No,1,Tier3,Placed
3223,Male,Mechanical,6.6,0,55,64,0,1,0,20.0,38.6,2.8,79,4.4,No,Yes,0,None,NotPlaced
3224,Male,Mechanical,7.8,0,60,63,0,3,2,50.2,39.9,6.2,82,4.5,No,Yes,3,Tier2,Placed
3225,Male,IT,7.5,0,55,67,0,1,0,28.0,15.4,2.2,60,3.8,No,No,0,None,NotPlaced
3226,Female,CSE,7.5,1,79,71,1,2,0,44.4,38.1,3.9,76,3.4,No,Yes,0,None,NotPlaced
3227,Male,IT,8.2,0,79,64,2,1,2,58.1,48.9,2.8,74,3.9,No,No,0,None,NotPlaced
3228,Male,EEE,8.3,0,90,83,2,3,3,63.3,56.9,6.4,90,4.8,Yes,Yes,1,Tier3,Placed
3229,Male,CSE,8.4,0,62,63,1,1,0,45.4,45.4,2.7,84,4.7,Yes,No,0,None,NotPlaced
3230,Male,CSE,8.3,0,78,74,2,1,1,52.4,59.4,2.8,79,4.2,Yes,No,0,None,NotPlaced
3231,Male,CSE,8.5,0,70,85,2,3,2,89.8,65.7,6.8,84,4.8,Yes,Yes,2,Tier2,Placed
3232,Male,IT,8.4,0,60,73,2,2,0,62.7,45.1,6.3,74,4.3,Yes,No,3,Tier2,Placed
3233,Male,Mechanical,7.1,0,62,72,1,1,0,24.4,9.4,0.7,79,4.6,No,No,0,None,NotPlaced
3234,Male,CSE,7.6,0,85,84,2,2,3,51.1,48.8,3.0,86,4.8,Yes,Yes,2,Tier3,Placed
3235,Male,ECE,8.8,0,71,82,1,3,0,79.9,56.8,4.5,88,4.4,No,Yes,0,None,NotPlaced
3236,Male,Mechanical,8.3,0,56,71,1,3,2,65.8,61.3,7.7,90,4.5,Yes,Yes,3,Tier2,Placed
3237,Male,CSE,8.4,0,84,88,2,3,2,77.8,58.6,6.9,90,4.8,Yes,Yes,1,Tier3,Placed
3238,Female,ECE,8.2,0,82,86,0,3,2,52.0,58.3,5.4,90,4.7,Yes,No,2,Tier2,Placed
3239,Male,Civil,8.1,0,55,64,2,2,1,54.2,33.2,4.1,75,3.8,No,No,0,None,NotPlaced
3240,Male,Civil,6.5,1,74,62,1,1,0,20.0,28.8,1.7,74,3.5,No,No,0,None,NotPlaced
3241,Male,CSE,7.6,0,55,65,1,1,0,35.1,38.7,2.6,77,4.4,No,No,0,None,NotPlaced
3242,Male,CSE,8.3,0,77,66,1,3,0,58.7,52.1,7.8,76,3.8,Yes,Yes,1,Tier3,Placed
3243,Male,CSE,7.1,0,78,69,1,2,0,26.4,17.6,6.5,89,4.7,No,No,0,None,NotPlaced
3244,Female,EEE,7.5,2,55,60,0,1,1,23.9,27.0,1.8,67,3.6,Yes,No,0,None,NotPlaced
3245,Female,EEE,7.7,0,62,62,0,3,1,48.0,40.7,5.1,68,4.4,Yes,No,0,None,NotPlaced
3246,Male,ECE,8.3,0,85,65,2,3,2,72.3,43.1,7.6,79,4.7,Yes,Yes,3,Tier2,Placed
3247,Male,ECE,6.5,0,66,66,1,1,0,20.0,32.7,3.0,69,3.4,No,No,0,None,NotPlaced
3248,Male,CSE,8.4,0,72,74,1,3,0,68.9,52.3,5.7,76,4.7,Yes,Yes,2,Tier2,Placed
3249,Female,ECE,8.1,0,70,84,2,1,1,47.8,53.4,0.7,90,4.4,No,No,2,Tier2,Placed
3250,Male,ECE,7.6,0,82,80,2,2,2,54.1,45.4,5.3,90,4.1,Yes,Yes,3,Tier2,Placed
3251,Male,EEE,8.3,1,75,80,1,3,2,77.8,70.4,8.7,90,4.8,Yes,Yes,2,Tier3,Placed
3252,Male,ECE,7.4,0,74,65,2,2,0,42.0,29.8,4.1,81,4.7,Yes,Yes,0,None,NotPlaced
3253,Male,IT,7.7,1,61,70,1,2,1,47.4,41.1,5.1,69,4.8,Yes,Yes,4,Tier1,Placed
3254,Male,IT,7.6,0,69,82,1,1,0,37.0,34.5,1.1,83,3.7,Yes,Yes,0,None,NotPlaced
3255,Male,CSE,7.6,0,55,67,1,1,1,35.7,29.0,1.8,73,4.1,No,No,0,None,NotPlaced
3256,Male,CSE,8.8,0,84,83,2,3,2,83.3,59.5,6.9,90,4.8,Yes,Yes,1,Tier3,Placed
3257,Female,CSE,7.7,0,71,71,1,3,0,55.4,22.3,8.5,89,4.8,Yes,Yes,2,Tier2,Placed
3258,Male,ECE,7.3,0,73,79,0,1,2,21.6,15.1,2.3,75,4.5,Yes,Yes,2,Tier3,Placed
3259,Male,CSE,6.7,0,55,61,0,1,1,20.0,25.5,2.7,66,3.9,No,Yes,0,None,NotPlaced
3260,Female,IT,6.5,1,55,67,1,1,0,20.0,9.6,1.2,75,3.5,No,No,0,None,NotPlaced
3261,Male,Mechanical,6.6,2,57,62,1,1,0,20.0,11.3,2.1,76,4.4,No,No,0,None,NotPlaced
3262,Male,IT,7.1,0,57,71,0,1,0,32.2,17.3,4.1,69,4.2,No,Yes,2,Tier3,Placed
3263,Male,ECE,8.6,0,73,80,1,2,2,62.4,52.6,6.8,80,4.8,Yes,Yes,0,None,NotPlaced
3264,Male,EEE,8.3,0,70,84,2,3,2,71.3,50.9,9.0,90,4.6,Yes,Yes,2,Tier2,Placed
3265,Female,ECE,8.1,0,78,84,1,3,2,61.9,60.1,7.4,78,4.8,Yes,Yes,0,None,NotPlaced
3266,Male,Civil,7.6,0,58,67,0,1,1,29.4,33.4,1.8,77,3.4,No,No,0,None,NotPlaced
3267,Male,CSE,7.4,0,68,83,1,3,1,49.2,44.1,7.3,89,3.6,Yes,Yes,0,None,NotPlaced
3268,Male,EEE,7.5,0,72,63,1,2,1,36.8,34.6,5.5,71,4.0,Yes,Yes,0,None,NotPlaced
3269,Male,Civil,8.2,0,72,88,2,3,2,71.0,51.0,7.4,82,4.5,Yes,Yes,3,Tier2,Placed
3270,Female,Mechanical,8.5,0,63,87,1,1,1,44.2,31.2,1.3,71,3.8,No,Yes,0,None,NotPlaced
3271,Male,CSE,8.4,0,83,88,2,3,2,65.5,59.6,6.2,90,4.6,Yes,Yes,1,Tier3,Placed
3272,Male,IT,7.4,0,60,64,1,1,0,40.1,42.1,1.4,75,4.3,No,No,0,None,NotPlaced
3273,Female,CSE,6.6,0,77,69,1,1,1,20.0,25.7,4.1,68,4.1,Yes,Yes,0,None,NotPlaced
3274,Male,ECE,8.6,0,71,82,2,3,2,66.2,50.1,8.2,84,4.7,Yes,Yes,1,Tier3,Placed
3275,Female,EEE,8.2,0,84,86,2,3,2,61.8,48.1,10.0,89,4.8,Yes,Yes,2,Tier2,Placed
3276,Female,IT,7.8,0,70,73,1,2,1,55.7,39.5,5.4,89,4.8,Yes,Yes,0,None,NotPlaced
3277,Female,ECE,7.4,0,64,64,1,1,1,22.0,28.3,2.2,75,4.2,Yes,Yes,0,None,NotPlaced
3278,Male,ECE,8.2,0,83,82,1,3,2,58.2,33.1,6.5,90,4.7,Yes,Yes,2,Tier2,Placed
3279,Male,IT,8.3,0,83,80,2,2,0,54.7,27.5,3.8,76,3.9,No,No,0,None,NotPlaced
3280,Female,EEE,8.5,0,81,85,1,3,0,67.6,39.4,8.5,90,4.1,Yes,Yes,2,Tier2,Placed
3281,Male,Mechanical,6.5,0,75,80,1,1,2,20.0,5.0,3.7,90,4.8,Yes,No,0,None,NotPlaced
3282,Male,CSE,8.4,0,66,86,1,2,2,56.6,58.4,3.7,88,4.1,Yes,Yes,1,Tier3,Placed
3283,Female,ECE,8.7,1,66,70,1,1,0,66.3,60.2,1.9,83,4.3,No,No,1,Tier3,Placed
3284,Female,CSE,8.1,0,68,66,0,2,1,42.0,26.9,2.5,79,4.4,No,No,1,Tier3,Placed
3285,Male,EEE,6.6,2,55,72,0,1,0,20.0,21.1,2.6,88,4.3,No,Yes,0,None,NotPlaced
3286,Male,Civil,7.2,0,55,78,1,1,2,28.7,38.5,1.3,74,4.7,No,No,0,None,NotPlaced
3287,Male,Mechanical,7.4,0,73,72,1,2,0,34.1,34.9,3.4,78,3.9,No,Yes,0,None,NotPlaced
3288,Female,IT,7.5,0,56,63,1,1,1,35.4,47.8,0.1,68,3.8,No,No,0,None,NotPlaced
3289,Female,IT,8.2,0,74,84,1,3,2,61.0,49.7,7.8,88,4.4,Yes,No,0,None,NotPlaced
3290,Male,IT,7.4,0,56,62,1,1,1,32.9,23.7,3.2,66,4.2,No,Yes,0,None,NotPlaced
3291,Male,ECE,7.7,1,57,66,0,2,0,39.5,25.3,3.3,70,3.6,No,Yes,0,None,NotPlaced
3292,Female,CSE,8.3,0,83,84,0,3,2,49.7,43.1,6.8,90,4.8,Yes,Yes,3,Tier2,Placed
3293,Male,ECE,6.5,0,69,71,1,2,0,27.5,34.2,3.5,83,4.5,No,No,0,None,NotPlaced
3294,Male,CSE,7.5,1,55,71,1,1,1,43.4,36.9,1.8,64,4.3,No,No,0,None,NotPlaced
3295,Female,IT,8.1,0,55,66,2,3,2,65.1,50.1,5.2,82,4.3,No,Yes,0,None,NotPlaced
3296,Male,CSE,8.7,0,76,80,1,3,1,68.5,65.9,5.9,88,4.6,Yes,Yes,2,Tier2,Placed
3297,Male,Civil,8.3,0,73,83,1,3,2,72.5,62.6,8.4,85,4.2,Yes,Yes,2,Tier3,Placed
3298,Male,EEE,6.5,0,55,75,0,2,0,25.5,23.2,1.4,69,3.6,No,Yes,0,None,NotPlaced
3299,Male,IT,8.3,0,87,67,2,3,2,69.2,50.4,7.5,90,4.8,Yes,Yes,2,Tier3,Placed
3300,Female,CSE,7.1,0,78,80,1,3,2,39.9,32.7,7.3,76,4.8,Yes,Yes,3,Tier2,Placed
3301,Male,ECE,6.5,0,55,64,0,1,1,20.0,24.4,3.7,74,4.1,No,No,0,None,NotPlaced
3302,Female,IT,6.9,0,73,71,1,3,1,28.6,20.9,6.8,79,4.2,Yes,Yes,0,None,NotPlaced
3303,Male,ECE,6.5,0,60,73,1,1,1,20.0,11.0,2.6,76,4.6,Yes,Yes,0,None,NotPlaced
3304,Male,EEE,7.5,2,61,70,0,1,0,36.6,28.5,1.2,75,3.7,No,No,0,None,NotPlaced
3305,Male,ECE,7.5,0,57,66,1,1,0,32.2,28.9,2.4,75,3.7,No,No,0,None,NotPlaced
3306,Male,ECE,7.9,0,58,70,1,1,0,35.8,43.8,1.3,87,4.4,No,Yes,1,Tier3,Placed
3307,Male,ECE,7.5,2,78,84,1,2,1,43.5,26.6,3.9,60,3.4,Yes,Yes,0,None,NotPlaced
3308,Male,Mechanical,8.3,0,65,87,1,3,2,61.7,53.1,6.3,90,4.7,Yes,Yes,0,None,NotPlaced
3309,Male,Mechanical,8.2,0,78,87,0,3,2,57.7,46.3,6.1,90,4.8,Yes,Yes,1,Tier3,Placed
3310,Male,ECE,7.6,0,68,86,1,1,1,28.7,25.7,2.0,83,4.2,Yes,Yes,2,Tier2,Placed
3311,Female,CSE,8.5,0,70,86,0,3,2,58.8,61.6,7.1,90,4.7,Yes,Yes,3,Tier1,Placed
3312,Female,IT,8.6,0,78,83,2,2,2,71.7,58.9,4.8,90,4.8,Yes,Yes,3,Tier1,Placed
3313,Female,CSE,8.5,0,72,87,1,3,2,69.6,49.5,7.5,90,4.3,Yes,Yes,3,Tier1,Placed
3314,Male,EEE,6.5,0,56,68,1,2,1,20.0,27.4,4.1,70,3.9,No,No,0,None,NotPlaced
3315,Male,IT,8.9,0,72,84,1,3,0,77.6,68.4,5.8,84,4.5,Yes,Yes,2,Tier3,Placed
3316,Female,CSE,7.3,1,59,70,1,1,1,26.0,16.1,0.0,66,3.8,No,Yes,0,None,NotPlaced
3317,Male,CSE,7.9,0,58,83,1,2,1,45.1,29.9,3.9,87,4.4,Yes,No,0,None,NotPlaced
3318,Male,ECE,7.3,0,68,69,1,1,1,34.8,34.6,2.8,77,3.8,No,Yes,0,None,NotPlaced
3319,Female,Mechanical,6.5,0,86,67,1,1,1,20.0,20.8,2.7,78,3.6,No,Yes,0,None,NotPlaced
3320,Female,ECE,7.9,0,61,82,2,3,2,61.9,47.6,8.0,89,4.8,Yes,Yes,3,Tier1,Placed
3321,Male,ECE,7.8,0,85,87,1,2,2,47.7,48.8,5.8,77,4.8,Yes,Yes,3,Tier2,Placed
3322,Male,ECE,6.7,0,55,65,1,1,0,20.0,14.9,3.1,63,4.0,No,Yes,0,None,NotPlaced
3323,Female,ECE,8.3,0,82,68,2,3,2,72.4,60.4,7.4,70,4.2,Yes,Yes,0,None,NotPlaced
3324,Male,ECE,7.0,0,55,68,1,2,1,27.0,35.3,6.8,78,4.8,Yes,Yes,0,None,NotPlaced
3325,Female,ECE,8.3,0,79,87,1,3,2,69.3,53.9,6.3,90,4.8,No,Yes,1,Tier3,Placed
3326,Female,CSE,6.5,0,60,69,1,1,1,20.0,5.5,4.0,68,3.4,No,No,0,None,NotPlaced
3327,Female,ECE,6.8,1,62,67,1,1,1,20.0,17.3,1.4,72,4.8,No,Yes,0,None,NotPlaced
3328,Male,IT,6.5,1,63,69,0,1,0,20.0,23.3,1.3,86,4.5,No,No,0,None,NotPlaced
3329,Male,IT,6.5,1,72,87,1,2,1,25.2,33.6,4.8,88,4.5,Yes,Yes,2,Tier3,Placed
3330,Female,Civil,8.0,0,73,63,0,3,2,53.2,40.9,6.0,87,3.8,No,No,2,Tier2,Placed
3331,Male,CSE,7.5,0,58,65,1,1,1,29.5,40.4,1.7,66,4.0,No,No,0,None,NotPlaced
3332,Female,IT,8.1,0,57,63,1,1,0,43.1,26.7,3.5,77,4.8,Yes,No,2,Tier2,Placed
3333,Male,ECE,7.4,0,55,70,0,1,0,29.8,27.6,1.9,60,3.0,No,No,0,None,NotPlaced
3334,Male,Mechanical,6.5,0,76,67,2,1,1,20.0,19.6,2.4,83,3.6,Yes,Yes,0,None,NotPlaced
3335,Female,ECE,6.5,2,55,70,1,2,2,20.0,32.9,4.6,90,4.5,Yes,Yes,2,Tier2,Placed
3336,Female,EEE,7.6,2,78,63,1,1,1,40.4,22.8,4.2,70,4.4,Yes,Yes,0,None,NotPlaced
3337,Female,Mechanical,6.5,0,55,65,1,2,1,20.2,24.7,4.3,80,4.2,No,No,0,None,NotPlaced
3338,Female,IT,7.9,1,74,62,1,3,1,58.4,46.5,5.3,84,4.1,Yes,Yes,4,Tier1,Placed
3339,Male,IT,8.2,0,55,62,1,2,0,60.4,61.3,6.5,75,4.5,Yes,Yes,2,Tier2,Placed
3340,Female,ECE,6.8,0,55,62,0,1,0,20.0,13.4,2.4,67,3.6,No,No,0,None,NotPlaced
3341,Female,EEE,8.4,0,72,68,0,2,1,51.8,47.4,4.6,87,4.4,No,Yes,3,Tier1,Placed
3342,Male,CSE,7.9,0,83,86,2,3,3,61.3,43.6,7.9,82,4.6,Yes,Yes,2,Tier2,Placed
3343,Male,IT,7.0,1,55,69,1,1,1,27.5,27.8,3.0,78,4.7,No,No,0,None,NotPlaced
3344,Male,ECE,7.7,0,61,83,1,2,0,49.7,38.8,4.1,77,4.3,Yes,Yes,4,Tier1,Placed
3345,Male,EEE,7.4,0,55,64,0,2,0,33.6,26.8,2.9,71,3.8,No,No,0,None,NotPlaced
3346,Female,IT,8.4,0,77,86,2,3,2,71.7,42.1,9.4,87,4.5,Yes,Yes,2,Tier2,Placed
3347,Male,ECE,6.5,0,55,70,1,2,0,22.3,25.4,3.3,72,4.1,No,No,0,None,NotPlaced
3348,Male,CSE,7.6,0,55,74,1,1,1,41.8,26.6,2.4,67,4.5,No,No,0,None,NotPlaced
3349,Male,ECE,7.1,0,74,66,1,1,0,30.3,19.2,3.6,77,4.1,No,Yes,0,None,NotPlaced
3350,Male,ECE,7.5,0,62,70,1,1,2,36.5,19.2,2.6,68,4.6,Yes,No,0,None,NotPlaced
3351,Male,Mechanical,6.5,0,59,82,1,1,0,20.0,12.3,1.6,75,3.9,No,No,0,None,NotPlaced
3352,Male,CSE,7.9,0,73,84,1,2,0,47.6,44.9,5.9,84,4.6,Yes,No,2,Tier3,Placed
3353,Female,Mechanical,6.5,0,72,72,1,1,1,20.0,25.1,3.2,83,3.8,Yes,No,1,Tier3,Placed
3354,Male,ECE,8.1,0,77,85,2,3,3,73.1,64.6,7.5,90,4.6,Yes,Yes,2,Tier2,Placed
3355,Male,CSE,8.3,0,75,79,1,3,2,63.8,44.5,6.9,90,4.5,Yes,Yes,1,Tier3,Placed
3356,Male,ECE,8.7,0,67,86,1,3,2,79.3,65.0,6.5,86,4.7,Yes,Yes,0,None,NotPlaced
3357,Female,CSE,7.5,0,55,72,0,2,0,33.1,24.9,3.7,74,3.7,No,Yes,0,None,NotPlaced
3358,Male,Civil,7.7,0,66,75,2,1,0,39.5,42.9,4.2,85,4.4,Yes,No,4,Tier1,Placed
3359,Female,Mechanical,6.8,1,67,65,1,1,0,21.4,25.2,1.7,76,4.3,No,No,0,None,NotPlaced
3360,Female,CSE,8.5,2,76,88,1,3,1,76.8,55.9,7.4,82,4.7,Yes,Yes,2,Tier3,Placed
3361,Female,CSE,7.9,0,77,85,0,2,0,42.9,44.7,4.0,70,4.7,Yes,Yes,3,Tier1,Placed
3362,Male,ECE,7.4,0,57,67,1,1,0,20.0,25.7,4.0,85,3.7,No,No,0,None,NotPlaced
3363,Female,IT,8.1,0,85,68,1,2,0,45.2,27.7,5.3,79,4.1,Yes,Yes,2,Tier2,Placed
3364,Male,IT,8.5,1,68,83,0,1,0,49.5,27.9,2.3,74,4.3,No,Yes,0,None,NotPlaced
3365,Female,IT,6.6,1,82,80,1,3,2,23.6,13.8,7.9,90,4.3,Yes,Yes,3,Tier2,Placed
3366,Male,ECE,8.4,0,84,86,2,2,2,59.7,62.5,4.5,83,4.5,Yes,Yes,4,Tier1,Placed
3367,Male,CSE,7.3,0,68,69,0,2,1,32.1,20.7,5.2,71,4.4,No,No,0,None,NotPlaced
3368,Male,EEE,8.5,0,74,88,2,3,2,61.8,66.4,5.5,90,4.8,Yes,Yes,3,Tier1,Placed
3369,Male,EEE,8.5,0,82,87,2,3,2,72.1,49.9,6.4,88,4.8,Yes,Yes,2,Tier3,Placed
3370,Female,IT,8.4,0,72,61,2,3,2,66.2,44.7,6.2,86,4.4,Yes,Yes,3,Tier2,Placed
3371,Male,Mechanical,8.2,0,75,85,2,3,2,60.5,57.5,5.1,90,4.7,Yes,No,3,Tier2,Placed
3372,Male,CSE,8.1,2,73,84,1,3,1,57.0,54.1,5.5,76,4.2,No,Yes,2,Tier3,Placed
3373,Male,CSE,7.4,0,75,67,1,1,2,25.7,30.1,2.9,85,4.4,Yes,No,2,Tier3,Placed
3374,Female,ECE,7.7,0,55,70,0,1,0,34.3,36.7,1.9,81,4.8,Yes,No,0,None,NotPlaced
3375,Female,ECE,7.4,0,62,63,1,1,1,37.0,25.6,1.8,68,3.9,Yes,Yes,0,None,NotPlaced
3376,Female,ECE,8.2,0,74,86,1,2,2,53.2,52.0,5.0,90,4.8,Yes,Yes,4,Tier1,Placed
3377,Female,Mechanical,8.2,0,87,86,2,3,2,65.0,55.2,6.9,87,4.6,Yes,No,2,Tier2,Placed
3378,Male,Civil,7.6,0,85,83,0,3,0,43.9,35.9,6.7,90,4.8,Yes,Yes,1,Tier3,Placed
3379,Male,ECE,7.5,0,55,62,2,2,0,40.5,35.7,2.7,73,3.3,No,No,0,None,NotPlaced
3380,Female,EEE,8.4,0,83,81,2,1,2,49.6,50.9,2.6,86,4.4,Yes,Yes,3,Tier2,Placed
3381,Male,CSE,8.0,0,55,61,1,2,0,42.8,40.9,3.3,87,3.6,No,Yes,0,None,NotPlaced
3382,Male,CSE,8.5,0,74,83,2,3,2,67.4,37.6,7.1,85,4.4,Yes,Yes,0,None,NotPlaced
3383,Male,Mechanical,7.3,1,87,88,0,3,0,48.2,47.8,6.4,77,4.6,Yes,Yes,0,None,NotPlaced
3384,Male,IT,8.3,0,73,83,1,2,0,53.5,51.2,5.0,80,4.8,Yes,Yes,3,Tier2,Placed
3385,Male,IT,8.6,0,60,71,0,1,0,35.3,28.6,0.7,77,4.1,No,Yes,0,None,NotPlaced
3386,Female,IT,7.5,0,55,64,1,1,1,30.1,28.3,0.6,70,3.6,No,Yes,0,None,NotPlaced
3387,Male,ECE,8.8,0,84,83,2,1,2,56.0,47.6,3.6,83,4.8,Yes,Yes,2,Tier3,Placed
3388,Male,CSE,8.3,1,77,82,2,3,2,70.3,40.9,7.8,84,4.8,Yes,Yes,2,Tier2,Placed
3389,Male,EEE,6.6,0,56,73,0,1,3,20.0,17.5,1.6,75,3.9,No,No,0,None,NotPlaced
3390,Female,CSE,7.9,0,82,81,2,3,2,62.3,48.8,7.0,90,4.6,Yes,Yes,1,Tier3,Placed
3391,Male,CSE,6.7,1,70,68,1,1,0,20.0,19.5,2.6,75,4.1,Yes,Yes,0,None,NotPlaced
3392,Female,IT,8.0,0,81,65,1,2,1,49.1,37.5,5.1,82,4.4,No,Yes,2,Tier2,Placed
3393,Female,IT,7.4,0,79,84,2,2,2,36.7,38.8,4.8,87,4.0,Yes,Yes,2,Tier3,Placed
3394,Male,Mechanical,7.7,1,61,64,2,2,1,49.6,34.9,3.5,74,4.6,No,No,0,None,NotPlaced
3395,Female,CSE,7.1,0,61,85,1,3,2,46.1,47.3,8.0,86,4.8,Yes,Yes,0,None,NotPlaced
3396,Female,CSE,8.5,0,68,87,2,3,2,83.1,71.0,6.2,88,4.6,Yes,No,2,Tier2,Placed
3397,Female,ECE,6.5,0,70,65,0,1,1,20.0,31.2,2.2,70,4.2,No,No,0,None,NotPlaced
3398,Female,ECE,7.2,0,90,63,2,1,1,31.4,42.9,2.0,78,4.3,Yes,Yes,2,Tier2,Placed
3399,Male,CSE,7.9,0,58,81,0,1,0,38.5,48.1,3.7,80,4.5,Yes,Yes,1,Tier3,Placed
3400,Male,CSE,7.5,0,64,85,1,3,0,56.5,36.5,6.8,71,4.0,No,No,0,None,NotPlaced
3401,Male,Civil,7.7,0,61,84,2,3,2,55.6,49.4,5.7,86,4.6,Yes,Yes,1,Tier3,Placed
3402,Male,EEE,6.9,0,84,73,0,3,2,35.5,26.1,5.6,78,4.3,Yes,Yes,3,Tier2,Placed
3403,Female,IT,7.6,0,61,72,1,2,0,38.9,60.7,4.3,80,4.4,No,No,0,None,NotPlaced
3404,Male,IT,8.7,0,56,58,1,3,0,74.6,64.1,8.9,77,3.5,Yes,Yes,2,Tier3,Placed
3405,Female,CSE,8.5,0,66,71,2,1,2,62.9,62.3,3.9,77,4.5,Yes,Yes,3,Tier2,Placed
3406,Female,IT,8.2,0,73,84,1,2,0,48.5,45.3,4.8,87,4.2,Yes,Yes,0,None,NotPlaced
3407,Female,ECE,8.1,0,83,81,2,3,2,63.4,30.3,6.1,78,3.4,Yes,Yes,2,Tier2,Placed
3408,Female,Mechanical,7.9,0,83,82,1,3,2,61.8,45.1,5.8,90,4.7,Yes,Yes,4,Tier1,Placed
3409,Male,CSE,7.8,0,68,87,2,3,2,63.1,46.8,7.7,90,4.8,Yes,Yes,2,Tier3,Placed
3410,Male,EEE,8.0,0,61,79,2,1,0,53.2,41.5,3.9,82,4.6,Yes,Yes,2,Tier3,Placed
3411,Male,CSE,8.3,0,55,61,1,2,1,61.2,52.1,4.4,71,4.0,Yes,Yes,0,None,NotPlaced
3412,Male,CSE,8.6,0,56,85,1,2,3,61.3,53.7,4.8,75,4.5,Yes,Yes,4,Tier1,Placed
3413,Male,CSE,7.6,1,62,68,0,1,0,41.0,13.4,2.0,64,3.7,No,No,0,None,NotPlaced
3414,Male,CSE,7.5,1,63,62,1,1,1,33.7,28.2,3.8,72,4.0,No,Yes,0,None,NotPlaced
3415,Female,Civil,6.6,0,66,72,1,1,0,20.0,16.7,2.1,73,4.6,No,No,0,None,NotPlaced
3416,Male,IT,8.1,0,57,65,2,2,1,56.6,58.4,4.0,86,4.4,Yes,Yes,3,Tier2,Placed
3417,Male,CSE,7.7,1,80,75,2,3,0,55.7,51.2,5.8,83,4.6,Yes,No,0,None,NotPlaced
3418,Female,Civil,8.1,1,72,88,1,3,2,65.0,52.1,6.1,90,4.6,Yes,Yes,3,Tier1,Placed
3419,Male,Mechanical,8.0,0,76,83,1,3,2,56.7,49.1,8.3,85,4.8,Yes,Yes,2,Tier3,Placed
3420,Male,EEE,8.1,0,55,69,2,1,1,55.5,33.2,3.5,87,4.1,Yes,Yes,0,None,NotPlaced
3421,Female,Mechanical,7.6,0,68,86,1,2,1,45.8,45.5,4.7,90,4.5,Yes,Yes,0,None,NotPlaced
3422,Male,CSE,8.4,0,63,82,2,1,2,51.0,40.4,0.1,87,4.5,Yes,No,3,Tier2,Placed
3423,Female,Mechanical,6.6,0,55,70,0,1,1,20.0,14.8,1.1,81,3.5,No,Yes,0,None,NotPlaced
3424,Male,EEE,6.7,1,79,65,1,1,0,20.0,31.4,3.3,76,4.6,Yes,No,3,Tier2,Placed
3425,Female,Mechanical,8.3,0,65,65,0,3,2,60.9,51.8,7.4,78,4.1,Yes,Yes,2,Tier3,Placed
3426,Male,EEE,8.3,0,74,81,1,2,1,53.1,39.0,5.3,80,4.7,Yes,Yes,0,None,NotPlaced
3427,Male,ECE,7.0,0,83,82,1,2,0,31.4,25.2,3.7,89,4.6,Yes,No,0,None,NotPlaced
3428,Male,Mechanical,6.7,0,72,63,1,3,0,31.6,31.7,7.2,74,4.5,Yes,Yes,0,None,NotPlaced
3429,Female,CSE,8.4,0,65,71,1,3,2,66.2,56.1,6.0,83,4.8,Yes,Yes,2,Tier2,Placed
3430,Male,IT,8.1,0,72,85,0,3,2,66.3,54.7,7.0,89,4.8,Yes,Yes,1,Tier3,Placed
3431,Male,CSE,7.3,1,60,70,0,1,0,22.2,12.7,1.2,75,3.7,No,No,0,None,NotPlaced
3432,Female,Mechanical,8.2,0,81,65,0,3,2,48.3,32.5,7.1,79,3.9,No,Yes,0,None,NotPlaced
3433,Female,IT,7.7,0,80,78,1,3,0,58.1,42.8,7.3,90,4.3,Yes,Yes,3,Tier2,Placed
3434,Male,IT,8.5,0,76,77,1,3,2,74.0,57.0,6.9,75,4.1,Yes,Yes,2,Tier2,Placed
3435,Female,ECE,6.8,0,77,66,1,2,0,20.0,20.7,5.4,78,3.8,No,Yes,0,None,NotPlaced
3436,Male,Civil,7.9,0,86,76,2,3,2,58.5,47.3,6.6,85,4.4,Yes,Yes,3,Tier2,Placed
3437,Male,CSE,8.5,0,78,86,0,3,0,66.2,52.9,5.6,83,4.8,Yes,Yes,0,None,NotPlaced
3438,Male,EEE,7.6,0,55,63,1,1,0,37.6,47.3,3.1,66,3.2,No,No,0,None,NotPlaced
3439,Female,Mechanical,7.3,0,55,70,1,3,0,45.0,46.1,7.3,87,4.6,Yes,No,0,None,NotPlaced
3440,Female,IT,7.5,0,87,70,0,1,0,28.1,35.2,1.7,67,4.5,No,No,0,None,NotPlaced
3441,Male,IT,8.2,1,75,84,0,3,2,53.3,48.8,6.4,86,3.9,Yes,Yes,0,None,NotPlaced
3442,Male,EEE,8.0,0,85,87,1,1,0,31.0,29.6,3.5,81,4.6,Yes,Yes,0,None,NotPlaced
3443,Male,Mechanical,7.8,2,86,70,1,3,2,65.2,57.0,7.8,90,4.8,Yes,Yes,3,Tier1,Placed
3444,Female,ECE,8.6,0,88,80,1,3,2,66.2,55.3,6.2,79,4.3,Yes,Yes,2,Tier2,Placed
3445,Female,CSE,8.2,0,75,81,2,3,2,68.9,61.4,7.6,75,4.2,Yes,Yes,1,Tier3,Placed
3446,Male,Mechanical,8.3,0,84,82,2,3,2,69.2,48.6,7.3,89,4.7,Yes,Yes,1,Tier3,Placed
3447,Female,ECE,7.4,0,63,73,0,1,0,30.5,33.1,1.2,66,4.2,No,No,0,None,NotPlaced
3448,Female,IT,8.5,0,70,88,0,3,2,64.6,54.7,7.0,90,4.8,Yes,Yes,3,Tier2,Placed
3449,Male,Mechanical,7.4,1,55,61,1,3,1,47.8,26.5,6.5,83,4.3,Yes,Yes,2,Tier3,Placed
3450,Male,CSE,8.4,0,85,80,2,3,3,58.8,49.9,8.2,90,4.7,Yes,Yes,1,Tier3,Placed
3451,Male,Mechanical,7.3,0,63,69,1,1,0,24.8,13.8,1.4,76,4.3,No,Yes,0,None,NotPlaced
3452,Female,EEE,7.0,1,69,81,0,1,1,21.7,16.9,3.5,67,4.1,No,Yes,0,None,NotPlaced
3453,Female,Mechanical,6.7,0,63,62,0,2,1,23.3,21.6,4.1,73,4.2,No,Yes,0,None,NotPlaced
3454,Male,CSE,7.6,2,71,62,1,2,0,38.2,20.5,3.3,65,4.3,Yes,Yes,0,None,NotPlaced
3455,Female,IT,7.5,0,55,67,1,2,3,33.1,29.6,1.8,76,3.7,No,Yes,0,None,NotPlaced
3456,Male,Mechanical,7.3,0,83,81,0,2,0,32.6,30.5,3.8,79,3.8,No,Yes,0,None,NotPlaced
3457,Male,CSE,7.3,0,55,62,0,1,0,20.0,25.4,3.3,60,3.2,No,No,0,None,NotPlaced
3458,Female,CSE,7.7,1,59,62,0,1,1,26.3,20.2,3.2,60,4.7,No,No,0,None,NotPlaced
3459,Female,Civil,8.2,0,81,86,2,3,2,76.8,63.8,7.2,87,4.6,Yes,Yes,3,Tier2,Placed
3460,Male,IT,8.0,0,84,75,1,2,1,58.2,46.5,4.3,73,4.4,Yes,Yes,2,Tier2,Placed
3461,Male,Civil,7.6,1,55,68,1,1,1,37.4,29.6,2.6,75,4.1,Yes,Yes,0,None,NotPlaced
3462,Male,CSE,7.8,0,81,83,1,2,2,48.5,27.5,4.2,77,4.3,No,No,0,None,NotPlaced
3463,Male,IT,8.5,0,77,88,2,3,2,64.2,52.1,8.1,90,4.8,Yes,Yes,3,Tier1,Placed
3464,Male,Mechanical,7.0,0,70,68,1,2,0,27.3,33.1,5.6,89,4.1,Yes,No,0,None,NotPlaced
3465,Male,ECE,7.7,0,69,85,0,2,1,38.5,26.8,6.0,81,4.1,Yes,Yes,0,None,NotPlaced
3466,Female,ECE,7.7,0,55,67,1,1,0,33.4,27.9,2.6,70,4.8,No,Yes,0,None,NotPlaced
3467,Male,ECE,7.0,0,55,74,1,2,0,29.2,26.0,4.9,68,4.0,No,Yes,0,None,NotPlaced
3468,Female,EEE,8.2,0,74,87,2,3,2,74.5,69.1,4.7,90,4.7,Yes,Yes,1,Tier3,Placed
3469,Female,IT,7.4,1,55,63,1,1,1,28.3,26.1,1.1,67,3.3,No,No,0,None,NotPlaced
3470,Male,IT,8.3,0,75,85,2,3,2,68.3,58.0,5.9,88,4.7,Yes,Yes,0,None,NotPlaced
3471,Male,CSE,8.5,0,81,80,2,3,2,77.7,62.4,5.8,90,4.8,Yes,Yes,3,Tier2,Placed
3472,Female,EEE,6.7,1,82,82,0,3,2,20.9,18.6,7.0,88,4.7,Yes,Yes,2,Tier3,Placed
3473,Male,IT,7.4,1,61,72,1,1,0,26.8,16.0,0.6,70,3.7,No,Yes,0,None,NotPlaced
3474,Female,IT,8.2,0,71,81,1,3,0,59.3,46.8,6.1,84,4.7,Yes,Yes,3,Tier1,Placed
3475,Female,IT,7.7,0,75,80,2,2,3,50.3,45.8,4.9,83,4.3,Yes,Yes,0,None,NotPlaced
3476,Female,CSE,8.2,0,85,84,1,3,2,61.3,52.0,5.4,90,4.8,Yes,Yes,3,Tier1,Placed
3477,Female,CSE,8.7,0,77,83,2,3,2,76.4,73.3,6.5,89,4.8,Yes,Yes,4,Tier1,Placed
3478,Male,ECE,8.2,0,79,65,1,1,0,43.7,45.1,3.6,77,4.1,Yes,Yes,0,None,NotPlaced
3479,Male,IT,7.6,0,57,75,1,1,1,29.6,37.0,0.8,71,4.2,No,No,0,None,NotPlaced
3480,Male,Mechanical,7.9,0,89,86,2,3,2,65.0,37.3,7.8,89,4.4,Yes,Yes,2,Tier2,Placed
3481,Male,EEE,6.7,0,55,68,1,1,0,20.0,34.6,1.2,89,4.6,No,No,0,None,NotPlaced
3482,Male,CSE,7.8,0,75,86,0,2,0,45.1,40.7,5.3,78,4.8,Yes,Yes,4,Tier1,Placed
3483,Male,ECE,8.3,0,81,84,2,3,2,64.4,56.5,5.9,90,4.8,Yes,Yes,2,Tier3,Placed
3484,Female,CSE,8.3,0,81,62,1,2,2,53.7,52.8,5.5,89,4.8,Yes,Yes,1,Tier3,Placed
3485,Male,EEE,7.7,0,67,81,0,2,0,38.9,34.2,4.7,76,4.7,Yes,No,1,Tier3,Placed
3486,Male,Civil,7.6,0,55,72,1,2,2,42.4,27.4,5.5,70,4.5,Yes,No,0,None,NotPlaced
3487,Male,ECE,7.0,0,59,68,1,1,2,26.8,37.1,2.5,75,4.4,Yes,No,0,None,NotPlaced
3488,Male,EEE,6.5,0,58,74,1,1,0,20.0,13.9,2.6,67,3.9,No,No,0,None,NotPlaced
3489,Male,CSE,7.6,0,68,73,1,3,2,54.7,37.9,7.8,83,4.5,Yes,Yes,0,None,NotPlaced
3490,Male,ECE,6.7,1,55,64,1,1,0,20.0,19.4,2.1,81,4.1,No,No,0,None,NotPlaced
3491,Male,Mechanical,7.9,0,71,84,2,3,2,61.5,47.7,6.5,86,4.8,Yes,Yes,0,None,NotPlaced
3492,Male,CSE,7.5,1,56,69,0,1,0,23.2,22.6,1.8,70,3.8,No,No,0,None,NotPlaced
3493,Female,CSE,7.8,1,77,82,2,3,0,63.8,51.9,5.7,89,4.5,Yes,Yes,3,Tier2,Placed
3494,Female,IT,7.5,0,55,72,1,2,1,36.4,43.6,4.2,82,4.7,No,Yes,0,None,NotPlaced
3495,Female,EEE,8.4,1,78,84,2,3,2,71.9,62.0,7.6,89,4.4,Yes,Yes,0,None,NotPlaced
3496,Male,IT,7.8,0,74,79,0,3,0,49.7,34.9,7.6,78,4.4,No,No,3,Tier2,Placed
3497,Female,Mechanical,7.7,0,77,86,2,3,2,57.0,42.0,8.3,87,4.8,Yes,Yes,2,Tier3,Placed
3498,Female,CSE,6.5,0,55,69,0,1,0,20.0,18.2,1.0,81,4.2,No,No,0,None,NotPlaced
3499,Male,IT,8.3,0,72,83,0,3,0,55.9,43.6,7.2,84,4.4,Yes,No,2,Tier2,Placed
3500,Female,EEE,7.7,0,84,65,1,1,1,28.9,23.2,2.9,79,4.0,Yes,Yes,0,None,NotPlaced
3501,Male,IT,6.5,1,58,72,1,2,0,28.0,17.0,5.2,69,4.0,No,No,0,None,NotPlaced
3502,Female,ECE,8.5,0,68,87,2,3,2,71.5,60.5,6.3,90,4.8,Yes,Yes,4,Tier1,Placed
3503,Female,CSE,8.3,0,85,83,2,3,2,69.4,53.0,7.9,90,4.8,Yes,No,3,Tier2,Placed
3504,Male,CSE,7.6,0,58,69,1,1,0,34.3,22.2,1.0,65,3.1,No,No,0,None,NotPlaced
3505,Female,CSE,8.7,0,80,83,1,3,2,78.5,66.9,6.9,90,4.8,Yes,Yes,2,Tier2,Placed
3506,Male,Civil,7.3,0,55,68,1,1,0,38.7,39.8,1.1,66,4.3,No,Yes,0,None,NotPlaced
3507,Female,EEE,6.5,2,66,62,0,1,0,20.0,19.1,0.0,79,4.3,No,No,0,None,NotPlaced
3508,Male,ECE,8.7,0,77,87,2,3,3,77.2,76.4,6.1,90,4.6,Yes,Yes,3,Tier1,Placed
3509,Female,ECE,6.7,0,65,80,1,2,2,20.0,39.2,4.7,83,4.8,Yes,No,2,Tier2,Placed
3510,Male,ECE,8.1,0,85,66,1,2,2,45.8,43.5,6.4,83,4.4,Yes,Yes,2,Tier3,Placed
3511,Male,ECE,7.2,0,67,66,1,1,3,20.0,17.0,0.9,75,3.5,No,No,0,None,NotPlaced
3512,Male,Mechanical,7.6,0,55,63,1,1,0,31.0,30.2,1.4,70,3.8,No,Yes,0,None,NotPlaced
3513,Female,Mechanical,6.5,0,55,67,1,3,0,20.0,11.0,5.6,76,4.4,Yes,No,0,None,NotPlaced
3514,Female,EEE,8.0,0,55,73,0,1,1,43.4,30.7,3.2,81,4.0,No,No,0,None,NotPlaced
3515,Female,CSE,7.9,0,60,62,1,1,1,43.1,22.4,1.5,63,4.2,No,No,0,None,NotPlaced
3516,Female,ECE,7.6,0,61,76,1,2,0,41.7,30.9,3.7,75,3.5,No,Yes,0,None,NotPlaced
3517,Male,IT,7.7,0,76,71,0,1,0,37.5,23.7,2.7,81,4.3,Yes,Yes,0,None,NotPlaced
3518,Male,Mechanical,7.5,0,90,67,1,3,0,43.6,43.3,5.0,86,4.5,Yes,Yes,3,Tier2,Placed
3519,Male,IT,7.2,0,55,58,1,1,0,22.9,16.3,0.5,70,3.7,No,No,0,None,NotPlaced
3520,Male,CSE,8.4,0,76,85,2,3,2,62.3,53.9,6.0,90,4.8,Yes,Yes,2,Tier2,Placed
3521,Male,IT,8.6,0,80,81,1,3,1,74.9,66.3,7.6,88,4.8,Yes,Yes,2,Tier2,Placed
3522,Male,CSE,7.8,1,55,66,1,1,2,34.9,39.7,0.0,65,4.1,No,No,0,None,NotPlaced
3523,Male,CSE,7.7,1,79,85,1,1,1,37.1,29.4,3.5,69,4.0,Yes,Yes,0,None,NotPlaced
3524,Male,Mechanical,7.8,0,84,87,2,3,2,65.0,56.1,7.3,90,4.8,Yes,Yes,2,Tier3,Placed
3525,Male,ECE,8.2,0,75,81,1,2,2,61.9,53.0,3.2,77,4.4,Yes,Yes,3,Tier1,Placed
3526,Male,Mechanical,6.7,0,55,63,1,1,1,20.0,31.6,1.7,83,4.3,No,No,0,None,NotPlaced
3527,Female,EEE,8.6,0,81,79,2,3,2,77.9,68.9,8.2,90,4.8,Yes,Yes,3,Tier1,Placed
3528,Female,IT,7.8,0,74,85,2,3,2,55.5,57.4,5.9,90,4.5,Yes,Yes,3,Tier2,Placed
3529,Female,ECE,6.8,0,62,63,1,1,1,27.4,11.3,1.4,60,3.9,No,No,0,None,NotPlaced
3530,Male,CSE,8.0,0,76,87,2,3,2,63.2,46.9,9.8,89,4.8,Yes,Yes,1,Tier3,Placed
3531,Male,Mechanical,8.4,0,75,82,0,3,0,62.4,59.5,7.3,84,4.2,Yes,Yes,2,Tier3,Placed
3532,Female,IT,7.6,2,55,64,1,2,0,41.0,39.7,3.7,71,4.5,No,Yes,4,Tier1,Placed
3533,Male,IT,8.2,0,70,84,2,3,2,74.0,58.9,6.5,90,4.8,Yes,Yes,2,Tier2,Placed
3534,Male,IT,8.1,0,74,83,2,3,1,67.0,50.4,7.4,81,4.8,Yes,Yes,0,None,NotPlaced
3535,Male,ECE,7.4,0,55,62,0,1,1,29.8,34.0,2.7,76,4.3,No,Yes,0,None,NotPlaced
3536,Male,CSE,8.4,0,83,85,1,1,0,52.8,29.2,0.8,90,4.7,Yes,Yes,2,Tier2,Placed
3537,Male,IT,8.2,0,75,82,1,3,0,61.9,56.9,4.8,80,4.7,Yes,Yes,3,Tier2,Placed
3538,Male,EEE,8.4,2,72,88,1,1,0,55.6,46.3,2.0,74,4.3,Yes,Yes,0,None,NotPlaced
3539,Female,EEE,8.2,0,81,63,1,1,0,48.7,37.3,2.8,79,4.5,Yes,Yes,3,Tier2,Placed
3540,Male,CSE,8.6,0,79,86,2,3,0,71.2,60.2,7.1,71,4.2,Yes,Yes,3,Tier2,Placed
3541,Male,IT,8.6,0,72,85,1,3,0,66.1,51.2,5.3,89,4.7,Yes,Yes,3,Tier1,Placed
3542,Female,Mechanical,6.5,1,55,75,0,1,0,20.0,19.7,1.8,61,3.7,No,No,0,None,NotPlaced
3543,Male,CSE,6.6,0,55,62,1,1,0,20.0,19.4,2.9,64,3.2,Yes,Yes,0,None,NotPlaced
3544,Male,Mechanical,6.8,2,58,70,0,2,1,30.2,33.5,3.2,71,4.0,No,No,0,None,NotPlaced
3545,Female,CSE,8.4,0,68,83,1,1,2,42.1,38.2,2.5,83,4.5,Yes,Yes,0,None,NotPlaced
3546,Male,ECE,7.6,0,61,67,0,1,2,30.1,12.2,1.3,71,3.9,No,Yes,0,None,NotPlaced
3547,Male,ECE,7.7,0,58,61,1,1,1,39.4,22.4,2.5,66,4.1,No,Yes,0,None,NotPlaced
3548,Male,ECE,7.5,2,61,72,1,1,0,34.5,21.8,2.0,70,4.8,No,No,0,None,NotPlaced
3549,Male,Mechanical,8.2,1,88,84,0,3,2,63.0,55.0,5.9,81,4.3,Yes,No,0,None,NotPlaced
3550,Male,CSE,8.5,0,76,82,1,3,2,72.3,62.4,8.0,82,4.8,Yes,Yes,4,Tier1,Placed
3551,Female,IT,7.8,1,55,62,1,1,0,34.1,43.9,0.6,74,4.5,No,No,0,None,NotPlaced
3552,Male,ECE,7.5,0,82,74,2,2,1,40.9,28.6,3.3,90,4.2,Yes,Yes,0,None,NotPlaced
3553,Male,Mechanical,7.2,0,55,70,0,2,1,31.6,40.3,4.8,86,4.2,Yes,Yes,0,None,NotPlaced
3554,Male,CSE,8.4,0,55,64,2,1,2,61.0,34.2,2.7,78,4.1,Yes,Yes,0,None,NotPlaced
3555,Male,EEE,8.7,0,58,66,2,2,2,70.7,56.2,4.1,73,4.1,No,Yes,0,None,NotPlaced
3556,Male,ECE,6.6,1,77,68,1,1,1,20.0,23.2,0.8,80,4.4,No,Yes,0,None,NotPlaced
3557,Male,CSE,8.0,0,80,84,2,3,0,58.8,50.5,6.9,82,4.8,No,Yes,4,Tier1,Placed
3558,Male,EEE,7.7,0,74,74,1,2,0,48.5,38.9,5.7,82,4.1,No,Yes,0,None,NotPlaced
3559,Male,CSE,6.9,0,77,63,1,2,0,27.3,27.2,5.0,79,4.2,Yes,Yes,0,None,NotPlaced
3560,Male,ECE,6.8,0,76,87,1,2,0,27.6,16.8,4.3,82,4.0,No,Yes,0,None,NotPlaced
3561,Male,CSE,6.5,2,76,81,2,3,2,39.3,42.2,4.9,86,4.4,Yes,Yes,0,None,NotPlaced
3562,Female,IT,8.3,0,55,66,1,1,0,43.0,39.1,1.6,78,3.7,No,Yes,0,None,NotPlaced
3563,Male,EEE,7.2,0,55,67,0,1,0,20.0,22.8,1.3,66,3.3,No,No,0,None,NotPlaced
3564,Male,EEE,6.6,2,60,57,1,2,0,20.4,18.2,3.1,68,3.6,No,No,0,None,NotPlaced
3565,Male,IT,8.5,0,90,64,1,3,0,70.8,54.7,6.3,86,4.6,Yes,No,3,Tier2,Placed
3566,Female,IT,7.5,0,55,67,1,1,1,36.9,37.1,2.4,79,4.4,Yes,Yes,0,None,NotPlaced
3567,Male,CSE,8.2,1,73,70,2,1,2,44.6,52.0,1.5,90,4.8,Yes,No,0,None,NotPlaced
3568,Female,IT,8.1,0,75,83,2,3,0,66.0,42.8,6.5,86,3.5,Yes,Yes,4,Tier1,Placed
3569,Female,Civil,7.8,0,90,79,2,3,2,64.3,41.6,6.0,90,4.8,Yes,Yes,2,Tier2,Placed
3570,Female,Mechanical,8.3,0,81,86,2,3,2,60.7,52.7,7.8,90,4.8,Yes,Yes,1,Tier3,Placed
3571,Male,CSE,8.4,0,87,83,2,3,0,71.7,55.6,7.3,90,4.5,Yes,Yes,3,Tier1,Placed
3572,Male,CSE,7.1,0,75,82,2,1,1,23.9,24.7,2.3,77,4.4,No,Yes,4,Tier1,Placed
3573,Female,Mechanical,7.6,2,59,73,1,3,0,47.8,39.6,7.0,70,4.8,No,Yes,0,None,NotPlaced
3574,Female,IT,8.5,0,85,82,2,3,2,61.5,56.1,6.2,90,4.7,Yes,Yes,3,Tier1,Placed
3575,Female,ECE,7.7,1,56,64,1,1,1,44.0,34.5,2.3,67,4.4,No,No,0,None,NotPlaced
3576,Male,ECE,8.6,0,71,80,2,3,2,74.2,50.4,8.1,90,4.8,Yes,Yes,3,Tier1,Placed
3577,Male,IT,8.1,0,71,69,1,3,0,57.0,40.5,5.1,77,4.3,No,Yes,0,None,NotPlaced
3578,Male,IT,8.5,0,79,83,2,3,2,75.6,59.7,5.0,90,4.8,Yes,Yes,2,Tier2,Placed
3579,Female,Mechanical,8.5,0,74,86,2,3,0,68.8,46.0,6.3,88,4.7,Yes,Yes,3,Tier1,Placed
3580,Male,ECE,8.3,0,73,69,0,1,2,38.3,33.3,3.0,75,4.2,No,Yes,0,None,NotPlaced
3581,Male,CSE,8.3,0,63,82,2,3,2,77.6,62.9,6.0,90,4.5,Yes,Yes,0,None,NotPlaced
3582,Female,CSE,7.4,2,55,64,1,1,1,40.0,32.4,1.5,81,3.5,No,Yes,0,None,NotPlaced
3583,Male,IT,7.4,0,55,57,0,1,0,23.0,24.1,1.2,70,3.2,No,Yes,0,None,NotPlaced
3584,Female,EEE,8.0,0,70,88,2,3,0,69.3,43.2,6.8,85,4.7,Yes,No,2,Tier2,Placed
3585,Male,IT,6.5,1,63,66,0,1,0,20.0,12.9,2.0,72,3.7,Yes,Yes,0,None,NotPlaced
3586,Male,CSE,7.7,0,55,68,1,2,0,37.9,24.3,2.5,77,4.3,No,Yes,0,None,NotPlaced
3587,Male,Mechanical,7.5,0,76,71,1,2,1,36.4,39.1,4.6,73,4.2,Yes,Yes,0,None,NotPlaced
3588,Female,CSE,7.4,1,58,62,1,2,1,46.8,58.6,3.7,82,4.0,No,No,0,None,NotPlaced
3589,Male,CSE,7.2,1,72,68,2,1,3,24.9,17.9,3.1,84,3.9,No,Yes,0,None,NotPlaced
3590,Male,CSE,7.5,0,72,65,0,1,0,39.4,32.4,3.1,75,4.1,Yes,Yes,1,Tier3,Placed
3591,Female,CSE,8.4,0,72,71,1,1,3,48.1,36.1,1.8,89,4.4,Yes,Yes,3,Tier2,Placed
3592,Male,ECE,6.7,1,62,69,1,1,1,24.9,24.6,1.3,60,3.3,No,Yes,2,Tier3,Placed
3593,Male,Mechanical,8.1,0,71,72,1,2,1,51.5,39.3,5.7,90,4.7,Yes,Yes,0,None,NotPlaced
3594,Male,Mechanical,6.5,0,70,69,1,1,0,20.0,23.7,1.6,83,3.9,No,Yes,0,None,NotPlaced
3595,Male,IT,7.7,0,77,71,0,1,0,39.0,39.6,0.9,77,4.1,No,Yes,1,Tier3,Placed
3596,Male,IT,8.6,0,80,82,1,3,0,77.9,52.7,7.1,88,4.8,Yes,Yes,2,Tier3,Placed
3597,Male,ECE,7.8,0,55,77,1,1,0,36.1,34.8,2.2,82,4.6,Yes,Yes,2,Tier2,Placed
3598,Male,IT,7.3,0,85,87,2,3,2,45.7,25.7,7.5,90,4.0,Yes,No,2,Tier3,Placed
3599,Male,CSE,6.9,0,58,58,0,3,0,31.6,27.7,6.4,85,4.8,No,No,0,None,NotPlaced
3600,Female,Mechanical,7.9,0,74,88,1,3,1,50.5,40.0,5.9,80,4.3,Yes,Yes,0,None,NotPlaced
3601,Male,CSE,7.8,0,85,87,0,2,2,43.2,36.1,6.8,85,4.7,Yes,Yes,3,Tier2,Placed
3602,Male,CSE,7.8,0,55,69,0,1,2,29.9,25.3,2.9,76,4.3,Yes,No,0,None,NotPlaced
3603,Male,IT,8.5,0,73,75,0,3,0,69.4,51.9,3.3,81,4.1,No,No,0,None,NotPlaced
3604,Male,ECE,6.9,1,82,85,2,1,2,23.1,22.1,3.4,90,4.8,Yes,Yes,1,Tier3,Placed
3605,Male,CSE,6.8,0,57,64,0,1,2,20.0,22.8,0.0,77,3.6,No,Yes,0,None,NotPlaced
3606,Male,CSE,7.8,0,62,84,1,3,0,62.0,52.2,8.0,74,4.2,Yes,No,0,None,NotPlaced
3607,Female,IT,7.9,2,67,66,1,2,1,49.9,43.2,4.1,82,4.5,No,Yes,0,None,NotPlaced
3608,Male,ECE,8.2,0,78,70,1,1,2,47.1,35.5,1.9,79,4.2,No,No,0,None,NotPlaced
3609,Female,CSE,7.9,0,82,62,1,1,0,46.5,48.2,2.9,78,3.9,Yes,Yes,0,None,NotPlaced
3610,Female,ECE,7.3,0,60,70,2,2,0,46.4,50.6,5.5,66,4.1,Yes,Yes,0,None,NotPlaced
3611,Male,EEE,6.5,0,55,72,1,1,0,20.0,11.3,1.4,85,3.6,No,No,0,None,NotPlaced
3612,Male,Mechanical,8.3,0,75,71,2,3,0,67.8,56.9,6.9,90,4.6,Yes,Yes,0,None,NotPlaced
3613,Male,IT,8.2,0,78,83,2,2,2,54.4,42.2,5.0,87,4.4,Yes,Yes,3,Tier2,Placed
3614,Female,CSE,7.6,0,64,71,1,2,0,35.7,39.8,1.0,82,4.3,No,Yes,0,None,NotPlaced
3615,Male,ECE,7.8,0,82,84,1,2,1,49.9,42.1,5.5,81,4.6,Yes,Yes,0,None,NotPlaced
3616,Male,Mechanical,6.9,2,55,81,2,3,1,44.0,38.2,7.7,77,4.3,Yes,Yes,3,Tier2,Placed
3617,Male,CSE,8.0,0,85,88,2,1,2,51.8,48.2,3.4,89,4.8,Yes,No,0,None,NotPlaced
3618,Female,ECE,6.7,0,76,88,0,3,2,34.4,29.8,7.3,90,4.8,Yes,Yes,2,Tier3,Placed
3619,Female,CSE,8.3,0,76,81,0,3,0,63.9,66.0,8.5,87,4.6,Yes,Yes,3,Tier2,Placed
3620,Male,CSE,7.6,1,55,58,1,1,1,39.3,38.7,1.9,79,4.3,No,Yes,0,None,NotPlaced
3621,Female,ECE,7.3,1,58,65,0,1,1,20.0,27.7,1.9,69,4.6,No,No,0,None,NotPlaced
3622,Male,IT,7.2,0,79,74,1,2,1,33.5,28.4,4.3,75,4.6,Yes,Yes,0,None,NotPlaced
3623,Male,EEE,7.5,0,55,64,1,1,1,37.8,32.5,0.0,78,3.9,No,No,0,None,NotPlaced
3624,Female,EEE,6.6,0,82,71,1,2,0,20.0,28.0,4.4,83,4.2,No,Yes,0,None,NotPlaced
3625,Male,ECE,6.5,0,59,67,1,3,1,29.5,32.9,5.4,73,4.2,No,Yes,0,None,NotPlaced
3626,Male,ECE,6.5,1,74,63,2,1,2,20.6,10.6,0.0,68,4.2,No,No,0,None,NotPlaced
3627,Male,ECE,6.7,1,58,68,1,2,0,27.2,26.6,3.8,73,4.0,No,Yes,3,Tier2,Placed
3628,Female,CSE,7.9,2,75,74,1,3,0,58.8,51.7,6.8,75,4.1,Yes,No,0,None,NotPlaced
3629,Female,Mechanical,8.3,0,85,85,2,3,2,73.0,58.2,6.7,90,4.4,Yes,Yes,1,Tier3,Placed
3630,Male,Civil,8.2,0,88,85,1,3,2,63.9,55.9,7.1,90,4.8,Yes,Yes,2,Tier2,Placed
3631,Female,IT,6.5,0,55,62,1,2,1,20.0,20.3,2.4,78,3.8,No,No,0,None,NotPlaced
3632,Male,CSE,7.6,0,55,69,1,1,1,37.5,14.6,2.9,70,4.7,No,Yes,0,None,NotPlaced
3633,Male,CSE,8.5,0,73,70,2,3,1,75.4,48.4,7.3,68,4.0,Yes,Yes,0,None,NotPlaced
3634,Male,ECE,7.9,0,72,87,2,3,2,54.8,53.5,8.2,82,4.6,Yes,No,0,None,NotPlaced
3635,Male,ECE,7.6,2,75,66,2,1,2,46.9,37.8,1.4,77,4.2,No,No,0,None,NotPlaced
3636,Male,Mechanical,7.4,0,68,66,1,1,1,33.7,31.5,3.3,71,4.4,Yes,Yes,0,None,NotPlaced
3637,Female,EEE,8.2,1,75,82,1,2,3,48.1,39.8,3.0,68,4.4,Yes,Yes,1,Tier3,Placed
3638,Male,ECE,6.6,0,82,70,1,2,2,20.0,14.9,4.1,83,4.6,Yes,Yes,0,None,NotPlaced
3639,Male,ECE,8.4,0,75,88,2,3,2,69.2,52.4,5.5,85,4.7,Yes,Yes,0,None,NotPlaced
3640,Male,ECE,8.3,0,80,75,0,3,2,57.2,50.0,7.2,81,4.6,Yes,Yes,4,Tier1,Placed
3641,Male,ECE,7.5,0,55,70,1,1,0,34.5,34.0,1.8,71,4.1,Yes,Yes,0,None,NotPlaced
3642,Female,ECE,7.4,0,61,66,1,2,0,34.1,48.9,4.5,84,4.5,Yes,Yes,0,None,NotPlaced
3643,Male,ECE,8.1,0,79,83,2,3,1,71.6,54.4,6.9,90,4.4,Yes,Yes,2,Tier2,Placed
3644,Male,ECE,7.9,0,61,66,1,3,0,62.2,63.9,5.5,78,4.4,No,No,0,None,NotPlaced
3645,Female,EEE,6.6,2,76,84,1,3,0,34.1,24.5,5.6,83,4.8,Yes,Yes,2,Tier3,Placed
3646,Male,ECE,7.9,0,82,79,2,3,0,62.2,54.7,8.6,81,4.6,Yes,Yes,0,None,NotPlaced
3647,Male,ECE,8.5,0,60,71,2,3,1,78.7,62.8,7.0,70,3.9,Yes,Yes,0,None,NotPlaced
3648,Male,ECE,8.2,0,74,83,1,1,3,45.6,38.4,4.6,83,4.0,Yes,Yes,2,Tier2,Placed
3649,Male,ECE,7.0,0,58,58,1,1,0,20.0,19.8,1.9,65,4.6,Yes,Yes,0,None,NotPlaced
3650,Female,EEE,7.1,0,82,84,2,3,0,52.0,38.6,6.5,80,4.3,Yes,Yes,2,Tier3,Placed
3651,Female,IT,7.6,1,63,70,2,1,1,41.6,43.0,3.0,74,3.7,Yes,Yes,0,None,NotPlaced
3652,Male,CSE,8.4,0,73,88,2,3,2,68.6,49.4,8.4,90,4.7,Yes,Yes,2,Tier3,Placed
3653,Female,CSE,8.2,0,60,61,1,1,1,44.9,40.6,3.6,74,3.7,No,Yes,3,Tier2,Placed
3654,Male,ECE,8.2,0,79,85,1,3,2,59.3,55.7,6.5,90,4.8,Yes,No,4,Tier1,Placed
3655,Male,ECE,8.3,0,81,66,2,3,1,80.1,74.6,6.2,83,4.1,Yes,Yes,0,None,NotPlaced
3656,Male,Civil,7.4,1,56,71,1,1,1,31.0,35.8,1.9,70,3.8,No,No,0,None,NotPlaced
3657,Male,IT,7.8,0,77,68,1,2,0,47.8,45.5,6.1,83,4.8,Yes,Yes,4,Tier1,Placed
3658,Male,IT,8.4,0,55,64,1,1,1,54.6,39.1,2.1,67,3.5,No,Yes,0,None,NotPlaced
3659,Male,IT,6.5,1,66,66,1,2,1,20.0,13.9,4.2,69,3.7,No,No,0,None,NotPlaced
3660,Female,CSE,8.4,0,77,85,2,3,2,77.5,53.2,8.1,90,4.8,Yes,Yes,2,Tier3,Placed
3661,Male,EEE,8.4,0,79,83,2,1,2,53.0,35.3,3.9,90,4.8,Yes,Yes,1,Tier3,Placed
3662,Male,CSE,8.4,0,77,82,1,1,0,60.2,49.3,4.0,80,4.6,Yes,Yes,0,None,NotPlaced
3663,Male,ECE,7.8,0,82,75,0,1,1,32.4,24.0,3.6,79,4.7,Yes,Yes,3,Tier2,Placed
3664,Male,EEE,7.3,2,71,70,1,2,0,42.2,46.5,6.4,82,4.6,Yes,Yes,0,None,NotPlaced
3665,Male,ECE,6.6,1,73,68,1,1,0,20.0,16.4,0.8,78,3.7,No,Yes,0,None,NotPlaced
3666,Male,EEE,8.5,0,74,88,1,3,2,63.1,52.8,9.2,88,4.7,Yes,Yes,3,Tier1,Placed
3667,Female,IT,8.2,0,83,85,1,2,2,53.5,43.3,6.1,89,4.8,Yes,Yes,4,Tier1,Placed
3668,Male,IT,8.4,0,78,76,2,3,2,61.8,40.1,6.8,90,4.8,Yes,Yes,2,Tier2,Placed
3669,Male,Mechanical,8.2,0,82,78,2,3,2,71.0,66.1,8.1,85,4.8,Yes,No,0,None,NotPlaced
3670,Male,Mechanical,7.7,0,81,86,1,3,2,54.6,51.9,6.7,90,4.5,Yes,Yes,2,Tier3,Placed
3671,Male,CSE,7.5,0,75,66,1,3,1,44.0,44.3,6.5,78,4.0,No,No,0,None,NotPlaced
3672,Male,CSE,8.8,0,80,83,2,3,2,79.9,68.8,7.6,90,4.8,Yes,Yes,4,Tier1,Placed
3673,Female,CSE,8.4,0,81,66,2,1,2,60.0,43.6,3.9,85,4.1,Yes,Yes,3,Tier1,Placed
3674,Male,IT,6.5,2,55,70,1,1,0,20.0,15.5,1.5,83,3.6,No,Yes,0,None,NotPlaced
3675,Male,Civil,7.3,0,67,81,1,1,0,22.6,26.5,2.9,79,4.0,No,Yes,0,None,NotPlaced
3676,Male,ECE,7.5,0,55,71,1,2,0,39.3,47.6,4.6,86,4.8,Yes,Yes,0,None,NotPlaced
3677,Male,IT,7.9,0,62,70,1,3,0,57.1,49.3,7.7,69,4.0,Yes,Yes,1,Tier3,Placed
3678,Male,Mechanical,7.5,0,65,64,1,3,0,48.7,49.0,7.0,79,4.4,Yes,No,3,Tier2,Placed
3679,Female,IT,7.9,1,89,86,2,3,0,66.4,49.6,5.2,81,3.6,Yes,No,2,Tier2,Placed
3680,Male,IT,7.9,0,62,69,0,1,0,38.4,42.8,1.3,79,4.5,No,No,3,Tier2,Placed
3681,Female,Mechanical,7.8,2,60,73,0,1,2,37.5,29.7,3.8,76,4.3,Yes,Yes,0,None,NotPlaced
3682,Male,EEE,8.4,2,80,82,0,3,2,55.1,48.6,6.7,90,4.8,Yes,No,2,Tier2,Placed
3683,Female,EEE,8.7,0,79,83,2,3,0,78.7,59.7,8.2,84,4.1,Yes,No,0,None,NotPlaced
3684,Male,ECE,8.1,0,67,57,0,3,0,54.5,53.0,5.8,86,4.3,Yes,No,0,None,NotPlaced
3685,Female,EEE,7.8,0,63,63,1,2,0,54.3,51.5,4.7,70,4.3,No,Yes,0,None,NotPlaced
3686,Male,CSE,7.4,0,55,68,0,1,2,26.9,14.1,3.0,79,4.4,Yes,No,2,Tier3,Placed
3687,Female,IT,8.6,0,68,83,1,3,0,67.7,65.6,6.8,85,4.2,Yes,Yes,3,Tier1,Placed
3688,Male,Civil,7.3,0,74,66,1,2,1,41.3,55.4,3.8,83,3.9,Yes,Yes,2,Tier2,Placed
3689,Male,IT,7.4,0,69,74,1,3,1,49.8,39.3,6.2,81,4.7,No,Yes,0,None,NotPlaced
3690,Male,EEE,8.2,0,69,82,1,2,1,50.9,40.9,4.0,70,4.4,Yes,Yes,1,Tier3,Placed
3691,Female,ECE,7.2,0,55,68,0,2,1,28.3,36.1,3.4,71,3.6,No,No,0,None,NotPlaced
3692,Male,CSE,8.6,0,72,86,2,3,2,74.3,60.1,6.9,84,4.8,Yes,Yes,3,Tier1,Placed
3693,Female,EEE,8.0,0,89,88,2,3,2,70.1,57.1,6.6,90,4.8,Yes,Yes,3,Tier2,Placed
3694,Male,CSE,8.7,1,69,85,2,3,2,79.0,78.6,8.0,90,4.4,Yes,Yes,2,Tier2,Placed
3695,Male,EEE,7.3,0,55,63,1,1,0,32.6,18.0,0.0,67,4.3,No,Yes,0,None,NotPlaced
3696,Male,CSE,7.3,0,79,78,1,3,1,42.5,30.5,6.8,78,4.5,Yes,Yes,0,None,NotPlaced
3697,Female,Mechanical,8.0,0,57,66,1,3,0,60.7,53.9,5.6,90,3.7,No,Yes,2,Tier2,Placed
3698,Female,IT,8.2,0,63,77,0,1,0,48.5,28.3,3.0,81,4.4,Yes,No,3,Tier2,Placed
3699,Female,IT,7.3,1,55,66,1,1,0,27.2,22.9,1.5,76,4.3,No,No,0,None,NotPlaced
3700,Male,CSE,8.6,0,75,88,2,3,2,76.6,58.7,8.0,90,4.8,Yes,Yes,3,Tier2,Placed
3701,Male,Mechanical,8.7,0,76,73,2,1,3,55.2,53.7,2.7,82,4.5,Yes,Yes,2,Tier3,Placed
3702,Female,EEE,8.0,0,65,71,1,1,0,39.2,39.1,3.1,68,4.0,Yes,Yes,0,None,NotPlaced
3703,Male,EEE,8.2,0,55,67,1,1,1,45.3,25.4,3.9,79,4.8,Yes,Yes,0,None,NotPlaced
3704,Female,ECE,8.2,0,72,80,2,3,2,62.7,46.0,7.1,85,4.4,Yes,Yes,2,Tier2,Placed
3705,Female,ECE,7.1,1,55,65,1,1,1,31.6,22.8,0.7,69,3.4,No,Yes,0,None,NotPlaced
3706,Female,CSE,7.6,2,57,75,0,3,0,41.8,33.9,6.6,71,3.9,Yes,Yes,0,None,NotPlaced
3707,Female,ECE,7.6,0,55,64,0,2,0,41.9,25.9,3.9,60,3.9,No,No,0,None,NotPlaced
3708,Male,CSE,8.2,1,62,65,0,3,0,58.9,52.4,5.4,84,4.7,Yes,No,2,Tier2,Placed
3709,Male,Civil,7.6,0,68,70,1,2,1,43.2,32.2,3.3,84,4.4,No,Yes,0,None,NotPlaced
3710,Female,EEE,8.4,0,88,71,2,3,0,79.4,68.3,6.9,89,4.1,Yes,Yes,3,Tier2,Placed
3711,Male,IT,7.5,0,55,60,1,1,0,21.7,20.6,4.0,60,3.7,No,Yes,0,None,NotPlaced
3712,Female,CSE,7.5,2,60,77,1,2,1,40.0,26.8,5.4,73,4.8,Yes,No,0,None,NotPlaced
3713,Female,EEE,7.7,0,66,63,1,1,0,31.6,38.6,2.2,60,3.7,No,Yes,0,None,NotPlaced
3714,Male,CSE,6.7,0,74,70,0,1,1,20.0,32.5,4.7,79,3.6,Yes,No,0,None,NotPlaced
3715,Female,CSE,8.1,0,70,76,1,3,2,55.0,48.9,7.6,90,4.6,Yes,Yes,2,Tier2,Placed
3716,Male,CSE,7.6,2,56,68,0,1,0,30.1,25.6,2.7,72,4.0,No,No,0,None,NotPlaced
3717,Male,ECE,8.7,0,58,73,1,1,2,53.4,36.1,1.6,80,3.6,No,Yes,2,Tier3,Placed
3718,Male,EEE,8.7,0,68,60,1,1,1,61.5,57.9,0.7,70,4.1,No,No,0,None,NotPlaced
3719,Male,IT,7.5,0,57,75,1,2,0,39.9,40.6,5.3,68,4.2,Yes,Yes,0,None,NotPlaced
3720,Male,CSE,7.2,0,61,63,1,2,0,33.4,23.4,5.8,73,4.2,No,Yes,0,None,NotPlaced
3721,Male,IT,8.0,0,73,87,1,3,2,57.4,41.9,8.5,80,4.8,Yes,Yes,2,Tier2,Placed
3722,Female,EEE,8.2,0,78,69,1,2,0,54.5,48.9,5.7,79,4.8,Yes,Yes,0,None,NotPlaced
3723,Female,IT,6.7,0,56,82,0,1,1,20.0,12.2,1.3,84,4.3,No,Yes,0,None,NotPlaced
3724,Male,CSE,7.6,1,59,65,0,2,0,33.7,24.7,2.4,68,4.6,No,No,0,None,NotPlaced
3725,Male,Mechanical,7.9,0,83,82,1,3,2,61.9,42.4,6.2,82,4.7,Yes,Yes,2,Tier2,Placed
3726,Female,Civil,7.6,0,85,80,0,3,0,42.9,29.7,7.2,86,3.7,Yes,Yes,2,Tier3,Placed
3727,Male,Civil,7.8,0,84,79,1,3,0,53.1,39.5,6.5,90,4.0,Yes,Yes,3,Tier2,Placed
3728,Male,EEE,8.2,0,81,74,0,1,1,44.1,46.1,4.0,89,4.7,Yes,Yes,0,None,NotPlaced
3729,Male,IT,7.4,0,55,70,0,1,0,27.6,11.2,0.5,66,3.7,No,No,0,None,NotPlaced
3730,Male,IT,7.4,0,78,71,2,3,0,47.5,43.7,6.9,78,4.8,Yes,Yes,1,Tier3,Placed
3731,Male,CSE,8.7,0,77,65,0,3,0,71.8,60.0,6.2,85,4.5,Yes,Yes,2,Tier2,Placed
3732,Female,IT,7.6,0,77,82,1,3,2,53.7,52.9,8.0,84,4.0,Yes,Yes,2,Tier2,Placed
3733,Male,Civil,8.3,0,71,84,1,3,2,65.9,56.3,7.5,90,4.8,Yes,Yes,2,Tier2,Placed
3734,Male,Mechanical,7.2,0,57,72,1,2,1,32.8,27.0,3.2,79,3.2,No,No,0,None,NotPlaced
3735,Male,EEE,7.7,0,59,65,1,3,2,51.0,36.2,7.9,78,3.9,Yes,Yes,0,None,NotPlaced
3736,Male,CSE,7.9,0,55,63,0,1,1,35.0,39.4,0.4,77,4.2,No,No,0,None,NotPlaced
3737,Female,Mechanical,8.0,1,71,86,1,3,2,52.8,48.6,5.2,85,4.6,Yes,Yes,4,Tier1,Placed
3738,Female,Mechanical,7.0,0,61,64,1,1,1,22.8,18.8,2.1,75,4.2,Yes,Yes,0,None,NotPlaced
3739,Female,CSE,8.5,0,71,86,1,1,0,57.5,55.2,1.0,85,4.4,Yes,Yes,3,Tier2,Placed
3740,Male,Mechanical,7.6,1,56,69,1,1,0,39.4,30.7,1.9,74,3.3,No,No,0,None,NotPlaced
3741,Female,IT,7.0,0,69,77,1,1,0,21.1,20.3,2.9,62,4.2,Yes,Yes,0,None,NotPlaced
3742,Female,CSE,6.6,0,60,65,0,1,2,20.0,15.3,1.6,68,4.1,No,No,0,None,NotPlaced
3743,Female,ECE,7.5,0,56,68,1,1,0,42.5,40.5,2.5,72,3.7,No,Yes,0,None,NotPlaced
3744,Male,EEE,7.4,0,55,70,1,1,0,29.4,20.2,1.3,84,4.1,No,No,0,None,NotPlaced
3745,Male,CSE,7.5,0,75,81,1,3,2,52.5,41.8,5.7,83,4.3,Yes,Yes,0,None,NotPlaced
3746,Male,IT,7.5,0,72,86,1,3,2,37.7,28.2,6.2,78,4.6,Yes,Yes,1,Tier3,Placed
3747,Female,Civil,8.4,0,85,68,1,3,2,60.7,52.7,5.8,90,4.8,Yes,Yes,2,Tier2,Placed
3748,Male,ECE,8.2,0,77,83,2,3,2,68.5,59.2,6.4,90,4.8,Yes,Yes,3,Tier2,Placed
3749,Male,EEE,7.5,1,84,88,2,3,2,49.0,33.6,7.6,90,4.8,Yes,Yes,2,Tier2,Placed
3750,Female,CSE,8.4,0,77,85,2,3,2,82.2,68.4,5.2,84,4.7,Yes,Yes,1,Tier3,Placed
3751,Female,CSE,8.1,0,65,76,1,2,0,56.0,34.5,4.7,79,4.5,Yes,Yes,0,None,NotPlaced
3752,Female,CSE,7.6,0,77,69,0,1,2,34.8,49.4,3.0,83,4.7,No,Yes,4,Tier1,Placed
3753,Male,CSE,8.2,0,69,84,1,3,2,62.9,48.0,8.1,90,4.7,Yes,Yes,2,Tier2,Placed
3754,Female,IT,6.5,0,56,69,1,1,0,20.0,28.5,2.3,68,4.3,Yes,Yes,0,None,NotPlaced
3755,Male,CSE,8.4,0,88,80,2,3,2,69.4,58.3,9.2,90,4.7,Yes,Yes,2,Tier2,Placed
3756,Male,ECE,7.6,0,57,70,2,3,1,57.3,49.2,5.9,80,4.3,Yes,Yes,0,None,NotPlaced
3757,Male,IT,8.3,0,75,72,1,2,0,53.8,36.3,4.8,89,4.5,Yes,Yes,0,None,NotPlaced
3758,Male,EEE,8.1,0,72,67,1,3,2,64.4,59.2,5.8,82,4.2,Yes,Yes,0,None,NotPlaced
3759,Male,CSE,7.7,0,80,65,1,3,3,56.6,47.8,7.4,87,3.9,Yes,Yes,0,None,NotPlaced
3760,Female,IT,8.2,0,70,85,2,3,2,68.0,59.5,9.8,90,4.8,Yes,Yes,2,Tier3,Placed
3761,Male,CSE,8.4,0,71,85,2,3,2,62.9,51.4,8.8,90,4.8,Yes,Yes,3,Tier2,Placed
3762,Female,ECE,7.5,0,66,65,1,1,0,41.6,37.5,2.8,82,3.6,No,Yes,0,None,NotPlaced
3763,Male,CSE,7.7,2,55,62,0,0,1,22.9,16.0,0.4,78,3.7,Yes,Yes,0,None,NotPlaced
3764,Male,Civil,7.7,0,55,65,2,2,0,63.5,50.4,3.8,80,4.0,No,No,0,None,NotPlaced
3765,Male,EEE,8.2,0,74,80,1,3,2,66.3,51.2,8.1,90,4.4,Yes,No,0,None,NotPlaced
3766,Male,ECE,7.3,0,77,80,1,3,0,44.0,32.5,7.7,82,4.4,Yes,No,0,None,NotPlaced
3767,Male,CSE,6.9,1,55,64,0,2,1,26.2,26.4,4.1,78,4.1,No,Yes,0,None,NotPlaced
3768,Male,ECE,8.2,0,76,78,2,3,2,57.9,51.5,7.1,90,4.8,Yes,Yes,3,Tier2,Placed
3769,Male,Mechanical,7.3,1,58,66,2,1,1,39.1,36.5,4.1,79,4.8,Yes,No,0,None,NotPlaced
3770,Male,CSE,7.6,0,75,68,1,2,1,55.8,46.1,5.3,87,4.2,No,Yes,0,None,NotPlaced
3771,Male,IT,8.8,0,85,83,1,3,2,64.6,56.6,5.5,90,4.8,Yes,Yes,4,Tier1,Placed
3772,Female,EEE,7.5,0,64,65,0,1,1,26.6,27.8,2.2,80,4.1,No,Yes,0,None,NotPlaced
3773,Male,EEE,8.3,0,77,85,0,3,2,59.5,50.5,7.6,90,4.3,Yes,Yes,2,Tier2,Placed
3774,Female,EEE,7.7,0,55,70,1,2,0,49.4,42.5,3.5,73,3.7,No,No,0,None,NotPlaced
3775,Female,Mechanical,7.7,0,65,70,1,2,1,55.5,55.8,5.3,83,4.5,No,No,3,Tier2,Placed
3776,Female,Civil,7.4,0,63,69,1,1,0,32.9,19.9,1.7,72,4.0,No,Yes,0,None,NotPlaced
3777,Female,IT,8.2,0,56,82,1,3,0,73.7,55.8,8.3,75,4.4,Yes,Yes,0,None,NotPlaced
3778,Male,ECE,7.7,0,75,65,1,1,0,37.9,36.5,2.6,81,4.0,Yes,Yes,2,Tier2,Placed
3779,Female,EEE,7.7,0,66,68,1,1,2,39.3,21.7,2.3,76,4.4,No,No,0,None,NotPlaced
3780,Female,EEE,7.2,0,77,75,1,1,0,28.6,38.6,2.2,83,4.1,No,Yes,0,None,NotPlaced
3781,Male,Civil,6.6,1,74,76,1,1,0,21.1,24.3,4.7,83,3.7,Yes,Yes,2,Tier3,Placed
3782,Male,CSE,8.5,0,80,80,1,3,2,66.9,62.6,7.7,90,4.7,Yes,Yes,3,Tier1,Placed
3783,Male,IT,8.2,0,57,66,1,1,0,51.1,50.7,1.5,66,3.9,No,No,0,None,NotPlaced
3784,Female,IT,7.9,0,59,68,0,2,1,37.8,36.1,3.7,70,3.9,No,No,0,None,NotPlaced
3785,Female,CSE,7.5,0,74,66,0,2,0,34.6,13.6,4.7,81,4.1,Yes,Yes,0,None,NotPlaced
3786,Male,IT,6.9,2,59,59,1,2,1,25.8,25.9,5.0,74,4.0,Yes,Yes,0,None,NotPlaced
3787,Male,EEE,8.3,0,81,77,0,2,0,52.4,44.4,4.1,67,4.4,Yes,Yes,0,None,NotPlaced
3788,Male,CSE,8.1,0,88,87,2,3,2,64.4,44.5,6.9,90,4.8,Yes,Yes,3,Tier2,Placed
3789,Male,EEE,7.6,0,55,64,0,1,1,35.7,16.3,3.4,62,4.1,No,No,0,None,NotPlaced
3790,Female,ECE,8.9,0,78,77,1,3,2,72.6,62.3,8.3,86,4.8,Yes,Yes,4,Tier1,Placed
3791,Male,CSE,7.5,0,55,62,2,2,1,37.3,23.4,2.4,81,4.4,No,No,0,None,NotPlaced
3792,Male,CSE,7.5,0,59,79,1,1,1,26.2,41.4,1.3,73,4.1,Yes,No,0,None,NotPlaced
3793,Male,ECE,7.6,0,55,68,1,1,0,40.0,36.8,2.4,74,4.4,Yes,Yes,2,Tier2,Placed
3794,Female,Mechanical,6.5,1,63,61,1,1,0,20.0,31.2,0.2,71,3.6,No,No,0,None,NotPlaced
3795,Male,Mechanical,7.6,0,61,66,2,2,1,50.0,41.6,3.7,71,4.0,Yes,Yes,0,None,NotPlaced
3796,Female,Mechanical,8.1,0,74,84,2,3,1,64.5,59.1,7.4,88,4.2,Yes,Yes,2,Tier2,Placed
3797,Male,Civil,7.1,0,60,65,1,1,0,29.1,27.0,2.0,69,3.5,No,No,0,None,NotPlaced
3798,Male,ECE,8.3,0,65,63,1,3,1,63.8,60.3,5.3,84,4.6,Yes,Yes,2,Tier2,Placed
3799,Male,Mechanical,6.5,1,73,71,0,2,0,29.8,11.6,6.2,78,4.3,Yes,Yes,1,Tier3,Placed
3800,Male,EEE,7.6,0,55,82,0,1,2,39.5,41.7,2.6,77,4.0,Yes,Yes,0,None,NotPlaced
3801,Male,Mechanical,8.4,0,74,88,2,3,2,70.4,62.7,6.5,90,4.8,Yes,Yes,2,Tier3,Placed
3802,Female,CSE,6.5,0,68,65,0,1,1,20.0,20.0,3.0,80,3.6,No,Yes,0,None,NotPlaced
3803,Female,Civil,7.4,0,63,62,1,1,0,46.7,36.3,2.4,76,3.4,No,No,0,None,NotPlaced
3804,Female,IT,8.5,0,68,83,2,2,2,60.6,48.0,5.0,89,4.8,Yes,Yes,4,Tier1,Placed
3805,Male,EEE,8.4,0,55,66,1,2,2,58.7,50.6,4.5,81,4.2,Yes,Yes,2,Tier3,Placed
3806,Female,CSE,7.6,0,61,66,1,2,1,43.1,45.9,5.6,67,4.5,Yes,No,0,None,NotPlaced
3807,Male,ECE,6.5,0,69,84,1,2,1,21.0,17.8,3.6,82,4.1,No,Yes,0,None,NotPlaced
3808,Male,CSE,8.5,0,86,88,2,3,2,65.3,39.7,6.8,84,4.8,Yes,Yes,2,Tier2,Placed
3809,Male,IT,6.5,0,74,74,1,2,1,23.5,43.7,2.8,82,4.0,No,Yes,0,None,NotPlaced
3810,Male,CSE,7.4,0,60,57,1,1,1,26.1,30.5,3.1,76,4.6,No,Yes,0,None,NotPlaced
3811,Female,Mechanical,6.5,0,65,67,1,1,0,20.2,17.9,3.6,76,4.4,No,No,0,None,NotPlaced
3812,Male,CSE,7.7,0,79,61,0,1,0,24.7,33.7,2.2,77,4.6,No,No,0,None,NotPlaced
3813,Male,IT,7.5,0,55,69,0,2,1,36.3,39.2,3.5,70,4.4,No,Yes,0,None,NotPlaced
3814,Male,CSE,7.4,0,59,76,0,1,0,20.0,24.6,2.9,74,4.2,No,No,0,None,NotPlaced
3815,Male,EEE,7.0,0,57,63,1,1,1,20.0,17.0,2.6,76,4.6,No,Yes,0,None,NotPlaced
3816,Male,CSE,7.8,1,71,83,1,1,2,34.8,37.8,2.6,90,4.0,Yes,Yes,0,None,NotPlaced
3817,Male,CSE,7.8,0,72,85,0,2,0,38.5,43.4,5.2,86,3.5,No,Yes,0,None,NotPlaced
3818,Female,ECE,7.5,0,63,69,1,2,0,48.3,26.5,4.6,72,4.2,Yes,No,0,None,NotPlaced
3819,Female,EEE,6.7,1,65,62,1,1,0,20.0,22.2,0.7,71,3.9,No,No,0,None,NotPlaced
3820,Male,CSE,7.5,1,75,62,1,2,2,47.5,42.7,4.9,79,4.2,Yes,Yes,2,Tier2,Placed
3821,Male,CSE,6.6,0,55,73,1,1,0,20.0,21.6,3.1,61,4.1,No,Yes,0,None,NotPlaced
3822,Male,IT,7.1,0,72,82,1,1,2,28.0,27.0,3.1,78,4.6,Yes,Yes,3,Tier2,Placed
3823,Female,Civil,7.2,1,74,82,2,3,0,44.4,47.4,5.8,76,4.3,Yes,Yes,0,None,NotPlaced
3824,Male,ECE,6.7,1,59,61,0,2,1,20.0,18.0,3.6,63,4.4,No,Yes,0,None,NotPlaced
3825,Male,ECE,8.5,0,73,88,1,1,0,43.9,38.4,4.2,85,4.5,Yes,Yes,0,None,NotPlaced
3826,Male,IT,6.6,1,59,63,0,2,0,20.0,22.3,5.3,64,4.6,Yes,No,0,None,NotPlaced
3827,Male,ECE,7.5,0,86,79,1,3,3,50.3,41.9,7.0,90,4.6,Yes,Yes,2,Tier3,Placed
3828,Male,CSE,6.7,1,56,83,1,1,1,20.9,10.2,1.9,74,3.9,No,Yes,0,None,NotPlaced
3829,Female,CSE,8.6,0,90,88,2,3,2,77.1,63.8,8.1,90,4.8,Yes,Yes,2,Tier2,Placed
3830,Male,IT,7.8,2,68,83,2,3,2,70.1,59.0,8.0,90,4.8,Yes,Yes,2,Tier2,Placed
3831,Male,IT,7.5,0,82,81,0,1,0,28.9,25.0,1.6,85,3.9,Yes,Yes,0,None,NotPlaced
3832,Female,CSE,6.7,0,63,67,1,1,0,22.0,20.3,2.9,66,4.4,No,Yes,0,None,NotPlaced
3833,Female,ECE,8.2,0,65,87,0,3,0,56.4,21.2,7.5,79,4.7,Yes,Yes,2,Tier2,Placed
3834,Male,Civil,6.8,0,71,70,1,1,2,20.0,30.6,3.6,77,4.1,No,Yes,0,None,NotPlaced
3835,Male,IT,8.3,0,76,85,0,2,2,55.6,53.0,4.9,76,4.1,Yes,Yes,2,Tier2,Placed
3836,Male,ECE,7.8,0,82,78,2,3,2,59.6,38.8,8.1,87,4.8,Yes,No,2,Tier3,Placed
3837,Female,Civil,7.5,0,55,73,0,2,0,40.2,29.6,5.5,76,4.2,Yes,Yes,0,None,NotPlaced
3838,Male,EEE,8.1,0,78,69,1,1,1,46.8,51.0,1.9,74,4.5,Yes,Yes,0,None,NotPlaced
3839,Female,IT,8.0,0,56,69,2,3,1,60.0,39.0,7.0,69,3.9,No,Yes,0,None,NotPlaced
3840,Female,EEE,7.8,0,61,78,1,2,1,52.4,47.8,5.8,81,4.1,Yes,Yes,1,Tier3,Placed
3841,Male,CSE,6.5,2,55,68,1,1,0,20.0,17.3,1.4,80,4.0,No,Yes,0,None,NotPlaced
3842,Male,ECE,7.7,0,86,69,1,1,0,40.1,38.1,2.3,75,4.1,No,Yes,3,Tier2,Placed
3843,Male,CSE,8.2,0,74,85,1,3,2,69.4,57.1,9.1,90,4.6,Yes,Yes,2,Tier2,Placed
3844,Male,CSE,8.5,0,73,86,1,2,1,59.1,46.8,4.5,85,4.1,Yes,Yes,2,Tier2,Placed
3845,Male,ECE,7.4,0,68,73,1,1,0,36.8,36.5,2.7,85,3.5,No,No,0,None,NotPlaced
3846,Female,CSE,7.4,0,59,69,0,1,1,28.0,21.7,0.9,67,3.9,No,Yes,0,None,NotPlaced
3847,Female,ECE,8.2,0,77,81,1,3,1,67.3,39.9,5.4,79,4.4,No,Yes,0,None,NotPlaced
3848,Male,IT,8.6,0,80,85,2,3,2,71.8,50.8,7.8,89,4.8,Yes,Yes,2,Tier2,Placed
3849,Female,ECE,6.6,1,55,66,1,1,1,20.0,11.0,2.3,60,3.4,No,No,0,None,NotPlaced
3850,Male,CSE,8.2,0,82,84,2,3,2,61.0,38.0,6.8,90,4.8,Yes,Yes,2,Tier2,Placed
3851,Male,CSE,8.5,0,83,81,2,3,2,82.6,68.5,8.7,86,4.8,Yes,Yes,2,Tier3,Placed
3852,Male,ECE,7.5,0,55,70,0,2,2,25.9,23.9,3.1,80,4.8,No,Yes,2,Tier3,Placed
3853,Male,Civil,6.5,0,76,66,0,1,0,20.0,22.9,2.9,67,3.9,Yes,Yes,0,None,NotPlaced
3854,Female,CSE,6.5,2,62,70,1,2,1,20.0,24.6,4.5,72,4.0,No,No,0,None,NotPlaced
3855,Female,IT,8.4,0,55,81,1,2,0,62.4,57.8,4.1,90,4.7,Yes,Yes,0,None,NotPlaced
3856,Male,Mechanical,7.9,1,55,59,1,2,0,58.6,49.7,4.5,60,4.0,No,No,0,None,NotPlaced
3857,Male,CSE,8.5,0,78,87,2,3,2,77.3,54.4,8.1,90,4.8,Yes,Yes,2,Tier2,Placed
3858,Male,Mechanical,8.3,1,80,80,2,3,2,84.8,71.4,6.9,82,4.4,Yes,No,3,Tier1,Placed
3859,Male,ECE,6.9,0,59,71,1,1,2,20.0,21.8,2.3,67,3.8,Yes,Yes,0,None,NotPlaced
3860,Female,IT,8.9,0,71,87,2,3,2,75.5,78.5,6.7,90,4.8,Yes,Yes,2,Tier3,Placed
3861,Female,IT,6.5,0,61,67,1,1,0,20.0,19.5,0.0,60,3.9,No,Yes,0,None,NotPlaced
3862,Male,CSE,8.9,0,68,85,1,3,2,77.6,65.5,8.0,90,4.8,Yes,Yes,3,Tier1,Placed
3863,Male,IT,7.6,0,61,68,0,1,0,24.9,24.3,2.3,85,4.1,No,No,0,None,NotPlaced
3864,Male,Mechanical,6.8,0,55,67,1,2,2,23.2,24.2,4.8,84,4.1,Yes,Yes,2,Tier3,Placed
3865,Male,EEE,6.5,1,55,64,1,1,1,20.0,20.0,0.3,68,3.7,No,No,0,None,NotPlaced
3866,Male,ECE,8.2,0,74,85,2,3,3,61.8,47.7,7.1,88,4.5,No,Yes,0,None,NotPlaced
3867,Male,Mechanical,6.5,0,55,59,1,2,1,20.0,21.3,3.6,65,4.7,No,No,0,None,NotPlaced
3868,Female,CSE,8.3,0,73,88,1,3,0,63.0,55.9,7.6,76,4.3,Yes,Yes,0,None,NotPlaced
3869,Female,EEE,6.7,0,61,64,1,2,0,23.5,19.8,4.0,74,4.1,No,No,0,None,NotPlaced
3870,Male,IT,8.4,0,78,82,2,3,2,77.1,68.8,5.4,90,4.7,Yes,Yes,3,Tier2,Placed
3871,Male,EEE,7.6,0,56,65,1,1,0,30.5,33.2,3.3,68,3.6,No,No,0,None,NotPlaced
3872,Male,IT,6.5,1,63,68,1,1,0,20.0,13.7,3.1,75,3.6,No,No,0,None,NotPlaced
3873,Male,EEE,6.8,1,69,86,1,3,0,37.9,26.9,7.8,90,4.8,Yes,Yes,3,Tier1,Placed
3874,Female,Mechanical,7.7,0,58,80,1,1,2,41.0,40.0,3.3,86,4.2,Yes,Yes,0,None,NotPlaced
3875,Male,ECE,7.4,0,69,62,1,1,0,38.1,29.0,0.8,78,4.4,No,No,0,None,NotPlaced
3876,Male,CSE,8.4,0,87,87,2,2,2,66.3,45.6,5.9,84,4.8,Yes,Yes,2,Tier2,Placed
3877,Male,ECE,7.9,0,90,82,1,3,2,57.7,62.2,9.2,90,4.8,Yes,Yes,2,Tier3,Placed
3878,Female,ECE,6.6,1,66,72,1,1,0,20.0,12.2,2.1,66,3.5,No,No,0,None,NotPlaced
3879,Male,ECE,8.3,0,78,87,2,3,2,68.7,44.0,7.1,90,4.8,Yes,Yes,4,Tier1,Placed
3880,Male,Civil,7.8,0,89,65,1,3,2,53.6,38.8,5.9,84,4.6,Yes,Yes,1,Tier3,Placed
3881,Male,ECE,7.5,0,73,87,1,1,0,24.1,25.7,0.9,78,4.7,Yes,Yes,0,None,NotPlaced
3882,Female,IT,7.6,0,67,58,0,2,0,42.5,36.7,3.6,71,4.3,No,No,0,None,NotPlaced
3883,Female,ECE,8.3,0,72,87,1,3,1,66.1,68.5,8.5,79,4.5,Yes,Yes,2,Tier2,Placed
3884,Male,CSE,7.5,1,61,68,1,2,0,44.9,32.5,5.3,80,3.9,No,Yes,0,None,NotPlaced
3885,Female,CSE,7.8,0,74,84,1,2,2,32.9,33.0,4.9,90,4.8,Yes,Yes,4,Tier1,Placed
3886,Female,Mechanical,8.4,0,84,81,2,3,1,71.8,67.1,7.4,87,4.8,Yes,No,3,Tier2,Placed
3887,Female,EEE,6.5,0,58,82,0,3,1,20.0,15.8,5.8,79,4.3,Yes,Yes,0,None,NotPlaced
3888,Male,CSE,8.1,0,83,79,2,3,1,73.5,64.3,7.1,80,4.8,Yes,Yes,4,Tier1,Placed
3889,Male,CSE,8.7,0,80,83,2,3,2,81.1,50.2,6.5,90,4.8,Yes,Yes,3,Tier1,Placed
3890,Male,EEE,6.5,0,60,67,1,1,1,20.0,34.8,2.1,75,4.0,No,Yes,0,None,NotPlaced
3891,Female,EEE,7.7,1,59,67,1,1,1,34.8,39.5,1.7,80,3.9,No,No,0,None,NotPlaced
3892,Male,EEE,7.6,0,61,66,1,1,0,37.0,27.1,1.7,74,3.8,No,Yes,0,None,NotPlaced
3893,Female,IT,7.4,0,88,86,1,1,2,26.4,32.9,4.0,86,4.6,Yes,No,0,None,NotPlaced
3894,Male,Mechanical,7.7,0,70,69,1,2,0,44.5,47.4,7.0,64,4.2,Yes,Yes,0,None,NotPlaced
3895,Female,ECE,7.6,0,62,72,1,1,0,32.1,18.3,1.8,68,4.0,No,No,0,None,NotPlaced
3896,Female,ECE,7.5,0,56,66,0,3,1,55.3,40.5,7.4,73,4.0,No,No,0,None,NotPlaced
3897,Male,ECE,8.4,0,74,82,2,3,2,79.3,74.3,5.8,89,4.8,Yes,Yes,2,Tier3,Placed
3898,Female,CSE,8.0,0,60,83,1,2,0,56.3,47.4,4.9,83,4.6,Yes,Yes,0,None,NotPlaced
3899,Male,Civil,7.0,0,77,87,0,1,1,20.0,24.8,1.7,81,4.6,Yes,Yes,1,Tier3,Placed
3900,Female,CSE,7.1,2,78,67,1,2,2,37.3,34.1,3.7,82,4.3,No,No,0,None,NotPlaced
3901,Male,CSE,8.5,0,73,86,2,3,2,74.9,67.5,6.7,88,4.3,No,No,0,None,NotPlaced
3902,Male,EEE,8.3,0,65,83,2,3,2,76.1,64.3,8.1,77,4.2,Yes,Yes,0,None,NotPlaced
3903,Female,EEE,6.6,0,75,70,2,1,0,21.6,22.7,1.2,75,4.2,No,Yes,0,None,NotPlaced
3904,Male,EEE,7.6,0,81,77,0,1,2,30.0,12.3,2.5,90,4.8,No,Yes,2,Tier2,Placed
3905,Female,ECE,8.1,0,55,71,1,2,0,54.2,50.6,6.2,84,4.4,Yes,Yes,0,None,NotPlaced
3906,Male,IT,7.6,0,60,66,0,2,0,29.0,34.0,5.1,87,3.8,No,Yes,0,None,NotPlaced
3907,Male,Mechanical,8.4,0,81,67,2,3,1,68.2,45.8,7.3,89,4.8,Yes,Yes,3,Tier1,Placed
3908,Male,CSE,8.2,0,77,83,2,3,2,69.9,47.7,6.4,90,4.8,Yes,Yes,4,Tier1,Placed
3909,Male,Mechanical,7.2,0,72,83,0,1,0,27.7,30.1,2.3,73,4.1,Yes,Yes,1,Tier3,Placed
3910,Male,CSE,8.2,0,73,69,1,3,2,60.2,51.7,6.2,89,4.4,Yes,Yes,3,Tier2,Placed
3911,Male,Mechanical,6.8,2,55,62,1,1,0,20.0,5.0,2.0,76,4.1,No,No,0,None,NotPlaced
3912,Male,CSE,7.6,1,87,84,1,2,2,35.0,24.4,4.2,72,4.5,Yes,No,4,Tier1,Placed
3913,Male,EEE,6.5,0,79,64,0,3,0,31.3,31.6,6.7,80,4.5,No,Yes,0,None,NotPlaced
3914,Female,Mechanical,7.7,0,72,88,2,2,0,55.6,50.9,5.2,73,4.3,Yes,Yes,3,Tier2,Placed
3915,Female,IT,8.3,0,85,88,1,2,2,60.3,45.5,5.2,88,4.6,Yes,Yes,2,Tier3,Placed
3916,Male,ECE,8.5,0,71,84,2,3,2,76.0,59.9,5.2,88,4.7,Yes,Yes,2,Tier2,Placed
3917,Female,EEE,7.6,0,59,62,2,2,1,55.8,38.6,4.0,73,4.7,No,No,0,None,NotPlaced
3918,Male,EEE,7.6,0,64,67,1,3,0,47.0,49.9,6.5,71,4.7,Yes,No,0,None,NotPlaced
3919,Female,Mechanical,8.4,0,80,86,0,3,2,57.4,49.7,9.2,90,4.8,Yes,Yes,3,Tier2,Placed
3920,Female,IT,8.2,0,69,81,1,3,2,68.3,49.8,5.7,82,4.3,Yes,Yes,0,None,NotPlaced
3921,Female,CSE,7.8,0,74,67,1,2,0,52.0,33.4,4.8,70,4.8,Yes,Yes,0,None,NotPlaced
3922,Male,CSE,8.5,0,79,85,1,2,2,55.0,35.8,5.4,83,4.2,Yes,No,2,Tier3,Placed
3923,Female,CSE,7.8,0,55,65,1,1,0,36.3,46.3,1.0,71,4.0,No,Yes,0,None,NotPlaced
3924,Male,CSE,7.6,1,57,64,1,2,0,51.4,41.4,5.9,76,4.2,No,Yes,0,None,NotPlaced
3925,Female,ECE,8.1,0,82,84,1,3,2,63.1,48.5,8.9,84,4.8,Yes,Yes,0,None,NotPlaced
3926,Male,CSE,7.5,0,55,65,1,1,0,36.9,31.1,1.1,77,4.0,No,Yes,0,None,NotPlaced
3927,Male,CSE,6.5,0,62,71,1,2,1,20.0,15.9,3.4,77,4.2,No,No,0,None,NotPlaced
3928,Female,CSE,9.0,0,77,78,1,3,2,82.3,64.9,9.1,90,4.8,Yes,Yes,2,Tier2,Placed
3929,Female,EEE,7.7,0,71,70,0,1,0,24.9,24.0,3.4,70,3.7,No,No,4,Tier1,Placed
3930,Male,ECE,8.3,0,74,64,1,2,1,47.1,40.1,3.6,78,4.7,No,Yes,0,None,NotPlaced
3931,Female,ECE,6.8,0,76,81,2,3,2,43.6,27.8,7.4,82,3.9,Yes,No,2,Tier3,Placed
3932,Male,Mechanical,8.2,0,76,79,0,2,2,57.2,54.3,3.6,79,4.0,Yes,Yes,1,Tier3,Placed
3933,Male,CSE,6.9,0,55,67,1,1,1,20.0,15.8,5.2,69,4.1,Yes,Yes,0,None,NotPlaced
3934,Male,Civil,8.1,0,83,77,1,3,2,58.3,42.0,6.1,72,4.8,No,No,0,None,NotPlaced
3935,Male,ECE,7.8,0,72,67,1,2,0,55.6,39.7,5.6,71,3.6,Yes,No,2,Tier2,Placed
3936,Male,CSE,7.5,0,56,69,1,1,0,32.0,21.5,1.1,84,4.2,No,Yes,0,None,NotPlaced
3937,Male,ECE,8.6,0,89,86,2,3,2,75.7,63.2,5.9,90,4.8,Yes,Yes,3,Tier1,Placed
3938,Male,EEE,8.4,0,83,88,2,3,2,80.5,71.3,7.5,87,4.8,Yes,Yes,2,Tier2,Placed
3939,Male,IT,7.6,0,71,71,1,3,0,49.2,36.5,8.9,87,4.4,Yes,Yes,1,Tier3,Placed
3940,Male,Mechanical,8.3,0,87,87,2,3,2,66.7,40.0,6.5,90,4.7,Yes,No,3,Tier2,Placed
3941,Female,CSE,8.5,0,70,62,1,1,1,57.1,39.0,2.0,81,4.5,Yes,Yes,0,None,NotPlaced
3942,Female,IT,6.8,2,86,83,1,3,0,31.4,26.0,7.3,85,4.5,Yes,Yes,0,None,NotPlaced
3943,Male,CSE,7.6,0,55,60,1,1,0,34.3,20.5,3.6,71,3.9,No,Yes,0,None,NotPlaced
3944,Male,IT,6.5,0,90,66,1,2,0,20.0,16.9,3.4,85,4.1,No,Yes,0,None,NotPlaced
3945,Male,CSE,7.7,0,61,84,1,1,2,37.9,29.2,2.8,79,4.1,Yes,No,0,None,NotPlaced
3946,Male,Mechanical,8.4,0,70,85,2,3,2,72.3,58.6,7.8,90,4.8,Yes,Yes,2,Tier2,Placed
3947,Female,CSE,7.5,0,73,84,1,2,0,45.8,27.8,4.9,82,3.7,No,No,0,None,NotPlaced
3948,Male,IT,8.0,0,75,82,2,3,2,68.3,60.6,6.7,90,4.3,Yes,Yes,4,Tier1,Placed
3949,Male,ECE,7.6,0,58,66,0,1,0,32.8,41.6,3.1,60,4.0,No,Yes,0,None,NotPlaced
3950,Male,Mechanical,7.6,1,59,67,1,2,2,45.0,50.0,5.5,79,4.2,Yes,Yes,2,Tier2,Placed
3951,Male,Civil,8.2,0,83,85,2,3,2,67.6,50.7,7.0,90,4.8,Yes,Yes,1,Tier3,Placed
3952,Female,EEE,7.5,0,74,67,0,3,0,47.0,44.3,7.9,67,4.1,Yes,Yes,0,None,NotPlaced
3953,Female,Civil,8.3,0,79,86,2,3,2,64.4,57.5,6.8,89,4.6,No,Yes,0,None,NotPlaced
3954,Male,EEE,7.9,0,80,81,1,1,0,29.3,27.8,2.0,85,4.5,Yes,Yes,2,Tier2,Placed
3955,Male,Civil,7.4,0,60,73,0,3,0,47.8,41.6,8.5,75,4.0,Yes,Yes,0,None,NotPlaced
3956,Female,EEE,6.5,0,63,87,1,3,3,32.4,35.3,7.3,79,4.3,Yes,Yes,2,Tier3,Placed
3957,Female,CSE,7.6,0,55,59,1,1,1,34.4,38.1,3.4,77,3.9,No,No,0,None,NotPlaced
3958,Male,IT,7.7,0,63,67,1,3,0,58.4,41.8,7.1,82,3.8,Yes,Yes,0,None,NotPlaced
3959,Male,ECE,7.8,0,60,67,1,1,2,35.3,38.3,2.2,85,3.8,No,Yes,0,None,NotPlaced
3960,Male,ECE,6.5,0,78,68,1,1,1,20.0,33.5,2.4,68,4.1,No,Yes,0,None,NotPlaced
3961,Male,CSE,7.5,0,71,72,1,2,1,36.8,40.2,5.5,82,4.5,Yes,No,0,None,NotPlaced
3962,Male,EEE,6.5,0,57,61,1,1,0,20.0,32.3,3.5,67,4.2,No,No,0,None,NotPlaced
3963,Male,Mechanical,8.7,0,76,78,2,3,0,70.1,36.5,7.5,90,4.8,Yes,No,3,Tier2,Placed
3964,Male,CSE,6.7,0,55,68,0,1,0,20.0,25.4,3.0,74,4.2,Yes,Yes,0,None,NotPlaced
3965,Male,EEE,7.7,1,59,68,1,2,1,46.4,41.4,5.0,76,4.8,No,Yes,0,None,NotPlaced
3966,Female,EEE,8.1,0,83,72,1,3,2,55.0,53.9,7.4,80,4.4,Yes,Yes,0,None,NotPlaced
3967,Male,Civil,7.7,0,78,86,1,3,2,49.7,33.6,10.0,87,4.8,Yes,Yes,1,Tier3,Placed
3968,Male,Civil,6.5,0,85,73,1,1,1,20.0,17.5,2.3,84,4.6,No,No,0,None,NotPlaced
3969,Male,EEE,7.5,0,72,82,0,3,2,47.0,46.6,8.2,72,4.7,Yes,Yes,1,Tier3,Placed
3970,Male,ECE,6.5,0,72,67,1,1,1,20.0,12.5,3.9,77,4.1,Yes,Yes,0,None,NotPlaced
3971,Female,CSE,8.2,1,81,88,1,3,2,57.5,50.3,5.0,90,4.7,Yes,Yes,3,Tier2,Placed
3972,Male,ECE,6.5,0,62,68,1,2,1,20.0,20.9,3.3,78,3.9,No,Yes,0,None,NotPlaced
3973,Male,EEE,7.7,0,70,63,1,2,1,42.9,35.8,4.6,81,3.6,Yes,Yes,1,Tier3,Placed
3974,Female,Mechanical,7.6,0,60,69,1,0,0,20.0,26.1,0.0,84,4.8,Yes,Yes,3,Tier2,Placed
3975,Male,EEE,7.6,0,62,69,0,1,0,39.7,26.8,2.6,88,4.7,Yes,Yes,2,Tier2,Placed
3976,Female,IT,6.8,1,72,73,0,1,2,20.0,14.7,1.6,77,4.6,Yes,No,0,None,NotPlaced
3977,Male,EEE,7.0,0,78,84,1,3,1,36.7,31.5,5.9,77,4.2,Yes,Yes,2,Tier3,Placed
3978,Male,IT,7.7,2,59,64,1,2,1,45.5,29.1,4.2,76,3.8,No,Yes,0,None,NotPlaced
3979,Male,CSE,8.5,0,73,69,2,2,2,62.1,61.4,6.9,90,4.7,Yes,Yes,0,None,NotPlaced
3980,Male,CSE,8.7,0,79,85,2,3,2,79.1,57.1,5.6,90,4.8,Yes,Yes,2,Tier3,Placed
3981,Female,CSE,8.2,0,85,80,2,3,2,64.0,59.2,5.8,90,4.8,Yes,Yes,2,Tier2,Placed
3982,Female,EEE,7.5,0,72,87,1,2,0,48.7,34.8,4.5,86,4.7,Yes,Yes,0,None,NotPlaced
3983,Male,CSE,8.4,0,77,84,0,3,0,56.4,53.2,6.9,90,4.8,Yes,Yes,3,Tier2,Placed
3984,Male,IT,7.5,0,58,74,1,2,2,29.2,15.0,2.5,83,3.1,No,No,0,None,NotPlaced
3985,Female,Civil,6.9,0,55,71,1,2,0,22.5,33.3,3.3,70,4.3,No,No,2,Tier3,Placed
3986,Female,ECE,6.6,0,79,85,1,3,1,32.9,39.3,6.2,80,4.4,Yes,Yes,1,Tier3,Placed
3987,Male,CSE,7.5,0,55,72,1,1,1,32.4,24.6,2.3,71,4.3,No,Yes,0,None,NotPlaced
3988,Male,IT,8.1,0,55,65,1,1,0,48.8,35.2,2.4,85,3.1,No,Yes,0,None,NotPlaced
3989,Male,CSE,6.5,0,65,65,1,1,1,20.0,25.0,1.8,82,4.1,No,No,0,None,NotPlaced
3990,Female,CSE,6.5,0,57,66,1,1,1,20.0,8.3,1.6,72,3.5,No,No,0,None,NotPlaced
3991,Male,CSE,7.9,0,74,79,2,1,2,43.6,38.9,2.3,90,4.5,Yes,No,0,None,NotPlaced
3992,Male,ECE,8.2,0,58,67,1,2,1,53.1,37.4,4.1,74,3.8,No,No,0,None,NotPlaced
3993,Female,IT,6.5,0,55,63,1,1,0,22.4,20.4,1.0,75,3.3,No,No,0,None,NotPlaced
3994,Male,IT,8.4,1,72,65,1,2,1,62.5,45.9,6.5,81,3.8,Yes,Yes,3,Tier2,Placed
3995,Male,Mechanical,7.5,0,55,70,1,1,0,42.5,29.6,0.5,69,3.7,No,Yes,0,None,NotPlaced
3996,Male,IT,7.5,1,55,71,1,1,1,37.2,46.8,2.3,79,4.7,Yes,Yes,0,None,NotPlaced
3997,Male,Civil,6.5,0,56,71,1,1,0,20.0,28.3,2.9,89,3.9,No,Yes,0,None,NotPlaced
3998,Male,ECE,7.6,0,61,68,1,2,0,37.9,21.4,3.6,75,3.8,No,Yes,0,None,NotPlaced
3999,Male,IT,7.5,0,55,64,1,1,1,34.0,22.2,2.7,60,3.6,No,Yes,0,None,NotPlaced
4000,Male,EEE,8.3,0,60,86,2,2,2,61.7,57.7,6.7,85,3.9,Yes,Yes,2,Tier3,Placed
4001,Male,CSE,7.5,0,80,63,0,2,1,35.5,38.9,4.8,70,3.7,No,No,0,None,NotPlaced
4002,Female,CSE,6.5,0,61,63,1,2,0,20.0,8.8,2.8,65,4.0,No,No,0,None,NotPlaced
4003,Female,ECE,7.8,0,73,87,2,2,2,41.7,40.9,2.8,68,4.5,No,Yes,0,None,NotPlaced
4004,Male,IT,8.5,0,72,86,2,3,2,80.3,66.4,6.8,90,4.8,Yes,Yes,2,Tier2,Placed
4005,Male,EEE,7.9,2,74,70,1,1,1,40.7,19.7,3.4,75,4.4,Yes,Yes,0,None,NotPlaced
4006,Male,Civil,6.8,0,74,60,1,2,2,20.0,17.7,6.2,77,4.7,Yes,No,0,None,NotPlaced
4007,Male,IT,8.2,0,55,85,1,3,2,65.4,50.8,5.2,68,4.4,No,Yes,0,None,NotPlaced
4008,Male,IT,8.6,0,83,81,1,2,2,58.7,49.6,4.5,90,4.5,Yes,Yes,0,None,NotPlaced
4009,Female,IT,8.6,0,84,85,1,3,2,73.8,49.2,6.7,90,4.8,Yes,Yes,3,Tier1,Placed
4010,Male,Civil,7.9,0,78,88,2,3,1,66.4,46.7,6.7,70,4.5,Yes,No,0,None,NotPlaced
4011,Male,EEE,8.4,0,84,86,2,3,2,77.1,57.1,8.5,90,4.8,Yes,Yes,3,Tier2,Placed
4012,Male,Mechanical,8.1,0,87,82,2,3,2,65.2,49.5,6.9,90,4.8,Yes,Yes,3,Tier1,Placed
4013,Female,CSE,7.8,0,63,71,1,2,2,44.9,34.7,5.2,83,4.7,Yes,Yes,1,Tier3,Placed
4014,Male,EEE,7.6,0,57,57,1,2,0,39.9,33.5,4.9,74,3.4,No,Yes,0,None,NotPlaced
4015,Male,IT,6.6,2,63,65,1,2,2,20.0,23.4,5.6,77,4.0,No,Yes,0,None,NotPlaced
4016,Male,IT,6.5,0,59,84,1,2,1,20.9,35.7,5.0,76,4.2,Yes,Yes,0,None,NotPlaced
4017,Female,Civil,6.5,0,79,81,1,1,2,20.0,29.1,4.3,90,4.0,Yes,Yes,3,Tier2,Placed
4018,Female,CSE,7.8,0,67,72,1,2,0,42.9,47.6,6.8,78,4.0,Yes,Yes,0,None,NotPlaced
4019,Male,Civil,7.6,0,55,65,1,2,1,37.3,28.9,3.9,74,4.1,No,Yes,2,Tier3,Placed
4020,Male,CSE,7.6,0,55,73,0,1,0,29.5,19.0,1.4,71,3.7,No,Yes,0,None,NotPlaced
4021,Male,Mechanical,6.5,0,55,66,1,2,0,20.0,27.3,7.2,76,4.2,Yes,Yes,0,None,NotPlaced
4022,Male,CSE,8.5,0,72,83,0,1,0,42.3,37.2,4.1,86,4.7,Yes,Yes,4,Tier1,Placed
4023,Female,IT,8.2,0,90,81,0,3,0,62.2,57.1,7.0,86,4.5,Yes,Yes,3,Tier1,Placed
4024,Female,IT,7.1,0,73,85,1,2,0,41.9,29.1,4.6,76,4.1,No,Yes,0,None,NotPlaced
4025,Female,EEE,6.9,0,80,66,1,1,1,25.8,30.9,1.0,85,4.2,No,Yes,0,None,NotPlaced
4026,Female,ECE,6.5,0,60,70,1,1,0,20.0,19.8,3.1,80,4.5,No,Yes,0,None,NotPlaced
4027,Male,ECE,7.7,2,67,80,0,2,3,39.7,31.0,3.2,77,4.8,Yes,Yes,0,None,NotPlaced
4028,Male,CSE,7.6,0,55,67,1,1,0,42.7,33.4,3.1,72,4.0,No,Yes,0,None,NotPlaced
4029,Female,CSE,7.6,0,70,62,1,2,0,37.1,36.7,4.3,76,4.1,Yes,Yes,0,None,NotPlaced
4030,Male,CSE,7.8,2,61,68,0,2,1,45.9,45.1,3.3,75,4.4,Yes,Yes,1,Tier3,Placed
4031,Female,ECE,6.8,2,64,69,1,2,1,20.0,17.2,2.0,68,4.3,No,Yes,0,None,NotPlaced
4032,Male,EEE,8.2,0,82,85,2,3,2,76.4,63.9,6.5,85,4.4,Yes,Yes,2,Tier2,Placed
4033,Male,Mechanical,8.4,0,63,60,1,1,1,48.8,43.5,2.7,73,4.5,No,No,0,None,NotPlaced
4034,Female,IT,6.5,0,55,65,0,1,1,20.0,26.0,0.6,68,4.1,No,No,0,None,NotPlaced
4035,Male,EEE,6.7,0,67,68,1,1,0,25.6,32.4,1.8,73,4.6,Yes,No,0,None,NotPlaced
4036,Female,ECE,8.5,0,76,84,1,3,2,68.5,70.5,6.5,90,4.5,Yes,Yes,4,Tier1,Placed
4037,Female,IT,6.8,0,55,68,1,1,0,20.0,16.4,2.8,68,3.1,No,No,0,None,NotPlaced
4038,Female,IT,8.2,0,74,84,2,3,2,69.0,68.1,7.9,90,4.6,Yes,Yes,2,Tier2,Placed
4039,Female,ECE,8.0,0,65,83,2,2,0,55.1,47.3,5.1,87,4.2,Yes,Yes,0,None,NotPlaced
4040,Male,CSE,7.6,2,78,84,1,3,3,49.0,32.3,8.0,75,4.8,Yes,Yes,2,Tier2,Placed
4041,Female,CSE,7.9,0,60,63,1,2,1,40.7,31.0,4.7,86,4.2,No,Yes,0,None,NotPlaced
4042,Male,CSE,7.9,0,77,86,2,1,0,43.4,40.5,1.6,71,4.7,No,Yes,0,None,NotPlaced
4043,Male,ECE,8.0,2,83,63,1,1,0,37.4,38.5,2.9,73,4.2,No,No,0,None,NotPlaced
4044,Male,CSE,7.8,0,80,85,0,2,2,44.8,31.3,2.7,90,4.8,No,Yes,4,Tier1,Placed
4045,Male,IT,7.2,0,83,65,0,3,0,43.0,30.7,6.5,75,4.6,No,No,2,Tier3,Placed
4046,Male,IT,8.0,0,55,73,1,3,2,62.7,47.1,5.8,83,4.7,Yes,Yes,4,Tier1,Placed
4047,Male,CSE,7.6,0,62,63,1,1,1,36.7,25.0,2.1,69,3.6,No,No,0,None,NotPlaced
4048,Male,CSE,8.2,0,77,88,2,3,2,63.7,37.6,8.2,90,4.8,Yes,Yes,2,Tier2,Placed
4049,Female,Civil,7.3,0,55,85,0,1,0,25.0,7.1,2.2,82,3.8,No,Yes,0,None,NotPlaced
4050,Male,CSE,8.2,0,84,87,2,3,2,72.0,55.4,7.0,90,4.8,Yes,Yes,3,Tier1,Placed
4051,Female,EEE,6.6,0,57,58,1,1,0,20.0,22.9,2.2,76,4.0,No,No,0,None,NotPlaced
4052,Female,IT,7.8,0,71,85,2,3,2,60.6,55.6,7.7,88,4.5,Yes,Yes,2,Tier2,Placed
4053,Female,ECE,7.5,0,82,83,2,1,2,37.3,23.0,4.1,86,4.6,No,Yes,3,Tier2,Placed
4054,Male,IT,8.5,0,76,84,2,3,2,82.3,54.9,7.7,90,4.8,Yes,No,0,None,NotPlaced
4055,Female,CSE,7.6,0,60,66,0,1,0,34.3,26.3,1.5,72,4.5,No,No,0,None,NotPlaced
4056,Male,EEE,8.2,0,75,83,2,3,2,71.0,57.3,6.8,84,4.8,Yes,Yes,1,Tier3,Placed
4057,Female,IT,8.6,0,76,57,1,2,0,54.4,52.6,3.1,72,4.4,No,Yes,0,None,NotPlaced
4058,Male,EEE,8.1,0,78,66,1,3,2,61.9,56.5,5.8,82,4.7,Yes,Yes,4,Tier1,Placed
4059,Female,ECE,7.2,0,55,69,0,1,0,21.2,18.5,0.0,73,4.1,No,Yes,1,Tier3,Placed
4060,Female,Civil,6.8,0,61,60,0,1,0,20.0,24.4,1.5,84,4.2,No,No,0,None,NotPlaced
4061,Male,EEE,7.9,0,84,64,1,2,1,41.2,29.0,3.6,77,4.2,Yes,Yes,3,Tier2,Placed
4062,Male,Civil,7.0,0,58,65,1,1,0,20.0,20.4,2.1,65,4.0,No,No,0,None,NotPlaced
4063,Female,ECE,6.6,1,76,71,1,3,1,30.7,27.7,6.5,74,4.5,Yes,Yes,0,None,NotPlaced
4064,Male,IT,8.5,0,84,86,2,3,2,79.6,75.1,5.9,90,4.4,Yes,Yes,2,Tier2,Placed
4065,Female,EEE,8.3,0,77,82,1,2,2,54.0,48.8,2.9,78,4.8,Yes,Yes,0,None,NotPlaced
4066,Male,EEE,8.5,0,72,87,1,3,1,67.0,47.2,6.7,72,4.1,Yes,Yes,4,Tier1,Placed
4067,Male,Civil,6.5,0,64,66,0,1,0,20.0,13.9,0.2,67,3.7,No,No,0,None,NotPlaced
4068,Female,IT,7.5,0,78,87,2,3,0,52.5,42.0,7.7,88,4.6,Yes,Yes,1,Tier3,Placed
4069,Female,EEE,8.2,0,86,86,1,3,2,62.4,39.3,7.3,90,4.6,Yes,Yes,1,Tier3,Placed
4070,Female,IT,6.6,0,57,67,1,1,1,20.0,18.1,2.8,66,3.9,Yes,Yes,0,None,NotPlaced
4071,Male,ECE,8.4,1,69,83,2,3,2,65.3,52.7,8.5,90,4.8,Yes,Yes,4,Tier1,Placed
4072,Female,CSE,7.4,0,58,71,1,2,1,41.9,39.0,4.0,66,4.5,No,No,0,None,NotPlaced
4073,Male,IT,7.5,0,70,67,1,2,0,37.7,38.3,4.4,78,3.7,No,No,0,None,NotPlaced
4074,Male,Mechanical,7.7,0,64,61,1,3,0,52.8,44.5,7.7,75,4.5,Yes,Yes,0,None,NotPlaced
4075,Female,CSE,7.5,0,59,70,1,2,1,43.2,24.0,4.5,76,3.7,Yes,Yes,0,None,NotPlaced
4076,Male,ECE,7.5,0,56,70,0,1,0,37.7,23.1,1.5,72,3.6,No,No,0,None,NotPlaced
4077,Male,ECE,7.7,0,74,79,0,0,2,20.0,17.2,1.0,89,4.1,Yes,Yes,0,None,NotPlaced
4078,Male,CSE,7.8,0,62,63,1,1,1,43.3,42.5,0.7,77,4.0,No,Yes,0,None,NotPlaced
4079,Female,IT,7.4,0,63,70,1,2,0,43.3,41.6,5.8,71,3.9,No,Yes,0,None,NotPlaced
4080,Male,ECE,7.6,0,62,85,1,2,1,39.8,32.5,5.2,74,4.0,Yes,Yes,0,None,NotPlaced
4081,Female,CSE,8.0,0,55,68,1,3,0,62.0,68.1,6.8,65,4.4,Yes,Yes,0,None,NotPlaced
4082,Male,Mechanical,6.5,0,66,66,1,2,1,29.2,40.1,6.1,80,4.1,No,Yes,0,None,NotPlaced
4083,Male,Civil,7.5,0,55,72,1,1,0,29.2,35.8,0.9,60,3.3,No,Yes,0,None,NotPlaced
4084,Female,CSE,8.1,0,89,80,1,3,0,62.2,57.2,8.5,90,4.4,Yes,Yes,3,Tier2,Placed
4085,Male,CSE,8.4,1,79,85,2,2,0,66.0,56.5,5.8,74,4.4,Yes,No,0,None,NotPlaced
4086,Male,ECE,7.4,0,55,70,1,1,1,33.7,33.3,3.1,74,3.6,No,Yes,0,None,NotPlaced
4087,Male,Mechanical,6.5,0,55,64,1,1,0,20.0,5.3,1.8,64,4.5,No,Yes,0,None,NotPlaced
4088,Male,IT,7.7,0,61,84,2,3,1,58.8,40.8,7.1,89,4.7,Yes,Yes,2,Tier2,Placed
4089,Female,CSE,8.2,0,82,84,0,3,1,60.6,48.7,6.7,90,4.8,Yes,Yes,3,Tier2,Placed
4090,Male,ECE,7.4,0,55,58,1,2,1,34.4,31.5,6.0,71,4.8,Yes,Yes,0,None,NotPlaced
4091,Female,Civil,7.4,0,61,70,0,2,1,34.8,29.2,4.4,65,4.4,No,No,0,None,NotPlaced
4092,Male,IT,8.6,0,69,82,1,1,0,52.6,46.8,2.4,87,4.8,Yes,Yes,2,Tier2,Placed
4093,Male,IT,8.2,0,84,82,2,3,0,61.9,33.7,6.5,80,4.3,Yes,Yes,2,Tier2,Placed
4094,Female,Mechanical,8.5,0,78,73,1,3,3,66.5,58.3,7.0,86,4.8,Yes,Yes,2,Tier2,Placed
4095,Male,ECE,7.5,0,76,75,2,3,1,55.3,46.7,6.7,83,4.2,Yes,Yes,3,Tier2,Placed
4096,Male,ECE,8.5,0,75,88,2,3,2,76.2,59.2,8.4,82,4.7,Yes,Yes,3,Tier1,Placed
4097,Male,EEE,6.5,0,55,65,1,2,0,20.0,27.8,4.8,71,3.9,No,Yes,0,None,NotPlaced
4098,Male,Civil,7.3,1,55,66,0,1,1,20.0,12.5,2.8,76,4.2,No,No,0,None,NotPlaced
4099,Male,EEE,6.6,0,65,65,0,1,0,20.0,18.2,2.2,68,3.8,No,No,0,None,NotPlaced
4100,Male,Mechanical,7.5,0,68,65,0,3,3,46.5,41.8,6.2,78,4.7,Yes,Yes,0,None,NotPlaced
4101,Male,EEE,7.4,0,62,73,1,1,0,35.4,25.2,2.7,81,4.0,No,No,0,None,NotPlaced
4102,Male,Mechanical,7.4,0,80,71,1,3,0,53.8,28.9,4.9,81,4.6,Yes,Yes,0,None,NotPlaced
4103,Male,IT,7.7,0,77,81,1,3,0,55.7,37.9,7.2,90,4.0,Yes,Yes,0,None,NotPlaced
4104,Male,IT,7.9,0,74,84,1,3,2,54.9,46.0,6.2,90,4.6,Yes,Yes,0,None,NotPlaced
4105,Male,Mechanical,6.7,0,83,74,1,1,0,20.0,19.2,1.1,80,4.5,No,Yes,0,None,NotPlaced
4106,Female,IT,7.9,0,79,70,1,2,3,57.3,47.5,4.5,84,4.5,Yes,No,0,None,NotPlaced
4107,Female,ECE,8.4,0,79,83,1,2,2,72.8,53.2,4.9,84,4.4,Yes,Yes,3,Tier1,Placed
4108,Male,IT,7.4,0,55,66,1,1,0,33.3,19.2,2.0,71,3.3,No,No,0,None,NotPlaced
4109,Female,EEE,8.3,0,68,87,2,3,2,72.7,60.0,7.8,89,4.8,Yes,Yes,3,Tier2,Placed
4110,Male,CSE,7.8,0,58,71,0,1,1,37.6,31.5,1.8,72,3.9,No,No,0,None,NotPlaced
4111,Male,EEE,8.3,0,84,85,1,3,1,65.1,57.5,6.9,76,4.6,Yes,No,0,None,NotPlaced
4112,Male,ECE,8.3,0,81,87,2,3,2,75.8,55.2,5.6,90,4.8,Yes,Yes,2,Tier2,Placed
4113,Male,CSE,7.7,0,71,65,1,1,1,42.0,19.2,1.7,66,4.8,Yes,No,0,None,NotPlaced
4114,Male,IT,8.7,1,55,80,1,3,0,74.8,38.5,7.3,78,3.2,Yes,Yes,0,None,NotPlaced
4115,Male,IT,7.6,0,60,64,0,2,0,36.4,28.0,4.6,64,4.8,No,No,0,None,NotPlaced
4116,Male,IT,8.2,0,83,82,2,3,2,60.4,50.7,5.7,82,4.8,No,Yes,2,Tier2,Placed
4117,Female,ECE,6.7,0,61,63,1,1,0,20.7,19.5,2.9,76,4.2,No,No,2,Tier3,Placed
4118,Male,CSE,7.6,0,86,69,1,2,0,44.1,32.7,3.6,71,4.3,Yes,Yes,2,Tier2,Placed
4119,Male,Civil,7.8,1,74,65,0,2,0,38.3,20.5,4.4,71,4.4,No,Yes,0,None,NotPlaced
4120,Female,CSE,7.6,0,55,74,1,1,0,29.4,11.0,1.1,62,4.4,No,Yes,0,None,NotPlaced
4121,Male,ECE,8.4,0,66,87,1,1,2,54.3,49.0,1.1,90,4.8,No,Yes,2,Tier2,Placed
4122,Male,IT,7.5,0,55,58,1,1,0,25.0,22.6,1.2,77,4.8,No,Yes,3,Tier2,Placed
4123,Female,ECE,7.6,0,90,87,1,2,0,44.5,34.8,3.9,73,4.2,No,Yes,0,None,NotPlaced
4124,Female,IT,8.3,0,86,82,2,3,2,74.2,47.3,7.4,86,4.8,Yes,Yes,2,Tier3,Placed
4125,Female,ECE,8.2,0,74,88,2,1,1,54.7,38.5,3.4,88,4.4,Yes,Yes,0,None,NotPlaced
4126,Female,EEE,7.5,0,55,65,1,2,1,39.0,34.9,3.7,80,4.0,No,Yes,0,None,NotPlaced
4127,Female,ECE,8.6,0,82,86,2,3,2,69.8,59.2,7.6,90,4.8,Yes,Yes,2,Tier2,Placed
4128,Female,CSE,8.5,0,82,82,1,3,2,71.9,56.8,8.7,87,4.4,Yes,Yes,2,Tier2,Placed
4129,Male,ECE,7.7,0,71,84,1,2,3,51.0,53.8,4.9,78,4.2,Yes,Yes,0,None,NotPlaced
4130,Male,IT,6.5,2,72,68,1,2,1,20.0,16.8,5.1,82,3.4,Yes,No,0,None,NotPlaced
4131,Male,CSE,7.8,0,63,61,0,1,1,36.5,42.9,1.4,78,4.7,No,Yes,3,Tier2,Placed
4132,Male,IT,8.6,1,80,88,2,3,2,83.9,68.6,6.6,90,4.7,Yes,Yes,3,Tier1,Placed
4133,Female,IT,8.5,0,85,84,1,3,2,70.7,58.5,7.2,90,4.7,No,Yes,0,None,NotPlaced
4134,Male,IT,7.5,0,55,65,1,2,1,39.0,41.0,5.3,69,3.2,No,Yes,0,None,NotPlaced
4135,Male,EEE,7.2,0,55,74,1,1,1,32.2,23.5,1.8,66,3.5,No,No,0,None,NotPlaced
4136,Male,IT,7.9,0,56,68,1,1,2,37.3,29.2,2.5,64,4.2,No,Yes,2,Tier2,Placed
4137,Female,IT,8.3,0,78,86,2,3,2,63.5,42.7,7.9,89,4.8,Yes,Yes,2,Tier2,Placed
4138,Male,CSE,7.5,0,76,67,0,1,2,32.1,37.0,2.6,78,4.5,Yes,Yes,0,None,NotPlaced
4139,Female,EEE,6.7,1,78,66,1,2,2,23.0,25.5,2.7,75,4.2,No,No,0,None,NotPlaced
4140,Male,ECE,8.1,0,75,82,2,2,2,56.4,55.4,5.7,79,4.4,Yes,Yes,0,None,NotPlaced
4141,Male,IT,8.4,0,74,86,2,3,2,68.9,58.0,7.9,90,4.8,Yes,Yes,1,Tier3,Placed
4142,Male,EEE,7.0,1,68,82,0,1,2,20.0,30.6,2.7,86,4.7,No,Yes,3,Tier2,Placed
4143,Male,ECE,8.4,0,57,68,0,1,0,53.0,38.9,1.6,86,3.8,No,Yes,0,None,NotPlaced
4144,Female,ECE,7.4,0,74,83,1,2,0,47.3,49.0,6.5,89,4.2,Yes,Yes,0,None,NotPlaced
4145,Female,ECE,6.5,0,58,67,1,2,0,30.0,24.7,4.3,77,4.4,No,Yes,0,None,NotPlaced
4146,Male,ECE,7.6,0,73,79,1,3,1,56.5,46.5,5.9,77,4.6,Yes,Yes,0,None,NotPlaced
4147,Male,ECE,8.3,0,81,81,2,3,2,72.3,64.5,5.4,90,4.8,Yes,Yes,2,Tier2,Placed
4148,Male,IT,8.0,0,83,84,2,3,2,56.8,66.2,6.7,87,4.4,Yes,Yes,0,None,NotPlaced
4149,Female,CSE,7.6,0,55,66,1,1,0,34.1,36.6,2.2,69,4.2,No,Yes,0,None,NotPlaced
4150,Female,CSE,7.7,0,55,67,1,1,1,47.8,46.8,1.7,67,3.0,No,No,0,None,NotPlaced
4151,Male,ECE,8.2,0,85,81,2,3,2,65.8,49.2,9.0,83,4.3,Yes,Yes,2,Tier2,Placed
4152,Male,Mechanical,7.6,0,79,67,1,1,2,42.6,38.9,3.4,87,4.1,Yes,Yes,3,Tier2,Placed
4153,Female,IT,8.3,0,73,66,1,2,2,57.3,46.7,3.0,82,4.5,No,Yes,0,None,NotPlaced
4154,Male,CSE,8.2,0,74,79,2,3,0,54.6,57.6,4.7,90,4.5,Yes,Yes,2,Tier2,Placed
4155,Male,Mechanical,7.4,0,82,67,1,1,0,34.2,29.8,3.2,78,4.0,Yes,Yes,3,Tier2,Placed
4156,Male,Mechanical,7.3,0,62,74,1,1,0,35.3,41.2,4.0,65,4.6,Yes,Yes,0,None,NotPlaced
4157,Male,Mechanical,8.0,0,80,74,0,1,0,37.8,23.2,3.9,79,3.4,No,Yes,0,None,NotPlaced
4158,Female,ECE,8.7,0,55,65,2,3,0,84.2,77.7,5.8,84,4.2,No,Yes,0,None,NotPlaced
4159,Female,Mechanical,8.2,0,62,69,1,1,1,38.7,26.1,3.7,66,3.6,No,Yes,0,None,NotPlaced
4160,Male,CSE,7.5,0,55,75,1,1,1,26.1,31.7,0.6,73,4.1,No,Yes,0,None,NotPlaced
4161,Male,CSE,8.1,2,83,88,2,3,3,67.0,48.1,6.7,90,4.5,Yes,Yes,2,Tier2,Placed
4162,Male,CSE,8.4,1,88,82,2,3,2,74.4,65.1,6.0,90,4.8,Yes,Yes,3,Tier2,Placed
4163,Male,EEE,6.7,1,55,77,1,2,0,31.8,20.7,4.8,68,4.6,No,Yes,0,None,NotPlaced
4164,Male,CSE,8.2,0,81,65,1,1,2,50.2,49.6,1.7,69,4.6,Yes,Yes,3,Tier2,Placed
4165,Male,ECE,7.5,0,66,65,1,2,0,35.0,38.5,4.4,80,3.5,No,No,0,None,NotPlaced
4166,Male,IT,7.6,0,75,63,1,2,2,44.1,32.8,3.8,75,3.8,Yes,Yes,0,None,NotPlaced
4167,Male,IT,7.5,1,55,65,0,1,0,31.0,33.2,3.8,76,4.4,No,Yes,0,None,NotPlaced
4168,Male,Mechanical,7.7,0,58,73,2,2,0,40.6,43.1,4.6,79,4.2,Yes,Yes,2,Tier2,Placed
4169,Male,CSE,8.4,1,71,83,0,3,0,61.8,44.0,7.4,90,4.4,Yes,Yes,0,None,NotPlaced
4170,Male,ECE,7.2,0,90,82,2,3,2,46.3,32.2,5.2,90,4.8,Yes,Yes,2,Tier2,Placed
4171,Male,Mechanical,7.4,0,78,65,1,1,0,27.7,17.5,0.5,74,3.7,No,No,0,None,NotPlaced
4172,Female,CSE,6.7,0,72,65,0,1,0,20.0,10.9,1.2,73,4.0,No,Yes,3,Tier2,Placed
4173,Male,EEE,6.9,0,80,66,0,2,0,20.0,12.0,4.9,73,4.3,No,No,0,None,NotPlaced
4174,Male,EEE,7.5,0,87,85,0,3,0,46.1,47.0,7.7,81,4.5,Yes,Yes,1,Tier3,Placed
4175,Female,Mechanical,8.0,0,83,67,2,1,1,50.8,47.4,4.1,82,4.2,Yes,No,3,Tier1,Placed
4176,Female,Mechanical,7.6,1,79,86,1,2,3,48.4,27.0,3.5,74,3.7,Yes,Yes,3,Tier2,Placed
4177,Male,IT,8.3,0,70,79,1,3,1,59.4,45.6,7.5,90,4.8,Yes,Yes,3,Tier2,Placed
4178,Female,EEE,7.4,1,68,71,0,3,2,34.5,23.0,6.4,90,4.7,Yes,Yes,2,Tier2,Placed
4179,Male,CSE,8.4,0,78,85,1,3,3,68.4,62.9,6.2,90,4.8,Yes,Yes,3,Tier2,Placed
4180,Male,IT,6.5,0,70,82,2,2,2,24.6,21.5,4.5,87,4.7,Yes,Yes,1,Tier3,Placed
4181,Male,CSE,8.4,0,76,85,1,1,2,65.5,40.6,1.9,79,4.6,No,Yes,0,None,NotPlaced
4182,Female,IT,7.9,0,82,88,2,3,2,64.3,54.5,7.7,90,4.8,Yes,Yes,1,Tier3,Placed
4183,Female,Mechanical,8.2,0,83,80,1,3,2,63.3,57.3,8.1,90,4.7,Yes,Yes,1,Tier3,Placed
4184,Male,IT,8.0,0,61,66,1,1,2,42.1,28.7,3.5,76,3.4,Yes,Yes,0,None,NotPlaced
4185,Male,ECE,8.4,0,80,80,1,3,2,60.9,47.5,7.6,78,4.5,Yes,No,0,None,NotPlaced
4186,Male,IT,7.6,2,55,69,0,1,0,32.8,22.3,3.8,73,4.3,No,Yes,4,Tier1,Placed
4187,Male,IT,8.3,0,80,84,2,3,2,69.6,66.8,7.7,90,4.8,Yes,Yes,2,Tier2,Placed
4188,Male,Civil,7.9,0,72,77,2,2,2,53.6,42.2,4.8,90,4.8,Yes,Yes,3,Tier2,Placed
4189,Female,IT,8.3,0,55,80,0,3,1,60.5,44.5,7.6,88,4.1,Yes,Yes,0,None,NotPlaced
4190,Female,ECE,8.2,0,63,81,1,3,1,64.1,52.4,8.7,88,4.8,Yes,Yes,1,Tier3,Placed
4191,Female,IT,8.3,0,73,77,1,2,0,48.3,39.8,4.1,85,4.6,Yes,Yes,0,None,NotPlaced
4192,Female,CSE,7.8,0,80,87,2,3,0,64.2,57.9,6.6,83,4.2,Yes,Yes,3,Tier2,Placed
4193,Male,ECE,7.6,0,55,72,0,1,1,25.8,34.6,3.5,76,3.9,No,Yes,0,None,NotPlaced
4194,Female,EEE,7.5,0,80,67,1,1,0,32.3,39.0,1.7,73,3.4,No,Yes,0,None,NotPlaced
4195,Male,CSE,7.5,2,72,62,1,1,0,39.4,32.2,2.8,85,4.2,No,Yes,0,None,NotPlaced
4196,Male,CSE,6.8,0,82,64,1,1,0,27.9,29.4,3.3,82,3.9,No,No,0,None,NotPlaced
4197,Male,CSE,8.3,0,84,85,2,3,2,61.5,62.2,5.7,81,4.7,Yes,Yes,0,None,NotPlaced
4198,Male,Mechanical,6.7,0,55,72,0,1,1,20.0,32.7,1.6,72,4.5,No,Yes,2,Tier3,Placed
4199,Male,EEE,6.9,0,64,66,1,1,1,22.4,14.4,3.2,64,4.1,No,No,0,None,NotPlaced
4200,Male,ECE,8.6,1,55,63,0,1,1,42.5,40.6,1.9,68,4.3,No,Yes,0,None,NotPlaced
4201,Female,IT,8.1,0,79,82,2,3,0,70.0,60.5,5.0,90,4.7,Yes,Yes,3,Tier2,Placed
4202,Male,Mechanical,7.7,0,57,70,1,1,0,37.6,39.1,1.5,60,4.3,No,No,0,None,NotPlaced
4203,Male,EEE,8.4,1,82,88,2,3,2,73.0,67.6,7.8,73,4.8,Yes,Yes,0,None,NotPlaced
4204,Female,EEE,8.2,0,78,85,1,3,1,58.4,39.8,8.3,80,3.9,Yes,Yes,2,Tier2,Placed
4205,Male,EEE,8.5,0,83,84,1,3,2,71.1,52.3,7.1,90,4.8,Yes,Yes,3,Tier2,Placed
4206,Male,ECE,8.3,0,82,79,2,3,2,74.2,66.5,7.5,81,4.1,Yes,No,3,Tier1,Placed
4207,Male,IT,8.4,0,79,86,2,3,2,72.6,59.8,6.6,87,4.8,Yes,Yes,3,Tier2,Placed
4208,Male,Mechanical,6.9,0,55,64,1,2,2,26.4,7.6,4.9,77,4.0,No,Yes,0,None,NotPlaced
4209,Male,Civil,6.5,0,74,84,0,2,1,20.0,8.2,5.4,84,4.8,No,Yes,3,Tier2,Placed
4210,Male,CSE,6.5,0,58,67,1,1,0,20.0,26.0,2.8,74,4.6,No,No,0,None,NotPlaced
4211,Male,CSE,8.3,0,80,84,0,3,2,60.2,56.4,6.9,84,4.8,Yes,Yes,2,Tier2,Placed
4212,Male,Mechanical,8.6,0,71,79,2,3,0,80.5,52.7,7.4,79,4.7,Yes,No,0,None,NotPlaced
4213,Male,CSE,8.4,0,84,76,2,3,2,69.6,65.4,8.0,88,4.6,Yes,Yes,2,Tier2,Placed
4214,Male,Mechanical,7.5,0,58,65,1,1,0,26.9,24.3,2.0,78,4.5,No,No,0,None,NotPlaced
4215,Male,ECE,6.5,2,76,86,2,3,2,35.8,24.1,7.8,80,4.1,Yes,Yes,1,Tier3,Placed
4216,Female,CSE,6.5,0,69,83,2,3,2,31.6,25.2,7.4,84,4.6,Yes,Yes,0,None,NotPlaced
4217,Male,CSE,7.6,0,55,61,1,1,1,38.9,24.4,3.4,77,3.9,No,No,0,None,NotPlaced
4218,Male,CSE,8.3,0,82,85,2,3,2,70.0,51.6,7.7,84,4.8,Yes,Yes,1,Tier3,Placed
4219,Female,IT,7.4,1,77,83,1,1,1,34.3,15.5,2.5,72,4.6,Yes,Yes,0,None,NotPlaced
4220,Male,ECE,7.1,1,65,61,1,1,1,20.0,19.6,3.4,69,3.3,No,No,0,None,NotPlaced
4221,Male,EEE,8.1,0,69,83,1,3,2,61.7,54.6,7.5,75,4.3,Yes,Yes,2,Tier3,Placed
4222,Male,Civil,8.0,0,68,82,1,2,2,47.5,30.1,4.9,85,4.8,Yes,Yes,3,Tier2,Placed
4223,Female,IT,7.6,0,56,65,1,2,1,36.9,33.2,2.6,80,4.1,No,Yes,0,None,NotPlaced
4224,Female,ECE,7.4,1,62,66,1,1,0,26.7,19.0,2.2,75,4.3,No,Yes,0,None,NotPlaced
4225,Male,ECE,6.5,0,76,82,1,3,2,26.3,31.9,8.8,90,4.8,Yes,Yes,2,Tier2,Placed
4226,Female,ECE,7.1,0,70,88,2,3,0,52.2,25.1,4.3,79,4.8,Yes,Yes,3,Tier2,Placed
4227,Male,IT,8.9,0,72,87,1,3,1,74.1,65.7,4.3,90,4.7,Yes,Yes,0,None,NotPlaced
4228,Male,CSE,8.1,0,89,83,2,3,2,59.6,35.3,7.8,90,4.8,Yes,Yes,3,Tier2,Placed
4229,Male,CSE,6.8,0,63,69,1,1,0,20.0,18.7,2.2,71,4.5,No,No,0,None,NotPlaced
4230,Male,CSE,7.0,0,63,74,1,1,0,23.1,16.9,2.7,71,4.4,No,No,0,None,NotPlaced
4231,Female,CSE,8.1,0,75,81,2,3,2,63.5,49.7,6.5,90,4.1,Yes,Yes,3,Tier2,Placed
4232,Male,ECE,8.6,0,74,84,1,3,2,70.2,45.0,4.9,90,4.8,Yes,Yes,3,Tier1,Placed
4233,Male,CSE,8.2,0,72,87,1,3,2,67.9,68.9,6.2,90,4.4,Yes,Yes,3,Tier2,Placed
4234,Female,Mechanical,7.5,0,71,85,2,2,1,49.4,31.9,6.6,85,4.6,Yes,Yes,3,Tier2,Placed
4235,Male,Civil,7.4,0,72,87,0,1,2,28.9,17.9,2.5,81,3.8,Yes,Yes,0,None,NotPlaced
4236,Male,Civil,8.4,1,77,81,1,2,2,53.1,58.6,4.6,79,4.2,Yes,No,0,None,NotPlaced
4237,Male,Civil,6.5,1,58,69,1,1,0,27.4,27.6,0.0,65,4.3,No,No,0,None,NotPlaced
4238,Female,CSE,8.3,0,63,85,2,3,2,75.3,50.4,5.2,86,3.9,Yes,Yes,4,Tier1,Placed
4239,Female,IT,8.5,1,70,69,0,3,2,66.6,53.1,7.1,83,4.5,No,No,0,None,NotPlaced
4240,Male,CSE,6.6,1,62,86,0,3,0,20.2,19.9,6.7,85,4.7,Yes,Yes,2,Tier3,Placed
4241,Female,EEE,7.5,0,57,78,1,1,0,37.7,19.3,3.0,71,4.3,No,No,3,Tier2,Placed
4242,Male,Mechanical,7.6,0,84,80,1,3,1,48.5,35.3,6.2,82,4.5,Yes,Yes,4,Tier1,Placed
4243,Female,Mechanical,7.8,0,77,83,0,3,0,49.0,41.6,5.5,83,4.4,Yes,Yes,0,None,NotPlaced
4244,Male,ECE,6.5,0,60,72,1,2,0,20.0,32.1,3.7,88,4.4,No,Yes,3,Tier2,Placed
4245,Male,EEE,8.4,0,74,85,2,3,2,65.8,52.6,6.4,90,4.8,Yes,Yes,3,Tier1,Placed
4246,Female,CSE,7.9,0,71,85,1,1,1,43.2,36.9,2.2,84,4.5,Yes,Yes,3,Tier2,Placed
4247,Male,CSE,8.7,0,69,82,1,3,2,78.0,55.9,6.2,87,4.8,Yes,Yes,4,Tier1,Placed
4248,Male,EEE,8.1,0,55,75,1,3,0,64.4,61.1,5.9,81,3.7,No,Yes,0,None,NotPlaced
4249,Male,IT,7.5,0,70,64,0,1,1,31.3,35.1,1.5,66,4.1,No,Yes,0,None,NotPlaced
4250,Female,Civil,8.1,0,73,87,2,3,2,65.7,60.1,6.1,87,4.7,Yes,No,3,Tier2,Placed
4251,Male,CSE,7.8,0,55,67,1,2,1,45.0,39.8,6.8,82,4.4,Yes,Yes,0,None,NotPlaced
4252,Male,Mechanical,8.3,1,73,85,1,3,2,66.4,41.5,7.5,87,4.8,Yes,Yes,3,Tier2,Placed
4253,Male,IT,8.1,0,79,88,0,3,2,60.1,58.4,7.2,85,4.8,Yes,Yes,0,None,NotPlaced
4254,Male,EEE,8.2,0,78,82,1,3,2,63.0,52.4,6.9,87,4.6,Yes,Yes,4,Tier1,Placed
4255,Male,Mechanical,6.5,1,63,68,0,3,0,30.1,25.8,7.7,80,4.4,Yes,Yes,0,None,NotPlaced
4256,Female,Mechanical,7.5,0,55,84,1,2,0,39.9,38.4,4.5,76,3.8,No,Yes,0,None,NotPlaced
4257,Female,IT,8.2,0,77,88,1,3,2,58.1,50.3,6.0,87,4.6,Yes,Yes,3,Tier2,Placed
4258,Male,Mechanical,7.5,0,71,80,1,2,2,40.9,27.8,2.5,86,4.5,No,Yes,0,None,NotPlaced
4259,Male,CSE,7.7,2,55,65,0,2,0,40.5,31.8,1.7,67,3.9,No,No,0,None,NotPlaced
4260,Male,CSE,8.0,0,70,85,2,3,2,63.6,36.8,8.8,84,4.7,Yes,Yes,1,Tier3,Placed
4261,Male,IT,7.7,0,86,84,0,2,0,46.4,41.3,4.6,90,4.5,Yes,Yes,3,Tier2,Placed
4262,Female,Mechanical,7.4,0,56,68,0,1,1,30.0,37.3,2.6,63,3.5,No,No,0,None,NotPlaced
4263,Male,ECE,7.4,0,55,68,1,2,1,31.8,13.3,4.2,60,3.2,No,No,0,None,NotPlaced
4264,Male,EEE,7.7,0,60,72,0,1,1,39.7,35.7,2.9,77,4.3,No,Yes,0,None,NotPlaced
4265,Female,EEE,7.0,1,55,62,0,2,1,20.0,25.1,3.9,64,4.7,No,Yes,0,None,NotPlaced
4266,Male,CSE,7.9,0,79,79,2,3,2,72.8,65.4,5.7,88,4.6,Yes,No,2,Tier3,Placed
4267,Male,Mechanical,7.6,2,55,63,1,1,1,33.6,24.1,1.0,73,3.7,No,No,0,None,NotPlaced
4268,Male,CSE,8.2,0,73,78,1,3,2,62.1,42.5,6.6,87,4.7,Yes,Yes,3,Tier2,Placed
4269,Female,EEE,8.5,0,79,87,1,3,2,68.7,51.5,5.4,90,4.8,Yes,Yes,4,Tier1,Placed
4270,Female,IT,7.9,0,77,80,2,3,2,63.9,61.7,6.1,83,4.7,Yes,No,3,Tier2,Placed
4271,Male,ECE,7.9,0,79,70,2,1,1,46.0,26.2,1.8,85,4.2,Yes,Yes,1,Tier3,Placed
4272,Female,ECE,6.8,0,71,62,1,1,1,20.0,11.9,2.7,85,3.9,Yes,No,0,None,NotPlaced
4273,Male,CSE,7.6,0,55,69,1,1,3,41.5,31.2,2.5,65,4.0,Yes,Yes,0,None,NotPlaced
4274,Male,ECE,7.3,0,57,61,1,1,0,31.8,20.6,2.1,68,4.4,No,No,0,None,NotPlaced
4275,Male,IT,6.9,0,59,68,1,2,1,24.2,23.9,4.9,81,4.3,No,Yes,0,None,NotPlaced
4276,Male,CSE,8.3,0,80,81,2,2,1,65.7,65.2,4.8,88,4.6,Yes,Yes,2,Tier2,Placed
4277,Male,CSE,8.3,0,77,86,1,3,0,67.6,45.2,5.5,84,4.7,Yes,Yes,1,Tier3,Placed
4278,Male,ECE,7.5,0,79,84,0,3,0,41.3,33.6,5.0,65,4.3,Yes,Yes,0,None,NotPlaced
4279,Male,EEE,8.2,0,79,88,2,3,2,72.0,58.4,7.2,90,4.8,Yes,Yes,3,Tier2,Placed
4280,Male,ECE,7.8,0,68,67,0,3,0,49.2,38.4,5.3,74,4.1,No,Yes,0,None,NotPlaced
4281,Male,Mechanical,7.7,0,82,65,0,2,1,38.9,21.9,4.8,81,3.8,Yes,Yes,0,None,NotPlaced
4282,Female,EEE,6.6,0,55,61,1,1,0,20.0,15.4,2.3,72,4.2,No,No,0,None,NotPlaced
4283,Male,ECE,8.0,0,90,86,2,3,2,51.9,39.4,8.4,90,4.8,Yes,Yes,2,Tier2,Placed
4284,Male,ECE,8.4,0,83,81,2,3,2,69.4,61.7,5.3,90,4.4,Yes,Yes,4,Tier1,Placed
4285,Male,IT,8.2,0,85,81,2,3,2,71.6,61.6,6.0,90,4.8,Yes,Yes,4,Tier1,Placed
4286,Male,ECE,7.5,0,68,68,0,2,1,35.9,20.5,4.9,87,4.1,Yes,Yes,0,None,NotPlaced
4287,Female,CSE,8.3,0,71,66,0,3,0,53.6,42.3,5.9,87,4.4,Yes,Yes,3,Tier1,Placed
4288,Male,Mechanical,8.0,0,86,83,2,3,2,68.8,52.2,5.5,89,4.8,Yes,No,2,Tier2,Placed
4289,Male,Mechanical,6.5,0,55,67,1,2,0,20.0,37.4,5.3,86,3.9,No,No,0,None,NotPlaced
4290,Female,IT,7.4,0,59,74,1,2,1,32.9,32.8,4.0,83,4.2,Yes,Yes,2,Tier3,Placed
4291,Male,Mechanical,6.5,1,57,71,1,1,0,24.0,14.8,0.7,74,4.2,No,Yes,0,None,NotPlaced
4292,Male,CSE,6.7,0,55,62,1,2,0,20.0,13.5,2.9,63,3.7,No,No,0,None,NotPlaced
4293,Male,CSE,8.8,0,85,81,1,3,2,79.4,60.7,8.1,90,4.8,Yes,Yes,3,Tier2,Placed
4294,Female,CSE,8.2,0,88,80,2,3,2,64.2,55.9,6.3,90,4.8,Yes,Yes,1,Tier3,Placed
4295,Male,Mechanical,7.3,0,90,82,1,3,3,45.7,44.0,5.6,90,4.7,Yes,Yes,2,Tier3,Placed
4296,Male,ECE,8.6,0,55,67,2,3,2,71.5,59.1,6.2,83,4.8,Yes,No,0,None,NotPlaced
4297,Male,EEE,7.8,0,56,88,1,3,1,48.8,40.0,7.0,84,4.5,Yes,Yes,0,None,NotPlaced
4298,Male,CSE,8.6,0,73,86,1,3,2,73.6,58.0,7.9,84,4.8,Yes,Yes,4,Tier1,Placed
4299,Male,IT,8.5,0,84,87,1,3,2,71.0,55.9,7.8,80,4.8,Yes,Yes,3,Tier1,Placed
4300,Male,EEE,8.1,0,86,87,2,3,2,71.7,44.0,6.2,90,4.8,Yes,Yes,3,Tier2,Placed
4301,Male,CSE,7.7,2,70,84,1,3,1,52.8,43.6,6.5,79,4.4,Yes,Yes,3,Tier1,Placed
4302,Female,ECE,8.5,0,57,71,1,0,0,56.1,41.9,2.1,81,4.1,No,No,0,None,NotPlaced
4303,Female,CSE,7.5,1,77,72,2,2,0,47.3,27.1,6.0,80,4.8,Yes,Yes,4,Tier1,Placed
4304,Male,CSE,8.1,0,60,78,0,1,1,42.8,56.6,2.7,81,4.5,Yes,Yes,3,Tier2,Placed
4305,Female,IT,7.5,0,76,85,1,2,2,34.2,33.2,1.7,75,4.3,No,Yes,2,Tier2,Placed
4306,Male,ECE,8.8,0,73,82,2,3,2,76.9,61.9,6.5,88,4.7,Yes,Yes,3,Tier2,Placed
4307,Male,CSE,8.3,0,78,85,2,3,3,72.6,55.3,5.7,83,4.6,Yes,No,2,Tier3,Placed
4308,Male,CSE,7.5,0,55,69,1,2,0,40.6,40.4,4.1,68,3.8,Yes,Yes,0,None,NotPlaced
4309,Female,CSE,8.2,0,56,66,1,2,0,55.9,36.9,3.0,79,4.8,No,Yes,0,None,NotPlaced
4310,Female,IT,6.5,0,87,67,1,1,1,20.0,18.2,1.8,74,4.0,No,No,0,None,NotPlaced
4311,Male,CSE,7.6,0,65,58,0,1,1,30.6,19.4,2.1,62,3.9,No,No,0,None,NotPlaced
4312,Female,ECE,6.5,0,75,84,1,1,0,20.0,26.8,2.3,78,4.1,Yes,Yes,0,None,NotPlaced
4313,Male,ECE,8.6,0,82,87,2,3,2,70.1,50.6,5.7,90,4.8,Yes,No,3,Tier1,Placed
4314,Female,IT,7.8,0,55,68,0,1,1,37.2,40.3,1.8,60,4.1,No,No,0,None,NotPlaced
4315,Female,Mechanical,6.6,0,61,73,1,1,1,20.0,18.6,1.5,60,3.9,No,No,0,None,NotPlaced
4316,Male,ECE,8.5,0,73,75,1,2,2,61.9,57.3,3.1,86,4.6,Yes,Yes,1,Tier3,Placed
4317,Female,CSE,7.3,0,55,66,1,1,0,37.8,36.5,2.6,76,4.2,No,Yes,0,None,NotPlaced
4318,Male,CSE,8.6,0,84,87,2,3,2,79.4,72.2,6.3,90,4.8,Yes,Yes,4,Tier1,Placed
4319,Male,Mechanical,7.6,0,61,60,1,1,1,38.4,26.1,2.7,74,4.3,Yes,Yes,0,None,NotPlaced
4320,Male,CSE,8.2,0,79,86,2,3,2,63.5,59.8,6.8,90,4.8,Yes,Yes,1,Tier3,Placed
4321,Male,CSE,7.5,0,55,73,0,2,1,44.8,22.8,5.0,70,4.4,Yes,Yes,2,Tier2,Placed
4322,Female,CSE,8.8,0,68,87,1,2,2,73.9,59.7,5.1,85,4.8,Yes,Yes,1,Tier3,Placed
4323,Female,ECE,7.9,0,57,68,1,3,1,52.8,39.0,5.7,71,4.6,Yes,Yes,0,None,NotPlaced
4324,Male,ECE,8.2,0,80,66,0,1,0,39.6,22.7,2.3,69,4.8,No,Yes,0,None,NotPlaced
4325,Female,Civil,8.3,0,79,82,2,3,2,76.3,53.6,6.7,82,4.7,Yes,Yes,2,Tier2,Placed
4326,Female,Mechanical,6.9,2,71,57,1,1,1,30.0,22.4,3.1,73,3.6,No,No,0,None,NotPlaced
4327,Male,ECE,7.3,0,83,78,1,1,1,22.7,21.4,3.8,79,4.8,Yes,No,0,None,NotPlaced
4328,Female,IT,7.6,0,60,62,1,1,1,30.0,22.4,3.3,62,3.4,No,No,0,None,NotPlaced
4329,Male,IT,7.4,0,57,66,0,1,0,25.3,24.7,1.1,71,4.4,No,No,0,None,NotPlaced
4330,Female,CSE,8.5,0,73,83,2,3,2,63.1,45.6,8.3,90,4.2,Yes,No,2,Tier2,Placed
4331,Male,CSE,8.2,0,78,69,2,3,2,68.1,50.6,7.1,75,3.9,Yes,Yes,0,None,NotPlaced
4332,Male,CSE,7.4,0,81,68,1,2,1,44.9,36.1,4.7,78,4.4,No,Yes,0,None,NotPlaced
4333,Male,CSE,7.5,0,74,86,1,2,2,33.8,32.5,5.7,82,4.8,Yes,Yes,0,None,NotPlaced
4334,Male,IT,6.6,1,58,64,1,2,1,23.6,30.5,5.5,80,4.1,Yes,Yes,0,None,NotPlaced
4335,Male,IT,8.4,0,87,80,2,3,2,69.1,63.3,5.9,90,4.8,Yes,Yes,3,Tier2,Placed
4336,Male,Civil,8.4,0,73,82,2,3,2,80.2,66.1,8.0,90,4.5,Yes,Yes,3,Tier2,Placed
4337,Male,EEE,7.2,0,69,64,0,2,0,27.2,29.9,5.4,82,3.9,Yes,No,2,Tier2,Placed
4338,Female,Civil,8.1,0,78,80,2,3,2,73.6,61.8,5.5,87,4.8,Yes,Yes,0,None,NotPlaced
4339,Male,IT,8.6,0,62,81,1,2,1,60.0,47.0,3.5,83,4.6,No,Yes,0,None,NotPlaced
4340,Male,IT,8.3,0,76,80,2,3,2,73.9,67.0,5.8,90,4.8,Yes,Yes,3,Tier2,Placed
4341,Male,IT,7.6,0,72,84,0,3,0,47.3,32.8,5.6,78,4.5,Yes,Yes,0,None,NotPlaced
4342,Male,CSE,7.9,0,62,60,1,1,1,40.3,18.0,2.9,69,3.9,No,No,0,None,NotPlaced
4343,Female,CSE,8.3,0,87,88,0,3,1,56.0,39.0,5.5,90,4.6,Yes,Yes,4,Tier1,Placed
4344,Female,Mechanical,7.6,0,57,62,1,1,0,36.6,43.1,0.7,69,4.5,No,No,0,None,NotPlaced
4345,Male,Civil,6.5,1,55,67,0,1,0,20.0,17.5,5.0,65,4.1,Yes,No,0,None,NotPlaced
4346,Male,CSE,6.5,0,63,62,0,2,1,20.0,22.4,3.6,69,3.8,No,No,0,None,NotPlaced
4347,Female,CSE,8.2,0,78,78,2,3,0,75.4,58.7,7.7,90,4.8,Yes,Yes,3,Tier2,Placed
4348,Male,IT,8.3,0,58,63,1,1,1,51.7,47.6,3.1,77,3.4,No,No,0,None,NotPlaced
4349,Female,CSE,8.0,0,81,88,2,3,2,67.2,55.7,7.8,90,4.6,Yes,Yes,4,Tier1,Placed
4350,Male,IT,8.3,0,79,74,1,3,2,63.0,50.5,7.1,77,4.5,Yes,Yes,2,Tier2,Placed
4351,Female,CSE,7.5,0,78,69,1,3,2,48.1,44.7,7.0,68,3.6,Yes,Yes,2,Tier2,Placed
4352,Male,IT,8.3,0,76,70,1,3,0,63.8,48.3,6.5,82,4.1,No,Yes,0,None,NotPlaced
4353,Male,CSE,7.6,0,59,62,1,1,0,36.7,35.5,1.8,76,4.6,No,Yes,0,None,NotPlaced
4354,Female,IT,7.7,0,75,58,1,1,0,40.2,33.6,2.7,76,3.8,No,Yes,0,None,NotPlaced
4355,Male,CSE,8.8,0,70,79,2,3,2,79.8,63.1,6.7,90,4.8,Yes,Yes,3,Tier2,Placed
4356,Male,IT,7.6,2,56,70,0,1,0,26.0,17.8,1.9,68,4.0,No,Yes,0,None,NotPlaced
4357,Male,Civil,6.5,1,55,66,1,2,1,24.8,21.8,5.9,68,3.7,No,Yes,0,None,NotPlaced
4358,Male,IT,7.5,0,65,71,1,2,1,41.2,31.5,3.5,78,3.8,No,Yes,0,None,NotPlaced
4359,Male,Mechanical,7.8,0,78,83,2,3,0,52.8,54.1,7.0,90,4.8,Yes,Yes,2,Tier3,Placed
4360,Male,EEE,7.6,0,79,82,1,3,1,40.3,22.5,7.4,86,4.6,Yes,Yes,0,None,NotPlaced
4361,Male,Civil,7.5,1,57,69,1,1,1,34.5,37.9,2.5,74,4.6,No,Yes,0,None,NotPlaced
4362,Male,Mechanical,6.5,1,65,65,1,3,1,24.9,10.3,6.3,76,4.8,No,Yes,0,None,NotPlaced
4363,Female,ECE,7.6,1,62,60,1,1,0,37.2,36.4,0.7,67,3.8,No,No,0,None,NotPlaced
4364,Male,EEE,8.5,0,78,84,2,3,2,70.1,50.5,7.2,90,4.7,Yes,Yes,2,Tier3,Placed
4365,Male,CSE,7.8,0,55,69,2,1,0,44.7,43.7,2.2,88,4.0,No,Yes,0,None,NotPlaced
4366,Female,IT,8.0,0,59,72,1,2,0,49.1,41.0,5.1,85,4.3,No,Yes,0,None,NotPlaced
4367,Male,Civil,8.0,0,61,70,1,2,0,59.8,37.2,5.7,76,4.4,Yes,Yes,3,Tier2,Placed
4368,Male,EEE,8.2,0,82,80,2,3,3,72.8,69.1,8.2,81,4.8,Yes,Yes,4,Tier1,Placed
4369,Male,Civil,7.5,0,55,70,1,2,1,47.7,46.5,3.0,77,3.7,No,Yes,0,None,NotPlaced
4370,Male,EEE,7.8,0,58,61,1,1,1,39.1,38.0,1.0,73,4.0,No,No,0,None,NotPlaced
4371,Male,Mechanical,6.6,1,55,70,0,2,0,22.1,16.1,4.3,64,3.8,No,Yes,0,None,NotPlaced
4372,Male,EEE,8.2,0,75,82,1,3,2,63.5,59.0,8.1,90,4.6,Yes,Yes,3,Tier1,Placed
4373,Male,EEE,8.4,0,56,63,1,3,2,74.3,49.8,5.8,89,4.2,No,No,0,None,NotPlaced
4374,Male,ECE,8.3,0,77,83,0,3,2,59.6,31.7,6.3,87,4.7,Yes,Yes,1,Tier3,Placed
4375,Male,Civil,6.9,2,77,84,1,3,1,30.0,16.2,5.4,86,4.5,Yes,Yes,2,Tier2,Placed
4376,Male,EEE,7.6,0,76,64,1,2,0,33.0,22.3,4.4,73,3.8,No,Yes,0,None,NotPlaced
4377,Male,Mechanical,6.5,0,80,64,1,2,0,29.3,21.1,3.9,74,4.0,No,Yes,3,Tier2,Placed
4378,Female,ECE,8.3,0,83,82,1,2,0,59.4,44.4,4.6,70,4.8,Yes,Yes,3,Tier2,Placed
4379,Male,IT,7.9,0,81,80,2,3,2,64.7,50.1,7.9,88,4.7,Yes,No,1,Tier3,Placed
4380,Male,CSE,7.7,0,55,69,1,1,1,44.4,33.1,2.9,80,4.1,Yes,No,0,None,NotPlaced
4381,Male,Mechanical,8.5,0,69,86,2,3,3,65.7,36.2,7.0,79,4.1,Yes,Yes,0,None,NotPlaced
4382,Male,EEE,6.7,1,70,73,1,3,0,31.2,29.9,7.9,73,4.5,Yes,Yes,1,Tier3,Placed
4383,Male,CSE,8.5,0,72,85,1,3,3,67.8,51.6,9.2,70,3.8,Yes,Yes,2,Tier3,Placed
4384,Male,CSE,7.1,0,69,69,1,1,0,28.7,21.6,2.6,79,4.3,Yes,Yes,1,Tier3,Placed
4385,Female,EEE,8.2,0,79,85,1,3,2,59.5,60.9,6.1,90,4.4,Yes,Yes,0,None,NotPlaced
4386,Male,EEE,7.9,0,76,87,2,3,2,56.0,44.4,5.0,79,4.1,No,Yes,0,None,NotPlaced
4387,Female,Mechanical,7.4,0,55,62,1,2,1,32.9,30.6,5.5,79,4.4,Yes,Yes,2,Tier3,Placed
4388,Male,EEE,7.3,1,75,83,1,2,1,42.7,42.4,3.9,68,4.6,Yes,No,0,None,NotPlaced
4389,Male,IT,7.6,2,69,74,1,1,0,31.3,16.3,1.6,70,4.5,No,No,0,None,NotPlaced
4390,Male,IT,8.4,0,55,72,0,2,0,51.2,41.9,4.7,69,4.0,Yes,Yes,3,Tier2,Placed
4391,Male,CSE,8.2,0,76,85,1,3,2,66.2,60.3,8.6,85,4.6,Yes,Yes,0,None,NotPlaced
4392,Male,Mechanical,6.6,1,55,81,2,3,0,32.5,28.8,8.2,75,3.9,Yes,Yes,0,None,NotPlaced
4393,Male,CSE,6.8,1,61,71,1,1,0,20.0,9.6,1.5,67,4.1,Yes,No,0,None,NotPlaced
4394,Male,ECE,7.7,0,79,84,1,1,0,29.1,23.7,4.6,80,4.2,Yes,Yes,2,Tier2,Placed
4395,Female,ECE,8.3,0,55,70,2,3,2,69.7,57.2,5.8,77,4.0,Yes,Yes,0,None,NotPlaced
4396,Female,ECE,8.4,0,83,58,2,1,0,58.5,31.7,3.2,84,4.4,Yes,Yes,0,None,NotPlaced
4397,Male,Mechanical,7.9,0,79,80,0,3,2,51.0,32.9,5.2,89,4.5,No,Yes,0,None,NotPlaced
4398,Male,CSE,8.3,0,81,81,2,3,2,72.2,74.4,6.6,90,4.8,Yes,Yes,3,Tier1,Placed
4399,Male,Mechanical,7.1,0,70,84,1,2,2,24.9,28.6,4.0,81,4.8,Yes,Yes,0,None,NotPlaced
4400,Male,CSE,6.8,2,72,84,1,2,0,20.0,33.2,6.7,81,4.2,Yes,Yes,0,None,NotPlaced
4401,Male,CSE,6.6,1,68,69,1,1,0,26.3,33.1,2.9,86,4.4,Yes,Yes,3,Tier2,Placed
4402,Male,IT,7.9,0,62,71,1,1,1,47.2,42.5,2.2,70,3.4,No,No,0,None,NotPlaced
4403,Male,CSE,7.4,0,56,75,1,1,1,34.8,29.3,0.9,82,3.7,No,No,0,None,NotPlaced
4404,Male,EEE,8.2,0,85,62,0,3,2,54.7,48.1,5.6,75,4.6,Yes,Yes,3,Tier2,Placed
4405,Female,ECE,8.0,0,67,86,2,3,2,62.8,63.7,5.6,90,4.3,No,Yes,2,Tier2,Placed
4406,Female,CSE,8.8,0,86,85,2,2,2,72.0,65.0,5.5,89,4.8,Yes,Yes,0,None,NotPlaced
4407,Female,CSE,6.5,2,55,60,1,2,0,27.6,27.9,3.9,80,3.8,No,Yes,0,None,NotPlaced
4408,Male,EEE,6.6,2,62,72,0,1,0,20.0,19.6,3.0,78,4.8,No,No,0,None,NotPlaced
4409,Male,EEE,8.5,0,84,60,0,3,2,66.6,58.7,7.1,90,4.7,Yes,No,3,Tier1,Placed
4410,Male,ECE,6.8,0,79,62,1,2,0,26.2,20.7,4.0,73,4.3,No,Yes,1,Tier3,Placed
4411,Male,ECE,7.7,0,55,69,1,2,0,49.0,45.2,5.5,77,4.2,Yes,Yes,3,Tier2,Placed
4412,Male,EEE,7.5,0,78,68,1,3,1,50.5,36.4,7.1,74,4.7,Yes,Yes,1,Tier3,Placed
4413,Female,ECE,7.8,1,58,61,1,1,0,39.2,31.7,3.9,79,3.8,Yes,Yes,0,None,NotPlaced
4414,Male,CSE,7.9,0,77,84,2,3,2,58.3,40.7,7.6,90,4.7,Yes,Yes,3,Tier2,Placed
4415,Male,ECE,8.7,0,64,66,2,3,0,77.4,57.1,6.9,72,4.3,No,Yes,3,Tier2,Placed
4416,Male,ECE,8.5,0,61,63,1,1,0,47.6,34.4,2.7,73,4.0,No,Yes,0,None,NotPlaced
4417,Male,EEE,8.0,0,73,80,1,2,0,50.8,57.2,6.4,90,4.7,Yes,Yes,2,Tier2,Placed
4418,Male,ECE,8.0,0,71,83,2,1,0,48.4,34.8,2.8,90,4.3,No,Yes,0,None,NotPlaced
4419,Male,Civil,7.8,1,56,72,1,1,0,27.0,28.1,4.7,68,4.3,Yes,Yes,0,None,NotPlaced
4420,Male,IT,6.5,0,55,67,1,2,0,20.0,13.5,3.5,79,4.5,No,Yes,0,None,NotPlaced
4421,Male,Civil,7.8,1,55,86,1,1,2,33.1,30.9,3.8,82,4.2,Yes,Yes,0,None,NotPlaced
4422,Female,ECE,6.5,1,62,72,1,2,1,23.5,25.4,3.6,74,4.6,Yes,Yes,0,None,NotPlaced
4423,Male,ECE,7.9,0,83,64,1,2,1,52.2,28.7,5.9,77,4.4,Yes,No,0,None,NotPlaced
4424,Female,CSE,6.9,1,78,81,2,1,2,23.9,13.6,3.1,89,4.7,Yes,Yes,2,Tier2,Placed
4425,Male,IT,7.9,0,86,79,2,3,2,64.7,45.8,7.9,90,4.8,Yes,Yes,3,Tier1,Placed
4426,Male,Mechanical,6.5,0,81,83,1,2,0,24.0,13.2,6.7,76,4.1,Yes,Yes,2,Tier2,Placed
4427,Male,EEE,7.6,0,63,81,1,1,0,33.9,32.0,2.8,84,4.5,No,Yes,2,Tier2,Placed
4428,Male,CSE,7.8,1,55,69,1,2,0,54.7,46.7,4.6,72,4.4,Yes,Yes,0,None,NotPlaced
4429,Male,ECE,6.7,1,81,64,0,1,1,20.0,12.8,0.9,81,4.1,No,Yes,0,None,NotPlaced
4430,Female,CSE,6.5,0,63,63,1,2,0,28.4,27.2,4.5,70,3.9,No,Yes,0,None,NotPlaced
4431,Female,Civil,8.5,0,79,81,2,3,2,72.9,55.7,6.7,90,4.6,Yes,Yes,3,Tier1,Placed
4432,Male,Mechanical,8.1,0,69,82,1,2,1,48.8,40.2,4.7,76,3.7,No,Yes,0,None,NotPlaced
4433,Male,CSE,7.7,0,57,66,0,1,0,30.2,22.1,1.5,67,3.8,No,Yes,0,None,NotPlaced
4434,Female,Mechanical,7.7,0,76,68,0,1,0,26.5,29.7,2.1,81,4.4,Yes,Yes,0,None,NotPlaced
4435,Male,Mechanical,7.8,0,66,84,1,3,2,58.9,61.9,6.8,84,4.6,Yes,Yes,3,Tier2,Placed
4436,Male,IT,8.3,0,55,73,1,1,1,41.0,41.6,3.5,75,3.9,Yes,Yes,2,Tier2,Placed
4437,Male,ECE,8.5,0,75,86,1,3,2,75.9,72.4,7.1,90,4.7,Yes,Yes,2,Tier2,Placed
4438,Female,IT,8.1,0,57,69,0,1,1,35.3,19.8,1.2,70,3.7,No,Yes,0,None,NotPlaced
4439,Female,EEE,6.6,0,55,66,1,3,0,35.2,25.6,7.8,71,4.2,No,No,0,None,NotPlaced
4440,Male,ECE,7.4,0,62,64,0,1,1,26.1,28.3,1.9,61,3.8,No,No,0,None,NotPlaced
4441,Female,IT,8.1,0,55,80,1,3,2,62.4,62.0,4.7,69,4.6,Yes,Yes,0,None,NotPlaced
4442,Female,IT,8.4,0,85,82,2,3,2,69.0,61.6,7.9,90,4.8,Yes,Yes,4,Tier1,Placed
4443,Male,CSE,7.0,0,76,65,1,1,1,24.8,15.4,3.0,69,4.0,Yes,Yes,0,None,NotPlaced
4444,Male,Mechanical,6.8,0,86,71,1,2,1,27.7,22.5,4.8,73,4.3,Yes,No,0,None,NotPlaced
4445,Male,IT,7.7,0,59,72,0,2,1,32.7,32.8,4.8,81,4.6,Yes,Yes,0,None,NotPlaced
4446,Female,IT,8.7,0,84,86,2,3,2,73.2,58.0,6.8,90,4.3,Yes,Yes,3,Tier2,Placed
4447,Male,Mechanical,8.2,0,58,62,1,1,1,44.3,30.8,3.7,69,4.2,No,No,0,None,NotPlaced
4448,Female,ECE,8.1,0,55,61,0,1,0,36.2,30.9,2.5,88,4.3,No,No,0,None,NotPlaced
4449,Male,ECE,8.4,0,70,69,1,3,0,73.3,57.9,6.3,74,4.6,No,Yes,0,None,NotPlaced
4450,Female,Civil,8.2,0,71,82,1,3,2,63.0,42.5,6.7,79,4.8,Yes,Yes,4,Tier1,Placed
4451,Male,Mechanical,7.6,0,81,63,2,3,1,52.1,51.0,8.7,74,4.2,Yes,Yes,0,None,NotPlaced
4452,Male,CSE,8.9,0,62,81,1,3,1,74.5,55.3,7.8,74,4.5,Yes,Yes,1,Tier3,Placed
4453,Female,IT,7.7,0,73,62,1,2,0,42.5,36.4,6.0,80,4.1,Yes,Yes,0,None,NotPlaced
4454,Female,Civil,7.4,0,55,59,1,1,0,29.6,35.4,2.3,71,3.9,No,Yes,0,None,NotPlaced
4455,Female,IT,8.2,0,74,81,2,3,2,62.6,50.9,8.0,90,4.5,Yes,Yes,2,Tier2,Placed
4456,Male,IT,8.0,0,76,85,2,2,2,51.9,51.9,5.4,86,4.5,Yes,Yes,2,Tier3,Placed
4457,Female,CSE,8.3,0,63,88,0,3,2,63.8,44.5,6.6,90,4.3,Yes,Yes,4,Tier1,Placed
4458,Male,CSE,7.5,0,71,86,0,3,0,44.9,42.8,6.4,88,4.0,No,Yes,0,None,NotPlaced
4459,Male,ECE,8.7,0,76,85,2,2,2,69.2,63.3,7.1,90,4.7,Yes,Yes,2,Tier3,Placed
4460,Male,EEE,8.1,0,58,68,0,2,0,48.0,34.0,4.2,78,4.0,No,No,0,None,NotPlaced
4461,Male,Civil,8.2,0,85,80,2,3,2,67.8,54.1,8.3,90,4.8,Yes,Yes,2,Tier3,Placed
4462,Male,ECE,8.5,0,90,83,2,3,2,73.0,57.9,8.2,90,4.8,Yes,Yes,4,Tier1,Placed
4463,Female,CSE,8.0,0,83,85,1,3,2,61.6,51.9,7.6,79,4.8,Yes,Yes,2,Tier2,Placed
4464,Male,CSE,7.2,0,55,69,1,1,1,29.2,30.7,3.7,72,4.0,No,Yes,4,Tier1,Placed
4465,Female,Civil,7.2,0,75,75,1,3,0,35.1,24.2,3.8,77,4.6,No,Yes,0,None,NotPlaced
4466,Male,ECE,7.1,0,69,69,2,3,0,45.3,38.0,5.2,75,3.5,Yes,No,0,None,NotPlaced
4467,Male,IT,8.0,0,86,81,2,3,2,56.5,60.3,8.7,89,4.8,Yes,Yes,3,Tier2,Placed
4468,Male,Mechanical,8.4,0,80,82,2,3,1,75.2,68.9,6.4,87,4.7,Yes,Yes,2,Tier2,Placed
4469,Female,ECE,8.0,0,82,81,2,3,2,67.8,61.9,7.1,90,4.8,Yes,Yes,3,Tier2,Placed
4470,Female,CSE,8.1,0,83,88,2,3,2,62.9,50.0,8.8,84,4.6,Yes,Yes,4,Tier1,Placed
4471,Female,Mechanical,6.5,0,63,65,1,1,0,20.0,36.5,2.2,61,3.6,No,Yes,0,None,NotPlaced
4472,Female,Civil,8.3,0,55,74,0,2,2,41.4,44.1,6.7,77,3.8,Yes,Yes,0,None,NotPlaced
4473,Male,CSE,8.1,0,77,84,2,3,2,70.9,58.0,6.6,90,4.7,Yes,Yes,3,Tier2,Placed
4474,Male,Mechanical,7.8,0,56,64,0,2,0,45.5,40.3,4.6,74,4.3,No,No,0,None,NotPlaced
4475,Female,ECE,7.4,1,76,67,2,1,2,41.8,31.9,2.1,70,4.3,No,Yes,0,None,NotPlaced
4476,Male,ECE,7.9,0,55,61,1,1,1,48.4,44.1,3.5,79,4.0,No,No,0,None,NotPlaced
4477,Male,Civil,6.7,1,66,62,2,2,0,23.9,27.3,3.7,65,4.7,No,No,0,None,NotPlaced
4478,Male,Civil,7.2,1,63,67,1,1,0,31.4,35.2,1.0,84,4.3,No,Yes,0,None,NotPlaced
4479,Male,CSE,8.3,0,55,70,2,1,1,61.4,48.8,2.5,81,4.0,Yes,Yes,3,Tier2,Placed
4480,Male,CSE,8.1,0,76,85,1,2,1,45.5,27.3,4.6,80,4.4,Yes,Yes,2,Tier2,Placed
4481,Male,CSE,7.5,1,73,73,1,3,0,48.1,42.8,6.4,80,4.3,Yes,Yes,0,None,NotPlaced
4482,Male,ECE,8.2,0,83,86,2,1,2,50.2,48.1,2.3,81,4.0,Yes,Yes,0,None,NotPlaced
4483,Male,CSE,8.3,0,67,82,1,2,1,61.3,42.7,6.1,85,4.8,Yes,Yes,3,Tier2,Placed
4484,Male,IT,7.6,0,62,69,1,1,0,23.0,22.5,3.4,79,4.0,No,Yes,0,None,NotPlaced
4485,Male,CSE,7.5,1,55,65,1,1,1,42.1,46.5,2.4,70,4.6,No,Yes,0,None,NotPlaced
4486,Female,IT,8.7,0,71,68,1,3,0,72.4,49.2,6.4,90,4.2,Yes,Yes,4,Tier1,Placed
4487,Male,CSE,7.6,0,74,69,0,2,0,42.6,35.1,3.4,84,4.2,No,No,0,None,NotPlaced
4488,Male,EEE,7.6,1,55,57,1,1,0,34.7,44.1,0.9,88,4.2,Yes,Yes,3,Tier1,Placed
4489,Female,CSE,7.6,0,65,68,0,1,1,32.5,30.9,2.4,76,4.5,No,No,0,None,NotPlaced
4490,Male,IT,8.3,1,75,82,2,2,0,50.4,38.4,4.3,81,4.0,Yes,No,3,Tier2,Placed
4491,Male,Mechanical,7.6,0,55,60,0,2,1,36.1,30.6,5.5,60,4.3,No,Yes,0,None,NotPlaced
4492,Female,EEE,8.0,0,87,86,2,3,1,68.2,62.2,5.6,87,4.7,Yes,Yes,2,Tier2,Placed
4493,Male,CSE,8.4,0,75,88,1,3,1,68.4,53.8,6.4,84,4.5,Yes,Yes,2,Tier2,Placed
4494,Female,CSE,8.4,0,79,82,2,3,2,63.8,56.9,6.9,83,4.8,Yes,No,0,None,NotPlaced
4495,Female,EEE,7.5,0,84,65,2,1,0,38.3,35.1,3.5,71,3.4,Yes,No,0,None,NotPlaced
4496,Male,ECE,6.5,1,55,70,1,1,0,20.0,23.8,3.8,81,3.9,No,Yes,0,None,NotPlaced
4497,Male,EEE,7.6,0,73,85,1,2,1,38.5,39.4,2.6,79,4.2,No,Yes,3,Tier2,Placed
4498,Male,IT,7.6,2,59,60,1,2,0,35.4,29.1,3.7,74,4.6,No,Yes,0,None,NotPlaced
4499,Male,IT,8.0,0,72,71,1,3,0,62.1,43.2,5.6,81,4.3,Yes,Yes,0,None,NotPlaced
4500,Male,IT,7.6,0,55,70,0,2,0,43.6,41.4,5.8,79,4.0,Yes,Yes,0,None,NotPlaced
4501,Male,ECE,8.6,0,74,87,1,3,2,81.6,64.2,6.4,90,4.8,Yes,Yes,2,Tier2,Placed
4502,Male,Mechanical,7.2,1,60,75,1,2,2,27.6,22.6,3.9,76,3.6,No,No,0,None,NotPlaced
4503,Male,CSE,7.6,0,55,60,1,3,2,54.8,49.1,5.8,72,4.2,No,No,0,None,NotPlaced
4504,Male,ECE,7.5,1,80,86,1,3,1,53.2,55.5,7.1,89,4.8,Yes,Yes,0,None,NotPlaced
4505,Male,CSE,7.6,2,72,64,0,2,1,35.1,31.0,3.8,85,4.6,No,Yes,2,Tier3,Placed
4506,Male,ECE,7.0,0,72,84,1,3,0,34.4,32.2,5.0,90,4.2,No,Yes,1,Tier3,Placed
4507,Female,Mechanical,8.0,0,68,85,1,3,3,53.6,36.2,7.1,90,4.7,Yes,Yes,4,Tier1,Placed
4508,Male,ECE,7.4,1,55,67,1,1,0,28.4,24.4,1.2,70,4.0,No,Yes,0,None,NotPlaced
4509,Male,Mechanical,8.1,0,78,86,2,3,0,67.0,56.8,6.8,90,4.4,No,Yes,2,Tier2,Placed
4510,Female,ECE,8.1,0,73,88,1,1,0,51.8,43.2,3.1,79,4.4,Yes,Yes,0,None,NotPlaced
4511,Male,Civil,7.4,0,55,68,0,1,1,31.5,25.2,2.0,67,4.5,Yes,No,0,None,NotPlaced
4512,Male,Mechanical,6.8,1,57,71,1,2,0,20.0,26.0,6.4,69,3.7,No,Yes,0,None,NotPlaced
4513,Male,CSE,6.9,0,80,80,1,3,0,33.1,30.6,8.7,77,4.8,Yes,Yes,2,Tier3,Placed
4514,Male,CSE,8.2,0,90,85,1,3,2,69.5,77.2,9.4,87,4.8,Yes,No,1,Tier3,Placed
4515,Male,IT,8.0,0,75,73,1,2,2,47.3,42.2,4.7,82,4.7,Yes,Yes,3,Tier2,Placed
4516,Male,CSE,7.7,0,55,66,1,1,1,36.7,9.7,1.2,67,3.9,No,No,0,None,NotPlaced
4517,Male,IT,8.5,0,64,61,1,3,0,60.5,40.3,7.8,76,3.9,Yes,Yes,0,None,NotPlaced
4518,Female,IT,8.1,1,61,82,2,3,1,71.8,61.2,8.1,74,4.0,Yes,No,0,None,NotPlaced
4519,Male,Civil,8.1,0,70,64,2,3,0,56.4,41.1,7.2,75,3.5,Yes,Yes,0,None,NotPlaced
4520,Male,ECE,6.7,2,55,64,0,3,0,20.0,16.3,3.9,77,4.6,No,No,0,None,NotPlaced
4521,Female,EEE,8.4,0,72,67,1,2,1,64.3,42.7,4.0,84,4.3,Yes,Yes,0,None,NotPlaced
4522,Male,Mechanical,8.2,0,73,88,1,0,2,48.6,38.3,1.4,90,4.7,Yes,Yes,2,Tier3,Placed
4523,Female,Mechanical,7.5,1,77,69,1,2,0,39.5,35.7,3.3,72,4.4,No,Yes,2,Tier2,Placed
4524,Male,IT,7.4,1,82,66,1,3,2,46.8,42.5,5.6,74,4.6,Yes,Yes,0,None,NotPlaced
4525,Female,ECE,8.4,0,75,63,0,2,2,58.5,40.0,4.7,80,4.1,Yes,Yes,1,Tier3,Placed
4526,Male,IT,8.2,0,79,80,1,2,2,56.4,53.9,1.8,89,4.3,Yes,No,3,Tier1,Placed
4527,Female,ECE,6.5,0,55,63,0,1,1,20.0,10.8,1.4,70,4.2,No,Yes,0,None,NotPlaced
4528,Female,IT,7.5,0,73,79,2,1,0,35.6,34.7,2.6,70,4.6,Yes,No,0,None,NotPlaced
4529,Male,EEE,8.4,0,57,62,2,1,1,48.2,43.5,3.3,78,3.9,Yes,Yes,0,None,NotPlaced
4530,Male,IT,7.6,2,55,82,1,2,2,44.2,31.3,4.5,87,3.9,No,No,3,Tier2,Placed
4531,Male,IT,8.9,0,81,87,2,3,2,81.5,56.7,7.4,90,4.7,Yes,Yes,3,Tier1,Placed
4532,Male,Civil,6.6,1,55,70,1,1,0,20.0,24.0,2.9,77,3.9,No,No,0,None,NotPlaced
4533,Male,CSE,8.7,0,83,85,2,3,2,73.0,54.7,6.8,90,4.8,Yes,Yes,2,Tier2,Placed
4534,Male,IT,8.7,0,79,81,1,3,2,68.5,54.4,5.5,89,4.7,Yes,Yes,3,Tier2,Placed
4535,Male,ECE,8.5,0,72,85,2,3,2,77.1,67.6,7.0,90,4.8,Yes,Yes,1,Tier3,Placed
4536,Male,CSE,8.5,0,88,85,2,3,2,78.4,66.6,6.1,88,4.4,Yes,Yes,2,Tier2,Placed
4537,Male,EEE,7.4,0,87,64,1,3,1,45.4,30.8,4.6,71,4.1,No,Yes,3,Tier2,Placed
4538,Male,CSE,7.5,0,68,69,1,1,0,30.8,27.9,2.6,75,4.4,No,No,0,None,NotPlaced
4539,Male,Mechanical,7.8,0,55,57,1,1,0,34.7,23.7,0.6,77,3.8,No,No,0,None,NotPlaced
4540,Male,CSE,8.6,0,82,83,1,2,2,67.7,61.7,5.7,82,4.3,Yes,Yes,2,Tier2,Placed
4541,Male,IT,7.7,0,58,85,1,2,2,45.2,52.0,3.7,90,4.7,Yes,Yes,3,Tier2,Placed
4542,Male,ECE,8.3,0,87,79,2,3,0,71.8,51.6,6.7,90,4.8,Yes,Yes,2,Tier3,Placed
4543,Male,IT,7.4,0,63,61,1,1,1,32.8,28.5,1.4,64,3.9,No,No,0,None,NotPlaced
4544,Male,IT,7.8,0,55,85,1,2,0,45.5,46.7,5.1,83,4.7,No,Yes,0,None,NotPlaced
4545,Male,IT,8.5,0,79,61,0,2,0,50.2,43.4,5.6,90,4.4,Yes,Yes,4,Tier1,Placed
4546,Female,IT,7.5,0,70,75,1,2,1,36.0,36.5,3.2,76,4.4,No,Yes,0,None,NotPlaced
4547,Male,ECE,8.3,0,69,78,0,3,0,65.6,54.1,6.8,86,4.5,Yes,Yes,3,Tier2,Placed
4548,Male,EEE,6.7,1,59,62,1,2,1,21.4,13.7,5.3,80,4.5,No,Yes,0,None,NotPlaced
4549,Female,ECE,7.7,1,55,73,1,3,2,50.9,43.9,7.5,81,4.8,No,Yes,0,None,NotPlaced
4550,Female,ECE,7.5,0,80,65,1,1,3,27.3,34.8,1.6,74,4.6,Yes,Yes,2,Tier2,Placed
4551,Female,IT,6.6,0,83,84,1,3,0,24.9,27.8,8.3,87,4.7,Yes,Yes,2,Tier3,Placed
4552,Male,CSE,6.6,1,60,71,1,3,2,27.2,39.1,8.2,79,4.5,Yes,Yes,3,Tier2,Placed
4553,Male,EEE,8.2,0,72,87,2,3,0,76.4,47.0,7.2,85,4.7,Yes,Yes,2,Tier2,Placed
4554,Female,Mechanical,7.8,0,59,75,1,1,0,42.3,40.3,2.9,85,4.0,Yes,Yes,0,None,NotPlaced
4555,Male,CSE,8.0,0,66,67,1,1,1,40.4,30.2,2.4,79,4.6,Yes,No,0,None,NotPlaced
4556,Male,ECE,6.5,0,63,68,1,1,0,20.0,12.8,0.7,64,4.1,No,No,0,None,NotPlaced
4557,Female,ECE,7.7,0,73,67,1,3,0,52.2,53.9,6.3,74,4.7,No,Yes,1,Tier3,Placed
4558,Female,IT,8.6,0,71,82,2,3,1,82.8,64.0,6.8,90,4.3,Yes,Yes,3,Tier1,Placed
4559,Female,EEE,6.5,1,61,70,1,1,0,24.1,19.9,2.4,65,4.3,No,No,0,None,NotPlaced
4560,Female,CSE,6.9,0,70,60,1,1,0,26.1,27.0,2.5,67,3.8,No,No,0,None,NotPlaced
4561,Female,EEE,6.5,0,57,71,1,2,1,21.5,4.9,6.5,79,3.9,No,Yes,0,None,NotPlaced
4562,Male,CSE,6.5,1,75,72,1,3,1,32.5,40.7,7.2,79,3.5,No,Yes,0,None,NotPlaced
4563,Female,ECE,6.5,0,79,76,1,3,1,29.1,42.6,6.5,78,3.2,No,No,0,None,NotPlaced
4564,Male,EEE,8.4,0,79,62,1,3,2,57.8,54.5,4.9,75,4.5,Yes,Yes,0,None,NotPlaced
4565,Male,IT,8.5,0,87,80,2,3,2,70.7,60.3,7.4,84,4.7,Yes,Yes,2,Tier2,Placed
4566,Female,CSE,7.2,0,84,82,1,3,0,38.2,31.1,7.6,68,4.4,No,No,0,None,NotPlaced
4567,Male,Civil,7.6,0,57,65,1,1,0,31.6,20.8,2.6,81,3.3,Yes,Yes,0,None,NotPlaced
4568,Male,Mechanical,7.0,2,62,64,1,2,2,40.0,44.9,6.2,82,3.9,No,No,0,None,NotPlaced
4569,Male,EEE,8.1,1,76,74,1,2,1,58.6,54.5,5.5,68,4.8,Yes,Yes,2,Tier3,Placed
4570,Female,IT,7.5,0,55,68,2,2,1,48.2,43.0,5.3,63,4.0,Yes,Yes,0,None,NotPlaced
4571,Male,CSE,8.6,0,69,86,0,2,1,62.1,53.2,4.0,79,3.8,Yes,Yes,3,Tier1,Placed
4572,Female,Civil,7.3,0,72,69,1,3,1,35.5,34.4,7.5,79,3.3,No,Yes,0,None,NotPlaced
4573,Male,IT,8.9,0,76,81,1,2,1,72.6,53.5,4.2,76,4.8,Yes,Yes,3,Tier1,Placed
4574,Female,Mechanical,8.1,0,73,69,1,1,1,49.7,62.5,1.4,86,4.5,No,Yes,0,None,NotPlaced
4575,Female,IT,7.6,0,77,64,0,1,0,20.0,18.0,0.1,70,4.6,No,Yes,2,Tier2,Placed
4576,Male,IT,7.6,1,55,87,1,2,0,46.8,37.1,4.9,86,4.7,No,Yes,0,None,NotPlaced
4577,Male,Civil,7.3,0,55,61,1,1,0,21.9,31.0,2.6,75,3.9,No,No,0,None,NotPlaced
4578,Male,ECE,6.5,1,60,66,1,1,0,20.0,19.9,3.0,68,4.3,Yes,No,0,None,NotPlaced
4579,Female,CSE,8.4,0,71,74,0,1,3,52.6,44.1,3.7,83,4.3,Yes,Yes,0,None,NotPlaced
4580,Male,CSE,8.1,0,79,87,2,3,2,61.0,62.1,7.6,90,4.8,Yes,Yes,1,Tier3,Placed
4581,Female,ECE,7.8,0,60,64,1,2,0,43.4,42.3,4.6,72,3.6,Yes,Yes,0,None,NotPlaced
4582,Male,CSE,8.3,0,82,80,1,3,0,69.9,62.3,6.2,84,4.4,Yes,Yes,2,Tier2,Placed
4583,Female,ECE,6.7,0,55,69,1,1,1,20.0,8.7,0.3,67,4.0,No,Yes,0,None,NotPlaced
4584,Female,IT,8.0,0,75,82,0,1,0,37.1,36.5,1.8,81,4.5,No,No,0,None,NotPlaced
4585,Female,Mechanical,7.1,0,69,72,1,2,0,32.0,22.2,3.7,87,4.2,Yes,Yes,2,Tier3,Placed
4586,Female,IT,8.5,0,72,65,1,2,1,62.7,47.0,5.2,75,4.7,Yes,No,0,None,NotPlaced
4587,Male,Civil,6.6,0,55,66,1,1,0,20.0,23.5,1.8,90,3.9,No,Yes,0,None,NotPlaced
4588,Male,IT,7.4,0,62,68,0,1,0,26.6,25.2,1.6,76,3.7,No,Yes,0,None,NotPlaced
4589,Female,EEE,7.4,0,60,68,1,2,0,36.5,38.4,5.0,85,4.6,No,Yes,2,Tier2,Placed
4590,Female,CSE,7.8,1,61,82,1,1,0,40.8,40.7,1.0,66,4.1,No,Yes,0,None,NotPlaced
4591,Male,ECE,8.5,0,80,82,2,3,2,75.6,67.8,5.2,90,4.8,Yes,Yes,2,Tier3,Placed
4592,Male,Civil,6.5,1,59,72,1,2,0,30.5,17.0,3.8,71,4.3,No,No,0,None,NotPlaced
4593,Male,EEE,8.1,0,81,86,0,3,1,54.1,64.9,6.3,90,4.7,Yes,Yes,0,None,NotPlaced
4594,Male,IT,8.6,0,75,85,0,3,0,65.1,53.5,7.1,90,4.0,Yes,No,0,None,NotPlaced
4595,Male,ECE,8.4,0,57,82,2,1,0,57.2,57.5,2.1,86,4.6,Yes,Yes,0,None,NotPlaced
4596,Male,EEE,7.5,0,71,69,1,1,0,37.8,12.8,2.4,72,4.3,No,Yes,0,None,NotPlaced
4597,Female,Mechanical,8.1,0,78,85,0,3,0,50.5,41.3,6.0,90,4.5,Yes,No,3,Tier2,Placed
4598,Male,Civil,7.6,0,55,70,0,1,0,30.5,17.4,1.0,86,4.2,No,Yes,0,None,NotPlaced
4599,Male,IT,7.8,0,55,74,0,1,1,21.5,14.5,2.6,71,3.9,No,No,0,None,NotPlaced
4600,Male,Civil,7.4,0,55,61,0,1,0,24.6,23.2,2.0,62,3.9,No,No,0,None,NotPlaced
4601,Male,CSE,8.3,0,79,82,0,1,1,49.4,38.8,1.8,77,4.7,Yes,Yes,3,Tier2,Placed
4602,Female,IT,6.5,0,66,74,0,1,0,20.0,30.6,1.0,68,4.5,No,No,0,None,NotPlaced
4603,Female,CSE,7.9,0,55,82,1,1,1,41.9,50.1,1.6,73,4.3,No,No,0,None,NotPlaced
4604,Male,CSE,8.1,0,67,87,1,2,0,50.4,33.7,2.9,68,4.7,No,Yes,2,Tier2,Placed
4605,Female,Mechanical,7.1,1,55,65,1,1,1,20.7,16.5,1.7,66,4.2,No,No,0,None,NotPlaced
4606,Female,Mechanical,7.6,0,58,72,1,2,0,47.9,31.9,4.7,73,4.2,Yes,Yes,0,None,NotPlaced
4607,Female,Mechanical,6.5,0,55,61,1,2,0,20.0,29.6,3.1,71,4.4,No,No,0,None,NotPlaced
4608,Male,EEE,7.2,0,65,70,1,1,1,28.5,27.4,2.7,69,3.7,No,No,0,None,NotPlaced
4609,Female,ECE,6.7,0,61,62,0,1,0,20.0,21.3,1.0,78,3.8,No,Yes,0,None,NotPlaced
4610,Male,EEE,7.0,2,55,65,0,1,1,20.0,22.4,3.2,66,3.8,No,No,0,None,NotPlaced
4611,Male,ECE,6.5,1,57,66,2,1,2,20.0,18.7,2.8,80,4.6,Yes,No,1,Tier3,Placed
4612,Male,EEE,7.5,0,55,63,0,1,0,23.3,14.9,1.3,60,3.5,No,No,0,None,NotPlaced
4613,Male,ECE,7.6,0,55,65,1,1,0,37.6,32.6,3.5,65,4.1,Yes,No,0,None,NotPlaced
4614,Male,EEE,6.7,1,77,58,1,1,2,20.0,18.1,2.0,69,3.5,No,No,0,None,NotPlaced
4615,Male,ECE,6.7,1,67,63,0,1,0,20.0,24.2,2.8,82,3.8,No,No,0,None,NotPlaced
4616,Male,Mechanical,8.4,0,59,81,2,2,2,62.7,37.2,2.0,71,3.4,No,Yes,0,None,NotPlaced
4617,Female,CSE,8.5,0,81,86,1,3,2,74.6,61.7,7.5,89,4.8,Yes,Yes,3,Tier1,Placed
4618,Female,IT,8.8,0,87,81,2,2,2,72.7,52.3,4.5,77,3.9,Yes,No,0,None,NotPlaced
4619,Male,EEE,8.2,0,68,63,1,2,0,59.8,49.3,5.0,69,3.9,Yes,Yes,0,None,NotPlaced
4620,Female,ECE,6.7,0,63,63,0,3,1,30.8,34.8,6.9,67,4.2,Yes,No,0,None,NotPlaced
4621,Female,Mechanical,8.0,0,70,71,1,1,0,45.7,34.8,4.3,81,4.4,Yes,Yes,0,None,NotPlaced
4622,Female,ECE,7.3,1,63,74,1,2,1,35.3,42.0,2.1,86,3.4,No,Yes,0,None,NotPlaced
4623,Male,IT,8.2,0,78,77,2,3,3,73.1,45.3,8.6,90,4.2,Yes,Yes,0,None,NotPlaced
4624,Female,Mechanical,8.1,0,82,84,2,3,0,64.2,64.0,7.7,74,4.3,Yes,Yes,0,None,NotPlaced
4625,Female,IT,7.6,0,71,64,1,2,0,34.4,41.0,4.2,78,3.8,No,No,0,None,NotPlaced
4626,Female,ECE,6.8,0,59,66,1,1,1,20.0,12.9,0.6,67,4.1,No,No,0,None,NotPlaced
4627,Male,IT,8.2,0,68,68,0,1,2,44.3,30.9,0.3,77,4.3,No,No,0,None,NotPlaced
4628,Male,CSE,7.5,0,61,67,1,1,1,25.0,11.7,1.4,68,4.3,No,No,0,None,NotPlaced
4629,Male,ECE,8.5,0,82,83,1,3,2,64.6,60.6,7.6,89,4.8,Yes,Yes,3,Tier2,Placed
4630,Male,CSE,8.1,0,78,67,2,3,0,59.8,47.1,7.0,88,4.6,Yes,Yes,1,Tier3,Placed
4631,Male,Mechanical,6.7,0,57,80,1,2,0,28.9,23.4,4.6,71,4.3,No,No,0,None,NotPlaced
4632,Male,EEE,8.8,0,58,69,0,1,0,62.4,42.3,0.5,84,4.5,No,Yes,3,Tier1,Placed
4633,Female,CSE,8.3,0,82,85,2,3,2,69.0,70.9,7.0,90,4.5,Yes,Yes,2,Tier2,Placed
4634,Female,ECE,7.9,0,84,85,1,3,1,59.7,40.9,8.1,77,4.3,Yes,Yes,2,Tier2,Placed
4635,Male,ECE,8.0,0,67,84,0,1,0,40.5,35.3,3.5,75,3.6,No,Yes,0,None,NotPlaced
4636,Female,CSE,7.8,0,82,80,2,2,2,59.8,51.6,3.7,89,4.7,Yes,Yes,3,Tier1,Placed
4637,Male,CSE,7.8,0,77,86,2,3,2,56.7,44.6,6.6,90,4.8,Yes,Yes,1,Tier3,Placed
4638,Female,ECE,7.4,0,62,70,1,1,0,29.9,21.8,1.7,63,3.8,No,Yes,0,None,NotPlaced
4639,Female,ECE,8.2,0,80,71,1,1,2,45.3,36.5,1.4,86,3.4,No,Yes,0,None,NotPlaced
4640,Female,EEE,6.5,1,60,68,2,2,1,26.4,29.8,5.9,76,3.9,Yes,Yes,0,None,NotPlaced
4641,Female,ECE,7.7,0,83,86,1,3,2,65.5,50.5,9.9,83,4.7,Yes,Yes,0,None,NotPlaced
4642,Male,EEE,8.3,0,73,87,2,3,2,70.2,70.2,5.9,90,4.8,Yes,Yes,3,Tier1,Placed
4643,Female,EEE,7.5,0,70,64,1,2,1,36.7,25.2,4.4,64,4.2,No,Yes,0,None,NotPlaced
4644,Male,ECE,7.8,0,79,83,2,3,1,54.2,51.6,7.3,85,4.8,Yes,Yes,4,Tier1,Placed
4645,Female,EEE,7.7,0,62,65,0,1,1,38.3,19.4,2.3,74,4.0,No,Yes,0,None,NotPlaced
4646,Female,IT,8.2,0,85,81,2,3,2,63.7,46.0,8.3,85,4.8,Yes,Yes,3,Tier1,Placed
4647,Female,Mechanical,7.4,0,68,85,1,1,2,34.3,24.8,3.4,81,4.6,Yes,Yes,3,Tier2,Placed
4648,Male,ECE,8.4,0,55,87,1,3,0,63.6,43.0,3.9,81,4.7,No,Yes,0,None,NotPlaced
4649,Female,EEE,8.2,0,73,78,2,3,2,61.7,53.6,5.6,90,4.8,Yes,Yes,4,Tier1,Placed
4650,Male,ECE,7.8,0,59,71,1,2,1,50.0,40.4,3.9,70,4.3,Yes,Yes,3,Tier2,Placed
4651,Male,CSE,7.6,0,55,62,1,1,0,31.8,11.0,1.3,78,4.2,No,No,0,None,NotPlaced
4652,Female,ECE,7.5,0,59,73,1,2,0,43.1,53.0,3.9,76,4.7,No,Yes,0,None,NotPlaced
4653,Male,IT,7.5,0,61,70,1,2,1,43.5,39.0,3.8,79,4.5,No,Yes,0,None,NotPlaced
4654,Female,ECE,7.6,0,70,80,1,3,1,53.7,45.7,5.2,90,4.5,Yes,Yes,0,None,NotPlaced
4655,Male,ECE,7.4,0,66,68,1,2,0,37.7,43.5,3.4,74,4.1,Yes,Yes,0,None,NotPlaced
4656,Male,EEE,8.3,0,82,76,1,1,2,52.4,51.7,0.9,79,3.7,Yes,Yes,2,Tier2,Placed
4657,Female,ECE,7.6,2,55,70,1,1,0,30.4,26.2,0.4,81,4.0,No,No,0,None,NotPlaced
4658,Male,ECE,8.0,0,73,82,0,3,2,41.7,20.9,8.0,82,4.8,Yes,No,4,Tier1,Placed
4659,Male,CSE,8.3,0,83,88,1,3,2,68.5,60.6,6.7,90,4.8,Yes,Yes,1,Tier3,Placed
4660,Female,Civil,7.7,0,65,68,1,1,0,37.8,24.4,1.0,63,3.9,No,No,3,Tier2,Placed
4661,Male,EEE,7.5,0,59,71,1,1,1,29.9,37.1,0.1,69,3.4,No,Yes,0,None,NotPlaced
4662,Male,Mechanical,7.4,2,55,75,0,1,0,20.0,14.3,1.0,72,4.5,No,Yes,0,None,NotPlaced
4663,Male,IT,8.4,0,55,85,0,1,0,35.8,28.3,3.6,76,4.2,Yes,Yes,2,Tier2,Placed
4664,Female,ECE,7.0,1,55,73,1,1,1,23.3,11.2,3.5,63,3.7,Yes,Yes,0,None,NotPlaced
4665,Female,CSE,8.3,0,78,83,2,3,2,78.2,52.7,6.7,90,4.8,Yes,Yes,4,Tier1,Placed
4666,Female,ECE,7.5,0,77,67,1,1,1,32.3,28.6,1.7,76,3.9,No,Yes,0,None,NotPlaced
4667,Male,CSE,7.7,0,83,67,1,3,2,51.2,42.0,5.2,86,4.4,Yes,Yes,2,Tier2,Placed
4668,Female,ECE,8.3,0,71,73,2,3,2,69.9,53.2,5.2,90,4.7,No,Yes,4,Tier1,Placed
4669,Female,ECE,7.5,0,77,67,1,1,1,43.9,54.1,3.6,77,4.1,Yes,No,0,None,NotPlaced
4670,Female,IT,7.6,1,55,68,2,1,3,43.8,41.5,1.3,67,3.7,No,Yes,0,None,NotPlaced
4671,Male,ECE,8.1,0,73,86,1,3,2,56.3,47.6,8.6,90,4.3,Yes,Yes,3,Tier1,Placed
4672,Female,Mechanical,7.9,0,79,87,1,3,1,57.1,25.1,8.2,80,4.8,Yes,No,3,Tier2,Placed
4673,Female,CSE,8.4,0,73,79,1,1,2,52.7,50.5,1.5,78,4.1,No,Yes,0,None,NotPlaced
4674,Male,EEE,8.0,0,81,77,1,3,0,53.7,69.4,6.7,87,4.3,Yes,Yes,2,Tier2,Placed
4675,Male,CSE,7.5,0,67,62,1,2,0,44.8,36.9,7.2,78,4.4,Yes,Yes,4,Tier1,Placed
4676,Female,CSE,7.7,0,55,66,0,2,0,35.9,24.9,4.8,70,4.0,No,Yes,0,None,NotPlaced
4677,Male,CSE,7.6,0,55,78,1,1,0,27.4,26.9,3.1,71,3.9,Yes,Yes,3,Tier2,Placed
4678,Female,EEE,7.6,0,67,73,1,1,0,35.4,19.3,2.2,66,4.1,No,No,0,None,NotPlaced
4679,Female,ECE,6.5,1,55,71,0,2,0,20.0,24.0,5.1,70,4.4,Yes,Yes,0,None,NotPlaced
4680,Male,Mechanical,8.4,0,66,84,0,3,2,62.0,63.5,7.0,90,4.6,Yes,Yes,0,None,NotPlaced
4681,Male,ECE,7.8,0,60,68,0,1,1,30.2,22.7,0.9,77,4.3,No,No,3,Tier1,Placed
4682,Male,CSE,8.4,2,85,65,0,3,2,58.9,43.1,5.6,78,4.8,No,Yes,3,Tier1,Placed
4683,Female,ECE,8.5,0,82,70,2,3,2,79.6,63.2,5.6,90,4.8,Yes,Yes,4,Tier1,Placed
4684,Male,CSE,8.0,0,71,81,0,3,3,56.2,41.8,7.7,72,4.5,Yes,Yes,2,Tier2,Placed
4685,Female,EEE,7.5,0,56,58,1,1,0,28.2,14.9,2.9,81,3.8,Yes,Yes,0,None,NotPlaced
4686,Male,CSE,7.0,0,55,82,1,2,2,21.2,19.9,5.8,90,4.5,Yes,Yes,2,Tier3,Placed
4687,Male,IT,7.6,0,55,71,0,1,1,25.4,19.3,0.7,69,4.5,No,No,3,Tier2,Placed
4688,Male,EEE,7.6,1,73,65,1,1,0,35.8,41.4,3.4,60,4.2,No,Yes,0,None,NotPlaced
4689,Male,Civil,7.4,0,72,85,1,3,0,43.8,47.7,8.3,87,4.8,Yes,Yes,1,Tier3,Placed
4690,Female,IT,7.9,1,89,85,1,1,0,37.5,44.9,1.4,83,4.8,Yes,Yes,3,Tier1,Placed
4691,Male,EEE,8.3,0,55,86,2,3,0,67.1,60.9,6.5,84,3.9,Yes,Yes,2,Tier3,Placed
4692,Male,IT,6.7,0,89,67,0,3,0,27.6,27.3,6.6,70,4.7,Yes,No,0,None,NotPlaced
4693,Male,Mechanical,7.2,0,81,88,1,3,2,46.9,33.7,5.6,87,4.8,Yes,Yes,3,Tier2,Placed
4694,Male,ECE,8.2,0,87,63,2,3,2,68.0,65.9,6.7,86,4.5,Yes,Yes,2,Tier2,Placed
4695,Male,CSE,7.7,0,57,71,1,1,1,37.3,35.2,2.6,70,4.1,No,No,0,None,NotPlaced
4696,Female,IT,7.5,0,66,67,0,1,0,26.9,16.1,1.5,81,4.4,No,No,0,None,NotPlaced
4697,Male,CSE,8.2,0,72,82,1,3,1,60.5,42.2,5.3,80,4.8,Yes,Yes,1,Tier3,Placed
4698,Male,IT,8.2,0,81,80,1,2,0,59.5,39.4,5.8,87,4.2,Yes,Yes,0,None,NotPlaced
4699,Male,CSE,7.5,1,69,84,1,1,0,36.7,15.7,2.2,71,3.7,Yes,Yes,0,None,NotPlaced
4700,Female,EEE,6.8,0,56,62,1,2,1,37.2,35.5,3.3,71,3.7,No,Yes,0,None,NotPlaced
4701,Male,Civil,6.5,1,55,70,0,1,1,20.0,10.0,3.7,66,3.6,No,No,0,None,NotPlaced
4702,Male,CSE,7.5,2,55,65,1,1,1,30.5,22.7,2.4,82,4.6,No,Yes,0,None,NotPlaced
4703,Female,IT,8.5,0,74,85,2,3,2,69.5,57.1,6.2,90,4.6,Yes,Yes,3,Tier2,Placed
4704,Male,ECE,7.5,0,55,65,1,1,1,37.8,32.2,0.8,80,4.1,No,Yes,0,None,NotPlaced
4705,Male,Mechanical,7.7,0,65,67,1,1,0,32.9,23.4,3.0,68,4.3,No,Yes,0,None,NotPlaced
4706,Male,ECE,7.3,0,59,57,1,2,0,41.0,47.0,4.9,68,3.8,No,Yes,0,None,NotPlaced
4707,Female,ECE,6.5,1,55,57,1,1,1,20.0,8.4,1.5,73,4.2,No,No,0,None,NotPlaced
4708,Male,IT,7.9,0,73,81,0,1,0,37.7,22.4,1.7,88,4.3,Yes,Yes,0,None,NotPlaced
4709,Female,CSE,8.0,0,76,80,2,2,2,50.7,46.1,5.4,77,4.8,Yes,No,0,None,NotPlaced
4710,Male,CSE,8.4,0,70,78,2,3,3,75.9,56.2,7.6,90,4.6,Yes,Yes,3,Tier2,Placed
4711,Male,ECE,7.1,0,61,68,2,1,2,23.8,18.3,2.6,77,4.1,Yes,Yes,0,None,NotPlaced
4712,Male,CSE,7.7,0,66,67,2,1,1,43.4,28.0,1.9,70,3.5,Yes,Yes,2,Tier2,Placed
4713,Male,EEE,6.6,0,63,74,1,1,1,20.0,23.2,2.0,72,4.3,No,No,0,None,NotPlaced
4714,Female,IT,8.4,0,57,71,0,3,0,62.5,53.4,7.5,87,4.6,Yes,Yes,2,Tier2,Placed
4715,Male,ECE,8.4,0,80,75,1,3,0,65.0,54.0,6.5,84,4.1,Yes,Yes,0,None,NotPlaced
4716,Male,CSE,8.5,0,83,87,2,3,2,71.9,53.8,7.3,90,4.8,Yes,Yes,4,Tier1,Placed
4717,Male,Mechanical,8.4,0,60,85,2,1,2,56.8,41.3,3.4,84,4.5,Yes,Yes,0,None,NotPlaced
4718,Female,Mechanical,7.0,1,64,59,0,2,1,21.0,20.0,5.1,73,3.9,No,No,0,None,NotPlaced
4719,Male,CSE,8.4,0,76,78,2,2,0,59.0,57.1,4.6,90,4.1,Yes,Yes,0,None,NotPlaced
4720,Female,ECE,6.8,0,58,73,1,1,0,20.0,33.2,0.9,74,4.2,No,Yes,0,None,NotPlaced
4721,Male,ECE,7.6,0,63,87,1,3,1,49.0,50.1,6.9,77,4.1,Yes,No,2,Tier3,Placed
4722,Male,CSE,7.8,0,87,80,2,3,2,55.0,50.1,8.7,84,4.4,Yes,No,0,None,NotPlaced
4723,Male,IT,8.1,0,56,68,2,2,1,62.6,57.5,3.2,65,4.8,Yes,No,0,None,NotPlaced
4724,Male,CSE,7.5,0,55,59,1,1,0,31.3,19.7,0.0,81,4.2,No,Yes,0,None,NotPlaced
4725,Male,Mechanical,8.3,0,84,86,2,3,2,68.9,50.6,6.9,90,4.4,Yes,Yes,2,Tier2,Placed
4726,Male,Mechanical,8.3,0,74,70,1,2,2,50.4,46.3,3.6,76,4.5,No,Yes,2,Tier2,Placed
4727,Female,ECE,8.2,0,70,83,1,3,2,73.4,58.0,6.8,84,4.4,Yes,Yes,3,Tier2,Placed
4728,Female,ECE,7.4,1,73,83,1,3,2,59.1,51.4,6.8,81,4.5,Yes,Yes,0,None,NotPlaced
4729,Female,Mechanical,7.5,2,56,63,1,1,1,29.1,35.7,3.0,83,4.4,No,Yes,0,None,NotPlaced
4730,Male,Mechanical,7.6,0,70,63,0,2,1,44.1,44.8,5.0,81,4.4,Yes,Yes,2,Tier2,Placed
4731,Male,Civil,6.7,0,65,71,1,1,1,20.0,12.0,2.8,75,3.8,No,No,0,None,NotPlaced
4732,Male,CSE,7.8,0,82,64,2,3,1,68.0,54.8,4.5,79,3.9,Yes,Yes,0,None,NotPlaced
4733,Female,CSE,7.4,0,76,71,0,1,1,27.7,17.8,1.5,64,4.7,No,Yes,0,None,NotPlaced
4734,Female,ECE,8.6,0,86,81,1,3,0,71.5,50.5,6.2,74,4.4,Yes,Yes,1,Tier3,Placed
4735,Male,ECE,8.1,0,72,83,2,3,2,53.5,31.9,4.7,90,4.8,Yes,Yes,3,Tier2,Placed
4736,Male,CSE,7.6,0,59,75,2,1,1,35.6,33.6,2.1,85,4.4,No,Yes,0,None,NotPlaced
4737,Male,CSE,7.4,0,55,74,1,3,1,47.1,25.3,5.9,73,4.4,No,Yes,0,None,NotPlaced
4738,Male,Mechanical,8.3,0,61,71,2,2,0,63.0,55.4,4.5,90,4.3,Yes,Yes,1,Tier3,Placed
4739,Male,Mechanical,7.6,2,64,83,0,3,0,39.9,46.4,5.9,85,4.3,No,Yes,1,Tier3,Placed
4740,Male,IT,7.9,0,88,77,2,3,2,58.4,53.2,7.1,90,4.8,Yes,No,2,Tier3,Placed
4741,Female,Mechanical,8.4,0,75,87,2,3,2,74.8,60.8,8.0,89,4.5,Yes,Yes,4,Tier1,Placed
4742,Male,ECE,8.4,0,76,85,0,3,2,55.1,58.8,7.6,88,3.7,Yes,Yes,1,Tier3,Placed
4743,Male,EEE,8.5,0,88,87,1,3,2,69.7,59.5,7.3,90,4.8,Yes,Yes,0,None,NotPlaced
4744,Female,IT,8.5,0,79,83,2,3,2,80.2,57.3,9.3,90,4.3,Yes,Yes,3,Tier1,Placed
4745,Male,CSE,7.5,0,55,70,1,1,0,34.9,33.1,1.3,85,4.5,No,No,0,None,NotPlaced
4746,Male,IT,8.8,0,77,76,1,3,2,76.7,77.4,5.6,89,4.4,Yes,Yes,3,Tier1,Placed
4747,Male,IT,8.3,0,78,71,1,3,1,54.9,35.6,7.2,66,4.3,No,No,0,None,NotPlaced
4748,Male,ECE,8.1,0,75,83,1,1,0,40.9,24.4,3.9,76,4.2,No,Yes,3,Tier1,Placed
4749,Male,CSE,8.2,0,79,82,1,1,2,57.3,52.7,2.4,85,4.8,Yes,Yes,3,Tier2,Placed
4750,Female,Civil,8.3,1,80,75,1,1,0,46.0,37.6,3.4,80,3.6,No,Yes,0,None,NotPlaced
4751,Male,IT,6.7,0,58,59,1,1,0,23.3,18.4,1.5,71,4.5,No,No,0,None,NotPlaced
4752,Male,IT,7.1,0,81,82,1,1,1,21.9,12.1,3.6,76,4.2,Yes,Yes,3,Tier2,Placed
4753,Female,ECE,7.4,0,62,60,1,2,0,37.6,17.6,4.6,76,3.5,No,Yes,0,None,NotPlaced
4754,Male,ECE,8.4,0,85,67,0,3,0,64.6,41.0,6.4,83,4.5,Yes,Yes,4,Tier1,Placed
4755,Female,IT,8.0,0,64,70,2,1,2,48.5,54.2,3.8,81,3.9,No,No,2,Tier3,Placed
4756,Female,EEE,8.4,0,87,83,2,3,2,73.9,59.7,9.0,89,4.8,Yes,Yes,1,Tier3,Placed
4757,Male,ECE,7.8,0,76,63,1,1,0,34.9,15.8,1.0,79,4.6,No,No,0,None,NotPlaced
4758,Female,ECE,8.9,0,72,87,2,2,0,68.3,65.4,5.2,90,4.8,Yes,Yes,2,Tier2,Placed
4759,Male,EEE,8.2,0,84,78,2,3,1,63.6,62.5,7.9,90,4.8,Yes,Yes,3,Tier1,Placed
4760,Female,CSE,7.6,1,63,64,0,1,1,27.3,35.1,0.1,68,4.1,No,No,0,None,NotPlaced
4761,Male,IT,8.7,0,85,75,2,3,2,76.9,57.5,7.0,78,4.8,Yes,Yes,3,Tier1,Placed
4762,Female,Mechanical,7.2,0,73,70,1,2,0,40.2,32.7,3.3,75,4.2,Yes,Yes,1,Tier3,Placed
4763,Female,CSE,8.4,0,85,82,2,3,0,72.4,59.3,7.7,83,4.4,Yes,Yes,3,Tier2,Placed
4764,Male,IT,7.5,0,58,71,1,1,0,35.4,41.7,2.1,64,4.0,No,No,0,None,NotPlaced
4765,Male,Civil,7.4,0,68,73,1,2,0,39.7,30.2,3.6,76,4.5,No,No,0,None,NotPlaced
4766,Female,ECE,6.7,1,55,58,1,1,0,20.0,15.3,0.4,82,3.7,No,Yes,0,None,NotPlaced
4767,Female,ECE,7.0,0,57,64,1,2,1,31.1,34.9,3.4,84,3.9,No,Yes,0,None,NotPlaced
4768,Male,Civil,7.8,0,78,77,1,3,2,55.7,56.0,7.5,82,4.8,Yes,No,2,Tier3,Placed
4769,Female,CSE,8.1,0,77,81,2,3,2,69.8,56.5,7.0,90,4.6,Yes,Yes,1,Tier3,Placed
4770,Male,CSE,7.5,2,64,66,1,1,0,27.7,31.0,3.2,69,4.5,No,No,0,None,NotPlaced
4771,Male,Mechanical,7.4,0,55,73,1,1,0,20.8,22.4,3.1,77,3.8,No,Yes,0,None,NotPlaced
4772,Male,Mechanical,6.6,0,61,70,0,1,0,20.0,17.7,3.1,63,4.2,No,No,0,None,NotPlaced
4773,Male,ECE,6.6,0,80,66,0,1,1,20.0,13.8,1.5,72,3.5,No,Yes,0,None,NotPlaced
4774,Female,ECE,8.3,0,80,84,1,3,2,64.1,43.7,7.3,90,4.3,Yes,Yes,1,Tier3,Placed
4775,Male,Mechanical,6.7,0,56,68,1,1,0,20.0,15.4,1.0,70,3.7,No,Yes,0,None,NotPlaced
4776,Female,ECE,9.0,0,77,80,2,3,2,88.4,61.6,5.7,84,4.4,Yes,Yes,0,None,NotPlaced
4777,Male,CSE,8.1,0,72,88,1,3,2,58.7,51.5,7.2,90,4.7,No,Yes,2,Tier2,Placed
4778,Male,CSE,7.5,0,68,68,1,1,0,31.6,38.6,0.8,75,4.8,No,Yes,0,None,NotPlaced
4779,Male,IT,8.2,0,58,85,1,2,0,55.4,47.9,2.7,83,4.1,No,Yes,0,None,NotPlaced
4780,Male,Mechanical,7.7,0,57,73,1,1,0,30.9,20.9,2.1,74,3.3,No,Yes,0,None,NotPlaced
4781,Male,Mechanical,8.2,0,83,83,2,3,2,67.2,60.9,6.7,78,4.8,Yes,Yes,3,Tier1,Placed
4782,Male,Civil,7.5,0,55,71,0,1,0,27.7,28.8,1.8,78,4.0,No,No,0,None,NotPlaced
4783,Male,Mechanical,6.8,1,71,87,1,3,2,43.2,41.3,9.3,79,4.4,Yes,Yes,2,Tier2,Placed
4784,Male,ECE,8.4,0,71,83,0,3,0,60.5,46.3,6.0,90,4.5,Yes,Yes,4,Tier1,Placed
4785,Male,IT,7.7,0,70,88,1,3,2,54.0,54.7,7.5,87,4.8,Yes,Yes,1,Tier3,Placed
4786,Male,EEE,8.2,0,63,72,2,1,0,56.6,56.0,3.1,82,4.7,Yes,Yes,1,Tier3,Placed
4787,Female,EEE,8.3,0,76,78,1,3,2,60.8,48.2,8.0,79,4.7,Yes,Yes,0,None,NotPlaced
4788,Female,ECE,6.6,1,63,69,2,2,2,34.9,36.6,3.2,71,3.6,No,No,0,None,NotPlaced
4789,Male,CSE,8.6,0,83,81,2,1,3,68.8,64.2,2.8,80,4.5,Yes,Yes,2,Tier2,Placed
4790,Male,Civil,6.5,0,77,71,1,2,1,20.9,17.6,4.1,74,3.9,No,Yes,0,None,NotPlaced
4791,Male,IT,7.5,0,76,85,1,3,1,46.3,38.2,4.6,72,4.4,No,Yes,0,None,NotPlaced
4792,Female,IT,8.2,0,83,84,2,3,0,76.1,61.7,5.2,87,4.3,Yes,Yes,2,Tier3,Placed
4793,Male,EEE,7.2,0,73,65,1,2,1,39.0,25.4,4.0,76,4.1,No,No,0,None,NotPlaced
4794,Male,ECE,7.6,0,57,64,1,1,1,35.4,36.1,3.3,86,4.1,No,No,0,None,NotPlaced
4795,Male,IT,6.5,1,61,73,1,1,0,20.1,28.0,1.6,64,4.4,No,Yes,0,None,NotPlaced
4796,Male,Mechanical,7.4,0,79,71,1,2,0,45.6,37.9,3.8,79,4.2,No,Yes,2,Tier2,Placed
4797,Male,CSE,8.6,0,55,68,1,2,1,61.3,51.9,5.2,70,4.1,No,Yes,0,None,NotPlaced
4798,Female,CSE,7.7,2,73,83,2,3,0,59.2,59.8,6.9,80,4.8,Yes,Yes,3,Tier2,Placed
4799,Male,IT,7.6,0,77,71,1,2,2,45.9,36.1,4.8,80,4.5,No,Yes,3,Tier2,Placed
4800,Male,ECE,8.6,0,72,85,1,3,3,71.1,60.8,9.7,90,4.8,Yes,Yes,4,Tier1,Placed
4801,Male,Civil,7.3,0,61,64,1,1,0,22.0,17.2,2.4,71,3.8,Yes,No,0,None,NotPlaced
4802,Male,EEE,7.7,1,78,68,2,1,0,37.3,28.0,2.8,74,4.1,Yes,Yes,1,Tier3,Placed
4803,Female,Mechanical,7.8,1,60,86,1,3,0,48.2,43.9,7.4,82,4.2,Yes,No,3,Tier2,Placed
4804,Male,CSE,8.4,2,55,60,2,1,0,58.5,49.8,3.5,77,4.6,No,Yes,0,None,NotPlaced
4805,Female,CSE,7.5,0,82,69,1,3,0,43.1,42.2,6.9,84,4.2,Yes,Yes,2,Tier2,Placed
4806,Male,ECE,7.5,0,77,67,2,3,2,55.0,46.3,7.7,80,4.5,Yes,Yes,0,None,NotPlaced
4807,Male,IT,7.8,0,76,81,1,3,2,64.2,56.6,7.3,88,4.6,Yes,No,3,Tier2,Placed
4808,Female,Mechanical,6.5,0,59,73,1,1,1,20.1,33.5,1.9,68,4.7,No,No,0,None,NotPlaced
4809,Male,EEE,6.8,0,62,69,1,2,2,20.0,28.8,4.6,70,4.0,Yes,Yes,0,None,NotPlaced
4810,Female,Civil,7.5,1,61,71,1,1,0,26.6,27.7,2.4,71,3.6,Yes,No,3,Tier2,Placed
4811,Male,CSE,7.9,0,56,70,1,1,0,37.1,36.7,6.1,74,4.5,Yes,Yes,2,Tier3,Placed
4812,Female,ECE,7.4,0,79,62,2,3,0,46.2,37.1,4.5,80,4.0,No,Yes,0,None,NotPlaced
4813,Male,ECE,8.4,0,55,63,1,1,1,42.7,34.9,1.6,70,3.7,Yes,Yes,0,None,NotPlaced
4814,Male,CSE,7.6,0,67,63,0,1,1,29.9,32.0,3.2,79,3.5,Yes,Yes,1,Tier3,Placed
4815,Female,ECE,8.3,0,73,88,1,3,0,68.5,56.0,7.2,82,4.6,Yes,Yes,0,None,NotPlaced
4816,Female,ECE,7.2,1,77,83,2,1,1,36.8,40.1,3.4,89,4.0,Yes,Yes,0,None,NotPlaced
4817,Female,IT,8.3,0,79,84,1,3,1,62.6,62.0,6.1,89,4.8,Yes,Yes,3,Tier2,Placed
4818,Female,ECE,6.6,0,70,72,1,1,1,20.0,20.4,1.0,80,3.5,No,No,0,None,NotPlaced
4819,Female,CSE,8.4,0,75,82,0,3,1,63.8,36.7,6.7,90,4.5,Yes,Yes,3,Tier2,Placed
4820,Male,ECE,8.2,0,58,64,0,2,1,49.5,57.1,4.9,69,3.5,No,Yes,0,None,NotPlaced
4821,Male,IT,8.0,0,79,80,2,3,1,68.1,49.5,6.0,78,4.5,Yes,Yes,2,Tier2,Placed
4822,Male,CSE,8.4,0,69,82,2,3,2,74.2,61.6,7.2,90,4.6,Yes,Yes,3,Tier2,Placed
4823,Male,IT,8.4,0,80,88,1,3,2,65.1,58.9,6.5,84,4.8,Yes,Yes,2,Tier2,Placed
4824,Male,IT,7.3,0,56,65,1,2,1,27.7,36.8,2.5,68,3.9,No,No,0,None,NotPlaced
4825,Male,ECE,6.5,1,77,69,1,2,2,28.5,42.3,3.7,88,4.7,Yes,Yes,2,Tier2,Placed
4826,Male,CSE,7.4,0,61,67,0,2,1,30.6,25.6,4.9,79,4.6,No,Yes,0,None,NotPlaced
4827,Female,ECE,8.3,0,73,74,2,3,2,71.8,67.9,6.4,90,4.7,Yes,Yes,1,Tier3,Placed
4828,Male,ECE,8.3,0,55,65,2,2,1,52.4,44.0,5.2,64,4.0,No,Yes,3,Tier2,Placed
4829,Male,ECE,7.8,2,60,81,1,1,2,38.9,55.8,2.0,74,3.8,No,Yes,0,None,NotPlaced
4830,Male,EEE,8.2,0,85,85,2,3,2,68.5,64.9,5.6,90,4.6,Yes,Yes,4,Tier1,Placed
4831,Female,IT,8.2,0,79,68,1,3,1,63.7,51.1,6.5,88,3.9,No,No,0,None,NotPlaced
4832,Female,ECE,7.7,0,55,64,1,1,0,52.1,37.0,1.2,76,4.1,No,Yes,0,None,NotPlaced
4833,Male,Mechanical,6.5,1,55,68,1,3,2,25.8,3.6,6.6,73,4.3,Yes,Yes,2,Tier3,Placed
4834,Male,IT,8.3,0,73,85,2,2,2,66.1,59.8,5.1,90,4.7,No,Yes,0,None,NotPlaced
4835,Male,ECE,8.5,0,77,70,1,3,2,71.6,66.2,5.7,89,4.3,Yes,Yes,3,Tier2,Placed
4836,Male,IT,8.3,0,55,64,0,3,1,56.6,52.7,6.6,79,4.5,Yes,No,0,None,NotPlaced
4837,Male,ECE,6.6,1,80,62,2,2,0,32.0,10.3,2.9,75,4.4,No,No,0,None,NotPlaced
4838,Male,ECE,8.8,0,67,82,2,3,3,79.2,52.5,5.8,79,4.4,Yes,Yes,1,Tier3,Placed
4839,Male,CSE,8.4,0,78,85,2,3,2,76.4,65.4,6.5,90,4.8,Yes,Yes,3,Tier2,Placed
4840,Male,IT,7.9,1,76,81,1,3,1,66.8,69.1,6.1,90,4.8,Yes,Yes,3,Tier2,Placed
4841,Female,CSE,8.0,0,81,82,0,1,3,38.8,34.8,2.7,90,4.8,Yes,Yes,1,Tier3,Placed
4842,Female,IT,8.0,0,77,87,1,3,0,57.6,57.2,7.6,90,4.4,Yes,Yes,2,Tier2,Placed
4843,Male,CSE,7.6,1,75,86,2,3,2,61.3,42.7,6.2,90,4.8,Yes,Yes,1,Tier3,Placed
4844,Male,IT,8.8,0,74,88,2,3,2,87.0,70.7,5.5,90,4.8,Yes,Yes,4,Tier1,Placed
4845,Male,EEE,7.6,0,65,67,0,1,0,25.6,22.6,2.6,76,4.1,No,No,0,None,NotPlaced
4846,Male,EEE,7.6,0,74,72,1,3,0,48.7,49.8,6.2,69,3.9,Yes,Yes,3,Tier1,Placed
4847,Female,IT,8.7,0,72,87,2,3,3,81.4,60.7,8.8,89,4.5,Yes,Yes,2,Tier2,Placed
4848,Male,Civil,6.6,0,55,73,0,1,1,20.0,34.4,1.6,78,4.4,No,Yes,0,None,NotPlaced
4849,Female,EEE,7.3,0,78,87,0,1,2,20.0,18.9,2.9,82,4.7,Yes,Yes,3,Tier2,Placed
4850,Male,ECE,6.5,0,60,65,1,1,1,20.0,12.6,0.0,80,4.4,No,Yes,0,None,NotPlaced
4851,Female,EEE,8.6,0,78,81,2,2,2,71.4,49.0,3.8,81,4.8,Yes,Yes,3,Tier2,Placed
4852,Male,EEE,7.5,1,82,65,1,2,1,39.3,28.9,1.7,71,4.0,No,No,0,None,NotPlaced
4853,Female,ECE,8.5,0,67,85,1,3,2,69.3,59.3,7.3,87,4.8,Yes,Yes,2,Tier2,Placed
4854,Male,CSE,8.4,0,77,79,1,3,2,64.1,48.1,6.9,90,4.8,Yes,Yes,2,Tier2,Placed
4855,Male,ECE,7.4,0,78,74,1,1,1,25.5,18.5,3.6,80,3.6,Yes,Yes,0,None,NotPlaced
4856,Male,Mechanical,7.5,0,55,66,1,2,0,38.5,40.4,4.8,70,3.4,No,Yes,0,None,NotPlaced
4857,Male,ECE,7.4,1,57,69,0,1,1,26.4,0.0,3.0,70,3.9,No,No,0,None,NotPlaced
4858,Female,ECE,7.6,0,70,63,1,1,1,27.6,21.6,1.8,63,4.5,No,No,0,None,NotPlaced
4859,Female,ECE,8.0,0,73,87,2,3,0,61.9,40.8,6.1,90,4.7,No,Yes,3,Tier1,Placed
4860,Female,EEE,8.0,0,78,85,2,3,2,64.4,46.2,7.6,90,4.8,Yes,Yes,2,Tier2,Placed
4861,Male,IT,7.3,0,55,61,1,1,1,35.0,32.6,1.2,68,4.2,No,No,0,None,NotPlaced
4862,Female,ECE,7.5,0,55,68,0,2,0,34.4,28.5,4.1,67,4.3,Yes,Yes,0,None,NotPlaced
4863,Male,CSE,6.7,0,55,63,0,1,0,20.0,18.8,3.5,80,3.1,No,Yes,0,None,NotPlaced
4864,Male,ECE,7.7,0,85,71,1,1,0,36.0,41.8,1.2,79,4.3,Yes,Yes,0,None,NotPlaced
4865,Male,Mechanical,6.5,0,55,71,1,3,2,26.2,25.8,6.5,84,4.6,No,Yes,1,Tier3,Placed
4866,Male,CSE,7.5,0,55,64,1,1,1,35.8,45.2,2.3,63,3.5,No,No,0,None,NotPlaced
4867,Male,EEE,7.3,0,58,76,1,1,2,27.3,32.1,0.9,81,3.7,No,Yes,0,None,NotPlaced
4868,Male,IT,7.5,2,70,87,2,2,2,32.4,23.0,4.3,90,4.2,Yes,Yes,0,None,NotPlaced
4869,Male,CSE,8.5,0,89,79,2,3,1,92.5,87.9,6.6,85,4.1,Yes,Yes,3,Tier1,Placed
4870,Female,IT,8.3,1,87,86,2,3,2,70.7,59.8,7.2,90,4.5,Yes,Yes,2,Tier2,Placed
4871,Male,CSE,7.6,0,77,79,0,1,0,30.4,44.4,2.4,90,4.1,No,Yes,0,None,NotPlaced
4872,Male,IT,8.6,0,80,84,1,2,0,55.3,43.5,5.0,77,4.5,Yes,Yes,4,Tier1,Placed
4873,Male,IT,8.1,0,90,84,0,3,2,48.7,43.6,7.2,81,4.2,Yes,Yes,4,Tier1,Placed
4874,Male,EEE,8.3,0,77,81,1,3,2,64.5,56.7,6.7,90,4.5,No,Yes,0,None,NotPlaced
4875,Male,EEE,8.3,0,86,85,0,3,2,61.7,49.9,7.6,89,4.8,Yes,Yes,3,Tier2,Placed
4876,Male,ECE,7.9,0,75,81,1,2,0,52.5,53.9,6.5,78,4.5,Yes,Yes,2,Tier2,Placed
4877,Male,CSE,7.6,2,86,69,2,3,2,57.2,62.8,8.0,81,4.3,Yes,Yes,3,Tier2,Placed
4878,Female,Mechanical,7.7,0,55,70,1,1,0,31.1,11.2,2.0,86,4.1,No,Yes,0,None,NotPlaced
4879,Male,ECE,7.6,0,75,60,1,2,0,30.5,35.4,4.6,84,3.6,No,Yes,2,Tier2,Placed
4880,Female,CSE,6.5,0,59,64,1,3,1,28.5,19.5,7.4,75,4.5,Yes,Yes,0,None,NotPlaced
4881,Male,Mechanical,6.6,1,82,66,0,1,1,20.0,0.2,3.2,77,4.3,Yes,Yes,0,None,NotPlaced
4882,Male,CSE,8.0,0,78,88,1,3,0,52.7,48.8,6.1,86,4.4,Yes,Yes,0,None,NotPlaced
4883,Female,ECE,8.0,0,82,81,1,2,2,55.1,49.2,5.2,72,4.3,Yes,Yes,0,None,NotPlaced
4884,Male,IT,8.5,0,74,83,1,1,2,45.1,44.8,0.9,86,4.5,Yes,Yes,3,Tier1,Placed
4885,Male,IT,7.7,0,82,81,1,1,1,40.1,37.6,4.1,73,4.4,Yes,Yes,0,None,NotPlaced
4886,Female,Mechanical,6.5,0,55,63,1,2,0,20.0,26.4,4.4,60,4.7,No,Yes,0,None,NotPlaced
4887,Male,IT,8.1,0,71,86,2,3,2,66.7,50.0,6.8,90,4.8,Yes,Yes,1,Tier3,Placed
4888,Female,CSE,6.5,0,87,80,0,3,2,28.7,28.7,6.6,72,4.1,Yes,Yes,1,Tier3,Placed
4889,Male,Civil,6.7,2,55,70,0,1,0,20.0,26.4,2.7,76,4.0,No,Yes,0,None,NotPlaced
4890,Female,Mechanical,8.1,0,70,64,1,2,1,61.4,60.7,6.8,77,3.8,Yes,No,0,None,NotPlaced
4891,Male,ECE,8.0,0,84,82,2,2,2,65.6,54.0,5.4,86,4.8,Yes,Yes,4,Tier1,Placed
4892,Male,IT,8.3,0,74,60,2,3,2,71.2,55.5,7.9,82,4.3,No,Yes,3,Tier2,Placed
4893,Male,CSE,8.6,0,81,80,1,2,3,65.7,52.4,5.8,76,4.7,Yes,Yes,0,None,NotPlaced
4894,Male,Mechanical,7.4,0,62,72,1,2,0,44.3,29.5,3.2,89,3.6,No,No,0,None,NotPlaced
4895,Male,CSE,8.2,0,80,80,1,3,0,65.7,60.2,7.5,90,4.7,Yes,Yes,3,Tier2,Placed
4896,Male,CSE,8.3,0,82,86,0,3,2,62.2,39.6,7.4,86,4.7,Yes,Yes,1,Tier3,Placed
4897,Male,ECE,6.7,0,72,73,1,1,1,20.0,23.2,1.2,67,4.2,No,No,0,None,NotPlaced
4898,Male,CSE,7.5,0,72,82,1,3,2,40.6,36.6,5.6,83,4.8,No,Yes,0,None,NotPlaced
4899,Male,CSE,8.6,0,87,84,2,3,2,69.0,44.0,6.6,90,4.8,Yes,Yes,4,Tier1,Placed
4900,Female,IT,8.3,0,78,86,2,3,2,81.9,52.9,7.1,84,4.0,Yes,Yes,0,None,NotPlaced
4901,Male,CSE,7.4,0,70,68,1,2,1,40.6,27.9,4.7,70,3.8,Yes,Yes,0,None,NotPlaced
4902,Male,CSE,8.4,0,74,81,2,3,2,70.8,54.5,7.3,86,4.8,Yes,Yes,3,Tier2,Placed
4903,Male,CSE,8.1,0,70,84,1,3,0,67.3,65.9,6.4,77,4.1,No,Yes,0,None,NotPlaced
4904,Male,IT,6.7,0,56,62,1,1,1,20.0,19.1,3.3,67,3.4,No,No,0,None,NotPlaced
4905,Female,EEE,8.1,0,77,86,1,3,2,63.9,57.2,7.5,90,4.4,Yes,Yes,2,Tier3,Placed
4906,Male,Mechanical,7.4,0,75,68,1,1,0,31.4,39.3,1.3,80,4.1,No,Yes,0,None,NotPlaced
4907,Female,IT,7.8,2,71,84,2,3,2,62.3,60.3,9.1,90,4.8,Yes,Yes,3,Tier2,Placed
4908,Male,ECE,7.9,0,82,82,0,2,1,42.3,36.4,4.3,76,4.7,Yes,Yes,0,None,NotPlaced
4909,Female,CSE,8.4,0,76,67,1,2,1,54.2,40.1,3.6,87,4.7,No,Yes,0,None,NotPlaced
4910,Male,CSE,6.9,0,68,66,1,1,1,20.0,23.8,2.6,64,3.5,No,No,0,None,NotPlaced
4911,Female,IT,6.7,1,55,57,1,1,0,20.0,16.0,4.9,83,4.2,No,No,0,None,NotPlaced
4912,Male,ECE,7.1,0,79,72,1,2,1,33.0,44.2,4.4,73,3.9,No,Yes,3,Tier2,Placed
4913,Male,EEE,7.6,0,84,83,0,1,0,22.2,29.8,2.4,81,4.4,Yes,Yes,2,Tier2,Placed
4914,Male,ECE,7.5,0,81,86,0,3,2,37.8,35.1,5.4,78,4.2,Yes,Yes,0,None,NotPlaced
4915,Male,IT,7.9,0,75,73,1,3,1,57.7,51.8,4.3,81,4.5,No,Yes,2,Tier3,Placed
4916,Female,CSE,7.5,0,89,86,0,3,2,43.4,39.9,6.0,90,4.3,No,Yes,2,Tier2,Placed
4917,Male,EEE,8.0,0,68,85,2,3,2,65.0,50.7,7.5,90,4.8,Yes,Yes,2,Tier2,Placed
4918,Male,ECE,7.4,1,69,73,0,2,1,33.8,34.5,2.6,76,4.0,No,Yes,0,None,NotPlaced
4919,Female,EEE,8.5,0,80,82,2,1,0,70.6,55.2,3.2,86,4.5,Yes,Yes,4,Tier1,Placed
4920,Male,ECE,8.0,0,83,79,0,3,1,54.6,61.2,5.7,83,4.4,Yes,Yes,2,Tier2,Placed
4921,Female,Mechanical,7.3,2,59,80,1,2,1,35.1,25.1,3.1,67,4.6,No,No,0,None,NotPlaced
4922,Female,Mechanical,6.6,0,73,60,1,2,1,23.5,26.1,4.6,62,3.7,No,Yes,0,None,NotPlaced
4923,Male,Mechanical,8.5,0,80,87,2,3,2,79.1,57.2,6.3,90,4.6,Yes,Yes,4,Tier1,Placed
4924,Female,ECE,7.5,2,69,72,1,3,1,48.8,33.8,7.3,66,3.8,No,Yes,0,None,NotPlaced
4925,Male,ECE,7.7,0,88,61,1,1,0,40.4,21.1,1.4,79,4.6,No,No,0,None,NotPlaced
4926,Male,CSE,7.6,0,61,73,1,2,1,45.0,40.8,6.1,67,4.4,Yes,Yes,3,Tier1,Placed
4927,Male,Mechanical,8.6,0,73,88,2,3,2,74.5,56.0,9.3,90,4.8,Yes,Yes,3,Tier1,Placed
4928,Male,IT,8.4,0,80,70,1,3,0,67.6,63.7,6.3,86,4.7,Yes,Yes,2,Tier2,Placed
4929,Female,CSE,7.7,0,82,82,1,1,3,45.0,41.9,5.5,79,4.1,Yes,Yes,4,Tier1,Placed
4930,Female,IT,8.2,0,86,83,1,3,2,64.2,53.9,7.0,86,4.8,Yes,Yes,2,Tier2,Placed
4931,Male,CSE,8.6,0,76,88,2,3,2,71.1,46.6,6.4,90,4.8,Yes,Yes,3,Tier2,Placed
4932,Male,ECE,6.5,1,60,60,1,2,1,20.0,25.8,3.7,79,4.1,No,Yes,0,None,NotPlaced
4933,Female,IT,8.5,0,65,73,1,2,0,50.4,36.7,3.6,75,4.5,No,Yes,0,None,NotPlaced
4934,Male,IT,7.5,0,82,86,1,2,1,41.7,25.8,6.4,90,3.8,Yes,Yes,3,Tier2,Placed
4935,Male,CSE,6.7,0,56,68,1,2,1,31.6,31.7,5.3,68,4.3,No,Yes,0,None,NotPlaced
4936,Male,Mechanical,8.4,0,69,83,2,3,2,65.3,43.7,8.3,90,4.8,Yes,Yes,1,Tier3,Placed
4937,Female,EEE,7.5,0,55,74,1,1,0,33.7,12.3,0.7,60,3.7,No,Yes,0,None,NotPlaced
4938,Male,EEE,8.5,0,82,85,1,1,2,57.9,58.3,3.2,82,4.4,Yes,Yes,2,Tier2,Placed
4939,Female,IT,8.5,0,79,84,1,2,2,66.5,50.2,3.5,90,4.6,Yes,Yes,3,Tier1,Placed
4940,Female,EEE,7.6,0,75,85,1,3,0,57.4,34.3,8.0,90,4.8,Yes,Yes,2,Tier2,Placed
4941,Male,ECE,7.6,0,76,76,1,3,0,41.7,28.2,6.5,75,4.2,Yes,No,3,Tier1,Placed
4942,Male,CSE,8.3,0,90,84,0,3,2,62.5,46.1,7.5,90,4.8,Yes,No,1,Tier3,Placed
4943,Female,CSE,8.1,0,73,83,2,3,2,58.5,58.1,6.5,89,4.6,Yes,Yes,0,None,NotPlaced
4944,Male,ECE,6.7,2,55,80,1,2,1,20.0,7.5,2.2,76,3.2,No,Yes,0,None,NotPlaced
4945,Female,CSE,7.7,0,66,83,1,3,1,57.1,36.3,7.9,78,3.9,Yes,No,0,None,NotPlaced
4946,Female,Civil,6.7,2,63,68,0,1,0,20.0,28.8,3.0,77,4.1,No,No,0,None,NotPlaced
4947,Male,CSE,6.5,0,64,66,0,1,0,20.0,15.8,2.1,60,3.9,No,No,0,None,NotPlaced
4948,Female,ECE,6.7,2,73,67,1,1,2,20.0,23.8,0.9,89,4.3,Yes,Yes,0,None,NotPlaced
4949,Female,IT,8.5,0,73,81,2,3,2,81.4,60.5,7.8,83,4.6,Yes,Yes,3,Tier2,Placed
4950,Female,IT,7.7,1,78,84,1,2,2,48.4,57.2,3.3,80,4.5,No,Yes,3,Tier2,Placed
4951,Male,ECE,8.1,0,84,88,0,2,2,52.4,33.1,5.5,75,4.3,Yes,Yes,3,Tier2,Placed
4952,Male,CSE,6.5,2,86,81,2,1,1,20.0,22.8,2.5,73,4.3,Yes,No,0,None,NotPlaced
4953,Male,EEE,8.0,0,56,66,1,3,1,64.9,65.3,5.6,87,3.9,No,Yes,0,None,NotPlaced
4954,Female,ECE,7.4,0,58,71,1,2,0,37.4,29.4,4.5,69,4.1,No,No,0,None,NotPlaced
4955,Male,EEE,7.4,0,74,64,1,2,1,35.9,25.5,3.2,71,3.5,No,No,0,None,NotPlaced
4956,Female,EEE,8.2,0,63,65,2,1,0,55.1,51.8,2.8,79,4.6,Yes,No,0,None,NotPlaced
4957,Male,Mechanical,7.4,0,62,72,1,2,1,41.9,43.8,4.5,71,4.1,No,Yes,0,None,NotPlaced
4958,Male,EEE,7.9,2,62,65,1,3,1,52.8,37.4,8.2,76,4.3,No,No,0,None,NotPlaced
4959,Male,ECE,8.1,0,60,70,2,1,1,60.3,60.7,2.9,75,4.7,Yes,Yes,0,None,NotPlaced
4960,Female,IT,8.3,0,90,85,2,3,2,79.1,63.9,7.8,90,4.8,Yes,Yes,3,Tier2,Placed
4961,Male,ECE,8.1,0,57,79,0,2,2,51.0,47.5,3.8,86,4.6,Yes,Yes,0,None,NotPlaced
4962,Male,EEE,8.4,0,70,86,2,3,2,74.2,71.9,8.7,90,4.8,Yes,Yes,2,Tier2,Placed
4963,Male,Mechanical,9.1,0,55,62,1,1,0,66.6,59.5,1.2,75,3.8,No,No,3,Tier2,Placed
4964,Female,CSE,8.2,0,77,87,1,3,2,55.3,46.8,6.9,90,4.8,Yes,Yes,2,Tier2,Placed
4965,Male,IT,7.7,0,56,75,0,1,0,32.6,24.8,2.5,82,4.1,No,Yes,0,None,NotPlaced
4966,Male,Mechanical,6.7,1,57,65,1,1,1,20.0,41.8,2.2,68,4.8,Yes,No,0,None,NotPlaced
4967,Female,IT,8.3,0,85,82,2,3,2,67.1,48.8,8.1,90,4.7,Yes,Yes,2,Tier2,Placed
4968,Female,IT,8.0,0,69,85,1,3,2,57.5,50.9,6.3,90,4.8,Yes,Yes,0,None,NotPlaced
4969,Female,IT,8.3,0,84,80,2,3,2,58.1,52.6,7.8,87,4.7,Yes,Yes,2,Tier2,Placed
4970,Male,ECE,7.9,0,78,84,1,3,2,51.5,48.5,8.1,89,4.8,Yes,Yes,1,Tier3,Placed
4971,Male,Civil,7.5,0,59,58,1,1,0,37.6,49.0,2.6,63,4.5,No,Yes,0,None,NotPlaced
4972,Female,ECE,8.0,0,89,80,2,3,0,72.7,59.4,7.7,90,4.8,Yes,Yes,4,Tier1,Placed
4973,Male,CSE,8.5,0,55,72,2,1,0,53.3,43.7,5.5,79,4.8,Yes,No,1,Tier3,Placed
4974,Female,CSE,7.9,0,78,73,1,2,3,49.9,54.5,5.4,80,4.7,Yes,Yes,0,None,NotPlaced
4975,Male,CSE,7.7,1,74,66,0,1,1,37.5,32.2,3.1,78,4.6,Yes,Yes,0,None,NotPlaced
4976,Male,EEE,7.4,0,76,74,1,2,1,36.4,39.1,4.3,74,3.9,No,Yes,0,None,NotPlaced
4977,Male,ECE,6.5,0,55,63,1,2,1,24.4,25.6,5.3,77,4.0,No,No,0,None,NotPlaced
4978,Male,CSE,7.7,0,78,72,2,2,0,49.8,49.0,7.3,75,4.5,Yes,Yes,0,None,NotPlaced
4979,Male,ECE,7.5,0,55,77,1,2,1,47.0,45.8,4.8,79,4.4,Yes,No,3,Tier2,Placed
4980,Male,ECE,8.6,0,78,87,1,3,2,64.6,50.1,6.1,90,4.8,Yes,Yes,4,Tier1,Placed
4981,Female,CSE,8.5,0,82,87,2,3,2,68.5,41.3,8.2,90,4.8,Yes,Yes,2,Tier2,Placed
4982,Male,IT,7.5,0,55,78,1,1,0,34.4,16.6,0.6,66,3.9,No,Yes,0,None,NotPlaced
4983,Female,Civil,7.6,0,71,72,0,1,0,30.5,14.0,2.3,82,4.3,No,Yes,0,None,NotPlaced
4984,Female,IT,7.5,0,56,66,0,1,0,27.7,25.1,2.3,72,4.3,No,Yes,0,None,NotPlaced
4985,Male,EEE,7.5,0,59,69,0,1,0,30.9,9.2,1.9,71,3.8,No,Yes,0,None,NotPlaced
4986,Male,ECE,7.0,1,64,72,1,3,2,34.3,30.6,7.0,87,3.9,Yes,Yes,0,None,NotPlaced
4987,Female,Mechanical,6.5,1,72,87,1,1,1,20.0,22.6,1.3,84,4.4,Yes,Yes,1,Tier3,Placed
4988,Male,EEE,7.6,0,71,85,2,2,2,45.5,46.2,4.1,83,4.8,Yes,Yes,4,Tier1,Placed
4989,Female,ECE,7.7,1,65,65,1,1,1,35.1,34.7,3.9,68,4.6,Yes,No,0,None,NotPlaced
4990,Female,Mechanical,7.7,1,58,66,1,1,1,35.6,37.9,0.0,64,3.9,No,No,0,None,NotPlaced
4991,Female,Civil,6.6,0,64,67,0,1,1,20.0,23.4,1.9,68,3.8,No,No,0,None,NotPlaced
4992,Male,EEE,6.9,0,66,66,1,1,0,24.9,20.3,1.7,61,3.5,No,No,0,None,NotPlaced
4993,Male,IT,7.4,1,66,88,2,2,1,46.7,39.1,3.0,81,4.4,Yes,Yes,1,Tier3,Placed
4994,Male,IT,8.1,0,74,82,2,2,0,59.1,42.0,5.7,83,4.4,No,No,0,None,NotPlaced
4995,Male,Mechanical,6.9,0,74,71,0,1,0,20.0,23.1,1.0,81,4.0,No,Yes,0,None,NotPlaced
4996,Female,ECE,8.3,0,79,85,0,3,2,55.7,33.5,7.5,80,4.7,Yes,Yes,0,None,NotPlaced
4997,Male,CSE,7.7,0,73,66,1,3,2,47.0,48.7,6.5,81,4.7,Yes,Yes,0,None,NotPlaced
4998,Male,CSE,8.5,0,75,62,1,1,2,49.5,33.7,1.2,75,4.8,No,Yes,3,Tier2,Placed
4999,Female,ECE,7.5,0,60,71,1,2,0,40.8,37.3,3.8,83,4.2,No,Yes,0,None,NotPlaced
5000,Male,CSE,8.1,1,62,81,0,2,1,42.2,40.0,3.6,88,4.8,No,Yes,2,Tier2,Placed
5001,Male,ECE,7.9,0,75,83,0,2,2,44.8,48.3,4.8,85,4.8,Yes,Yes,0,None,NotPlaced
5002,Male,EEE,7.7,0,74,85,2,3,2,57.0,34.5,5.2,89,4.5,No,Yes,0,None,NotPlaced
5003,Female,ECE,7.5,0,78,88,0,3,2,42.0,34.3,6.0,83,4.4,Yes,Yes,3,Tier1,Placed
5004,Male,CSE,8.2,1,85,86,1,3,0,68.8,59.9,8.0,82,4.1,Yes,Yes,0,None,NotPlaced
5005,Female,CSE,8.6,0,76,66,1,2,1,50.7,56.1,5.0,73,4.7,Yes,Yes,0,None,NotPlaced
5006,Male,IT,6.7,0,59,72,1,1,1,20.0,20.6,1.9,77,3.4,No,Yes,0,None,NotPlaced
5007,Female,CSE,7.6,0,55,64,0,1,1,20.0,16.4,1.1,80,4.6,No,No,0,None,NotPlaced
5008,Female,EEE,6.5,0,85,84,0,3,0,25.2,41.8,8.6,88,4.8,Yes,Yes,1,Tier3,Placed
5009,Male,ECE,8.2,0,77,83,2,3,2,71.8,64.8,6.9,90,4.8,Yes,No,4,Tier1,Placed
5010,Male,CSE,7.7,0,57,80,2,1,2,35.2,42.7,1.1,79,4.6,Yes,Yes,3,Tier1,Placed
5011,Male,CSE,7.5,1,67,71,1,2,1,34.9,22.2,4.3,83,4.0,No,Yes,0,None,NotPlaced
5012,Female,CSE,6.5,0,61,68,0,1,1,20.0,23.6,1.2,60,3.7,No,No,0,None,NotPlaced
5013,Male,Civil,7.4,0,69,69,2,2,0,44.3,28.3,5.9,66,4.2,Yes,No,0,None,NotPlaced
5014,Male,IT,8.2,0,55,65,1,1,0,45.3,27.7,4.0,71,3.6,Yes,Yes,0,None,NotPlaced
5015,Male,Mechanical,6.5,0,69,67,0,1,1,20.0,24.6,2.9,66,4.4,No,No,0,None,NotPlaced
5016,Male,Mechanical,6.5,0,67,64,1,1,1,20.0,25.6,1.5,71,3.7,No,Yes,0,None,NotPlaced
5017,Male,IT,8.7,0,89,87,2,3,2,73.1,54.2,6.9,77,4.8,Yes,No,2,Tier2,Placed
5018,Male,EEE,7.6,0,55,57,1,1,0,40.7,46.7,2.2,75,4.0,No,No,0,None,NotPlaced
5019,Male,CSE,8.2,0,79,61,1,1,0,48.4,38.7,2.9,86,4.6,No,Yes,0,None,NotPlaced
5020,Female,ECE,8.1,0,71,83,2,2,2,52.1,42.0,3.0,85,4.5,No,Yes,0,None,NotPlaced
5021,Female,CSE,8.1,0,69,65,0,3,0,52.5,43.4,7.1,77,3.9,Yes,No,0,None,NotPlaced
5022,Male,EEE,8.4,0,85,81,2,3,2,67.6,53.5,8.9,90,4.8,Yes,Yes,2,Tier2,Placed
5023,Female,CSE,8.3,0,80,84,1,3,2,72.0,68.4,6.5,86,4.8,Yes,Yes,2,Tier3,Placed
5024,Female,EEE,7.5,0,84,81,0,1,2,31.6,21.1,3.0,81,4.1,Yes,Yes,0,None,NotPlaced
5025,Female,CSE,6.6,0,57,66,1,1,1,20.0,14.9,4.6,77,4.0,No,No,0,None,NotPlaced
5026,Male,Mechanical,8.3,0,78,85,1,2,2,65.5,44.4,4.8,90,4.8,Yes,Yes,4,Tier1,Placed
5027,Male,IT,8.3,0,83,82,2,3,2,77.3,77.2,5.5,89,4.8,Yes,Yes,2,Tier2,Placed
5028,Male,ECE,8.1,0,70,62,1,1,1,43.8,34.7,1.9,74,4.5,No,No,0,None,NotPlaced
5029,Female,ECE,8.3,0,65,80,1,3,1,62.9,45.4,8.7,83,4.8,Yes,No,0,None,NotPlaced
5030,Male,ECE,6.5,0,55,72,0,1,1,20.0,19.5,3.1,87,4.8,No,No,0,None,NotPlaced
5031,Male,EEE,6.8,0,66,72,1,1,1,20.0,26.3,1.0,61,3.5,No,No,0,None,NotPlaced
5032,Male,Mechanical,8.0,0,68,83,1,3,0,67.7,59.9,6.4,80,4.7,No,Yes,3,Tier1,Placed
5033,Male,CSE,8.2,0,75,85,2,3,2,63.0,47.6,6.8,90,4.8,Yes,Yes,2,Tier2,Placed
5034,Male,Mechanical,7.7,1,77,81,0,2,0,44.3,35.7,5.8,88,4.8,Yes,No,0,None,NotPlaced
5035,Male,ECE,7.6,0,65,65,1,1,1,38.5,22.6,1.4,81,4.0,No,Yes,0,None,NotPlaced
5036,Male,EEE,7.5,0,55,69,1,1,0,31.5,28.6,2.5,60,3.9,No,No,0,None,NotPlaced
5037,Male,IT,8.4,0,76,86,2,3,2,81.1,75.1,8.9,90,4.8,Yes,Yes,3,Tier2,Placed
5038,Female,IT,7.8,0,55,83,1,2,1,39.2,30.1,1.4,81,3.7,No,Yes,0,None,NotPlaced
5039,Female,Mechanical,8.4,0,85,84,0,3,2,61.6,55.8,7.6,84,4.5,Yes,No,2,Tier2,Placed
5040,Female,IT,7.5,1,77,87,1,3,1,46.6,35.4,8.3,83,4.4,Yes,Yes,3,Tier2,Placed
5041,Female,ECE,8.3,1,82,66,2,2,0,66.8,45.1,3.4,79,4.5,Yes,Yes,2,Tier2,Placed
5042,Male,CSE,6.5,1,55,66,2,1,2,20.0,26.6,1.3,79,4.4,No,No,0,None,NotPlaced
5043,Male,CSE,8.2,0,84,82,1,3,2,54.4,64.9,6.6,89,4.3,Yes,No,3,Tier2,Placed
5044,Female,EEE,6.5,0,78,63,1,2,1,27.2,30.4,3.3,78,4.1,No,No,0,None,NotPlaced
5045,Male,EEE,6.5,0,56,68,1,1,1,20.0,17.8,2.2,79,4.6,Yes,Yes,0,None,NotPlaced
5046,Male,ECE,8.3,0,74,57,1,3,0,59.8,46.0,6.6,77,4.8,Yes,Yes,0,None,NotPlaced
5047,Male,CSE,8.2,0,69,88,2,3,3,66.3,69.8,7.9,90,4.8,Yes,Yes,0,None,NotPlaced
5048,Male,ECE,6.6,0,60,62,1,1,1,20.0,22.6,4.5,68,3.3,Yes,No,0,None,NotPlaced
5049,Male,IT,8.3,0,69,86,1,2,3,56.1,40.8,6.3,85,4.6,Yes,Yes,3,Tier2,Placed
5050,Male,ECE,8.0,0,78,79,1,1,1,43.8,37.6,4.0,83,4.2,Yes,Yes,0,None,NotPlaced
5051,Male,Mechanical,6.6,0,80,71,1,2,0,21.3,24.5,5.8,87,4.6,No,Yes,0,None,NotPlaced
5052,Female,EEE,8.1,0,86,81,2,3,2,63.7,56.4,9.0,90,4.7,Yes,Yes,1,Tier3,Placed
5053,Male,CSE,8.5,0,76,86,2,2,2,57.9,60.5,5.2,88,4.8,Yes,Yes,4,Tier1,Placed
5054,Male,Mechanical,7.5,0,55,64,1,1,0,34.7,41.2,3.4,75,3.9,No,Yes,0,None,NotPlaced
5055,Male,ECE,6.5,2,71,65,0,1,0,20.0,22.0,2.4,71,3.7,No,Yes,0,None,NotPlaced
5056,Female,EEE,7.6,0,75,83,2,3,2,56.2,47.1,6.8,90,4.5,Yes,Yes,3,Tier2,Placed
5057,Male,CSE,8.6,0,82,71,0,3,2,57.0,50.4,7.0,81,3.9,Yes,Yes,2,Tier2,Placed
5058,Male,EEE,6.8,0,60,58,1,1,0,20.0,16.0,3.0,76,4.0,No,No,0,None,NotPlaced
5059,Male,CSE,8.0,0,81,86,1,3,2,59.0,56.4,8.5,81,4.0,Yes,Yes,1,Tier3,Placed
5060,Male,IT,7.7,0,55,66,1,1,0,39.0,32.1,2.6,71,4.3,No,Yes,0,None,NotPlaced
5061,Female,CSE,7.5,0,59,74,0,1,1,32.3,31.9,1.6,60,4.2,No,No,0,None,NotPlaced
5062,Female,CSE,6.9,0,57,84,1,2,0,34.2,43.6,4.5,66,4.4,Yes,Yes,2,Tier3,Placed
5063,Male,CSE,8.3,0,84,86,2,3,2,61.9,55.9,5.1,90,4.8,Yes,Yes,4,Tier1,Placed
5064,Male,CSE,7.6,0,62,60,1,1,1,34.7,33.5,2.4,82,4.3,No,No,2,Tier3,Placed
5065,Female,CSE,6.5,0,55,66,2,1,1,28.1,22.0,2.3,72,4.4,No,Yes,0,None,NotPlaced
5066,Male,EEE,6.6,0,66,68,1,2,0,23.6,23.0,3.0,79,4.4,No,Yes,0,None,NotPlaced
5067,Male,CSE,6.8,0,55,71,0,1,1,20.0,10.7,2.5,64,3.8,No,No,0,None,NotPlaced
5068,Male,ECE,8.6,0,85,81,1,3,2,70.6,61.8,7.5,90,4.6,Yes,Yes,3,Tier2,Placed
5069,Female,CSE,8.1,0,80,81,2,3,0,64.1,35.9,5.5,90,4.6,Yes,Yes,3,Tier2,Placed
5070,Male,Mechanical,8.2,0,71,83,2,3,2,62.1,58.8,6.7,84,4.8,Yes,Yes,2,Tier2,Placed
5071,Male,Mechanical,8.7,0,71,57,1,1,0,61.3,55.5,4.4,75,4.4,Yes,No,0,None,NotPlaced
5072,Female,IT,7.3,0,79,81,1,3,1,47.9,40.7,6.4,71,3.8,Yes,Yes,0,None,NotPlaced
5073,Male,EEE,7.4,2,60,65,1,1,1,24.3,20.1,2.0,82,4.1,No,No,0,None,NotPlaced
5074,Male,CSE,7.6,0,69,72,1,2,1,42.5,37.2,4.2,84,4.7,No,No,0,None,NotPlaced
5075,Female,Civil,6.5,1,63,68,1,2,0,20.0,7.6,4.0,87,4.3,No,No,0,None,NotPlaced
5076,Male,IT,8.5,0,81,85,2,3,2,66.0,59.7,7.7,77,4.5,Yes,Yes,3,Tier2,Placed
5077,Male,CSE,7.5,2,67,64,0,2,1,28.9,25.4,5.9,72,4.5,Yes,No,0,None,NotPlaced
5078,Male,ECE,7.3,0,69,67,1,1,0,22.7,33.9,3.3,65,3.9,No,No,0,None,NotPlaced
5079,Male,CSE,6.5,0,57,61,1,1,1,20.0,22.9,2.7,64,4.4,Yes,No,0,None,NotPlaced
5080,Male,IT,8.4,0,80,85,2,3,2,69.7,58.7,7.5,90,4.8,Yes,Yes,1,Tier3,Placed
5081,Male,ECE,8.0,1,77,70,2,3,2,59.2,52.7,7.8,90,4.7,Yes,Yes,0,None,NotPlaced
5082,Male,IT,8.0,1,76,88,2,3,2,62.0,43.7,6.9,90,4.8,Yes,Yes,2,Tier2,Placed
5083,Female,IT,8.3,0,89,83,2,1,2,57.7,44.1,2.3,81,4.8,Yes,No,0,None,NotPlaced
5084,Male,CSE,7.0,0,59,72,0,1,0,20.0,21.8,3.1,75,3.8,Yes,No,0,None,NotPlaced
5085,Male,CSE,8.3,0,78,88,2,3,2,75.0,58.1,6.4,89,3.9,Yes,Yes,0,None,NotPlaced
5086,Male,CSE,7.7,0,55,71,1,0,0,27.9,20.8,0.3,65,3.9,Yes,No,0,None,NotPlaced
5087,Female,EEE,7.9,1,79,62,0,1,1,44.0,35.2,3.2,74,3.9,Yes,Yes,0,None,NotPlaced
5088,Male,CSE,8.6,0,86,80,1,3,0,72.7,59.3,6.8,90,4.8,Yes,Yes,4,Tier1,Placed
5089,Male,ECE,7.8,0,55,64,1,3,1,52.6,62.3,6.2,77,3.6,No,Yes,0,None,NotPlaced
5090,Male,ECE,7.4,0,55,69,1,1,1,31.5,24.9,0.4,61,4.1,No,Yes,0,None,NotPlaced
5091,Male,IT,7.4,0,61,70,1,1,0,24.8,17.7,2.8,64,4.2,Yes,Yes,0,None,NotPlaced
5092,Male,ECE,8.4,0,84,80,1,3,2,65.5,52.7,4.7,90,4.3,Yes,Yes,2,Tier3,Placed
5093,Female,ECE,7.4,0,73,74,1,1,1,33.1,42.1,2.0,77,4.1,Yes,Yes,0,None,NotPlaced
5094,Male,IT,8.3,0,58,87,2,3,1,73.1,71.7,6.9,88,3.8,Yes,Yes,3,Tier2,Placed
5095,Male,EEE,6.5,0,58,68,0,1,0,20.0,35.4,3.2,64,3.9,No,Yes,0,None,NotPlaced
5096,Male,ECE,7.7,0,59,59,0,1,0,45.7,39.6,2.5,79,4.0,No,Yes,0,None,NotPlaced
5097,Female,IT,8.4,0,79,87,2,3,2,71.1,63.0,7.1,90,4.7,Yes,Yes,3,Tier1,Placed
5098,Male,ECE,8.3,0,72,80,0,1,0,35.6,23.1,2.6,73,3.8,Yes,Yes,0,None,NotPlaced
5099,Male,EEE,6.5,1,55,75,0,1,1,20.0,17.4,1.7,69,3.9,No,No,0,None,NotPlaced
5100,Male,CSE,8.4,0,74,83,1,3,0,70.0,48.2,8.3,90,4.7,Yes,Yes,3,Tier2,Placed
5101,Male,ECE,6.6,0,56,58,1,1,1,20.0,23.2,0.9,60,3.9,No,Yes,0,None,NotPlaced
5102,Male,CSE,8.4,0,72,82,2,2,2,61.7,51.1,4.3,85,4.8,Yes,No,0,None,NotPlaced
5103,Male,CSE,8.7,0,85,82,0,3,2,70.0,58.7,8.1,88,4.7,Yes,Yes,3,Tier1,Placed
5104,Male,ECE,8.3,0,86,86,1,3,2,73.1,52.5,6.7,90,4.7,Yes,Yes,3,Tier2,Placed
5105,Male,Mechanical,6.6,1,55,69,1,1,1,20.0,28.6,3.9,87,4.7,No,Yes,0,None,NotPlaced
5106,Male,Mechanical,6.7,2,84,82,2,3,2,30.6,9.5,7.7,82,4.8,Yes,No,1,Tier3,Placed
5107,Male,CSE,8.4,0,80,88,2,3,2,54.7,44.4,8.2,90,4.7,Yes,Yes,3,Tier2,Placed
5108,Male,IT,7.7,0,82,73,1,3,2,54.9,45.7,5.4,90,4.7,Yes,Yes,2,Tier2,Placed
5109,Female,ECE,7.6,1,55,64,1,1,0,30.1,10.9,3.1,67,3.8,No,No,0,None,NotPlaced
5110,Female,CSE,7.8,0,55,66,1,2,0,46.5,42.8,4.2,80,4.7,Yes,Yes,0,None,NotPlaced
5111,Female,EEE,8.1,0,79,84,1,3,2,57.0,46.6,7.7,90,4.8,Yes,Yes,1,Tier3,Placed
5112,Female,Mechanical,6.5,0,55,68,1,1,0,20.0,25.0,1.6,72,3.8,No,No,0,None,NotPlaced
5113,Male,Mechanical,7.2,0,79,61,0,2,1,26.2,41.4,4.2,78,4.4,No,Yes,0,None,NotPlaced
5114,Female,CSE,6.6,1,55,65,1,3,0,27.6,28.8,4.9,77,3.7,No,Yes,0,None,NotPlaced
5115,Male,CSE,7.5,0,79,81,1,3,2,52.9,51.8,5.3,78,4.7,Yes,Yes,0,None,NotPlaced
5116,Male,EEE,7.6,0,65,66,1,1,1,37.9,44.3,2.2,75,3.6,No,Yes,0,None,NotPlaced
5117,Male,ECE,8.6,0,75,86,0,3,2,60.0,54.0,6.7,90,4.8,Yes,Yes,2,Tier3,Placed
5118,Male,Mechanical,6.8,0,59,60,0,1,0,20.0,13.6,1.1,73,4.5,No,No,0,None,NotPlaced
5119,Female,CSE,7.4,0,55,70,2,1,0,37.9,20.4,0.3,78,3.6,No,No,0,None,NotPlaced
5120,Male,ECE,7.9,0,83,86,1,3,2,62.3,54.6,4.3,89,4.6,Yes,Yes,3,Tier2,Placed
5121,Male,ECE,8.0,0,64,85,1,3,2,64.2,49.0,7.5,81,4.8,Yes,No,0,None,NotPlaced
5122,Female,CSE,8.3,0,71,83,2,2,2,57.0,58.3,4.7,90,4.8,Yes,Yes,3,Tier2,Placed
5123,Male,ECE,7.8,1,80,81,0,2,0,46.9,36.1,4.4,79,4.5,Yes,No,0,None,NotPlaced
5124,Male,ECE,7.8,1,55,82,1,1,2,30.1,27.7,2.2,75,4.1,No,Yes,0,None,NotPlaced
5125,Female,CSE,7.7,0,58,59,0,1,0,31.0,18.3,3.0,65,4.6,No,No,0,None,NotPlaced
5126,Male,CSE,7.6,1,64,65,1,2,0,45.4,36.0,4.3,77,4.0,No,Yes,0,None,NotPlaced
5127,Male,ECE,8.0,0,55,62,1,1,0,32.6,21.5,1.6,69,3.6,No,No,0,None,NotPlaced
5128,Male,ECE,6.6,0,61,60,0,1,0,20.5,14.5,4.1,77,3.7,No,No,0,None,NotPlaced
5129,Male,Mechanical,7.7,0,73,63,1,1,0,43.6,36.8,2.4,74,4.1,Yes,Yes,0,None,NotPlaced
5130,Female,ECE,6.7,0,62,65,1,1,1,20.2,16.1,0.6,76,3.9,No,No,0,None,NotPlaced
5131,Male,CSE,7.7,0,55,57,0,1,0,27.2,46.6,3.1,73,4.3,Yes,No,1,Tier3,Placed
5132,Male,Civil,8.0,0,73,66,1,1,0,42.7,44.0,2.7,82,4.5,Yes,Yes,0,None,NotPlaced
5133,Male,Civil,6.6,0,55,66,0,1,1,20.0,28.8,2.9,68,4.1,No,Yes,0,None,NotPlaced
5134,Male,CSE,7.5,0,55,68,1,1,0,27.4,24.4,1.5,68,4.3,No,Yes,0,None,NotPlaced
5135,Female,EEE,8.0,0,80,88,2,3,2,63.1,53.1,6.8,90,4.4,Yes,Yes,4,Tier1,Placed
5136,Male,CSE,7.5,0,72,80,1,3,1,53.6,41.4,6.1,81,4.6,Yes,Yes,0,None,NotPlaced
5137,Male,CSE,6.5,0,76,88,0,1,0,20.0,42.9,3.8,88,4.3,Yes,Yes,2,Tier2,Placed
5138,Male,IT,7.4,2,55,68,2,1,1,37.7,32.5,2.1,78,4.3,No,No,0,None,NotPlaced
5139,Female,CSE,8.4,0,59,82,1,3,0,58.2,44.0,6.7,90,4.5,Yes,Yes,3,Tier2,Placed
5140,Female,EEE,7.5,1,55,72,1,1,0,28.3,20.3,1.9,72,4.1,No,No,0,None,NotPlaced
5141,Male,ECE,8.5,0,78,83,2,3,2,71.5,60.8,7.0,90,4.8,Yes,Yes,3,Tier1,Placed
5142,Male,Civil,6.6,1,62,79,0,2,0,20.6,32.9,3.6,79,4.2,Yes,No,0,None,NotPlaced
5143,Male,EEE,7.6,0,83,69,2,1,0,36.5,41.3,3.2,78,3.9,No,No,2,Tier2,Placed
5144,Female,IT,8.1,0,84,82,1,3,2,61.6,45.2,8.1,90,4.8,Yes,Yes,3,Tier2,Placed
5145,Male,ECE,8.8,0,77,83,1,3,2,71.6,52.0,7.0,90,4.8,Yes,Yes,3,Tier1,Placed
5146,Female,Civil,7.5,0,77,78,0,3,1,41.3,46.4,5.9,84,4.5,No,Yes,0,None,NotPlaced
5147,Male,EEE,7.9,0,76,72,1,3,0,63.3,68.5,6.0,82,4.5,Yes,Yes,0,None,NotPlaced
5148,Female,Mechanical,6.5,2,56,65,1,1,1,20.0,18.9,3.7,67,4.0,No,Yes,0,None,NotPlaced
5149,Male,Mechanical,8.7,0,73,84,2,3,2,81.8,75.0,8.5,90,4.8,Yes,Yes,3,Tier2,Placed
5150,Male,CSE,8.4,0,75,82,1,3,1,67.0,42.9,7.4,86,4.5,Yes,Yes,0,None,NotPlaced
5151,Male,EEE,7.4,0,55,70,1,1,0,28.1,18.9,2.8,66,4.4,No,No,0,None,NotPlaced
5152,Male,Mechanical,8.1,0,57,77,2,3,2,59.9,41.7,8.2,87,3.9,Yes,Yes,0,None,NotPlaced
5153,Female,Civil,6.5,1,59,70,1,2,0,20.0,24.0,5.0,74,3.4,No,No,0,None,NotPlaced
5154,Female,CSE,7.7,1,58,72,1,1,2,33.3,29.5,1.1,85,3.6,No,No,2,Tier2,Placed
5155,Female,ECE,6.5,0,55,71,1,1,0,20.0,22.7,1.7,75,4.1,No,No,0,None,NotPlaced
5156,Male,EEE,7.1,1,59,62,0,1,0,23.0,32.2,2.5,70,3.8,No,Yes,0,None,NotPlaced
5157,Male,CSE,8.1,0,67,84,0,3,2,54.5,40.8,7.2,87,4.2,Yes,Yes,4,Tier1,Placed
5158,Female,ECE,7.8,0,81,85,2,1,2,42.8,38.8,3.8,90,4.7,Yes,No,1,Tier3,Placed
5159,Male,CSE,8.2,0,70,82,1,2,2,54.6,34.5,5.6,78,4.1,Yes,Yes,0,None,NotPlaced
5160,Male,ECE,7.4,0,63,72,1,1,0,33.4,39.2,2.2,72,3.6,No,Yes,0,None,NotPlaced
5161,Male,IT,8.2,0,83,64,1,1,0,50.2,50.0,0.0,68,4.0,No,Yes,0,None,NotPlaced
5162,Male,ECE,7.8,0,55,67,1,2,2,40.1,37.8,5.2,76,4.4,No,Yes,0,None,NotPlaced
5163,Male,IT,7.6,0,78,71,2,1,1,38.6,33.6,2.8,63,4.8,No,Yes,3,Tier2,Placed
5164,Male,ECE,7.9,0,79,80,1,2,0,55.1,41.9,7.1,82,4.7,Yes,Yes,0,None,NotPlaced
5165,Male,IT,6.5,1,82,82,1,3,1,22.4,12.3,6.5,86,4.5,Yes,Yes,1,Tier3,Placed
5166,Female,CSE,6.6,1,77,84,1,3,2,31.4,32.1,5.2,85,4.7,Yes,Yes,2,Tier2,Placed
5167,Male,CSE,7.9,0,70,83,1,3,2,56.1,53.4,6.8,90,3.6,Yes,Yes,3,Tier1,Placed
5168,Male,CSE,8.8,0,82,81,2,3,2,77.2,77.8,7.5,84,4.3,Yes,Yes,4,Tier1,Placed
5169,Male,ECE,8.2,1,79,85,2,3,1,76.0,58.2,6.6,90,4.7,Yes,Yes,1,Tier3,Placed
5170,Female,EEE,7.6,0,76,63,2,1,1,40.2,37.9,3.4,84,4.5,No,No,0,None,NotPlaced
5171,Male,CSE,8.4,0,76,88,2,3,2,79.6,72.7,6.3,90,4.8,Yes,Yes,2,Tier2,Placed
5172,Male,CSE,8.2,0,60,69,1,1,1,47.0,49.1,1.9,78,3.6,No,Yes,0,None,NotPlaced
5173,Male,EEE,7.5,0,55,72,1,2,0,43.3,31.7,3.8,71,4.7,No,Yes,0,None,NotPlaced
5174,Male,IT,7.7,0,76,84,1,3,3,50.1,40.2,9.8,82,4.4,Yes,Yes,1,Tier3,Placed
5175,Male,Civil,7.6,0,55,75,2,2,0,45.2,35.0,3.1,84,4.1,No,Yes,0,None,NotPlaced
5176,Female,EEE,7.4,1,55,68,1,1,0,33.0,22.8,2.6,77,4.1,No,Yes,0,None,NotPlaced
5177,Female,IT,7.4,2,67,79,1,1,0,33.1,42.1,1.8,79,4.0,Yes,Yes,1,Tier3,Placed
5178,Male,IT,7.4,1,74,87,2,3,2,55.0,47.1,7.3,90,4.6,Yes,No,3,Tier1,Placed
5179,Male,ECE,6.5,0,61,61,0,1,1,20.0,19.4,1.0,67,3.1,No,No,0,None,NotPlaced
5180,Female,CSE,7.3,0,78,69,0,2,1,25.3,26.8,6.1,79,4.2,Yes,No,0,None,NotPlaced
5181,Male,CSE,7.7,1,55,73,1,1,0,33.0,29.8,3.9,70,4.8,Yes,Yes,0,None,NotPlaced
5182,Female,CSE,8.2,0,83,82,1,3,2,67.2,53.0,7.3,86,4.6,Yes,No,1,Tier3,Placed
5183,Male,EEE,8.4,0,86,84,2,3,2,62.2,45.5,5.6,90,4.8,Yes,Yes,2,Tier2,Placed
5184,Female,ECE,6.9,0,55,67,1,1,1,22.5,36.4,1.9,90,3.9,No,No,0,None,NotPlaced
5185,Female,CSE,8.1,0,72,87,2,2,2,57.4,42.5,4.7,76,4.3,Yes,Yes,3,Tier2,Placed
5186,Female,ECE,7.7,0,65,68,0,1,0,36.2,24.6,2.8,74,3.7,No,No,0,None,NotPlaced
5187,Female,ECE,6.5,1,81,84,0,3,2,26.1,25.3,6.1,85,4.6,Yes,Yes,1,Tier3,Placed
5188,Male,ECE,7.6,0,78,79,0,3,2,42.7,54.2,7.2,78,4.8,No,Yes,3,Tier1,Placed
5189,Female,CSE,8.1,0,55,67,1,2,0,49.5,34.7,5.0,74,4.2,No,Yes,0,None,NotPlaced
5190,Male,EEE,7.4,0,63,63,0,1,0,23.4,29.3,1.6,80,4.3,Yes,Yes,0,None,NotPlaced
5191,Male,Civil,7.4,1,70,70,0,1,0,28.9,25.5,1.8,80,3.4,No,No,0,None,NotPlaced
5192,Female,CSE,7.4,2,60,73,1,1,0,20.0,22.0,1.9,67,4.1,No,Yes,0,None,NotPlaced
5193,Female,IT,6.5,0,58,72,1,2,0,21.8,28.9,5.0,70,3.4,No,No,0,None,NotPlaced
5194,Female,CSE,8.1,0,61,84,1,2,1,48.6,27.6,4.3,81,4.7,Yes,Yes,0,None,NotPlaced
5195,Male,IT,6.5,1,74,82,0,1,2,20.0,14.0,2.2,80,4.1,No,Yes,0,None,NotPlaced
5196,Female,IT,7.8,0,55,62,1,2,0,48.7,48.9,5.1,84,4.5,No,No,0,None,NotPlaced
5197,Female,EEE,8.3,0,89,68,1,1,2,40.7,37.2,3.3,88,3.8,Yes,Yes,4,Tier1,Placed
5198,Male,Mechanical,7.7,0,82,81,2,3,3,56.9,48.9,5.1,82,4.5,Yes,Yes,3,Tier2,Placed
5199,Male,CSE,7.5,1,65,80,1,3,0,49.8,47.9,6.5,82,4.8,Yes,Yes,0,None,NotPlaced
5200,Male,ECE,6.5,1,71,72,0,1,0,20.0,13.1,2.9,69,3.6,No,Yes,0,None,NotPlaced
5201,Male,EEE,6.9,0,59,86,1,3,0,36.4,41.6,7.8,85,4.4,Yes,Yes,1,Tier3,Placed
5202,Female,ECE,8.0,0,58,70,0,1,0,31.9,36.4,0.0,83,3.3,No,Yes,0,None,NotPlaced
5203,Male,IT,7.7,0,63,70,0,1,0,26.7,27.3,2.2,74,3.8,No,No,0,None,NotPlaced
5204,Female,CSE,7.6,0,82,83,1,2,0,36.1,36.3,5.9,81,4.7,Yes,Yes,0,None,NotPlaced
5205,Female,ECE,7.3,0,59,68,1,1,0,31.8,37.5,2.5,66,3.7,No,No,0,None,NotPlaced
5206,Male,ECE,7.4,0,55,66,0,1,0,25.4,20.1,2.7,79,4.0,No,Yes,0,None,NotPlaced
5207,Female,EEE,7.8,0,63,84,2,3,2,59.7,54.5,9.1,82,4.2,Yes,Yes,3,Tier2,Placed
5208,Male,EEE,8.6,0,64,64,1,1,2,46.5,53.1,3.0,73,3.8,Yes,No,0,None,NotPlaced
5209,Female,CSE,6.5,1,55,69,0,1,0,20.0,26.8,2.3,85,3.9,No,No,0,None,NotPlaced
5210,Male,CSE,8.6,0,81,82,1,3,2,74.2,57.9,6.1,86,4.7,Yes,Yes,4,Tier1,Placed
5211,Female,Mechanical,6.9,0,73,82,2,1,2,20.0,40.1,2.4,84,4.7,Yes,Yes,0,None,NotPlaced
5212,Male,ECE,7.5,0,83,81,1,1,2,30.3,30.6,2.7,84,4.8,Yes,No,0,None,NotPlaced
5213,Male,Mechanical,7.5,0,64,66,1,1,0,25.1,35.5,2.8,75,4.0,No,Yes,0,None,NotPlaced
5214,Female,CSE,6.5,1,60,69,0,2,1,20.0,16.5,3.3,65,4.4,No,No,0,None,NotPlaced
5215,Male,ECE,7.4,0,55,60,1,2,0,34.5,38.8,5.2,68,4.2,No,Yes,0,None,NotPlaced
5216,Male,ECE,7.5,0,55,63,1,2,1,42.9,32.5,2.9,76,3.8,No,No,0,None,NotPlaced
5217,Male,Mechanical,7.8,0,70,80,0,1,1,34.8,34.6,2.6,85,4.3,No,No,3,Tier2,Placed
5218,Female,CSE,7.7,0,82,88,0,3,1,54.5,40.7,6.6,82,4.1,No,Yes,2,Tier2,Placed
5219,Male,CSE,8.5,0,55,80,2,2,1,65.7,68.7,5.3,83,4.3,Yes,No,0,None,NotPlaced
5220,Male,ECE,7.4,0,79,82,2,2,0,45.7,37.8,5.0,84,4.3,No,Yes,0,None,NotPlaced
5221,Male,Mechanical,8.0,0,58,63,1,1,1,40.2,25.6,1.3,70,4.6,No,Yes,0,None,NotPlaced
5222,Male,Mechanical,7.5,1,55,67,1,1,1,27.5,26.1,1.5,68,4.3,No,No,0,None,NotPlaced
5223,Male,Civil,6.6,0,62,68,0,1,1,20.0,25.0,1.0,75,3.2,No,No,0,None,NotPlaced
5224,Male,Civil,7.7,1,58,67,0,2,0,46.2,39.0,4.0,76,3.7,No,Yes,0,None,NotPlaced
5225,Male,CSE,8.9,0,79,87,2,3,2,85.5,61.1,6.9,86,4.8,Yes,Yes,4,Tier1,Placed
5226,Male,CSE,8.3,1,66,68,1,3,2,65.7,61.7,7.9,82,4.7,Yes,Yes,2,Tier3,Placed
5227,Male,CSE,7.2,0,62,72,1,1,0,22.1,31.9,2.4,71,4.3,No,No,0,None,NotPlaced
5228,Female,IT,8.2,0,70,84,2,3,2,73.7,46.5,7.7,90,4.8,Yes,Yes,1,Tier3,Placed
5229,Male,Mechanical,7.1,0,58,64,1,1,1,27.9,19.0,1.8,72,3.2,No,No,0,None,NotPlaced
5230,Male,Mechanical,6.9,0,55,66,0,1,0,26.1,23.9,2.4,77,3.7,No,Yes,0,None,NotPlaced
5231,Female,CSE,7.7,0,55,84,1,1,1,31.2,25.2,4.8,84,4.2,Yes,Yes,0,None,NotPlaced
5232,Male,ECE,8.6,0,82,84,0,3,2,70.3,60.7,5.7,81,4.8,Yes,Yes,1,Tier3,Placed
5233,Female,Civil,7.4,0,55,67,1,1,1,33.7,44.4,1.2,68,4.1,Yes,Yes,0,None,NotPlaced
5234,Male,IT,8.4,0,63,82,2,1,0,54.3,43.1,3.6,90,4.8,Yes,Yes,0,None,NotPlaced
5235,Male,CSE,8.3,0,80,85,1,3,2,71.8,70.7,6.2,87,4.7,Yes,Yes,4,Tier1,Placed
5236,Male,ECE,7.4,0,69,74,1,3,0,49.0,29.8,5.6,81,3.7,Yes,Yes,0,None,NotPlaced
5237,Female,IT,8.4,0,71,65,1,1,2,46.3,43.3,2.5,80,4.8,No,No,2,Tier2,Placed
5238,Female,ECE,7.7,0,64,68,0,1,2,31.4,25.0,2.0,86,4.5,Yes,Yes,0,None,NotPlaced
5239,Male,ECE,6.6,0,58,68,1,1,1,20.0,23.8,3.5,66,4.2,No,Yes,0,None,NotPlaced
5240,Male,CSE,7.5,0,55,64,0,2,0,33.7,17.5,4.2,88,4.2,No,No,2,Tier2,Placed
5241,Female,Civil,8.6,0,62,66,1,1,3,58.5,37.1,2.8,71,3.9,Yes,No,1,Tier3,Placed
5242,Male,ECE,8.4,1,78,87,1,3,0,71.9,62.2,6.2,90,4.6,Yes,Yes,2,Tier2,Placed
5243,Male,IT,8.6,0,81,69,2,3,2,77.1,56.1,7.2,80,4.4,Yes,Yes,2,Tier2,Placed
5244,Female,Mechanical,8.8,0,75,84,1,3,2,71.2,55.2,5.4,88,4.7,Yes,Yes,3,Tier2,Placed
5245,Female,CSE,8.6,0,58,72,1,1,0,56.9,60.7,0.0,69,4.7,No,Yes,0,None,NotPlaced
5246,Male,CSE,8.4,0,55,82,0,2,3,57.6,49.0,3.4,84,4.4,Yes,Yes,4,Tier1,Placed
5247,Female,Mechanical,7.3,0,55,72,0,1,0,20.0,27.7,3.1,72,4.0,No,No,0,None,NotPlaced
5248,Female,CSE,7.5,0,59,63,0,1,0,28.6,20.1,1.1,68,3.6,No,No,0,None,NotPlaced
5249,Male,EEE,8.4,0,73,74,1,1,1,50.0,31.8,1.6,84,4.2,Yes,No,0,None,NotPlaced
5250,Male,CSE,8.1,0,76,69,1,2,1,57.8,46.6,4.9,75,4.2,Yes,No,0,None,NotPlaced
5251,Male,CSE,8.3,0,70,83,0,2,2,53.9,33.3,7.2,83,4.3,Yes,Yes,3,Tier2,Placed
5252,Female,ECE,6.9,2,62,66,1,1,1,23.4,16.8,3.1,67,3.9,No,Yes,0,None,NotPlaced
5253,Female,CSE,8.1,0,55,69,0,2,1,45.6,40.6,3.2,75,4.1,No,Yes,2,Tier2,Placed
5254,Male,EEE,7.5,0,61,66,0,1,0,28.0,24.6,1.2,66,3.7,No,Yes,0,None,NotPlaced
5255,Female,EEE,7.4,0,57,63,0,1,0,30.7,29.7,1.2,61,3.7,No,Yes,0,None,NotPlaced
5256,Male,Mechanical,7.8,1,64,72,1,3,3,54.7,50.7,6.1,84,3.9,Yes,Yes,0,None,NotPlaced
5257,Male,EEE,8.2,0,63,77,2,2,0,60.9,41.0,5.5,88,4.1,Yes,Yes,0,None,NotPlaced
5258,Male,IT,6.5,1,67,65,1,1,0,20.0,13.8,1.7,81,4.2,No,Yes,0,None,NotPlaced
5259,Male,EEE,7.8,0,62,68,0,2,0,41.7,19.2,2.9,83,4.8,No,No,0,None,NotPlaced
5260,Female,ECE,8.3,0,57,69,0,2,1,41.9,33.6,3.7,80,3.9,Yes,Yes,0,None,NotPlaced
5261,Male,EEE,7.4,0,55,75,1,2,2,36.4,38.4,6.3,78,4.5,No,Yes,0,None,NotPlaced
5262,Female,EEE,7.5,0,55,68,1,2,1,41.3,46.9,4.7,67,3.8,No,Yes,0,None,NotPlaced
5263,Male,EEE,6.5,0,59,76,1,1,1,20.0,21.3,1.1,64,4.1,No,Yes,0,None,NotPlaced
5264,Male,ECE,6.6,0,72,69,1,2,0,20.0,31.9,5.2,77,4.1,No,Yes,0,None,NotPlaced
5265,Female,ECE,7.7,0,75,77,1,2,0,46.9,43.2,3.8,81,3.9,Yes,Yes,0,None,NotPlaced
5266,Male,IT,8.3,0,77,83,2,3,2,77.3,63.1,6.9,90,4.8,Yes,Yes,3,Tier2,Placed
5267,Male,IT,6.7,0,58,66,1,1,0,20.0,15.1,1.8,67,4.2,No,No,0,None,NotPlaced
5268,Male,ECE,8.2,0,83,87,2,3,2,60.3,31.2,7.2,90,4.8,Yes,Yes,3,Tier2,Placed
5269,Female,CSE,7.6,0,55,83,1,1,1,36.4,41.9,2.1,74,4.4,Yes,No,0,None,NotPlaced
5270,Male,CSE,8.8,0,78,81,2,3,2,74.0,58.9,7.1,84,4.8,Yes,Yes,3,Tier1,Placed
5271,Male,CSE,6.9,0,80,78,1,3,0,32.9,42.2,5.3,90,3.8,Yes,Yes,3,Tier2,Placed
5272,Male,ECE,8.6,0,81,67,0,1,1,54.6,38.5,2.6,88,4.2,Yes,Yes,0,None,NotPlaced
5273,Male,IT,8.4,0,73,85,1,3,0,76.4,79.9,7.3,78,3.7,No,Yes,3,Tier2,Placed
5274,Female,Mechanical,6.5,1,55,65,1,1,0,20.0,18.8,4.0,76,4.5,Yes,Yes,2,Tier3,Placed
5275,Male,ECE,6.8,0,60,59,1,2,0,23.3,17.2,4.3,71,4.3,Yes,Yes,0,None,NotPlaced
5276,Male,ECE,8.1,1,88,87,0,3,2,53.8,42.5,5.5,73,4.2,Yes,Yes,2,Tier2,Placed
5277,Male,IT,8.2,0,60,60,1,1,1,44.3,39.7,0.0,81,4.8,No,Yes,2,Tier2,Placed
5278,Male,EEE,7.4,0,72,66,1,2,1,48.7,39.7,5.6,68,4.2,Yes,Yes,0,None,NotPlaced
5279,Female,ECE,6.5,0,66,69,1,2,0,20.0,17.6,5.3,86,4.4,Yes,Yes,2,Tier2,Placed
5280,Male,Civil,7.5,0,85,85,1,3,3,47.1,26.6,7.4,89,4.4,Yes,Yes,2,Tier2,Placed
5281,Female,Mechanical,8.4,0,81,71,1,2,0,67.1,47.8,5.7,81,4.1,No,Yes,2,Tier3,Placed
5282,Male,EEE,8.0,0,77,83,2,3,2,66.9,63.5,7.2,90,4.8,Yes,Yes,2,Tier2,Placed
5283,Male,Mechanical,8.1,0,78,83,1,3,0,65.9,47.0,7.2,88,4.5,Yes,Yes,3,Tier2,Placed
5284,Female,IT,8.2,0,69,86,1,1,2,42.5,23.8,1.6,87,4.3,Yes,No,0,None,NotPlaced
5285,Male,ECE,7.5,0,55,71,1,1,1,30.3,18.3,3.6,61,4.4,No,Yes,0,None,NotPlaced
5286,Female,Mechanical,6.5,0,59,57,1,1,0,20.0,20.2,1.8,77,4.1,No,No,0,None,NotPlaced
5287,Female,EEE,6.5,1,55,65,1,1,0,20.0,14.3,1.2,71,3.6,No,No,0,None,NotPlaced
5288,Male,Mechanical,7.9,0,75,86,0,3,0,58.1,46.5,7.2,90,4.4,Yes,No,3,Tier2,Placed
5289,Male,EEE,7.8,0,57,67,1,1,0,36.0,24.3,4.0,61,4.1,No,No,0,None,NotPlaced
5290,Female,Civil,7.3,0,55,85,2,3,0,48.2,49.9,8.1,90,4.4,No,Yes,1,Tier3,Placed
5291,Male,IT,7.6,0,80,79,1,2,1,41.4,40.2,4.0,81,4.8,Yes,Yes,0,None,NotPlaced
5292,Male,EEE,8.1,0,79,83,2,3,2,58.3,66.7,8.2,90,4.8,Yes,Yes,3,Tier2,Placed
5293,Male,EEE,6.9,1,60,65,1,1,0,20.0,17.9,2.3,77,3.4,No,No,0,None,NotPlaced
5294,Male,ECE,8.4,0,88,84,0,3,2,65.9,52.0,8.0,90,4.8,Yes,Yes,2,Tier3,Placed
5295,Female,IT,6.7,0,56,67,1,1,0,20.0,29.8,2.3,70,3.9,No,Yes,0,None,NotPlaced
5296,Male,EEE,7.8,0,61,81,1,3,1,55.5,49.2,7.6,80,4.8,Yes,No,0,None,NotPlaced
5297,Male,Mechanical,8.2,0,80,86,0,3,2,51.5,36.1,8.3,84,4.0,Yes,Yes,4,Tier1,Placed
5298,Male,CSE,8.3,0,80,67,2,3,0,69.3,60.3,5.3,82,4.6,Yes,Yes,2,Tier2,Placed
5299,Male,ECE,8.1,0,79,84,1,3,0,58.2,51.1,7.4,80,4.7,Yes,Yes,2,Tier2,Placed
5300,Male,ECE,6.6,1,64,70,1,1,0,20.0,6.0,1.8,71,4.5,Yes,Yes,1,Tier3,Placed
5301,Female,Civil,6.5,0,76,87,1,3,0,33.0,25.6,6.5,86,4.3,Yes,Yes,0,None,NotPlaced
5302,Male,IT,7.7,0,82,82,1,2,2,49.2,43.1,5.0,79,4.8,Yes,Yes,0,None,NotPlaced
5303,Female,CSE,8.2,0,74,82,2,1,0,47.2,52.0,2.0,82,4.6,Yes,Yes,1,Tier3,Placed
5304,Female,IT,7.6,0,83,87,2,2,0,46.9,45.0,4.4,73,4.4,Yes,Yes,3,Tier2,Placed
5305,Male,ECE,7.6,0,71,82,1,2,0,43.2,33.7,3.6,89,4.5,Yes,Yes,0,None,NotPlaced
5306,Male,CSE,8.2,0,77,85,2,3,2,58.9,43.7,6.4,90,4.8,Yes,Yes,2,Tier2,Placed
5307,Male,EEE,6.5,1,60,67,0,2,0,20.0,28.2,4.5,87,3.3,No,No,0,None,NotPlaced
5308,Male,Civil,7.4,1,60,69,1,1,1,37.4,12.9,3.9,68,4.3,Yes,No,2,Tier3,Placed
5309,Female,Mechanical,7.7,0,81,83,2,3,0,52.7,37.7,6.2,81,4.8,Yes,Yes,0,None,NotPlaced
5310,Female,CSE,8.0,0,55,66,1,1,0,49.3,53.3,3.3,83,4.7,No,No,0,None,NotPlaced
5311,Male,Civil,7.5,1,55,63,2,1,0,31.3,30.9,2.6,74,4.6,No,No,0,None,NotPlaced
5312,Male,ECE,7.7,0,64,69,1,2,0,48.3,35.8,5.4,90,4.8,No,Yes,2,Tier2,Placed
5313,Female,CSE,7.9,0,90,86,2,3,1,60.4,40.7,5.2,89,4.8,Yes,Yes,1,Tier3,Placed
5314,Female,CSE,8.4,0,74,86,2,3,2,71.1,64.0,7.3,83,4.5,Yes,Yes,1,Tier3,Placed
5315,Male,CSE,7.6,0,78,79,1,3,2,60.3,50.4,7.6,84,4.6,Yes,Yes,0,None,NotPlaced
5316,Male,Mechanical,6.9,0,56,65,1,2,1,22.7,20.3,3.3,68,4.5,Yes,Yes,0,None,NotPlaced
5317,Male,CSE,8.6,0,74,81,2,1,2,63.0,53.3,5.4,69,3.8,Yes,Yes,4,Tier1,Placed
5318,Female,CSE,7.9,0,55,58,1,3,2,59.8,49.1,5.4,66,4.1,No,No,0,None,NotPlaced
5319,Male,Mechanical,7.1,0,55,66,1,2,0,49.8,42.8,4.5,80,3.5,No,No,0,None,NotPlaced
5320,Male,ECE,8.2,0,80,86,2,2,2,54.6,35.5,5.9,88,4.2,Yes,Yes,0,None,NotPlaced
5321,Male,EEE,7.9,0,75,85,1,2,0,45.9,32.0,4.1,90,4.8,No,Yes,0,None,NotPlaced
5322,Male,Mechanical,6.6,0,58,66,1,2,0,27.1,31.5,6.4,73,4.3,Yes,No,0,None,NotPlaced
5323,Male,CSE,7.6,0,68,86,1,1,0,34.0,35.2,5.0,77,4.2,Yes,Yes,0,None,NotPlaced
5324,Female,EEE,8.7,0,74,83,1,3,3,70.7,60.6,5.9,89,4.8,Yes,Yes,0,None,NotPlaced
5325,Male,CSE,8.1,0,75,88,2,3,2,70.8,53.0,7.1,90,4.8,Yes,Yes,2,Tier2,Placed
5326,Male,ECE,8.1,0,80,86,2,3,2,64.7,59.2,7.9,86,4.5,Yes,Yes,0,None,NotPlaced
5327,Male,ECE,7.9,0,71,70,0,2,1,39.5,32.5,2.4,87,4.4,No,No,0,None,NotPlaced
5328,Male,CSE,8.6,0,78,84,0,3,2,69.6,65.9,8.1,75,4.0,Yes,Yes,3,Tier2,Placed
5329,Male,Civil,6.8,0,55,68,1,1,1,20.9,14.1,3.7,60,3.6,No,Yes,0,None,NotPlaced
5330,Male,ECE,8.3,0,55,67,1,1,1,47.4,35.9,3.3,77,3.6,No,Yes,0,None,NotPlaced
5331,Male,CSE,8.6,0,84,87,2,3,2,74.2,58.8,7.4,90,4.7,Yes,Yes,3,Tier1,Placed
5332,Male,Mechanical,7.6,0,60,73,1,3,0,46.4,46.5,7.5,80,4.6,No,Yes,3,Tier1,Placed
5333,Male,ECE,8.4,0,76,86,2,3,2,75.6,60.7,7.4,90,4.8,Yes,Yes,2,Tier3,Placed
5334,Male,ECE,7.5,1,55,67,0,1,2,26.2,25.2,0.7,73,3.9,No,Yes,2,Tier3,Placed
5335,Female,IT,8.6,0,75,83,2,3,3,72.2,54.4,6.5,78,4.7,Yes,Yes,4,Tier1,Placed
5336,Female,Mechanical,7.4,0,63,64,1,1,0,24.6,24.8,1.7,60,3.7,No,No,0,None,NotPlaced
5337,Male,CSE,8.0,0,60,85,1,3,0,61.0,49.1,6.9,77,4.7,Yes,Yes,2,Tier3,Placed
5338,Male,CSE,8.0,0,77,87,2,3,2,61.5,44.9,6.9,90,4.8,Yes,Yes,2,Tier2,Placed
5339,Female,ECE,6.7,1,81,59,0,1,2,20.0,21.2,2.7,69,4.4,Yes,No,0,None,NotPlaced
5340,Male,CSE,7.5,1,59,65,1,1,1,27.0,26.2,3.2,68,4.6,Yes,Yes,0,None,NotPlaced
5341,Female,EEE,6.7,0,61,61,1,2,2,23.8,42.3,5.5,76,3.8,No,Yes,0,None,NotPlaced
5342,Female,IT,7.7,1,58,64,1,1,1,36.0,26.9,2.2,73,3.7,No,Yes,0,None,NotPlaced
5343,Male,CSE,7.5,0,55,78,0,1,1,26.8,19.1,2.6,78,3.5,No,Yes,0,None,NotPlaced
5344,Male,CSE,7.6,1,60,69,1,1,0,33.1,31.8,0.0,71,4.1,No,Yes,0,None,NotPlaced
5345,Female,ECE,8.5,0,79,78,1,3,0,61.6,42.9,7.1,86,4.5,Yes,No,3,Tier1,Placed
5346,Male,Mechanical,6.5,0,55,70,1,1,0,20.0,12.5,3.1,79,4.0,No,No,0,None,NotPlaced
5347,Male,ECE,7.4,0,64,73,1,1,0,36.9,21.5,3.2,80,4.8,No,Yes,0,None,NotPlaced
5348,Male,EEE,7.4,0,55,71,0,2,0,39.2,28.0,5.1,75,3.5,No,Yes,0,None,NotPlaced
5349,Male,CSE,8.5,0,55,66,1,3,1,71.9,51.9,7.3,84,4.3,Yes,Yes,0,None,NotPlaced
5350,Female,ECE,7.7,0,59,64,1,1,0,39.4,23.7,2.4,71,3.5,No,Yes,0,None,NotPlaced
5351,Female,CSE,8.0,0,83,82,1,3,2,63.5,50.3,6.3,87,4.6,Yes,No,2,Tier2,Placed
5352,Female,ECE,8.3,0,76,86,1,3,2,59.4,29.9,7.8,81,4.7,Yes,Yes,0,None,NotPlaced
5353,Male,ECE,8.2,0,73,80,2,2,2,60.2,54.2,4.3,90,4.3,Yes,Yes,2,Tier2,Placed
5354,Male,Civil,7.4,1,74,63,1,2,1,33.4,25.3,4.7,71,4.7,No,Yes,0,None,NotPlaced
5355,Male,ECE,6.9,0,79,60,1,3,2,31.5,24.6,6.0,65,4.0,No,Yes,0,None,NotPlaced
5356,Male,EEE,8.4,0,71,81,1,1,0,52.8,48.7,3.0,78,4.8,Yes,No,0,None,NotPlaced
5357,Male,ECE,8.3,0,78,85,2,2,2,66.7,57.7,6.0,89,4.0,Yes,Yes,2,Tier2,Placed
5358,Female,Civil,7.3,0,56,66,1,2,0,36.0,26.6,4.6,72,4.3,No,Yes,0,None,NotPlaced
5359,Female,IT,7.8,0,62,69,0,1,0,42.2,39.5,3.3,71,3.8,Yes,No,0,None,NotPlaced
5360,Male,IT,7.5,0,77,82,1,1,2,34.1,42.5,2.5,69,4.3,Yes,No,0,None,NotPlaced
5361,Male,Mechanical,8.0,0,77,74,1,3,0,55.1,37.6,8.6,79,4.8,Yes,Yes,0,None,NotPlaced
5362,Male,CSE,8.5,0,79,86,2,3,2,68.6,62.2,7.3,90,4.8,Yes,Yes,1,Tier3,Placed
5363,Male,CSE,8.3,0,68,66,1,2,1,62.1,41.9,5.7,81,4.6,Yes,Yes,2,Tier2,Placed
5364,Female,CSE,8.4,0,61,68,0,2,0,54.6,54.9,5.1,81,4.4,Yes,Yes,2,Tier3,Placed
5365,Male,EEE,8.4,0,81,84,2,3,2,75.4,54.6,6.3,84,4.2,Yes,Yes,1,Tier3,Placed
5366,Female,CSE,8.5,0,72,74,0,2,0,42.7,31.0,4.4,79,4.5,No,No,0,None,NotPlaced
5367,Male,Mechanical,6.6,2,67,64,1,1,0,20.0,29.6,1.4,71,4.1,No,Yes,0,None,NotPlaced
5368,Male,IT,8.1,0,73,81,2,3,0,63.4,57.9,7.4,86,4.3,Yes,Yes,1,Tier3,Placed
5369,Female,CSE,6.8,1,56,72,1,1,0,20.0,14.5,0.0,66,3.5,No,No,0,None,NotPlaced
5370,Male,IT,7.6,1,64,65,2,2,0,47.7,42.0,3.6,84,4.3,No,No,0,None,NotPlaced
5371,Male,CSE,8.7,0,73,76,0,3,1,73.5,52.2,7.0,71,4.5,Yes,Yes,3,Tier2,Placed
5372,Male,ECE,8.2,0,82,68,0,3,2,69.3,43.1,5.0,81,4.7,No,No,0,None,NotPlaced
5373,Male,EEE,7.3,0,55,69,1,1,2,30.2,29.4,3.4,75,3.8,Yes,Yes,0,None,NotPlaced
5374,Female,ECE,8.0,0,76,83,2,3,0,60.5,47.1,6.6,84,4.6,Yes,Yes,2,Tier3,Placed
5375,Male,CSE,7.6,0,57,69,1,3,1,47.2,32.4,7.0,77,4.6,Yes,Yes,1,Tier3,Placed
5376,Female,ECE,7.7,2,77,65,0,3,1,52.8,55.0,6.4,85,4.3,Yes,Yes,2,Tier2,Placed
5377,Male,EEE,7.5,1,68,65,1,1,0,28.0,19.1,3.0,76,4.0,No,No,0,None,NotPlaced
5378,Male,EEE,7.3,1,62,70,1,1,0,32.1,30.5,2.5,76,4.4,No,Yes,0,None,NotPlaced
5379,Female,Mechanical,6.7,1,65,69,1,1,1,20.0,29.5,2.3,76,4.6,No,No,0,None,NotPlaced
5380,Male,IT,6.7,0,72,64,1,2,2,25.9,23.1,5.1,78,4.4,Yes,Yes,0,None,NotPlaced
5381,Male,Mechanical,8.4,0,83,84,1,3,2,59.2,43.7,9.5,90,4.8,Yes,Yes,1,Tier3,Placed
5382,Male,CSE,8.8,0,73,88,2,3,2,78.2,64.9,6.8,86,4.7,Yes,Yes,2,Tier2,Placed
5383,Male,CSE,6.5,0,79,63,1,1,1,20.0,25.3,1.3,85,3.9,No,No,0,None,NotPlaced
5384,Male,EEE,7.7,0,70,69,2,3,0,55.1,52.5,5.8,77,4.6,Yes,Yes,0,None,NotPlaced
5385,Male,Mechanical,8.5,0,71,78,2,2,0,70.6,72.0,5.9,85,4.5,Yes,Yes,2,Tier2,Placed
5386,Male,ECE,8.0,0,62,65,1,2,0,57.2,42.5,6.6,68,4.5,Yes,No,0,None,NotPlaced
5387,Male,CSE,8.2,0,76,86,1,3,2,64.1,54.5,6.2,90,4.7,Yes,Yes,3,Tier1,Placed
5388,Female,CSE,8.1,0,75,81,0,3,2,53.1,34.9,6.7,88,4.8,Yes,Yes,4,Tier1,Placed
5389,Male,IT,8.4,0,81,63,1,2,1,66.9,58.7,4.6,73,4.0,Yes,No,0,None,NotPlaced
5390,Female,Mechanical,8.3,0,66,68,1,3,1,62.1,51.0,6.9,67,3.7,Yes,Yes,0,None,NotPlaced
5391,Male,CSE,7.4,0,55,66,1,1,0,25.3,22.7,1.2,71,4.3,Yes,Yes,0,None,NotPlaced
5392,Male,EEE,8.5,0,80,81,1,1,2,56.5,41.5,3.8,77,4.3,Yes,Yes,2,Tier2,Placed
5393,Female,IT,7.8,0,66,70,1,2,1,49.3,38.4,5.2,74,4.2,No,Yes,0,None,NotPlaced
5394,Male,EEE,8.2,1,70,74,1,3,0,60.3,51.7,5.1,84,4.5,Yes,Yes,2,Tier2,Placed
5395,Female,Civil,7.0,0,78,86,1,1,2,23.5,15.4,4.8,74,4.5,Yes,Yes,0,None,NotPlaced
5396,Male,IT,8.4,0,80,80,0,1,2,48.2,38.4,4.6,79,3.9,Yes,Yes,0,None,NotPlaced
5397,Male,IT,8.0,0,72,65,1,1,2,44.0,37.7,0.0,75,3.7,No,Yes,0,None,NotPlaced
5398,Male,EEE,7.5,0,55,71,1,1,1,35.3,18.6,0.0,69,3.6,No,Yes,0,None,NotPlaced
5399,Male,ECE,8.2,1,83,83,2,3,2,65.5,45.5,6.9,90,4.6,Yes,Yes,3,Tier1,Placed
5400,Female,ECE,7.7,1,56,65,0,1,0,34.6,25.3,3.3,71,3.5,No,No,0,None,NotPlaced
5401,Male,ECE,8.6,0,82,83,0,2,2,58.1,60.5,5.3,81,4.4,Yes,Yes,3,Tier2,Placed
5402,Female,CSE,8.2,0,80,88,1,3,0,60.6,43.8,7.0,89,4.8,Yes,Yes,0,None,NotPlaced
5403,Female,EEE,8.6,0,81,88,2,3,2,74.8,59.7,7.6,87,4.8,Yes,Yes,2,Tier2,Placed
5404,Male,CSE,7.5,0,72,70,2,2,0,45.5,30.0,4.2,72,4.5,Yes,Yes,0,None,NotPlaced
5405,Male,Civil,7.2,0,55,75,1,1,1,20.0,14.9,3.3,79,4.3,No,No,0,None,NotPlaced
5406,Female,CSE,8.4,0,81,84,0,0,2,34.8,20.9,0.9,90,4.8,Yes,Yes,2,Tier2,Placed
5407,Female,EEE,8.3,0,68,82,2,3,2,70.3,62.5,5.4,88,4.8,Yes,Yes,3,Tier2,Placed
5408,Male,IT,6.8,2,57,59,0,1,0,20.0,9.8,1.2,71,3.3,No,No,2,Tier3,Placed
5409,Male,IT,7.9,0,70,85,1,3,0,53.9,52.5,7.4,84,4.7,Yes,Yes,2,Tier2,Placed
5410,Male,IT,8.1,0,85,83,1,3,2,72.9,62.9,6.7,90,4.7,Yes,Yes,4,Tier1,Placed
5411,Female,Mechanical,6.5,0,63,69,0,1,1,20.0,19.2,1.6,64,4.1,No,No,0,None,NotPlaced
5412,Male,ECE,7.7,0,55,62,1,3,0,51.1,50.3,7.2,78,4.4,Yes,No,0,None,NotPlaced
5413,Female,Mechanical,8.4,0,79,86,1,2,0,54.8,70.8,5.4,85,4.4,Yes,Yes,3,Tier2,Placed
5414,Male,IT,8.1,0,76,66,1,3,0,60.4,54.0,5.8,88,4.0,Yes,Yes,2,Tier3,Placed
5415,Male,EEE,7.4,0,55,73,1,1,1,26.9,16.3,3.2,71,4.3,No,Yes,0,None,NotPlaced
5416,Male,Mechanical,7.4,0,76,71,1,2,0,37.8,45.6,3.9,80,4.6,No,Yes,1,Tier3,Placed
5417,Male,CSE,8.6,0,81,81,2,3,2,72.4,60.3,7.4,90,4.8,Yes,Yes,2,Tier2,Placed
5418,Male,IT,7.6,1,69,71,1,1,0,40.3,52.2,2.1,79,4.8,No,Yes,0,None,NotPlaced
5419,Male,ECE,7.3,0,55,67,1,1,0,29.4,23.3,1.6,75,4.4,No,No,0,None,NotPlaced
5420,Male,IT,7.5,1,78,85,0,2,0,31.0,39.1,4.9,79,3.7,No,No,2,Tier3,Placed
5421,Male,IT,7.7,1,67,85,0,3,1,52.2,44.1,7.1,84,4.2,Yes,No,0,None,NotPlaced
5422,Male,ECE,7.6,1,72,84,1,1,1,30.2,49.1,3.1,74,4.6,Yes,Yes,0,None,NotPlaced
5423,Female,CSE,8.3,0,73,74,0,3,0,52.2,42.2,4.5,88,4.7,Yes,Yes,3,Tier1,Placed
5424,Male,EEE,6.6,0,55,62,1,2,0,23.0,46.4,5.8,70,4.1,Yes,Yes,0,None,NotPlaced
5425,Male,Mechanical,7.6,1,83,72,1,3,2,60.5,53.9,6.8,89,4.8,Yes,Yes,2,Tier2,Placed
5426,Male,ECE,7.8,0,85,84,2,3,2,50.9,50.1,6.8,86,4.8,No,Yes,3,Tier2,Placed
5427,Female,ECE,7.7,0,69,86,1,3,2,46.3,54.1,8.6,90,4.4,Yes,Yes,2,Tier2,Placed
5428,Male,CSE,7.9,0,68,65,1,3,1,60.8,43.1,7.8,76,3.8,Yes,No,0,None,NotPlaced
5429,Female,Mechanical,7.6,0,62,62,1,2,1,39.8,41.5,4.1,65,4.2,No,Yes,0,None,NotPlaced
5430,Female,IT,7.6,0,68,65,1,2,0,46.1,37.7,3.7,86,4.8,No,Yes,2,Tier2,Placed
5431,Male,ECE,8.1,0,80,81,0,3,1,51.8,44.7,9.5,80,4.6,Yes,Yes,4,Tier1,Placed
5432,Male,Civil,7.6,0,77,85,1,2,1,43.7,38.4,5.5,79,4.8,Yes,Yes,0,None,NotPlaced
5433,Female,ECE,7.7,0,55,66,1,2,1,53.7,47.7,4.2,61,4.0,No,No,0,None,NotPlaced
5434,Male,EEE,8.0,0,76,84,2,3,0,58.0,52.9,6.8,89,4.5,Yes,Yes,3,Tier2,Placed
5435,Male,IT,7.7,0,61,70,1,2,0,50.1,37.5,3.1,78,3.8,No,Yes,0,None,NotPlaced
5436,Female,CSE,7.6,0,55,72,0,1,1,33.4,29.9,0.0,61,3.4,No,Yes,0,None,NotPlaced
5437,Male,EEE,7.7,0,75,73,1,1,2,29.6,8.5,4.5,72,3.7,Yes,Yes,0,None,NotPlaced
5438,Female,CSE,8.1,0,75,86,2,3,2,68.8,64.2,6.2,90,4.7,Yes,Yes,4,Tier1,Placed
5439,Male,EEE,7.9,0,79,71,1,1,0,41.4,48.9,1.8,71,4.4,No,Yes,0,None,NotPlaced
5440,Female,CSE,6.5,0,55,69,1,2,1,21.5,22.3,3.9,64,3.7,No,Yes,0,None,NotPlaced
5441,Male,Mechanical,8.1,0,82,81,2,3,2,67.7,42.6,8.4,90,4.8,Yes,Yes,2,Tier3,Placed
5442,Male,CSE,6.6,0,59,68,2,2,0,26.2,30.9,3.2,73,4.1,No,No,0,None,NotPlaced
5443,Male,ECE,8.1,0,79,87,2,3,2,66.4,48.3,7.3,88,4.5,Yes,Yes,0,None,NotPlaced
5444,Female,EEE,7.4,0,55,64,1,2,0,40.2,35.8,4.5,69,3.8,No,No,0,None,NotPlaced
5445,Male,ECE,6.5,2,55,75,1,1,0,20.0,25.9,1.6,71,4.2,Yes,Yes,0,None,NotPlaced
5446,Male,IT,7.9,0,78,69,1,3,1,49.4,45.9,5.5,77,4.1,Yes,Yes,0,None,NotPlaced
5447,Male,IT,8.1,0,66,82,1,3,0,67.5,62.9,6.3,78,4.0,Yes,Yes,0,None,NotPlaced
5448,Male,IT,8.4,0,87,84,2,3,2,66.2,55.5,7.2,89,4.6,Yes,Yes,2,Tier2,Placed
5449,Male,IT,7.8,0,83,66,1,1,0,42.8,38.3,3.1,77,4.0,Yes,Yes,3,Tier2,Placed
5450,Male,IT,8.4,2,77,84,0,3,2,62.4,56.9,6.9,81,4.8,Yes,No,3,Tier2,Placed
5451,Male,IT,8.7,0,55,64,1,2,0,58.6,47.6,5.7,80,4.5,Yes,Yes,3,Tier2,Placed
5452,Male,IT,7.4,0,70,67,1,3,1,49.6,36.5,5.1,81,4.4,No,Yes,0,None,NotPlaced
5453,Male,Civil,7.5,0,61,68,1,2,1,36.3,36.3,3.8,81,4.2,No,Yes,0,None,NotPlaced
5454,Male,ECE,8.2,0,75,75,2,3,0,73.3,50.2,6.9,88,4.0,Yes,Yes,2,Tier2,Placed
5455,Female,CSE,8.4,0,87,87,2,3,2,68.4,55.1,6.2,87,4.8,Yes,No,2,Tier2,Placed
5456,Male,IT,8.7,0,77,83,2,3,2,70.5,45.8,9.3,83,4.0,Yes,Yes,3,Tier2,Placed
5457,Male,Mechanical,7.7,1,55,64,1,2,0,52.7,40.4,2.8,88,4.1,Yes,Yes,0,None,NotPlaced
5458,Male,CSE,7.6,1,74,85,1,2,0,43.9,33.9,6.2,81,4.7,Yes,Yes,0,None,NotPlaced
5459,Female,ECE,8.5,0,90,83,2,3,2,78.3,55.0,6.8,90,4.8,No,Yes,3,Tier2,Placed
5460,Female,ECE,7.9,0,83,82,2,2,2,49.7,51.7,5.8,90,4.8,Yes,No,3,Tier1,Placed
5461,Female,CSE,6.6,1,84,81,1,1,1,20.0,29.3,3.1,80,3.9,Yes,Yes,0,None,NotPlaced
5462,Male,EEE,7.8,0,74,87,2,3,2,68.4,66.0,8.3,85,4.6,Yes,Yes,0,None,NotPlaced
5463,Male,IT,8.1,0,80,71,2,3,0,66.0,51.6,6.6,77,4.8,Yes,Yes,4,Tier1,Placed
5464,Male,IT,7.2,0,55,72,1,2,1,37.5,29.4,4.4,74,3.7,No,No,0,None,NotPlaced
5465,Male,Mechanical,6.5,1,76,72,1,3,3,32.3,36.6,6.1,84,4.5,No,Yes,0,None,NotPlaced
5466,Male,ECE,8.2,0,76,69,2,2,1,58.3,48.5,3.8,74,4.2,No,Yes,3,Tier2,Placed
5467,Female,Mechanical,8.0,0,80,84,1,3,2,60.1,51.2,7.1,90,4.8,Yes,Yes,2,Tier2,Placed
5468,Female,ECE,7.7,0,68,87,1,3,0,61.0,30.0,6.1,85,4.8,Yes,No,3,Tier2,Placed
5469,Female,EEE,8.2,0,74,88,1,3,0,62.8,57.8,6.3,87,3.7,Yes,Yes,2,Tier2,Placed
5470,Male,EEE,8.5,0,85,87,2,3,2,78.7,68.2,8.6,90,4.8,Yes,Yes,3,Tier1,Placed
5471,Female,CSE,7.4,0,75,66,1,1,0,21.0,20.2,4.9,62,4.1,No,No,0,None,NotPlaced
5472,Male,Mechanical,6.8,0,55,58,1,2,1,32.6,35.7,5.5,71,4.7,Yes,Yes,0,None,NotPlaced
5473,Male,ECE,8.1,0,83,88,1,3,2,53.4,50.3,7.8,90,4.8,Yes,Yes,2,Tier2,Placed
5474,Female,CSE,7.4,0,60,66,1,2,0,44.0,32.6,4.3,82,4.3,No,Yes,0,None,NotPlaced
5475,Male,ECE,7.5,0,78,83,1,3,0,51.0,42.0,7.5,90,4.3,Yes,Yes,4,Tier1,Placed
5476,Male,CSE,6.5,1,55,74,1,1,0,20.0,12.9,2.5,77,4.2,No,Yes,0,None,NotPlaced
5477,Male,Mechanical,6.6,0,71,85,1,1,2,20.0,32.5,4.0,76,4.0,Yes,Yes,0,None,NotPlaced
5478,Female,ECE,7.8,1,55,64,1,1,1,37.7,40.1,3.5,65,3.7,No,No,0,None,NotPlaced
5479,Female,Civil,7.9,0,70,86,1,3,2,52.9,37.9,6.1,82,4.4,Yes,Yes,0,None,NotPlaced
5480,Male,IT,6.8,0,55,66,1,1,1,20.0,26.2,5.8,80,4.3,Yes,Yes,1,Tier3,Placed
5481,Female,ECE,7.6,0,61,64,1,2,2,54.0,46.8,4.1,75,4.6,No,No,0,None,NotPlaced
5482,Male,CSE,8.7,0,81,84,2,3,2,84.5,61.3,7.1,85,4.4,Yes,Yes,4,Tier1,Placed
5483,Male,ECE,8.6,0,70,88,1,3,2,66.6,55.7,6.6,90,4.8,Yes,Yes,4,Tier1,Placed
5484,Female,EEE,7.6,0,56,62,0,1,1,31.3,35.3,1.6,73,3.3,No,No,0,None,NotPlaced
5485,Female,EEE,7.9,0,70,80,0,3,2,52.5,52.2,7.6,88,4.6,Yes,Yes,0,None,NotPlaced
5486,Female,EEE,8.2,0,58,80,1,1,1,46.3,57.9,2.6,76,4.1,No,No,0,None,NotPlaced
5487,Male,Mechanical,7.2,0,55,63,1,1,1,22.0,22.3,2.6,68,3.4,No,No,0,None,NotPlaced
5488,Female,CSE,8.3,0,77,84,2,3,2,72.2,54.8,6.5,68,3.9,Yes,No,2,Tier2,Placed
5489,Male,IT,7.6,0,64,80,1,2,2,47.2,44.9,2.3,82,4.8,Yes,Yes,0,None,NotPlaced
5490,Female,ECE,8.6,0,84,79,2,3,2,71.8,56.9,5.2,90,4.8,Yes,Yes,3,Tier1,Placed
5491,Male,ECE,8.1,0,68,71,0,1,0,49.8,37.7,3.0,83,4.3,Yes,Yes,1,Tier3,Placed
5492,Female,CSE,7.6,0,59,60,1,1,0,42.6,28.1,3.3,63,4.3,Yes,No,0,None,NotPlaced
5493,Male,ECE,8.4,0,55,69,1,1,0,53.7,17.2,2.6,78,4.3,Yes,Yes,1,Tier3,Placed
5494,Male,IT,7.8,0,87,85,2,3,2,53.8,51.2,6.3,85,4.7,Yes,Yes,3,Tier2,Placed
5495,Male,IT,8.6,0,71,88,2,3,2,78.0,49.6,7.3,90,4.8,Yes,Yes,4,Tier1,Placed
5496,Male,EEE,7.6,0,55,84,1,2,0,44.4,31.2,3.9,79,4.2,No,No,0,None,NotPlaced
5497,Male,IT,8.4,0,87,85,2,3,2,74.6,62.2,6.5,85,4.7,Yes,Yes,0,None,NotPlaced
5498,Female,CSE,7.4,0,55,71,0,2,0,42.0,33.4,2.4,73,3.7,No,Yes,0,None,NotPlaced
5499,Male,CSE,7.4,1,55,66,2,2,0,43.1,53.5,3.2,68,3.8,No,Yes,0,None,NotPlaced
5500,Male,Mechanical,7.1,0,72,71,2,1,3,40.2,22.5,3.9,71,4.8,Yes,No,0,None,NotPlaced
5501,Male,Civil,8.1,0,63,70,1,1,0,47.0,57.0,1.0,69,4.8,No,No,0,None,NotPlaced
5502,Male,ECE,7.8,0,72,84,1,3,0,53.5,56.5,6.7,89,4.0,No,Yes,4,Tier1,Placed
5503,Male,ECE,6.6,2,74,75,1,1,0,27.0,33.5,4.4,81,4.4,Yes,Yes,0,None,NotPlaced
5504,Male,Civil,6.7,0,55,82,1,2,0,29.1,39.9,3.2,89,4.7,No,Yes,0,None,NotPlaced
5505,Male,ECE,8.5,0,73,85,2,3,0,71.7,61.1,6.6,85,4.7,Yes,Yes,0,None,NotPlaced
5506,Male,Mechanical,6.5,0,69,62,0,3,1,24.4,10.2,7.0,75,4.3,No,No,1,Tier3,Placed
5507,Male,EEE,8.2,0,78,72,1,2,1,58.2,51.2,5.2,71,3.7,No,Yes,0,None,NotPlaced
5508,Male,ECE,7.0,0,55,63,1,2,0,30.2,15.3,3.4,67,3.5,No,Yes,0,None,NotPlaced
5509,Male,ECE,7.4,0,68,74,0,1,0,26.7,20.9,1.4,72,3.7,Yes,No,0,None,NotPlaced
5510,Male,CSE,7.8,1,75,64,1,2,2,42.9,37.5,6.3,90,4.3,Yes,Yes,0,None,NotPlaced
5511,Male,IT,6.7,0,55,67,1,1,0,20.0,13.5,3.6,75,3.1,Yes,Yes,0,None,NotPlaced
5512,Female,EEE,7.6,0,80,88,1,3,0,51.5,51.4,7.4,87,4.4,Yes,Yes,0,None,NotPlaced
5513,Female,EEE,8.7,0,83,84,0,2,2,60.7,48.3,5.9,84,4.5,Yes,Yes,0,None,NotPlaced
5514,Female,EEE,8.3,0,82,80,2,3,0,72.6,61.5,5.8,82,3.5,Yes,No,0,None,NotPlaced
5515,Male,ECE,7.2,0,55,64,1,2,1,32.1,29.3,4.4,77,4.1,No,Yes,0,None,NotPlaced
5516,Female,CSE,7.7,0,69,64,1,3,0,46.3,40.3,6.7,76,4.5,Yes,No,4,Tier1,Placed
5517,Female,CSE,6.5,2,55,60,1,1,1,20.0,12.5,2.6,62,4.0,No,No,0,None,NotPlaced
5518,Female,ECE,7.4,0,69,68,1,2,0,44.3,27.8,4.8,69,3.6,No,No,0,None,NotPlaced
5519,Male,IT,8.0,0,74,88,0,3,1,50.7,42.4,8.0,90,4.8,Yes,Yes,0,None,NotPlaced
5520,Male,ECE,8.5,0,79,88,2,2,2,63.8,44.2,5.6,81,4.8,Yes,Yes,3,Tier2,Placed
5521,Female,CSE,7.6,0,75,84,1,3,2,49.4,53.6,7.3,88,4.5,Yes,Yes,4,Tier1,Placed
5522,Male,Civil,8.2,0,76,60,0,1,0,38.9,24.1,2.3,88,4.0,No,No,0,None,NotPlaced
5523,Male,ECE,7.2,0,61,67,1,1,0,23.5,41.1,3.4,66,3.9,Yes,No,0,None,NotPlaced
5524,Male,EEE,7.9,0,79,66,2,1,0,41.6,38.8,2.4,81,3.7,Yes,Yes,3,Tier1,Placed
5525,Male,ECE,7.6,1,77,72,1,3,1,58.0,47.7,6.6,73,4.3,Yes,Yes,0,None,NotPlaced
5526,Male,CSE,7.5,0,72,84,1,3,0,52.4,39.4,6.4,78,3.6,No,Yes,0,None,NotPlaced
5527,Male,EEE,8.4,0,74,68,1,3,0,73.2,63.9,7.7,82,4.3,Yes,Yes,2,Tier2,Placed
5528,Male,EEE,7.7,1,82,81,1,1,0,44.2,36.3,1.3,78,4.4,No,Yes,0,None,NotPlaced
5529,Male,ECE,6.5,0,71,72,0,2,2,20.0,24.3,2.9,88,4.6,No,Yes,0,None,NotPlaced
5530,Male,ECE,6.8,1,75,71,1,2,0,28.7,33.8,3.3,78,4.3,Yes,Yes,2,Tier3,Placed
5531,Male,CSE,8.0,0,68,87,1,3,2,56.1,51.7,5.7,79,4.6,Yes,Yes,2,Tier3,Placed
5532,Male,EEE,6.6,1,77,77,0,3,0,31.6,39.9,6.5,87,4.6,Yes,Yes,2,Tier3,Placed
5533,Female,Mechanical,7.5,0,78,81,1,2,1,37.3,36.9,4.6,72,4.5,Yes,Yes,0,None,NotPlaced
5534,Female,CSE,8.2,0,80,85,2,2,2,54.7,37.9,4.7,80,4.5,Yes,Yes,1,Tier3,Placed
5535,Male,CSE,7.5,0,58,68,1,2,1,33.8,13.5,2.8,72,4.4,No,Yes,0,None,NotPlaced
5536,Male,Mechanical,8.2,0,83,87,2,3,2,66.5,56.3,5.2,90,4.8,Yes,Yes,3,Tier1,Placed
5537,Male,IT,6.6,1,55,69,2,2,1,32.6,30.1,4.1,61,3.5,No,Yes,0,None,NotPlaced
5538,Female,EEE,7.4,0,57,64,1,2,1,40.3,49.7,4.1,68,4.2,No,Yes,0,None,NotPlaced
5539,Male,ECE,8.3,0,87,68,2,3,0,64.0,51.1,6.6,80,4.2,No,No,0,None,NotPlaced
5540,Male,ECE,8.1,0,87,87,2,3,2,76.8,64.8,7.8,89,4.8,Yes,Yes,2,Tier3,Placed
5541,Male,IT,8.2,0,67,86,2,3,2,71.2,64.0,7.4,88,4.8,Yes,Yes,0,None,NotPlaced
5542,Male,IT,6.5,1,79,74,1,1,0,20.0,25.2,3.1,79,4.0,Yes,Yes,0,None,NotPlaced
5543,Female,CSE,8.7,0,74,83,1,2,0,71.4,63.4,4.9,74,4.8,No,No,0,None,NotPlaced
5544,Female,ECE,8.6,0,79,80,2,3,1,67.8,48.6,8.4,85,4.3,Yes,Yes,4,Tier1,Placed
5545,Male,Mechanical,7.2,0,77,81,2,3,2,43.4,30.1,5.3,84,4.0,No,No,2,Tier2,Placed
5546,Male,ECE,8.2,0,85,88,1,3,2,67.1,52.8,7.8,90,4.8,Yes,Yes,2,Tier2,Placed
5547,Male,ECE,7.6,0,56,85,0,1,2,25.9,7.8,2.4,79,4.8,Yes,Yes,2,Tier2,Placed
5548,Male,CSE,7.7,1,82,84,2,2,2,48.6,41.4,5.2,85,4.3,Yes,Yes,4,Tier1,Placed
5549,Male,CSE,8.6,0,69,62,1,1,0,54.6,38.8,4.1,65,3.7,Yes,No,0,None,NotPlaced
5550,Male,EEE,7.9,0,90,84,2,3,2,55.6,49.1,6.7,85,4.7,Yes,Yes,3,Tier2,Placed
5551,Male,ECE,7.5,0,58,69,1,1,0,31.2,25.6,1.0,65,3.9,No,Yes,0,None,NotPlaced
5552,Male,IT,8.0,0,82,84,2,2,2,60.6,42.3,4.5,89,4.2,Yes,Yes,3,Tier2,Placed
5553,Female,CSE,7.6,1,70,71,1,1,0,38.6,44.4,2.0,77,4.5,Yes,Yes,0,None,NotPlaced
5554,Male,CSE,8.3,0,78,66,0,2,0,57.6,48.0,2.9,78,4.5,No,Yes,2,Tier2,Placed
5555,Female,IT,8.4,0,75,88,2,3,2,77.0,68.9,8.2,90,4.8,Yes,Yes,3,Tier2,Placed
5556,Female,Mechanical,6.5,1,79,65,0,1,2,20.0,22.3,3.5,76,4.1,Yes,Yes,0,None,NotPlaced
5557,Male,Mechanical,8.1,0,55,66,1,1,3,46.6,43.1,1.3,75,4.0,No,No,0,None,NotPlaced
5558,Female,Mechanical,8.4,0,84,79,2,3,2,73.3,48.5,6.0,90,4.8,Yes,Yes,2,Tier3,Placed
5559,Male,Mechanical,7.8,0,56,72,0,2,1,38.9,44.6,3.1,79,4.7,No,Yes,0,None,NotPlaced
5560,Male,Mechanical,8.5,0,75,86,1,3,2,63.9,59.9,6.3,90,4.8,Yes,Yes,0,None,NotPlaced
5561,Male,ECE,6.5,1,55,74,1,1,1,20.0,21.3,3.2,83,4.4,No,No,0,None,NotPlaced
5562,Female,CSE,7.8,0,56,68,1,1,1,37.4,35.4,1.9,77,4.5,No,No,0,None,NotPlaced
5563,Male,Mechanical,6.7,0,77,80,1,2,1,21.7,30.6,7.1,82,4.3,Yes,Yes,1,Tier3,Placed
5564,Male,IT,6.5,0,68,84,0,2,0,20.0,18.0,4.0,77,4.4,No,Yes,0,None,NotPlaced
5565,Female,CSE,8.0,0,82,82,2,1,2,49.0,29.6,2.4,88,3.8,Yes,No,0,None,NotPlaced
5566,Male,CSE,7.5,0,61,70,1,1,0,34.5,28.1,3.9,75,4.1,Yes,Yes,0,None,NotPlaced
5567,Female,ECE,6.5,0,67,72,2,1,0,20.0,20.6,0.3,60,4.5,No,No,0,None,NotPlaced
5568,Female,IT,7.5,0,78,81,1,3,0,55.0,45.7,7.2,83,4.1,Yes,Yes,2,Tier2,Placed
5569,Female,CSE,6.5,0,75,71,2,1,1,20.0,31.9,0.8,82,4.8,No,Yes,0,None,NotPlaced
5570,Female,IT,8.5,0,85,82,2,3,2,79.0,55.2,4.8,84,4.6,Yes,Yes,2,Tier3,Placed
5571,Female,Mechanical,6.8,1,57,62,0,1,0,20.0,14.1,1.9,75,4.7,No,Yes,0,None,NotPlaced
5572,Male,IT,8.5,0,78,87,2,3,0,79.6,55.3,7.8,89,4.2,Yes,Yes,3,Tier1,Placed
5573,Female,Mechanical,7.7,0,72,61,1,2,2,53.1,46.1,5.2,61,3.8,Yes,Yes,0,None,NotPlaced
5574,Male,IT,7.2,0,55,73,1,1,0,29.9,15.2,2.1,72,4.1,No,Yes,0,None,NotPlaced
5575,Male,CSE,6.5,0,55,67,0,1,0,20.0,25.9,0.0,66,3.5,No,No,0,None,NotPlaced
5576,Male,ECE,7.6,0,55,68,1,2,1,43.5,30.1,3.8,79,4.5,No,Yes,0,None,NotPlaced
5577,Female,IT,7.5,0,69,62,1,1,0,30.6,21.4,1.9,68,3.6,No,Yes,0,None,NotPlaced
5578,Female,EEE,7.0,0,64,61,1,1,1,20.5,35.2,2.6,74,4.4,No,Yes,0,None,NotPlaced
5579,Female,EEE,8.4,0,81,72,2,3,0,76.5,71.1,5.9,85,4.6,Yes,Yes,0,None,NotPlaced
5580,Male,EEE,8.4,2,61,81,1,2,2,54.2,46.0,5.8,79,4.8,Yes,Yes,0,None,NotPlaced
5581,Male,Mechanical,7.7,0,78,84,0,3,2,56.1,36.5,6.5,86,4.7,Yes,Yes,2,Tier2,Placed
5582,Male,IT,8.3,0,86,86,1,1,0,48.2,56.6,2.7,75,4.2,Yes,Yes,4,Tier1,Placed
5583,Female,CSE,8.8,0,74,79,1,2,2,81.3,62.3,5.5,77,4.3,Yes,Yes,3,Tier1,Placed
5584,Female,EEE,6.5,1,84,80,1,3,0,25.5,27.9,5.8,90,4.6,Yes,Yes,3,Tier2,Placed
5585,Male,CSE,7.6,0,82,75,2,1,0,41.3,42.8,2.8,73,4.0,No,Yes,3,Tier2,Placed
5586,Male,IT,6.5,2,55,66,1,1,0,20.0,4.8,0.6,72,4.5,No,No,0,None,NotPlaced
5587,Male,CSE,7.5,0,63,70,0,1,0,24.0,18.5,2.7,76,4.4,No,No,0,None,NotPlaced
5588,Male,IT,7.6,0,56,66,1,1,1,40.3,34.1,2.8,72,4.6,Yes,Yes,2,Tier2,Placed
5589,Female,CSE,8.2,0,55,80,1,2,0,49.5,42.7,3.8,78,3.8,No,Yes,0,None,NotPlaced
5590,Male,CSE,6.6,0,55,65,1,2,0,20.0,10.6,0.9,78,4.7,No,Yes,0,None,NotPlaced
5591,Male,ECE,7.5,1,62,60,1,1,0,35.9,34.0,1.4,69,3.8,No,Yes,0,None,NotPlaced
5592,Male,ECE,8.1,0,63,79,0,3,1,59.7,49.8,6.8,86,4.7,Yes,Yes,2,Tier2,Placed
5593,Male,EEE,8.2,0,85,77,1,3,2,56.0,60.6,8.5,90,4.8,Yes,Yes,4,Tier1,Placed
5594,Female,ECE,8.7,0,70,87,2,3,2,80.9,72.7,7.0,90,4.7,Yes,Yes,3,Tier1,Placed
5595,Male,CSE,8.0,0,78,77,1,3,2,59.6,46.5,6.3,77,4.5,Yes,No,0,None,NotPlaced
5596,Male,IT,7.5,0,56,68,1,2,1,36.4,30.7,4.8,75,3.7,No,Yes,0,None,NotPlaced
5597,Male,CSE,6.6,0,59,68,1,1,0,20.0,28.4,1.5,70,4.5,No,No,0,None,NotPlaced
5598,Female,EEE,8.2,0,81,85,1,2,2,44.8,41.5,6.0,88,4.4,Yes,Yes,3,Tier2,Placed
5599,Female,ECE,8.5,0,81,78,2,3,2,82.6,54.9,7.3,89,4.8,Yes,Yes,3,Tier2,Placed
5600,Female,CSE,8.6,0,71,88,1,3,2,76.1,76.9,5.1,76,4.0,No,No,0,None,NotPlaced
5601,Male,IT,8.4,0,70,70,1,3,2,60.6,41.0,7.9,72,4.6,Yes,No,2,Tier2,Placed
5602,Male,Civil,7.6,0,80,70,1,3,1,55.0,64.9,6.6,73,4.1,No,Yes,0,None,NotPlaced
5603,Male,ECE,8.4,0,69,87,1,3,2,64.1,56.4,7.9,90,4.8,Yes,Yes,3,Tier2,Placed
5604,Female,EEE,8.3,0,87,88,2,3,2,74.6,55.1,6.8,88,4.8,Yes,Yes,3,Tier2,Placed
5605,Male,CSE,8.4,0,90,79,2,3,2,69.5,37.6,7.6,88,4.5,Yes,Yes,3,Tier1,Placed
5606,Male,CSE,8.7,0,79,86,2,3,2,76.2,67.0,8.9,83,4.8,Yes,Yes,3,Tier2,Placed
5607,Female,EEE,7.6,1,62,61,1,2,0,41.6,23.6,4.2,76,4.0,No,No,0,None,NotPlaced
5608,Female,ECE,8.4,0,79,84,1,3,0,63.7,55.5,6.6,89,4.8,Yes,Yes,3,Tier1,Placed
5609,Male,ECE,8.3,0,80,86,2,3,2,77.0,77.5,8.5,90,4.8,Yes,Yes,2,Tier2,Placed
5610,Male,EEE,6.5,1,59,65,1,1,0,20.0,12.5,2.7,85,4.6,No,Yes,0,None,NotPlaced
5611,Male,EEE,6.9,0,55,65,0,2,1,24.5,29.4,3.5,71,3.2,No,No,0,None,NotPlaced
5612,Female,EEE,8.1,0,83,87,1,2,1,58.1,40.7,5.7,73,4.2,No,Yes,0,None,NotPlaced
5613,Female,CSE,7.7,0,57,68,1,2,0,36.9,42.1,2.8,80,4.6,No,Yes,0,None,NotPlaced
5614,Male,ECE,7.2,0,55,74,0,1,0,20.0,21.3,2.5,75,3.5,No,No,0,None,NotPlaced
5615,Male,Mechanical,8.3,0,55,66,1,1,2,51.4,42.5,4.1,74,4.1,Yes,Yes,0,None,NotPlaced
5616,Female,IT,8.3,0,76,84,2,3,0,73.7,69.0,8.1,86,4.7,Yes,Yes,3,Tier2,Placed
5617,Female,ECE,8.2,0,74,86,2,3,3,69.4,61.5,6.1,88,4.8,Yes,Yes,4,Tier1,Placed
5618,Male,EEE,8.4,0,70,74,1,2,0,49.6,35.4,3.8,79,4.3,Yes,Yes,2,Tier2,Placed
5619,Male,Civil,7.4,0,67,68,1,2,1,33.7,44.9,4.2,78,4.6,No,Yes,0,None,NotPlaced
5620,Male,IT,7.9,0,67,64,1,2,2,51.1,31.0,4.7,84,4.6,No,Yes,0,None,NotPlaced
5621,Male,IT,7.7,1,88,85,2,3,2,70.1,59.4,5.9,90,4.8,Yes,Yes,3,Tier2,Placed
5622,Female,EEE,7.7,0,63,67,1,2,2,51.1,36.2,5.3,78,3.8,Yes,No,0,None,NotPlaced
5623,Female,EEE,8.7,0,82,79,0,2,1,67.9,42.8,3.5,80,4.8,Yes,Yes,3,Tier2,Placed
5624,Female,Mechanical,6.8,0,55,71,0,2,1,23.7,13.4,5.1,65,4.8,No,Yes,0,None,NotPlaced
5625,Male,IT,7.8,0,86,81,2,3,2,61.7,50.2,5.4,82,4.6,No,Yes,2,Tier2,Placed
5626,Female,IT,7.8,0,85,85,2,3,2,54.8,49.3,6.8,90,4.8,Yes,Yes,3,Tier2,Placed
5627,Male,ECE,7.7,0,72,69,1,1,0,41.8,44.2,2.9,72,4.4,No,No,0,None,NotPlaced
5628,Male,Mechanical,8.2,0,56,71,2,2,2,59.6,59.8,5.8,70,4.2,Yes,No,0,None,NotPlaced
5629,Male,EEE,8.9,0,73,88,0,3,3,75.5,62.9,7.5,87,4.8,Yes,Yes,3,Tier1,Placed
5630,Male,CSE,7.5,0,55,75,1,2,1,41.2,32.1,5.0,76,3.8,No,Yes,0,None,NotPlaced
5631,Female,IT,8.3,0,81,83,1,3,2,66.4,62.2,7.4,82,4.8,Yes,Yes,3,Tier2,Placed
5632,Male,IT,8.0,0,72,82,1,3,2,58.6,44.2,8.4,90,4.4,Yes,Yes,3,Tier2,Placed
5633,Male,Civil,6.6,0,55,68,0,1,1,20.0,7.4,0.3,69,4.2,No,No,0,None,NotPlaced
5634,Male,ECE,8.2,0,79,85,2,3,2,73.0,66.4,6.9,86,4.4,Yes,Yes,3,Tier1,Placed
5635,Male,IT,7.6,0,80,66,0,1,2,23.7,33.9,1.9,75,4.5,No,No,0,None,NotPlaced
5636,Male,CSE,6.6,2,57,65,0,2,0,20.0,13.2,3.8,64,3.3,No,Yes,0,None,NotPlaced
5637,Male,EEE,7.4,1,71,67,1,1,0,33.1,45.8,2.5,77,4.0,No,No,0,None,NotPlaced
5638,Female,CSE,6.6,2,75,72,2,3,0,43.2,41.5,7.2,73,4.5,Yes,Yes,0,None,NotPlaced
5639,Male,EEE,7.5,0,71,84,1,3,2,57.5,51.8,7.8,90,4.8,Yes,Yes,3,Tier2,Placed
5640,Male,Mechanical,7.3,0,56,68,1,1,1,22.9,19.4,0.8,83,3.8,No,Yes,0,None,NotPlaced
5641,Male,ECE,6.6,0,57,62,0,2,1,20.0,27.8,6.3,63,4.1,No,No,0,None,NotPlaced
5642,Female,IT,7.7,0,58,71,0,1,0,24.6,12.4,1.6,82,4.1,No,No,0,None,NotPlaced
5643,Male,Mechanical,7.7,0,75,82,0,1,1,29.2,25.6,3.3,87,3.9,Yes,No,0,None,NotPlaced
5644,Male,IT,7.6,0,83,86,2,2,1,53.6,39.6,4.8,88,4.8,Yes,Yes,0,None,NotPlaced
5645,Male,IT,6.5,0,60,74,1,1,0,20.0,10.5,3.1,77,3.6,Yes,Yes,0,None,NotPlaced
5646,Male,Civil,6.5,2,55,67,1,2,1,20.0,28.9,3.5,89,4.0,No,Yes,0,None,NotPlaced
5647,Male,EEE,8.3,0,71,65,1,3,1,67.7,56.7,7.2,73,4.7,Yes,No,0,None,NotPlaced
5648,Female,EEE,8.5,0,72,82,1,3,1,65.0,59.5,7.6,84,3.9,Yes,Yes,2,Tier2,Placed
5649,Male,IT,7.4,1,73,78,1,1,0,39.0,32.0,0.0,77,3.6,No,Yes,0,None,NotPlaced
5650,Male,CSE,6.6,0,71,88,1,3,2,31.0,37.6,6.7,89,4.5,Yes,Yes,2,Tier3,Placed
5651,Female,CSE,7.6,0,63,63,1,1,1,33.0,30.1,2.6,71,4.2,Yes,Yes,0,None,NotPlaced
5652,Female,IT,6.7,1,60,64,0,1,0,20.0,16.9,5.3,74,4.1,Yes,Yes,0,None,NotPlaced
5653,Male,EEE,7.6,0,77,83,0,1,2,34.7,25.9,3.9,75,4.2,Yes,No,0,None,NotPlaced
5654,Male,CSE,7.5,1,60,68,1,1,0,41.0,18.8,3.5,66,3.7,No,No,0,None,NotPlaced
5655,Male,EEE,6.5,1,55,78,1,1,0,20.0,30.0,2.6,74,4.2,No,Yes,0,None,NotPlaced
5656,Male,CSE,8.1,0,61,69,1,2,0,58.4,55.9,5.1,74,4.7,Yes,Yes,0,None,NotPlaced
5657,Female,IT,7.5,2,55,65,1,3,0,49.5,65.0,7.4,77,4.0,Yes,Yes,0,None,NotPlaced
5658,Female,Civil,7.3,0,63,62,1,1,0,25.9,22.5,3.1,78,3.1,No,No,0,None,NotPlaced
5659,Female,CSE,8.0,0,84,88,1,3,2,55.1,41.2,8.8,89,4.3,Yes,Yes,1,Tier3,Placed
5660,Male,IT,8.3,0,80,68,1,1,0,43.5,24.1,3.3,81,4.5,Yes,No,3,Tier2,Placed
5661,Male,IT,6.5,0,55,61,1,1,1,20.0,29.3,1.4,85,4.8,No,Yes,0,None,NotPlaced
5662,Male,CSE,7.9,0,84,88,1,3,2,62.6,57.8,7.9,90,4.8,Yes,No,3,Tier2,Placed
5663,Female,IT,8.8,0,73,87,2,3,3,83.5,79.0,6.1,90,4.8,Yes,Yes,3,Tier2,Placed
5664,Male,ECE,6.5,0,62,63,1,1,1,20.0,14.0,2.4,81,4.7,No,Yes,0,None,NotPlaced
5665,Male,ECE,7.5,2,61,60,0,1,0,20.0,27.7,2.7,88,4.7,No,No,0,None,NotPlaced
5666,Female,EEE,8.3,0,79,82,2,2,0,56.4,43.3,4.9,89,4.8,Yes,Yes,0,None,NotPlaced
5667,Female,ECE,7.4,0,80,75,1,1,1,27.1,35.1,2.1,60,4.3,Yes,Yes,0,None,NotPlaced
5668,Female,CSE,6.5,0,56,65,1,3,1,27.5,30.6,6.5,79,4.2,Yes,Yes,0,None,NotPlaced
5669,Male,ECE,8.3,0,71,67,1,2,0,62.9,39.0,4.7,82,4.5,Yes,Yes,1,Tier3,Placed
5670,Female,CSE,8.7,0,75,85,1,3,2,70.3,55.8,5.9,85,4.8,Yes,Yes,2,Tier2,Placed
5671,Female,ECE,8.1,0,55,70,1,1,2,53.4,27.9,1.6,68,3.2,No,Yes,0,None,NotPlaced
5672,Male,ECE,7.7,0,59,63,1,1,1,28.6,17.8,0.5,79,3.7,No,Yes,0,None,NotPlaced
5673,Male,CSE,8.2,0,90,84,2,3,2,66.3,45.7,7.6,90,4.8,Yes,Yes,1,Tier3,Placed
5674,Male,Mechanical,6.8,0,86,81,2,3,0,43.9,33.0,7.3,82,4.7,Yes,Yes,2,Tier2,Placed
5675,Female,Civil,7.4,0,55,65,1,1,0,35.2,29.5,2.3,77,3.8,No,No,0,None,NotPlaced
5676,Male,EEE,7.6,1,62,83,2,2,0,46.3,40.4,3.6,74,4.0,No,Yes,4,Tier1,Placed
5677,Male,IT,7.7,0,55,70,0,1,0,37.0,32.8,1.7,66,3.7,No,No,0,None,NotPlaced
5678,Male,IT,8.5,0,74,81,0,3,2,68.1,54.3,6.2,76,4.8,Yes,No,3,Tier1,Placed
5679,Female,Mechanical,8.6,0,75,83,2,3,1,72.6,61.6,7.5,90,4.8,Yes,Yes,2,Tier2,Placed
5680,Male,IT,7.5,2,58,69,1,1,1,34.6,20.8,0.6,73,3.5,No,Yes,0,None,NotPlaced
5681,Male,EEE,8.6,0,76,85,2,3,2,79.5,64.3,7.1,90,4.6,Yes,Yes,4,Tier1,Placed
5682,Male,CSE,8.5,0,82,65,1,3,0,65.9,65.5,6.4,88,4.8,Yes,Yes,4,Tier1,Placed
5683,Female,CSE,7.4,0,55,72,1,2,0,47.5,38.8,5.8,76,4.5,No,Yes,0,None,NotPlaced
5684,Male,EEE,8.4,0,82,83,1,3,2,62.8,54.8,7.5,76,4.5,Yes,Yes,3,Tier2,Placed
5685,Male,Mechanical,7.4,0,78,65,2,3,1,52.7,47.0,7.0,77,4.4,Yes,Yes,0,None,NotPlaced
5686,Female,EEE,8.3,0,74,72,0,3,2,53.8,52.5,5.9,88,4.8,Yes,Yes,3,Tier2,Placed
5687,Male,Mechanical,8.1,0,61,69,0,2,0,48.5,43.8,2.6,84,4.7,No,Yes,0,None,NotPlaced
5688,Female,CSE,8.5,0,74,83,2,3,2,68.7,61.2,7.5,71,4.6,Yes,Yes,2,Tier3,Placed
5689,Male,CSE,8.3,0,68,87,0,2,2,50.5,46.7,6.8,81,4.4,Yes,No,3,Tier1,Placed
5690,Male,Mechanical,8.2,0,55,66,2,1,1,44.1,44.2,2.4,90,4.0,No,Yes,0,None,NotPlaced
5691,Male,CSE,6.7,1,55,72,0,2,1,24.0,26.5,5.2,69,4.4,Yes,Yes,0,None,NotPlaced
5692,Male,EEE,6.6,0,55,75,1,1,0,20.0,12.6,2.2,74,4.6,No,Yes,0,None,NotPlaced
5693,Female,IT,8.7,1,77,88,2,3,2,83.4,57.1,7.1,90,4.7,Yes,Yes,3,Tier1,Placed
5694,Male,CSE,9.0,0,73,86,2,3,2,82.3,62.9,7.2,90,4.8,Yes,Yes,4,Tier1,Placed
5695,Female,IT,7.0,0,71,65,1,1,0,28.7,39.0,1.3,72,4.5,No,Yes,0,None,NotPlaced
5696,Male,ECE,7.2,0,58,68,1,3,1,43.2,35.3,6.0,71,4.4,Yes,Yes,0,None,NotPlaced
5697,Male,Mechanical,8.1,0,90,85,0,3,0,56.6,49.8,7.1,86,3.7,Yes,Yes,2,Tier2,Placed
5698,Male,EEE,7.7,0,79,81,1,2,2,55.6,30.2,6.5,78,4.3,Yes,Yes,3,Tier2,Placed
5699,Female,EEE,7.4,0,61,85,1,2,2,36.6,33.1,4.8,66,4.4,No,Yes,0,None,NotPlaced
5700,Male,ECE,8.2,0,74,83,1,2,1,61.1,51.2,3.8,86,4.5,Yes,Yes,1,Tier3,Placed
5701,Male,IT,8.1,0,79,86,1,2,2,55.4,24.1,4.7,74,4.4,Yes,Yes,1,Tier3,Placed
5702,Male,CSE,7.4,0,64,74,1,1,0,28.1,28.2,2.7,69,4.0,No,Yes,0,None,NotPlaced
5703,Male,IT,7.5,1,64,83,0,2,2,29.4,13.9,6.5,73,4.8,Yes,Yes,3,Tier2,Placed
5704,Male,CSE,8.2,0,85,85,2,3,2,62.8,46.3,8.8,90,4.8,Yes,Yes,3,Tier1,Placed
5705,Female,IT,6.5,0,80,88,1,3,2,34.7,38.6,5.8,71,4.2,No,No,0,None,NotPlaced
5706,Male,IT,7.6,0,64,62,1,1,0,43.7,38.1,2.8,69,3.9,No,Yes,0,None,NotPlaced
5707,Female,IT,8.1,0,75,80,1,3,2,61.5,47.5,7.2,89,4.6,Yes,Yes,3,Tier2,Placed
5708,Male,CSE,7.7,0,55,84,1,1,0,37.7,29.5,2.9,82,4.5,Yes,Yes,0,None,NotPlaced
5709,Female,ECE,8.2,0,80,86,2,3,3,71.9,55.1,7.1,90,4.5,Yes,Yes,0,None,NotPlaced
5710,Female,ECE,7.8,0,81,84,2,3,2,60.4,51.7,7.1,90,4.8,Yes,Yes,3,Tier1,Placed
5711,Male,CSE,8.2,0,69,67,0,1,2,47.5,30.9,4.2,81,4.2,Yes,Yes,0,None,NotPlaced
5712,Female,Mechanical,8.3,0,84,83,1,3,2,66.5,63.6,5.6,90,4.8,Yes,Yes,3,Tier1,Placed
5713,Male,CSE,7.8,0,79,66,1,1,1,39.7,24.9,2.5,70,4.1,No,Yes,0,None,NotPlaced
5714,Female,Mechanical,6.9,0,58,71,2,2,2,30.5,14.0,6.5,72,3.7,Yes,Yes,0,None,NotPlaced
5715,Female,CSE,7.9,0,80,84,1,3,2,52.3,52.6,8.4,90,4.4,Yes,Yes,2,Tier2,Placed
5716,Male,Mechanical,7.5,1,68,73,1,2,1,25.2,20.0,4.6,65,4.1,No,No,0,None,NotPlaced
5717,Male,CSE,6.5,0,55,68,1,2,1,27.2,25.7,3.2,68,4.8,No,No,0,None,NotPlaced
5718,Male,EEE,8.2,0,58,81,1,1,2,46.3,44.5,3.8,76,4.5,Yes,Yes,2,Tier2,Placed
5719,Male,IT,7.9,0,83,69,2,3,2,60.0,44.1,8.3,87,4.8,Yes,Yes,2,Tier2,Placed
5720,Male,Mechanical,7.2,0,55,61,1,2,2,25.2,26.1,4.5,82,4.5,Yes,No,0,None,NotPlaced
5721,Male,IT,8.8,0,73,80,2,3,2,76.8,67.0,7.4,90,4.8,Yes,Yes,2,Tier2,Placed
5722,Male,CSE,8.0,0,73,84,1,0,2,31.1,42.0,0.8,79,4.4,Yes,Yes,2,Tier2,Placed
5723,Female,EEE,7.7,0,55,82,1,0,0,25.0,20.2,0.4,75,3.6,Yes,Yes,1,Tier3,Placed
5724,Male,CSE,8.4,2,84,83,2,3,2,73.7,56.0,6.7,90,4.8,Yes,Yes,4,Tier1,Placed
5725,Male,Mechanical,8.6,0,85,82,2,3,2,76.6,66.2,7.1,90,4.8,Yes,Yes,4,Tier1,Placed
5726,Male,CSE,7.0,0,57,65,1,2,0,24.2,24.8,3.1,69,4.7,No,Yes,2,Tier3,Placed
5727,Male,IT,8.9,0,82,87,2,3,2,75.5,59.9,5.9,90,4.8,Yes,Yes,4,Tier1,Placed
5728,Male,EEE,8.2,0,61,86,2,1,3,45.5,52.5,2.1,88,4.2,Yes,Yes,2,Tier2,Placed
5729,Male,IT,7.8,0,81,73,0,3,0,59.1,35.4,7.3,83,4.4,Yes,Yes,0,None,NotPlaced
5730,Female,CSE,8.5,0,73,65,0,3,0,71.5,46.2,5.5,84,4.5,Yes,Yes,2,Tier3,Placed
5731,Female,EEE,8.0,0,77,82,2,3,2,59.7,36.5,4.8,90,4.8,Yes,Yes,3,Tier1,Placed
5732,Male,Mechanical,7.2,0,86,76,0,1,0,20.0,30.2,3.4,73,4.4,No,Yes,0,None,NotPlaced
5733,Female,Civil,6.5,0,59,64,1,2,0,21.6,25.2,3.0,66,4.2,No,Yes,0,None,NotPlaced
5734,Male,IT,8.0,0,63,71,2,1,0,48.2,29.8,1.8,78,4.6,No,No,2,Tier2,Placed
5735,Female,ECE,6.5,0,68,70,1,1,0,20.0,19.5,2.9,72,4.8,No,No,0,None,NotPlaced
5736,Female,ECE,7.3,0,55,66,1,3,0,48.7,40.8,5.6,77,4.5,Yes,Yes,0,None,NotPlaced
5737,Male,CSE,8.3,0,81,87,2,3,2,72.3,41.0,5.6,90,4.8,Yes,Yes,4,Tier1,Placed
5738,Male,EEE,7.5,0,55,64,0,1,1,22.4,23.5,1.4,70,4.5,No,Yes,0,None,NotPlaced
5739,Male,IT,7.7,0,81,67,0,3,0,49.5,32.8,8.0,84,4.3,Yes,Yes,3,Tier2,Placed
5740,Male,IT,8.0,0,77,84,2,3,2,68.3,61.6,7.0,90,4.6,Yes,Yes,4,Tier1,Placed
5741,Female,ECE,7.4,0,55,64,1,2,1,35.4,21.7,4.0,68,3.6,No,No,0,None,NotPlaced
5742,Male,EEE,8.3,0,77,83,2,3,0,71.5,59.9,6.7,90,4.8,Yes,Yes,2,Tier2,Placed
5743,Female,Civil,6.5,0,78,81,1,3,2,26.2,35.6,7.6,77,4.2,Yes,Yes,0,None,NotPlaced
5744,Female,ECE,8.7,0,68,82,1,3,3,83.0,73.8,8.4,88,3.8,Yes,Yes,0,None,NotPlaced
5745,Male,IT,8.4,0,85,88,2,3,2,65.4,57.9,10.0,90,4.8,Yes,Yes,2,Tier2,Placed
5746,Female,EEE,7.7,0,63,64,2,1,0,47.8,40.3,1.9,83,4.6,No,Yes,0,None,NotPlaced
5747,Female,ECE,7.6,0,61,71,0,1,1,21.6,9.4,3.5,70,3.9,No,Yes,0,None,NotPlaced
5748,Female,CSE,7.7,0,75,70,1,1,0,46.0,35.1,4.0,71,4.1,Yes,Yes,0,None,NotPlaced
5749,Female,CSE,7.6,2,55,65,1,1,1,29.3,25.6,2.3,77,4.0,No,Yes,0,None,NotPlaced
5750,Female,CSE,7.4,0,55,64,1,1,1,31.9,27.0,0.0,78,3.7,No,Yes,2,Tier2,Placed
5751,Male,IT,7.5,1,55,74,1,1,1,24.9,11.9,1.6,75,4.0,No,No,0,None,NotPlaced
5752,Female,EEE,7.5,0,76,68,1,1,1,26.3,28.8,2.7,77,4.5,Yes,No,0,None,NotPlaced
5753,Male,IT,7.2,1,61,73,1,1,1,31.5,19.1,3.4,72,4.5,Yes,Yes,0,None,NotPlaced
5754,Female,ECE,7.1,0,75,65,0,1,0,25.1,37.8,1.8,87,4.4,No,Yes,3,Tier2,Placed
5755,Female,Mechanical,7.1,0,80,83,0,3,0,37.2,34.4,6.4,80,4.4,Yes,No,2,Tier2,Placed
5756,Male,EEE,7.6,0,68,85,1,2,2,46.7,47.4,7.0,76,4.8,Yes,Yes,0,None,NotPlaced
5757,Male,ECE,7.6,1,79,86,2,2,1,53.2,52.8,6.3,88,4.6,Yes,Yes,0,None,NotPlaced
5758,Male,CSE,7.5,0,75,73,0,2,1,32.6,46.4,3.0,77,3.8,Yes,Yes,0,None,NotPlaced
5759,Male,CSE,7.3,0,55,67,1,1,1,22.0,23.3,1.7,72,3.5,No,Yes,0,None,NotPlaced
5760,Male,CSE,8.2,0,78,82,1,1,2,46.9,37.1,3.6,82,4.8,Yes,Yes,2,Tier2,Placed
5761,Female,CSE,8.5,0,72,69,2,3,2,71.1,53.9,7.3,79,4.8,No,No,0,None,NotPlaced
5762,Female,IT,8.2,0,56,78,1,2,0,56.9,57.8,3.6,67,4.1,No,Yes,0,None,NotPlaced
5763,Female,ECE,8.3,0,56,69,0,2,1,54.7,35.7,3.8,89,4.7,No,Yes,2,Tier2,Placed
5764,Male,CSE,8.3,0,87,76,2,3,2,66.6,47.7,7.1,90,4.8,Yes,Yes,1,Tier3,Placed
5765,Female,CSE,8.6,0,84,87,1,2,2,66.5,55.5,5.7,78,4.8,Yes,Yes,2,Tier2,Placed
5766,Female,CSE,7.7,0,78,73,1,3,3,56.3,45.7,5.5,84,4.7,Yes,Yes,0,None,NotPlaced
5767,Male,ECE,8.0,0,83,71,0,3,0,57.6,54.9,5.0,76,3.6,Yes,Yes,0,None,NotPlaced
5768,Male,EEE,7.4,1,70,70,1,2,2,37.0,22.2,5.3,78,4.7,No,Yes,1,Tier3,Placed
5769,Male,ECE,7.5,0,78,75,1,2,2,44.9,38.9,4.0,89,4.8,Yes,Yes,1,Tier3,Placed
5770,Female,CSE,7.6,0,67,86,1,3,2,53.6,43.6,9.1,84,4.6,Yes,Yes,2,Tier2,Placed
5771,Male,ECE,6.7,0,65,58,1,2,1,28.2,19.2,3.1,89,4.4,No,Yes,0,None,NotPlaced
5772,Female,CSE,8.8,0,58,87,2,3,0,88.4,76.8,5.8,88,4.7,No,Yes,3,Tier1,Placed
5773,Male,IT,6.5,0,61,61,0,2,0,20.0,19.9,4.4,74,3.5,No,No,0,None,NotPlaced
5774,Female,Mechanical,8.2,0,56,66,1,1,0,44.0,36.1,0.0,71,4.0,No,Yes,0,None,NotPlaced
5775,Male,Civil,7.7,1,55,72,1,3,1,47.4,33.0,9.9,71,4.6,Yes,No,0,None,NotPlaced
5776,Male,ECE,7.5,0,55,61,1,1,0,38.6,30.5,2.6,72,4.4,Yes,Yes,1,Tier3,Placed
5777,Male,Mechanical,8.4,0,59,62,1,1,0,52.8,35.3,1.2,72,3.8,No,No,0,None,NotPlaced
5778,Male,ECE,8.0,0,55,71,1,1,1,51.4,49.8,0.8,77,4.7,No,Yes,0,None,NotPlaced
5779,Female,CSE,7.5,0,58,67,0,3,1,33.9,37.8,6.4,65,4.2,No,No,0,None,NotPlaced
5780,Male,Civil,8.6,0,71,82,1,3,0,75.6,73.7,7.3,82,4.3,Yes,Yes,1,Tier3,Placed
5781,Female,CSE,8.6,0,78,67,1,3,0,69.7,60.2,5.9,88,4.5,Yes,Yes,0,None,NotPlaced
5782,Male,EEE,6.6,0,55,62,1,3,1,29.2,24.0,5.6,70,4.7,Yes,Yes,2,Tier2,Placed
5783,Male,IT,6.9,0,70,85,2,3,0,38.2,30.7,7.1,86,4.6,No,Yes,0,None,NotPlaced
5784,Male,ECE,7.4,1,55,62,1,2,0,43.5,40.8,3.3,71,3.7,No,Yes,0,None,NotPlaced
5785,Male,ECE,8.2,0,75,83,1,2,1,58.1,49.2,3.3,77,3.7,Yes,Yes,3,Tier2,Placed
5786,Female,IT,7.6,1,55,68,1,2,1,37.3,31.6,3.9,77,4.4,No,Yes,0,None,NotPlaced
5787,Male,CSE,8.1,0,74,83,1,3,2,61.8,47.9,6.6,75,3.9,Yes,Yes,0,None,NotPlaced
5788,Female,IT,8.2,0,79,69,1,1,2,50.5,51.2,4.0,72,4.1,No,Yes,0,None,NotPlaced
5789,Female,IT,8.0,0,74,79,2,3,2,64.9,49.1,5.5,79,4.8,No,No,3,Tier2,Placed
5790,Male,Civil,7.5,0,85,83,2,2,2,51.5,54.9,4.7,90,4.3,Yes,Yes,3,Tier2,Placed
5791,Male,EEE,7.9,1,74,86,1,1,0,39.5,36.3,3.2,80,4.4,Yes,Yes,0,None,NotPlaced
5792,Female,ECE,6.7,0,60,81,0,1,0,20.0,17.8,1.4,75,4.2,No,No,0,None,NotPlaced
5793,Female,CSE,7.6,0,72,81,1,2,1,43.9,32.2,5.4,86,4.8,Yes,Yes,1,Tier3,Placed
5794,Female,EEE,7.7,0,65,62,2,1,0,42.9,34.9,1.0,68,4.6,No,No,0,None,NotPlaced
5795,Male,CSE,8.5,0,79,81,1,3,0,70.6,61.1,6.8,85,4.8,Yes,Yes,2,Tier2,Placed
5796,Female,IT,6.6,0,61,64,1,1,0,20.5,17.5,2.4,69,3.8,No,Yes,0,None,NotPlaced
5797,Male,ECE,7.0,0,74,72,1,3,2,29.2,34.9,7.1,85,4.3,No,Yes,2,Tier3,Placed
5798,Female,Mechanical,8.2,0,68,63,1,2,2,53.8,41.8,4.4,84,4.5,Yes,Yes,2,Tier3,Placed
5799,Female,CSE,6.5,0,58,69,1,3,2,24.4,23.6,5.4,84,4.7,No,No,0,None,NotPlaced
5800,Male,CSE,8.0,0,72,83,0,2,2,40.0,25.5,6.5,87,4.7,Yes,No,0,None,NotPlaced
5801,Male,ECE,7.0,1,55,63,0,1,1,20.0,26.1,2.4,85,4.8,Yes,No,0,None,NotPlaced
5802,Male,CSE,8.0,0,57,64,0,1,0,41.5,33.7,2.9,75,3.8,Yes,No,0,None,NotPlaced
5803,Male,ECE,7.7,0,55,67,1,2,1,46.5,51.5,6.7,70,4.0,Yes,Yes,0,None,NotPlaced
5804,Female,IT,8.0,0,79,71,1,3,2,55.6,51.5,7.1,77,4.5,Yes,Yes,0,None,NotPlaced
5805,Male,IT,7.6,0,56,59,1,3,1,50.3,41.7,5.8,65,3.7,No,No,0,None,NotPlaced
5806,Male,CSE,8.4,0,74,83,2,3,2,76.6,71.4,6.8,89,3.9,Yes,Yes,2,Tier2,Placed
5807,Male,CSE,8.4,2,86,87,1,3,2,70.4,59.6,6.3,79,4.5,Yes,Yes,3,Tier2,Placed
5808,Female,Mechanical,7.3,0,56,63,0,1,1,21.2,29.7,2.5,75,3.2,No,Yes,0,None,NotPlaced
5809,Male,Mechanical,8.1,0,90,83,2,3,2,62.9,45.2,6.1,90,4.8,Yes,Yes,2,Tier2,Placed
5810,Male,IT,6.6,2,62,66,1,2,1,20.0,23.4,4.8,64,3.5,No,Yes,0,None,NotPlaced
5811,Male,CSE,8.3,0,69,84,1,2,3,54.9,49.8,4.0,82,3.7,No,Yes,0,None,NotPlaced
5812,Female,CSE,7.5,1,77,72,0,1,0,20.0,8.8,2.2,79,3.6,No,Yes,0,None,NotPlaced
5813,Female,ECE,8.2,0,85,84,0,3,2,68.3,67.9,8.7,89,4.3,Yes,No,2,Tier3,Placed
5814,Male,EEE,7.6,0,60,68,1,1,2,30.7,19.0,0.6,75,4.8,No,Yes,0,None,NotPlaced
5815,Male,IT,7.5,1,81,77,1,3,2,54.5,35.7,7.0,88,4.8,Yes,Yes,1,Tier3,Placed
5816,Male,ECE,8.5,0,73,85,2,3,2,83.1,43.5,7.6,90,4.7,Yes,Yes,2,Tier2,Placed
5817,Male,EEE,8.5,0,67,67,1,1,2,54.1,49.5,2.4,87,4.5,Yes,Yes,4,Tier1,Placed
5818,Male,Mechanical,8.3,0,69,83,2,3,1,69.5,43.6,8.0,90,4.8,Yes,Yes,2,Tier2,Placed
5819,Female,CSE,7.4,0,57,65,1,2,0,32.4,24.7,3.5,68,3.8,No,Yes,0,None,NotPlaced
5820,Male,IT,7.1,0,59,68,2,2,1,35.5,39.1,4.3,84,3.9,No,No,0,None,NotPlaced
5821,Female,CSE,7.5,0,55,62,1,1,1,41.0,37.4,1.9,80,4.2,No,No,0,None,NotPlaced
5822,Male,EEE,8.5,0,86,80,2,3,2,75.8,56.2,7.2,90,4.7,Yes,Yes,2,Tier2,Placed
5823,Female,EEE,8.2,0,65,66,1,3,0,63.1,39.1,7.1,85,4.4,Yes,No,0,None,NotPlaced
5824,Female,ECE,7.8,0,87,83,1,3,1,61.6,49.9,7.0,85,4.5,Yes,Yes,3,Tier2,Placed
5825,Male,CSE,7.1,0,59,79,0,3,2,39.5,41.2,6.5,74,4.5,Yes,Yes,0,None,NotPlaced
5826,Male,CSE,8.7,0,83,86,1,3,2,72.3,63.9,6.3,85,4.1,Yes,Yes,0,None,NotPlaced
5827,Male,IT,8.1,0,78,86,1,3,2,62.1,65.9,7.3,90,4.8,Yes,Yes,2,Tier2,Placed
5828,Male,ECE,7.5,0,76,69,1,1,1,29.2,22.2,2.1,78,4.2,No,No,0,None,NotPlaced
5829,Male,IT,6.6,0,58,86,0,1,0,20.0,10.8,2.3,81,4.5,Yes,Yes,0,None,NotPlaced
5830,Male,CSE,7.8,0,80,81,0,3,3,49.0,44.4,7.3,85,4.8,Yes,Yes,2,Tier2,Placed
5831,Female,ECE,8.7,0,72,68,1,2,2,67.8,55.7,3.5,73,4.4,No,Yes,0,None,NotPlaced
5832,Male,IT,8.3,0,78,73,1,3,0,58.8,47.2,8.6,68,4.6,Yes,Yes,2,Tier2,Placed
5833,Female,ECE,6.5,2,70,68,1,2,2,21.4,17.1,6.5,90,4.8,No,Yes,0,None,NotPlaced
5834,Male,CSE,7.4,0,84,64,1,3,0,45.1,16.7,7.4,71,4.4,No,Yes,4,Tier1,Placed
5835,Female,EEE,7.9,0,84,81,2,3,2,57.5,39.4,8.3,80,4.4,Yes,Yes,2,Tier2,Placed
5836,Male,ECE,7.8,0,63,72,1,2,0,45.1,43.4,4.8,82,4.2,No,No,0,None,NotPlaced
5837,Female,Mechanical,8.2,0,66,64,1,1,0,35.4,35.0,1.8,88,3.9,No,Yes,0,None,NotPlaced
5838,Male,ECE,8.4,0,80,84,0,3,2,58.2,56.3,5.1,87,4.2,Yes,Yes,2,Tier3,Placed
5839,Male,Civil,6.7,1,73,67,1,2,0,20.0,23.8,3.0,78,4.6,No,Yes,1,Tier3,Placed
5840,Male,Mechanical,8.1,0,80,83,0,2,0,46.6,45.8,4.3,81,4.5,Yes,Yes,0,None,NotPlaced
5841,Male,ECE,8.4,0,76,80,0,2,2,42.6,43.1,6.2,80,3.9,Yes,Yes,2,Tier2,Placed
5842,Male,Mechanical,8.7,0,70,63,2,3,2,79.0,63.5,7.3,89,4.7,Yes,Yes,3,Tier2,Placed
5843,Male,IT,8.0,0,55,74,1,1,1,47.5,40.8,1.3,82,4.0,No,No,0,None,NotPlaced
5844,Male,IT,8.0,0,66,85,1,3,2,58.4,25.7,5.2,90,4.3,Yes,Yes,3,Tier2,Placed
5845,Female,CSE,7.8,0,67,88,1,3,2,57.5,42.8,9.3,87,4.8,Yes,Yes,3,Tier2,Placed
5846,Male,ECE,7.7,0,82,84,0,2,2,37.4,27.5,5.5,69,4.4,Yes,Yes,0,None,NotPlaced
5847,Male,EEE,8.1,0,81,86,2,3,2,58.2,48.0,7.9,90,4.8,Yes,Yes,3,Tier1,Placed
5848,Female,EEE,8.3,0,81,71,2,3,0,70.0,49.3,6.5,86,4.7,Yes,Yes,2,Tier2,Placed
5849,Male,CSE,7.4,2,71,67,1,3,0,50.4,49.8,5.9,78,4.2,No,Yes,2,Tier2,Placed
5850,Male,IT,8.4,0,74,62,1,1,3,44.4,31.5,2.7,83,4.6,Yes,No,0,None,NotPlaced
5851,Male,CSE,7.9,0,60,58,1,2,1,46.7,47.3,4.1,64,4.2,No,Yes,0,None,NotPlaced
5852,Female,ECE,8.5,0,81,83,1,2,0,59.8,40.5,6.8,70,3.9,Yes,Yes,3,Tier2,Placed
5853,Female,CSE,8.5,0,82,86,1,3,2,83.3,61.6,5.8,90,4.8,Yes,Yes,4,Tier1,Placed
5854,Female,Mechanical,8.4,0,82,76,1,3,2,68.1,49.9,7.0,85,4.8,Yes,Yes,2,Tier3,Placed
5855,Male,IT,7.4,0,58,70,1,3,2,37.5,28.6,6.4,70,4.4,No,No,0,None,NotPlaced
5856,Female,IT,7.4,0,81,62,1,2,1,28.2,36.7,3.9,84,4.4,No,Yes,0,None,NotPlaced
5857,Male,Mechanical,6.5,0,68,66,0,3,1,27.7,23.1,8.0,70,3.3,Yes,Yes,1,Tier3,Placed
5858,Male,IT,8.0,0,72,70,1,1,0,55.4,43.7,1.3,81,4.2,Yes,Yes,0,None,NotPlaced
5859,Male,CSE,6.6,2,57,70,1,2,1,21.6,15.1,6.9,66,4.6,Yes,No,0,None,NotPlaced
5860,Male,IT,8.5,0,55,62,0,3,0,62.3,49.6,5.6,90,4.5,Yes,Yes,3,Tier2,Placed
5861,Male,CSE,6.8,0,70,62,0,1,2,20.0,22.1,0.9,71,4.2,No,No,0,None,NotPlaced
5862,Male,Civil,7.5,0,55,69,1,1,1,29.0,25.6,1.6,78,4.4,No,Yes,0,None,NotPlaced
5863,Male,ECE,7.8,1,59,64,0,2,0,29.3,26.3,3.4,78,4.4,No,Yes,2,Tier3,Placed
5864,Male,IT,6.6,0,82,88,0,2,0,23.2,31.8,5.4,83,4.8,Yes,Yes,1,Tier3,Placed
5865,Female,ECE,7.6,0,55,71,1,3,2,47.9,42.6,6.3,77,4.4,No,Yes,1,Tier3,Placed
5866,Male,CSE,6.5,0,62,66,1,1,0,20.0,10.9,2.1,68,4.8,No,Yes,0,None,NotPlaced
5867,Female,EEE,8.0,0,79,81,2,2,2,52.2,43.5,3.6,85,4.5,Yes,Yes,0,None,NotPlaced
5868,Male,Civil,6.6,1,59,70,1,1,0,20.0,16.5,1.9,76,4.4,No,No,0,None,NotPlaced
5869,Female,Mechanical,6.7,0,55,68,0,2,0,24.3,27.8,5.0,74,4.2,Yes,Yes,0,None,NotPlaced
5870,Male,ECE,6.7,2,82,69,0,2,0,25.4,25.3,5.2,74,3.6,No,Yes,3,Tier2,Placed
5871,Male,IT,7.7,0,55,63,1,1,1,38.2,43.8,2.2,89,4.4,No,No,0,None,NotPlaced
5872,Male,CSE,8.1,0,72,72,0,2,2,48.9,34.4,4.4,68,4.8,No,Yes,0,None,NotPlaced
5873,Male,ECE,7.6,2,61,69,0,1,0,33.1,27.6,4.0,66,4.0,No,No,0,None,NotPlaced
5874,Female,ECE,6.5,1,60,64,1,1,1,20.0,12.2,0.8,75,3.6,No,Yes,0,None,NotPlaced
5875,Male,IT,7.5,0,65,70,0,1,0,21.5,21.2,1.6,72,3.9,No,Yes,0,None,NotPlaced
5876,Male,Mechanical,8.6,0,79,87,2,3,2,69.6,44.0,5.9,84,4.8,Yes,Yes,2,Tier3,Placed
5877,Female,CSE,7.5,0,63,61,0,2,0,25.5,27.7,6.6,81,4.3,Yes,Yes,0,None,NotPlaced
5878,Female,CSE,7.8,0,86,64,1,2,0,50.8,42.1,6.7,78,3.7,Yes,Yes,3,Tier2,Placed
5879,Male,CSE,8.3,0,74,78,1,3,2,63.0,53.0,8.5,85,4.7,Yes,Yes,0,None,NotPlaced
5880,Male,IT,6.9,1,55,66,1,1,1,25.1,29.5,2.5,62,3.5,No,No,0,None,NotPlaced
5881,Male,CSE,6.5,1,70,77,1,1,2,20.0,23.0,2.4,80,4.3,No,Yes,0,None,NotPlaced
5882,Male,ECE,6.5,1,67,81,0,1,1,20.0,10.5,2.5,75,4.5,Yes,Yes,0,None,NotPlaced
5883,Male,IT,6.9,1,55,66,1,1,0,20.4,16.7,2.8,76,4.0,No,No,1,Tier3,Placed
5884,Female,CSE,8.1,0,86,83,1,3,1,58.7,48.5,5.7,90,4.8,Yes,Yes,1,Tier3,Placed
5885,Male,EEE,8.4,0,75,84,0,2,3,51.0,41.2,3.7,90,4.3,Yes,Yes,3,Tier2,Placed
5886,Male,IT,6.5,1,71,65,1,1,0,20.0,19.7,1.6,82,4.4,No,No,0,None,NotPlaced
5887,Male,ECE,7.7,0,55,61,1,1,0,49.6,54.7,3.9,78,3.8,No,Yes,0,None,NotPlaced
5888,Female,IT,8.1,0,80,87,2,3,2,71.6,58.8,6.5,88,4.7,Yes,Yes,2,Tier3,Placed
5889,Female,ECE,8.0,0,67,67,0,1,0,37.9,36.1,1.6,72,4.2,No,No,0,None,NotPlaced
5890,Male,Mechanical,7.5,0,80,86,2,2,1,52.3,27.6,5.3,78,4.4,Yes,Yes,1,Tier3,Placed
5891,Female,CSE,6.9,2,55,57,0,1,0,24.6,29.7,2.9,72,4.4,No,No,0,None,NotPlaced
5892,Male,ECE,8.4,0,77,87,2,3,2,65.0,76.4,8.3,90,4.8,Yes,Yes,2,Tier3,Placed
5893,Male,Mechanical,7.8,0,80,88,1,3,2,61.1,61.6,5.9,90,4.8,Yes,Yes,2,Tier3,Placed
5894,Male,ECE,8.0,0,68,82,2,1,2,51.8,40.7,1.9,89,4.2,No,Yes,0,None,NotPlaced
5895,Male,IT,6.9,0,71,66,1,1,0,26.9,43.9,2.2,76,3.3,No,Yes,0,None,NotPlaced
5896,Male,IT,7.6,1,59,63,1,1,1,39.1,34.0,2.3,71,4.3,No,No,0,None,NotPlaced
5897,Female,ECE,8.0,0,76,88,1,3,2,57.9,51.1,7.9,90,4.7,Yes,Yes,2,Tier2,Placed
5898,Male,Mechanical,8.2,0,83,87,2,2,2,70.2,53.6,5.8,73,4.6,Yes,Yes,0,None,NotPlaced
5899,Female,CSE,6.7,0,56,70,1,1,0,20.0,18.8,2.0,79,4.1,No,Yes,0,None,NotPlaced
5900,Male,CSE,8.5,0,82,87,2,3,2,71.8,40.4,8.2,90,4.8,Yes,Yes,3,Tier1,Placed
5901,Male,IT,6.8,0,86,83,1,1,0,21.5,29.0,3.0,85,4.3,No,Yes,1,Tier3,Placed
5902,Male,IT,6.9,0,76,83,0,3,0,36.9,31.5,7.9,89,4.4,Yes,Yes,2,Tier2,Placed
5903,Male,CSE,8.6,0,71,87,1,3,2,71.5,56.6,6.5,90,4.8,Yes,Yes,3,Tier2,Placed
5904,Male,CSE,7.6,0,74,65,0,1,0,32.0,31.4,3.7,76,3.5,Yes,Yes,2,Tier2,Placed
5905,Male,CSE,8.0,0,84,80,0,3,0,54.4,42.9,8.2,90,3.8,Yes,No,3,Tier2,Placed
5906,Male,CSE,7.0,0,73,68,0,3,2,30.7,31.7,6.5,90,4.1,Yes,Yes,0,None,NotPlaced
5907,Male,Civil,6.5,1,69,73,1,2,0,20.0,30.5,5.1,76,4.3,Yes,Yes,0,None,NotPlaced
5908,Female,CSE,7.4,0,58,60,1,1,0,24.0,26.8,3.6,75,3.9,No,No,0,None,NotPlaced
5909,Male,CSE,8.3,0,75,86,1,2,3,64.6,52.1,5.4,90,4.8,Yes,Yes,3,Tier1,Placed
5910,Male,CSE,7.5,0,82,82,0,2,1,34.9,30.6,3.9,80,4.7,No,Yes,3,Tier1,Placed
5911,Male,Civil,6.7,1,86,69,1,1,1,20.0,21.5,4.5,66,3.5,Yes,No,0,None,NotPlaced
5912,Female,ECE,8.6,0,75,88,2,3,2,78.0,56.0,6.5,90,4.8,Yes,Yes,2,Tier2,Placed
5913,Female,EEE,8.2,0,80,81,1,3,2,64.9,55.2,5.3,90,4.8,Yes,Yes,2,Tier2,Placed
5914,Male,CSE,7.4,0,68,70,1,1,1,21.7,27.9,2.2,80,4.7,Yes,Yes,0,None,NotPlaced
5915,Male,EEE,7.5,2,56,62,1,1,1,28.8,27.4,3.1,73,3.6,No,Yes,0,None,NotPlaced
5916,Male,IT,7.5,1,77,87,1,1,0,28.6,24.2,2.5,84,3.7,No,Yes,0,None,NotPlaced
5917,Female,CSE,7.5,0,55,69,0,2,1,32.3,27.8,4.1,83,4.6,No,Yes,0,None,NotPlaced
5918,Female,EEE,7.4,0,55,70,1,1,0,37.1,39.0,3.1,87,4.6,No,No,0,None,NotPlaced
5919,Male,Mechanical,7.4,2,55,62,0,1,0,25.3,14.8,2.2,65,3.4,No,No,0,None,NotPlaced
5920,Male,EEE,7.7,0,72,68,0,2,1,37.9,26.7,3.8,75,4.8,No,Yes,0,None,NotPlaced
5921,Male,Mechanical,7.1,0,78,65,1,3,2,46.6,27.7,7.8,88,4.0,Yes,Yes,2,Tier2,Placed
5922,Female,Civil,6.5,2,67,67,0,1,1,20.0,20.2,1.6,66,4.1,No,No,0,None,NotPlaced
5923,Male,CSE,7.9,0,78,61,1,2,0,40.3,41.9,5.5,76,4.7,Yes,No,0,None,NotPlaced
5924,Male,ECE,7.4,0,74,80,1,1,0,27.9,37.2,2.2,78,4.8,Yes,No,2,Tier2,Placed
5925,Male,CSE,8.0,0,55,68,0,2,2,47.6,52.8,2.9,79,4.4,No,Yes,0,None,NotPlaced
5926,Female,Mechanical,7.7,0,55,72,1,2,0,40.3,28.4,3.1,63,4.3,No,No,0,None,NotPlaced
5927,Female,CSE,8.6,0,65,72,1,2,2,73.1,60.6,5.0,83,4.0,Yes,Yes,0,None,NotPlaced
5928,Female,Mechanical,7.1,0,70,83,2,3,2,46.6,37.5,6.4,90,4.7,Yes,Yes,1,Tier3,Placed
5929,Male,IT,6.9,0,71,86,1,3,2,33.2,44.3,6.4,87,4.8,Yes,Yes,1,Tier3,Placed
5930,Female,ECE,6.6,2,83,70,1,1,0,20.0,31.4,1.8,78,4.3,No,Yes,0,None,NotPlaced
5931,Male,CSE,6.8,0,66,69,1,1,0,23.6,25.1,1.9,80,3.6,No,No,0,None,NotPlaced
5932,Male,IT,7.6,0,74,66,1,2,1,39.8,30.2,2.4,81,3.9,No,No,0,None,NotPlaced
5933,Male,Mechanical,7.8,0,81,88,2,3,2,61.9,23.8,4.5,90,4.8,Yes,Yes,3,Tier2,Placed
5934,Female,CSE,7.5,0,77,81,1,2,2,35.2,20.9,5.4,86,4.8,Yes,Yes,3,Tier2,Placed
5935,Male,IT,8.9,0,71,84,2,3,0,82.4,51.0,7.1,90,4.8,Yes,Yes,4,Tier1,Placed
5936,Female,CSE,7.3,0,69,72,1,1,1,25.8,13.5,1.6,78,4.2,Yes,Yes,0,None,NotPlaced
5937,Female,ECE,6.8,0,60,65,1,1,0,20.0,36.4,2.4,82,3.8,No,No,0,None,NotPlaced
5938,Male,CSE,7.3,0,79,84,2,3,2,46.0,29.9,7.4,90,4.5,Yes,Yes,1,Tier3,Placed
5939,Male,CSE,8.5,0,80,82,1,3,1,74.1,50.9,6.7,84,4.3,Yes,Yes,3,Tier1,Placed
5940,Male,Mechanical,8.1,0,85,88,2,3,2,63.5,45.2,9.0,90,4.6,Yes,Yes,4,Tier1,Placed
5941,Male,IT,8.4,0,69,88,2,3,2,71.3,78.8,8.3,90,4.7,Yes,Yes,4,Tier1,Placed
5942,Male,CSE,7.7,0,82,76,1,2,2,44.5,38.0,3.6,82,4.8,No,Yes,2,Tier3,Placed
5943,Male,ECE,7.9,2,56,67,1,1,0,49.1,50.0,1.6,85,4.7,No,Yes,0,None,NotPlaced
5944,Female,CSE,8.2,0,71,88,2,3,2,72.5,60.3,5.5,90,4.8,Yes,Yes,1,Tier3,Placed
5945,Female,CSE,7.6,0,60,62,0,1,0,34.0,14.1,3.2,69,3.1,No,No,0,None,NotPlaced
5946,Male,ECE,8.1,0,74,86,0,3,2,48.1,53.5,7.2,84,4.8,Yes,Yes,0,None,NotPlaced
5947,Male,CSE,7.8,0,67,80,0,1,1,30.7,32.3,3.8,84,4.3,Yes,No,0,None,NotPlaced
5948,Male,ECE,8.7,0,67,86,0,1,2,57.9,46.6,0.9,78,4.7,Yes,Yes,0,None,NotPlaced
5949,Female,ECE,8.3,0,87,84,0,3,2,54.1,60.1,7.8,90,4.8,Yes,Yes,1,Tier3,Placed
5950,Female,ECE,8.5,0,76,83,1,3,2,69.4,53.9,6.5,90,4.5,Yes,Yes,0,None,NotPlaced
5951,Male,Civil,7.3,0,58,70,1,1,1,23.7,21.9,2.6,72,4.6,No,Yes,0,None,NotPlaced
5952,Male,CSE,7.4,0,82,61,1,1,1,26.2,22.9,2.5,81,4.2,No,No,0,None,NotPlaced
5953,Female,IT,7.7,0,88,83,1,3,1,61.4,59.6,7.0,89,4.8,Yes,Yes,3,Tier2,Placed
5954,Male,IT,7.7,0,55,61,1,1,0,40.6,41.8,1.3,76,3.8,No,No,0,None,NotPlaced
5955,Male,CSE,7.4,0,70,72,1,1,0,35.9,35.0,3.4,85,4.7,Yes,Yes,0,None,NotPlaced
5956,Male,EEE,7.9,0,74,78,1,3,0,60.9,41.5,5.2,81,3.2,No,Yes,0,None,NotPlaced
5957,Male,EEE,7.5,0,85,84,1,2,0,40.3,33.3,6.1,89,4.7,Yes,Yes,4,Tier1,Placed
5958,Male,ECE,7.6,0,75,70,1,2,0,39.5,25.6,3.3,71,3.5,No,Yes,0,None,NotPlaced
5959,Female,ECE,8.3,0,55,65,1,1,0,47.0,48.4,2.0,69,4.5,No,Yes,0,None,NotPlaced
5960,Female,CSE,7.7,0,62,63,1,1,0,36.0,18.4,1.3,64,4.4,No,No,0,None,NotPlaced
5961,Male,EEE,6.5,1,55,70,1,1,0,21.9,34.3,2.2,69,4.5,No,No,0,None,NotPlaced
5962,Female,EEE,8.2,0,82,72,0,2,1,43.3,47.4,4.0,75,4.6,Yes,No,0,None,NotPlaced
5963,Male,EEE,7.4,0,58,76,1,2,1,36.2,24.1,3.2,68,3.5,No,Yes,0,None,NotPlaced
5964,Female,CSE,7.7,0,79,80,1,1,0,32.4,27.4,4.3,90,4.8,No,Yes,3,Tier2,Placed
5965,Male,ECE,8.6,0,88,86,2,3,2,81.3,59.3,7.8,90,4.8,Yes,Yes,1,Tier3,Placed
5966,Female,IT,7.6,1,68,86,1,2,2,52.3,47.3,4.4,80,4.5,No,Yes,0,None,NotPlaced
5967,Female,ECE,6.6,0,88,83,1,3,2,32.5,41.9,7.5,87,4.8,Yes,Yes,1,Tier3,Placed
5968,Male,ECE,8.4,0,81,87,2,3,2,74.0,68.8,7.3,83,4.6,Yes,Yes,2,Tier2,Placed
5969,Female,IT,7.5,0,58,67,1,1,0,33.5,26.6,2.9,74,3.7,Yes,Yes,3,Tier2,Placed
5970,Female,EEE,8.3,0,55,70,1,1,0,51.2,53.9,3.8,89,4.5,Yes,Yes,0,None,NotPlaced
5971,Female,EEE,8.8,0,79,84,2,3,2,83.9,76.2,6.2,90,4.8,Yes,Yes,4,Tier1,Placed
5972,Male,CSE,7.6,1,82,81,0,3,0,48.1,40.1,8.6,88,4.6,Yes,No,1,Tier3,Placed
5973,Female,Mechanical,7.5,0,56,66,1,2,0,43.5,37.8,4.1,83,4.3,No,Yes,2,Tier2,Placed
5974,Female,ECE,7.5,0,77,64,1,2,0,44.9,51.1,4.8,82,4.2,No,Yes,0,None,NotPlaced
5975,Male,EEE,7.6,0,62,74,0,2,1,29.1,35.0,6.6,68,4.3,Yes,Yes,0,None,NotPlaced
5976,Female,Mechanical,8.4,2,79,80,1,2,1,59.0,58.7,5.5,85,4.8,Yes,No,0,None,NotPlaced
5977,Male,IT,8.0,0,70,83,2,2,2,57.5,68.8,4.2,87,4.6,Yes,Yes,0,None,NotPlaced
5978,Male,EEE,8.2,0,73,80,0,3,2,60.1,53.7,8.2,81,4.7,Yes,Yes,2,Tier2,Placed
5979,Male,CSE,8.3,0,85,82,2,3,2,69.1,59.1,8.7,90,4.8,Yes,Yes,3,Tier2,Placed
5980,Male,CSE,7.6,0,58,70,1,1,1,35.8,42.1,0.1,69,4.3,No,No,0,None,NotPlaced
5981,Male,EEE,6.5,0,55,57,1,1,1,20.0,36.4,1.9,72,4.2,No,No,0,None,NotPlaced
5982,Male,Mechanical,7.5,0,61,62,0,1,0,20.0,16.3,2.3,80,3.9,No,Yes,0,None,NotPlaced
5983,Female,EEE,8.8,0,86,81,2,3,2,84.9,65.9,6.7,90,4.7,Yes,Yes,3,Tier2,Placed
5984,Male,ECE,8.1,1,73,88,2,1,1,44.3,30.2,1.8,81,4.0,Yes,Yes,2,Tier2,Placed
5985,Male,ECE,7.7,2,61,64,1,1,2,36.2,33.8,2.1,64,4.4,Yes,Yes,0,None,NotPlaced
5986,Male,IT,8.4,0,74,83,2,3,2,68.3,61.9,5.2,77,4.5,Yes,Yes,0,None,NotPlaced
5987,Male,Civil,7.3,0,61,62,1,1,1,36.9,24.1,4.0,65,3.8,Yes,Yes,0,None,NotPlaced
5988,Female,IT,8.1,0,73,83,2,3,0,65.6,62.7,7.4,86,4.5,No,Yes,4,Tier1,Placed
5989,Female,EEE,8.4,1,61,65,0,1,1,44.4,34.8,3.4,82,3.6,No,Yes,4,Tier1,Placed
5990,Female,IT,8.7,0,79,87,1,3,3,76.7,57.5,7.0,90,4.5,Yes,Yes,3,Tier1,Placed
5991,Male,ECE,8.4,0,55,63,0,1,0,56.8,55.7,2.3,77,3.5,No,Yes,0,None,NotPlaced
5992,Male,ECE,6.8,0,77,67,1,1,1,21.0,15.8,3.1,68,4.5,No,Yes,0,None,NotPlaced
5993,Male,Civil,7.7,0,62,69,1,1,0,35.1,20.4,2.8,78,4.3,Yes,Yes,3,Tier2,Placed
5994,Male,ECE,8.3,0,83,83,1,3,2,68.5,62.0,6.1,90,4.8,Yes,Yes,2,Tier2,Placed
5995,Male,Civil,6.5,0,85,69,1,3,0,21.1,20.2,6.4,72,4.6,Yes,Yes,1,Tier3,Placed
5996,Female,CSE,7.9,0,76,70,1,3,2,57.2,57.7,7.2,90,4.8,Yes,Yes,2,Tier3,Placed
5997,Male,ECE,7.5,2,55,71,1,2,0,51.0,49.5,3.3,79,4.2,No,Yes,0,None,NotPlaced
5998,Female,EEE,7.7,0,57,68,1,2,0,45.8,25.1,4.5,78,4.0,No,Yes,0,None,NotPlaced
5999,Male,EEE,7.7,0,75,65,1,2,0,45.5,49.4,2.6,78,4.5,No,Yes,0,None,NotPlaced
6000,Male,Mechanical,7.5,0,72,70,0,1,1,28.1,42.2,1.8,82,4.7,No,No,0,None,NotPlaced
6001,Male,CSE,8.2,0,82,69,1,3,3,61.0,58.9,6.4,88,4.8,No,Yes,2,Tier2,Placed
6002,Male,CSE,7.2,0,55,69,1,1,0,28.6,34.1,2.1,61,3.5,No,No,0,None,NotPlaced
6003,Female,IT,8.1,0,75,67,2,3,2,69.9,54.6,6.3,85,4.5,Yes,Yes,0,None,NotPlaced
6004,Male,CSE,8.3,0,78,80,1,2,1,55.3,41.7,5.7,76,4.2,Yes,Yes,0,None,NotPlaced
6005,Male,Civil,8.2,0,77,64,0,1,0,29.5,29.2,2.3,76,4.3,No,No,0,None,NotPlaced
6006,Female,IT,7.0,0,58,62,1,1,1,25.3,30.8,0.0,64,4.1,No,No,0,None,NotPlaced
6007,Male,IT,7.6,0,76,83,1,2,1,53.7,51.3,5.5,73,4.3,Yes,Yes,2,Tier3,Placed
6008,Male,CSE,6.8,1,64,62,0,1,1,20.0,16.6,1.6,68,3.9,No,No,0,None,NotPlaced
6009,Male,ECE,7.4,0,79,68,1,2,0,31.6,23.7,3.5,65,4.6,No,No,0,None,NotPlaced
6010,Male,ECE,6.5,0,73,65,1,2,0,24.4,12.6,4.2,83,4.6,Yes,Yes,0,None,NotPlaced
6011,Female,CSE,6.6,0,55,66,0,2,1,26.7,30.5,3.0,74,4.6,No,Yes,0,None,NotPlaced
6012,Female,IT,7.5,1,62,73,0,1,0,30.6,25.5,2.2,80,4.1,No,Yes,0,None,NotPlaced
6013,Female,IT,7.5,0,58,75,1,2,0,49.6,39.0,4.5,74,4.6,No,Yes,0,None,NotPlaced
6014,Male,Civil,6.7,0,61,62,1,1,0,21.0,33.9,2.2,60,4.0,No,No,0,None,NotPlaced
6015,Male,CSE,7.9,0,59,64,1,2,0,52.5,49.2,5.9,85,4.1,Yes,Yes,0,None,NotPlaced
6016,Female,ECE,7.3,0,62,70,1,1,1,26.4,27.1,2.6,67,4.2,No,Yes,0,None,NotPlaced
6017,Male,Civil,8.5,0,75,85,2,3,2,75.4,67.3,5.0,88,4.8,Yes,Yes,2,Tier2,Placed
6018,Male,Mechanical,7.4,1,55,73,1,2,0,38.9,45.4,4.1,76,4.4,Yes,Yes,0,None,NotPlaced
6019,Male,Civil,7.4,0,67,66,0,2,0,33.7,17.1,5.2,72,3.5,No,Yes,0,None,NotPlaced
6020,Male,Civil,8.0,0,87,80,1,3,2,57.7,43.9,5.7,89,4.8,Yes,Yes,2,Tier2,Placed
6021,Male,ECE,8.1,0,65,79,0,1,1,41.1,34.5,0.3,84,4.6,Yes,No,0,None,NotPlaced
6022,Female,EEE,7.2,0,55,63,0,2,0,23.5,15.6,5.8,77,3.7,No,Yes,0,None,NotPlaced
6023,Female,CSE,7.6,0,74,69,1,1,0,39.1,31.7,2.3,72,4.2,No,Yes,0,None,NotPlaced
6024,Male,IT,7.8,0,77,88,1,3,0,50.6,31.0,6.3,89,4.6,Yes,Yes,4,Tier1,Placed
6025,Male,EEE,7.6,0,79,80,2,2,1,46.7,46.5,4.2,72,3.9,Yes,No,0,None,NotPlaced
6026,Male,ECE,8.0,0,83,64,0,1,1,39.7,30.4,3.6,75,4.1,Yes,No,0,None,NotPlaced
6027,Female,EEE,6.5,0,83,88,0,3,2,20.0,23.2,7.5,84,3.9,Yes,Yes,2,Tier2,Placed
6028,Male,Mechanical,7.1,0,61,66,0,1,1,20.0,20.6,3.3,69,3.7,Yes,No,0,None,NotPlaced
6029,Female,IT,6.8,0,59,69,1,2,0,25.1,29.4,4.8,82,4.4,Yes,Yes,3,Tier2,Placed
6030,Male,Mechanical,7.4,1,55,63,1,2,0,31.8,8.8,2.7,69,3.6,No,Yes,0,None,NotPlaced
6031,Male,IT,7.8,0,79,61,1,2,0,50.6,45.6,5.0,73,4.5,Yes,No,0,None,NotPlaced
6032,Male,CSE,7.6,1,55,69,1,1,0,29.2,24.8,3.1,73,4.2,No,Yes,0,None,NotPlaced
6033,Female,EEE,8.6,0,73,86,2,3,2,83.4,69.7,6.5,90,4.8,Yes,Yes,2,Tier3,Placed
6034,Male,IT,7.5,0,63,83,2,3,2,54.0,36.5,6.6,90,4.1,No,Yes,3,Tier2,Placed
6035,Male,EEE,8.2,0,81,81,2,3,2,68.3,59.2,6.6,90,4.8,Yes,Yes,1,Tier3,Placed
6036,Male,ECE,6.5,1,75,60,0,1,0,20.0,30.0,2.8,62,4.1,No,No,0,None,NotPlaced
6037,Female,ECE,7.4,0,59,73,1,3,0,47.7,42.8,6.0,88,4.1,Yes,Yes,0,None,NotPlaced
6038,Female,EEE,7.6,0,56,67,1,1,0,34.6,25.1,2.0,74,3.8,No,No,0,None,NotPlaced
6039,Male,ECE,8.1,0,72,83,0,3,2,49.5,36.4,7.5,79,4.3,Yes,Yes,1,Tier3,Placed
6040,Female,IT,8.1,0,78,74,0,1,2,40.4,41.0,2.3,90,4.7,Yes,Yes,3,Tier2,Placed
6041,Male,CSE,8.8,0,73,82,1,3,2,73.0,63.2,7.4,84,4.2,Yes,Yes,3,Tier1,Placed
6042,Male,Mechanical,8.2,0,74,85,2,3,2,66.9,57.8,7.0,90,4.8,Yes,Yes,4,Tier1,Placed
6043,Male,CSE,8.4,0,76,85,2,3,2,72.1,58.2,7.0,89,4.8,Yes,Yes,1,Tier3,Placed
6044,Male,Mechanical,6.5,1,58,68,1,1,0,20.0,22.1,1.3,72,4.7,No,No,0,None,NotPlaced
6045,Female,IT,7.5,0,71,67,2,1,1,39.2,35.0,4.0,90,4.1,Yes,Yes,0,None,NotPlaced
6046,Female,ECE,7.5,0,61,70,1,3,2,48.6,39.0,6.1,89,4.8,Yes,Yes,0,None,NotPlaced
6047,Male,Mechanical,8.2,0,70,84,1,3,1,65.4,58.8,7.3,77,4.2,Yes,Yes,2,Tier2,Placed
6048,Male,CSE,7.6,0,55,79,0,1,1,27.4,28.8,2.2,79,4.2,Yes,Yes,0,None,NotPlaced
6049,Female,EEE,6.7,0,55,58,0,1,0,20.0,30.2,1.9,65,4.3,No,Yes,0,None,NotPlaced
6050,Female,EEE,7.8,0,55,63,0,1,0,30.5,36.9,2.6,74,4.0,No,No,0,None,NotPlaced
6051,Male,Mechanical,6.6,0,59,70,1,1,0,22.2,23.4,1.7,63,3.7,No,No,0,None,NotPlaced
6052,Female,ECE,8.1,0,73,82,2,3,2,70.8,62.2,2.9,88,4.4,No,No,2,Tier2,Placed
6053,Male,EEE,7.4,0,58,61,0,1,0,32.1,21.9,0.7,79,3.3,No,Yes,0,None,NotPlaced
6054,Male,EEE,7.5,0,63,73,1,1,0,39.4,33.8,0.0,76,4.2,No,No,0,None,NotPlaced
6055,Female,EEE,8.7,0,65,81,1,2,0,62.7,52.8,5.1,69,4.6,Yes,Yes,2,Tier2,Placed
6056,Male,EEE,7.6,0,70,85,1,3,1,52.5,31.2,7.0,79,3.9,Yes,Yes,3,Tier1,Placed
6057,Male,ECE,6.5,0,55,82,0,2,0,20.0,24.1,3.6,74,4.1,No,Yes,0,None,NotPlaced
6058,Male,Civil,7.5,0,65,67,1,3,0,52.3,35.3,5.4,71,4.2,No,Yes,0,None,NotPlaced
6059,Female,IT,7.9,2,80,71,1,2,1,47.6,32.0,5.2,61,4.2,Yes,Yes,0,None,NotPlaced
6060,Female,CSE,8.9,0,82,81,1,3,1,77.5,57.6,5.6,84,4.8,Yes,Yes,0,None,NotPlaced
6061,Male,IT,7.5,0,55,59,1,1,0,33.4,30.7,3.0,84,4.3,No,Yes,0,None,NotPlaced
6062,Male,CSE,8.1,0,89,71,2,3,2,68.7,45.5,7.1,89,4.8,Yes,Yes,0,None,NotPlaced
6063,Male,CSE,7.5,0,55,68,1,3,1,52.3,50.0,5.1,73,4.0,No,Yes,0,None,NotPlaced
6064,Male,IT,6.7,2,55,57,1,1,0,20.0,22.3,1.6,77,3.8,No,No,0,None,NotPlaced
6065,Male,CSE,8.3,0,55,72,1,2,1,57.6,62.8,3.9,79,4.2,No,No,0,None,NotPlaced
6066,Female,ECE,7.5,0,57,68,1,1,0,34.1,33.3,0.6,78,3.6,No,No,0,None,NotPlaced
6067,Male,CSE,8.3,1,69,86,0,3,1,68.2,60.2,7.7,88,4.2,Yes,Yes,3,Tier1,Placed
6068,Male,CSE,8.4,0,75,67,1,3,2,58.4,41.7,8.0,85,4.6,Yes,Yes,2,Tier2,Placed
6069,Male,CSE,8.1,0,62,67,2,1,3,45.2,29.2,3.1,78,4.2,Yes,Yes,2,Tier2,Placed
6070,Male,CSE,6.9,2,71,71,1,1,0,24.4,29.1,3.9,79,4.7,Yes,No,0,None,NotPlaced
6071,Female,IT,7.3,0,57,69,1,2,0,38.3,25.3,6.7,80,4.2,No,No,0,None,NotPlaced
6072,Male,ECE,7.5,2,69,58,0,2,0,37.3,37.4,3.1,68,4.1,Yes,Yes,0,None,NotPlaced
6073,Male,Civil,6.7,0,57,57,1,1,0,20.3,35.0,2.1,79,4.0,No,No,0,None,NotPlaced
6074,Male,Mechanical,6.8,0,83,69,0,3,1,31.1,36.0,5.7,74,4.5,Yes,Yes,2,Tier3,Placed
6075,Male,Mechanical,7.5,2,55,68,1,2,0,38.2,37.0,5.6,63,3.4,No,Yes,0,None,NotPlaced
6076,Male,CSE,7.8,0,57,72,2,2,2,55.1,46.6,5.2,65,4.3,Yes,Yes,0,None,NotPlaced
6077,Male,CSE,7.6,0,77,67,1,1,0,35.1,28.0,1.3,72,3.4,No,No,0,None,NotPlaced
6078,Male,CSE,7.7,0,68,70,1,2,1,42.8,35.8,4.7,75,4.6,Yes,Yes,0,None,NotPlaced
6079,Male,EEE,7.7,0,55,66,1,1,1,40.5,30.1,3.3,70,4.6,No,Yes,0,None,NotPlaced
6080,Male,CSE,8.1,0,67,67,1,3,2,64.3,41.7,6.5,80,4.7,No,Yes,2,Tier3,Placed
6081,Male,IT,8.9,0,83,82,2,3,2,83.1,66.6,7.6,90,4.8,Yes,Yes,3,Tier2,Placed
6082,Female,CSE,8.4,0,75,83,1,3,2,75.6,68.8,8.5,78,4.1,Yes,Yes,1,Tier3,Placed
6083,Male,CSE,8.0,0,85,85,2,3,2,70.6,46.8,8.0,86,4.7,Yes,Yes,2,Tier3,Placed
6084,Male,Civil,7.4,1,55,73,1,1,1,36.0,42.2,3.1,65,4.5,No,No,0,None,NotPlaced
6085,Male,Mechanical,7.4,0,78,74,1,2,0,51.8,52.8,3.9,76,4.0,No,Yes,0,None,NotPlaced
6086,Male,EEE,8.4,0,63,79,0,3,2,61.3,53.0,4.7,77,4.6,Yes,No,2,Tier3,Placed
6087,Female,ECE,8.1,0,89,85,2,3,2,63.7,55.9,7.1,90,4.8,Yes,Yes,3,Tier2,Placed
6088,Male,Mechanical,7.7,1,55,59,1,1,0,41.3,33.2,1.3,64,4.1,No,No,0,None,NotPlaced
6089,Female,ECE,7.6,1,55,64,1,2,0,41.7,36.0,4.8,72,3.7,No,No,0,None,NotPlaced
6090,Male,Mechanical,8.3,0,83,85,2,3,2,70.1,52.5,5.2,79,4.4,Yes,Yes,3,Tier2,Placed
6091,Male,IT,7.6,0,56,58,1,1,0,30.1,27.7,2.8,71,4.0,No,No,0,None,NotPlaced
6092,Female,ECE,7.5,0,77,88,2,2,2,49.0,43.1,5.2,85,4.6,Yes,Yes,2,Tier2,Placed
6093,Male,ECE,8.0,0,76,83,1,3,0,51.6,59.3,7.4,90,4.8,Yes,Yes,1,Tier3,Placed
6094,Male,IT,8.1,1,73,71,1,2,2,52.5,48.2,5.6,77,3.3,Yes,Yes,0,None,NotPlaced
6095,Male,EEE,8.5,0,68,74,1,3,2,68.9,54.6,7.0,89,4.0,Yes,Yes,0,None,NotPlaced
6096,Female,Civil,8.2,0,55,83,2,2,0,57.8,47.4,4.7,86,4.5,Yes,Yes,1,Tier3,Placed
6097,Male,ECE,8.3,0,79,80,1,3,2,56.2,41.7,8.1,90,4.8,Yes,Yes,4,Tier1,Placed
6098,Female,ECE,7.0,1,55,70,1,1,1,20.0,15.8,2.6,69,4.6,No,Yes,0,None,NotPlaced
6099,Male,IT,7.5,0,59,65,1,1,0,29.3,34.3,2.7,72,4.3,No,No,0,None,NotPlaced
6100,Female,Mechanical,7.6,0,55,64,1,2,2,45.7,35.0,4.9,77,4.0,Yes,Yes,0,None,NotPlaced
6101,Male,ECE,8.4,0,80,88,2,3,2,73.4,54.5,7.1,90,4.6,Yes,Yes,3,Tier2,Placed
6102,Female,CSE,8.0,0,63,88,1,1,2,42.9,32.7,3.0,82,4.6,Yes,Yes,0,None,NotPlaced
6103,Male,ECE,7.4,0,76,72,0,3,2,37.6,27.2,5.3,75,4.8,Yes,Yes,0,None,NotPlaced
6104,Female,CSE,7.6,0,77,83,2,3,2,57.7,57.5,5.6,90,4.4,Yes,Yes,3,Tier2,Placed
6105,Male,Mechanical,6.7,0,59,66,1,1,1,20.0,21.5,1.9,71,4.0,No,Yes,0,None,NotPlaced
6106,Male,IT,8.1,0,82,80,2,3,1,54.0,42.7,5.1,79,3.9,Yes,Yes,3,Tier2,Placed
6107,Male,IT,8.6,0,88,86,2,3,2,74.8,60.7,6.9,90,4.6,Yes,Yes,3,Tier1,Placed
6108,Male,EEE,7.8,0,71,70,0,3,1,47.3,42.7,6.1,87,4.4,Yes,Yes,0,None,NotPlaced
6109,Male,CSE,7.8,0,59,63,1,1,1,44.1,31.6,1.9,75,3.8,No,No,0,None,NotPlaced
6110,Female,CSE,8.0,0,70,85,1,3,2,59.8,38.6,7.2,87,4.8,Yes,Yes,0,None,NotPlaced
6111,Female,IT,7.6,1,73,59,1,1,0,43.3,47.2,1.1,69,3.4,Yes,Yes,0,None,NotPlaced
6112,Male,CSE,7.5,1,80,81,2,3,0,51.3,51.6,7.3,87,4.6,Yes,No,2,Tier3,Placed
6113,Female,IT,8.2,0,60,66,1,3,0,65.4,55.8,6.6,78,4.2,Yes,Yes,4,Tier1,Placed
6114,Male,Civil,8.3,0,79,81,1,3,2,63.7,60.0,4.7,89,4.8,Yes,Yes,3,Tier2,Placed
6115,Male,Mechanical,7.4,0,62,69,1,1,0,37.9,49.1,1.5,81,3.9,No,Yes,0,None,NotPlaced
6116,Female,Mechanical,7.5,0,83,85,0,3,2,43.0,33.6,6.4,86,4.4,No,Yes,0,None,NotPlaced
6117,Female,Mechanical,7.6,0,63,76,1,2,1,47.3,29.9,3.6,64,3.7,No,Yes,2,Tier3,Placed
6118,Female,IT,7.9,0,71,77,1,3,1,51.6,47.4,6.5,67,4.4,Yes,No,0,None,NotPlaced
6119,Male,IT,7.5,0,73,66,1,3,0,46.9,27.5,6.2,71,4.7,No,No,0,None,NotPlaced
6120,Female,CSE,7.8,0,71,85,1,3,0,54.6,46.6,6.5,90,3.7,Yes,Yes,0,None,NotPlaced
6121,Male,EEE,8.1,0,76,82,2,3,2,72.3,56.1,5.7,87,4.8,No,Yes,0,None,NotPlaced
6122,Male,ECE,8.1,0,67,71,2,1,0,39.0,39.5,0.7,76,4.3,No,No,0,None,NotPlaced
6123,Male,IT,7.4,0,72,61,1,1,1,29.3,23.7,2.5,78,4.8,Yes,Yes,0,None,NotPlaced
6124,Female,IT,7.5,0,55,66,0,1,1,26.2,33.7,3.9,64,3.7,No,Yes,0,None,NotPlaced
6125,Female,ECE,8.2,0,86,83,2,3,2,57.6,42.4,7.2,90,4.8,Yes,Yes,1,Tier3,Placed
6126,Female,ECE,7.5,0,61,67,0,1,0,25.7,31.1,3.3,83,3.8,Yes,Yes,0,None,NotPlaced
6127,Male,Mechanical,6.5,0,55,67,0,1,1,20.0,15.1,1.4,72,4.5,No,No,0,None,NotPlaced
6128,Male,IT,7.5,0,71,88,1,3,2,37.3,38.2,6.6,86,4.8,Yes,Yes,2,Tier2,Placed
6129,Male,Mechanical,7.6,0,69,88,1,1,0,33.7,21.9,2.8,71,4.0,Yes,Yes,0,None,NotPlaced
6130,Male,IT,8.1,0,80,88,1,3,2,59.5,49.6,7.9,90,4.8,Yes,Yes,1,Tier3,Placed
6131,Male,EEE,7.5,0,75,83,0,3,1,42.8,47.5,8.2,77,4.8,Yes,Yes,0,None,NotPlaced
6132,Female,Mechanical,8.7,0,81,80,1,3,1,74.3,61.0,6.5,90,4.0,Yes,Yes,2,Tier3,Placed
6133,Male,Mechanical,6.5,1,66,61,0,1,0,20.0,30.1,3.0,74,4.1,Yes,No,0,None,NotPlaced
6134,Male,CSE,8.4,0,73,85,2,3,2,81.0,64.6,6.8,90,4.8,Yes,Yes,4,Tier1,Placed
6135,Male,CSE,8.0,0,67,84,1,3,3,58.8,45.2,7.8,90,4.8,Yes,Yes,4,Tier1,Placed
6136,Male,ECE,6.5,0,70,69,1,1,1,20.0,21.6,3.5,69,4.2,Yes,No,3,Tier2,Placed
6137,Male,IT,7.5,0,64,68,1,2,1,32.6,33.9,3.9,68,4.0,No,No,0,None,NotPlaced
6138,Female,ECE,7.5,0,58,70,1,1,2,28.8,11.9,4.0,78,4.3,Yes,No,1,Tier3,Placed
6139,Male,Civil,7.3,0,55,61,1,1,1,32.4,32.3,2.5,60,4.6,No,Yes,0,None,NotPlaced
6140,Female,CSE,8.1,0,74,88,2,3,2,64.9,46.0,6.2,90,4.8,Yes,Yes,2,Tier3,Placed
6141,Male,ECE,6.9,0,66,72,0,2,0,20.0,10.7,4.0,69,3.4,No,No,0,None,NotPlaced
6142,Male,IT,7.0,0,78,71,1,1,1,20.0,25.0,2.8,74,4.4,Yes,Yes,4,Tier1,Placed
6143,Male,Mechanical,7.9,0,69,67,1,3,3,60.7,60.9,6.0,86,4.5,Yes,Yes,2,Tier2,Placed
6144,Female,Civil,8.3,0,85,80,1,3,2,68.3,57.5,6.8,88,4.7,Yes,Yes,2,Tier2,Placed
6145,Female,IT,7.7,0,73,88,1,1,0,38.2,24.0,3.1,90,4.6,No,No,2,Tier2,Placed
6146,Male,CSE,7.1,0,74,87,0,3,2,33.5,26.2,8.1,90,4.8,Yes,Yes,2,Tier3,Placed
6147,Male,EEE,8.4,0,58,88,2,3,0,66.4,51.2,7.9,90,4.8,Yes,Yes,2,Tier2,Placed
6148,Male,ECE,8.7,0,78,84,2,3,2,77.7,64.1,7.8,90,4.8,Yes,Yes,3,Tier1,Placed
6149,Male,IT,7.7,0,82,81,2,3,2,51.4,43.5,7.2,90,4.8,Yes,Yes,3,Tier2,Placed
6150,Female,Mechanical,8.6,0,75,80,1,1,1,51.2,47.3,2.4,83,4.8,Yes,Yes,0,None,NotPlaced
6151,Male,Civil,8.2,1,56,74,0,3,2,64.3,60.6,7.6,84,4.8,Yes,Yes,1,Tier3,Placed
6152,Male,ECE,8.6,0,55,63,1,1,0,45.7,42.0,1.4,81,4.3,Yes,Yes,0,None,NotPlaced
6153,Male,ECE,7.6,0,62,67,1,2,2,46.4,46.8,3.3,79,4.1,No,No,0,None,NotPlaced
6154,Male,IT,7.9,0,55,74,1,3,0,64.5,50.5,7.1,83,4.3,No,Yes,0,None,NotPlaced
6155,Male,EEE,6.5,0,60,66,0,1,1,20.0,47.6,2.5,80,3.4,Yes,Yes,0,None,NotPlaced
6156,Male,IT,8.3,0,69,85,1,3,2,67.0,59.3,7.6,89,4.7,Yes,Yes,2,Tier3,Placed
6157,Female,IT,7.8,0,56,66,1,2,0,44.7,44.5,3.6,86,4.6,No,Yes,0,None,NotPlaced
6158,Female,CSE,6.9,0,77,86,1,2,1,25.8,40.0,5.6,88,4.6,Yes,Yes,0,None,NotPlaced
6159,Male,IT,6.9,2,66,75,0,3,1,20.8,23.1,5.5,87,4.6,Yes,Yes,0,None,NotPlaced
6160,Female,CSE,8.2,0,65,84,1,3,2,63.2,47.2,8.3,90,4.7,Yes,Yes,1,Tier3,Placed
6161,Male,ECE,7.7,0,68,70,1,2,1,43.0,47.7,3.9,79,4.6,Yes,Yes,0,None,NotPlaced
6162,Male,ECE,8.3,0,78,83,2,1,2,50.5,53.7,1.6,83,4.8,Yes,Yes,1,Tier3,Placed
6163,Male,ECE,8.5,0,82,83,2,3,2,73.9,61.1,8.2,90,4.8,Yes,Yes,4,Tier1,Placed
6164,Male,IT,8.4,0,64,63,1,1,0,51.3,56.7,2.0,75,4.8,No,No,0,None,NotPlaced
6165,Male,IT,7.5,0,55,63,1,2,0,37.8,32.5,3.7,74,4.2,No,No,0,None,NotPlaced
6166,Male,EEE,8.6,0,76,61,1,2,0,71.1,64.0,6.6,75,3.9,Yes,Yes,1,Tier3,Placed
6167,Male,IT,8.4,0,83,84,2,3,2,75.7,73.2,7.7,90,4.6,Yes,Yes,2,Tier2,Placed
6168,Female,Civil,6.5,0,59,69,0,3,0,28.5,28.0,5.6,81,3.8,No,Yes,0,None,NotPlaced
6169,Male,ECE,6.9,0,65,72,1,1,1,20.5,24.3,1.9,70,4.5,No,No,0,None,NotPlaced
6170,Male,ECE,7.7,0,68,87,1,3,2,55.6,54.0,7.1,76,4.8,No,Yes,1,Tier3,Placed
6171,Male,CSE,8.3,0,72,68,2,1,1,49.5,38.7,2.0,77,4.1,Yes,Yes,0,None,NotPlaced
6172,Male,ECE,8.4,0,77,87,1,3,2,70.3,50.8,8.4,90,4.5,Yes,Yes,2,Tier2,Placed
6173,Male,Mechanical,7.6,0,55,65,1,1,0,34.0,41.6,1.6,79,3.7,No,Yes,3,Tier2,Placed
6174,Female,Mechanical,8.6,0,81,85,0,3,2,60.9,53.2,6.1,90,4.8,Yes,No,3,Tier1,Placed
6175,Male,Civil,8.2,0,77,83,0,3,0,57.9,44.3,8.1,87,4.8,Yes,Yes,2,Tier2,Placed
6176,Male,IT,6.5,1,73,67,1,1,2,20.0,22.4,3.7,85,4.5,Yes,Yes,2,Tier3,Placed
6177,Male,ECE,7.7,0,90,84,2,2,2,61.6,55.3,3.2,90,4.8,Yes,Yes,2,Tier2,Placed
6178,Male,IT,7.6,0,60,87,1,1,2,37.2,21.1,1.9,85,4.3,No,Yes,2,Tier3,Placed
6179,Male,ECE,7.7,0,72,88,1,3,2,60.9,56.5,4.9,90,4.5,No,Yes,3,Tier2,Placed
6180,Male,CSE,7.6,0,64,71,2,1,1,45.7,41.2,2.8,66,3.7,No,No,0,None,NotPlaced
6181,Male,EEE,8.7,0,75,86,1,2,1,65.2,65.7,6.7,76,4.2,Yes,Yes,2,Tier2,Placed
6182,Male,Mechanical,6.5,1,61,65,0,2,2,20.0,18.2,5.5,66,4.0,Yes,Yes,0,None,NotPlaced
6183,Male,IT,7.6,0,56,68,1,1,0,26.3,35.5,1.2,67,3.6,No,Yes,0,None,NotPlaced
6184,Female,IT,7.9,0,77,81,1,3,1,52.6,43.8,7.9,82,4.5,Yes,Yes,1,Tier3,Placed
6185,Male,CSE,7.6,0,75,72,1,2,1,46.3,40.6,3.9,79,4.3,No,Yes,0,None,NotPlaced
6186,Female,ECE,7.6,0,85,67,1,3,0,49.5,43.2,6.9,70,3.9,Yes,Yes,0,None,NotPlaced
6187,Female,IT,8.3,0,55,71,1,2,1,58.9,64.5,3.5,72,4.7,No,Yes,0,None,NotPlaced
6188,Male,Mechanical,8.8,0,81,84,1,3,2,64.8,43.5,7.1,90,4.8,Yes,Yes,4,Tier1,Placed
6189,Male,ECE,7.6,1,83,68,1,1,1,37.3,36.9,1.9,76,4.0,No,Yes,0,None,NotPlaced
6190,Male,ECE,7.8,0,64,66,1,1,1,44.5,39.0,0.6,83,4.2,Yes,Yes,0,None,NotPlaced
6191,Female,ECE,7.5,0,76,71,1,2,0,32.1,29.4,4.0,80,4.3,No,No,0,None,NotPlaced
6192,Male,CSE,6.8,1,61,67,0,3,0,31.9,33.3,6.9,70,3.9,Yes,Yes,0,None,NotPlaced
6193,Female,Mechanical,8.4,0,82,80,1,3,0,73.7,68.1,7.3,85,4.6,Yes,Yes,3,Tier2,Placed
6194,Female,ECE,8.6,0,84,84,1,3,2,79.4,67.9,5.0,90,4.7,Yes,Yes,2,Tier2,Placed
6195,Female,Civil,8.1,0,80,85,2,3,2,63.5,62.4,7.5,90,4.5,Yes,Yes,3,Tier2,Placed
6196,Male,ECE,7.7,1,56,63,1,2,1,48.9,38.3,4.0,68,4.5,No,Yes,0,None,NotPlaced
6197,Male,EEE,6.5,1,58,67,0,1,0,20.0,20.5,2.5,76,4.0,No,No,0,None,NotPlaced
6198,Female,CSE,7.7,0,62,65,1,1,0,39.0,25.8,0.4,72,4.1,No,No,3,Tier2,Placed
6199,Male,EEE,7.1,1,77,83,2,1,1,36.4,48.6,1.8,81,4.6,Yes,Yes,0,None,NotPlaced
6200,Male,EEE,7.7,0,70,85,2,3,2,57.8,45.8,5.1,76,4.8,Yes,Yes,4,Tier1,Placed
6201,Female,Mechanical,6.5,0,61,73,2,1,0,20.0,18.5,3.1,76,3.7,Yes,Yes,0,None,NotPlaced
6202,Male,Mechanical,6.7,0,57,70,0,1,1,20.0,24.6,1.7,64,4.4,No,Yes,0,None,NotPlaced
6203,Female,CSE,8.3,0,55,66,0,3,1,59.2,58.1,6.9,87,3.8,Yes,Yes,3,Tier1,Placed
6204,Female,Civil,8.6,0,75,88,0,3,0,68.2,49.6,5.6,82,4.6,Yes,Yes,2,Tier2,Placed
6205,Male,Civil,8.4,0,79,68,1,3,1,63.5,60.7,5.8,75,4.8,Yes,Yes,0,None,NotPlaced
6206,Female,CSE,8.3,0,55,83,1,1,2,47.9,38.5,0.5,82,4.3,Yes,No,0,None,NotPlaced
6207,Male,Mechanical,8.4,0,75,86,0,3,2,65.8,65.2,5.7,86,4.8,Yes,Yes,3,Tier2,Placed
6208,Male,IT,8.5,0,75,84,2,1,2,68.3,51.1,1.3,85,4.7,No,Yes,4,Tier1,Placed
6209,Male,EEE,6.8,0,78,68,0,1,0,20.0,26.2,1.4,70,3.9,No,Yes,0,None,NotPlaced
6210,Male,IT,7.7,0,81,86,2,2,1,59.9,49.6,4.9,81,4.8,Yes,No,4,Tier1,Placed
6211,Male,Civil,7.4,0,77,87,1,3,0,45.7,30.4,7.8,82,4.1,Yes,Yes,3,Tier2,Placed
6212,Male,CSE,8.7,0,88,84,2,3,2,82.8,54.7,6.3,90,4.8,Yes,Yes,2,Tier2,Placed
6213,Male,ECE,7.7,0,80,83,1,3,0,58.8,43.2,7.5,89,4.6,Yes,Yes,2,Tier2,Placed
6214,Male,ECE,7.4,0,55,62,1,1,1,38.8,41.9,3.8,76,4.0,Yes,Yes,0,None,NotPlaced
6215,Female,CSE,8.6,0,76,82,1,2,2,59.4,32.6,6.2,73,4.8,Yes,No,3,Tier2,Placed
6216,Female,ECE,8.0,0,60,66,1,2,1,49.9,44.2,4.5,73,3.8,No,Yes,0,None,NotPlaced
6217,Male,CSE,7.4,0,64,67,0,1,0,25.7,25.8,2.1,65,4.2,No,No,0,None,NotPlaced
6218,Male,EEE,8.1,0,78,68,1,1,0,43.2,24.5,0.9,86,3.8,No,No,0,None,NotPlaced
6219,Male,Civil,6.8,0,66,69,1,1,0,25.6,18.2,2.3,74,4.0,No,No,0,None,NotPlaced
6220,Male,EEE,7.8,0,70,66,0,3,0,49.6,34.6,6.6,70,4.6,Yes,Yes,4,Tier1,Placed
6221,Female,Mechanical,7.6,0,61,72,1,1,1,26.9,25.6,4.4,71,4.5,Yes,No,3,Tier2,Placed
6222,Female,IT,7.8,0,81,70,1,3,1,51.8,55.1,6.1,79,4.2,No,No,0,None,NotPlaced
6223,Male,IT,8.4,0,82,83,2,3,2,64.1,61.5,6.8,89,4.5,Yes,Yes,2,Tier2,Placed
6224,Male,ECE,6.8,1,55,67,1,2,0,25.9,21.9,5.4,74,4.3,No,Yes,0,None,NotPlaced
6225,Male,CSE,7.5,0,80,78,1,1,2,36.4,25.0,2.5,68,3.9,Yes,Yes,0,None,NotPlaced
6226,Male,Civil,7.4,0,55,66,1,2,1,35.7,19.3,4.0,75,4.6,No,Yes,0,None,NotPlaced
6227,Male,CSE,6.6,2,65,66,1,1,2,20.0,17.5,4.0,72,4.8,No,No,0,None,NotPlaced
6228,Female,Mechanical,7.5,0,58,64,1,2,1,39.6,26.4,4.3,65,4.1,No,No,0,None,NotPlaced
6229,Female,CSE,7.7,0,79,57,2,3,0,58.7,47.4,8.1,73,4.6,Yes,No,0,None,NotPlaced
6230,Male,Mechanical,7.0,0,77,67,1,3,0,41.6,35.8,8.5,74,4.6,Yes,Yes,0,None,NotPlaced
6231,Male,CSE,7.6,1,55,58,1,1,1,39.0,29.3,1.4,65,3.5,No,No,0,None,NotPlaced
6232,Female,CSE,7.7,0,81,83,1,1,2,48.3,37.4,3.9,80,4.5,Yes,Yes,0,None,NotPlaced
6233,Male,ECE,8.6,0,80,87,1,2,2,63.6,47.1,4.7,90,4.8,Yes,Yes,3,Tier1,Placed
6234,Male,IT,6.5,2,55,73,1,1,1,20.0,16.0,4.0,68,3.9,No,Yes,0,None,NotPlaced
6235,Male,EEE,7.3,2,74,72,2,3,2,42.1,49.1,8.4,90,4.3,Yes,Yes,0,None,NotPlaced
6236,Female,ECE,7.8,1,55,79,1,2,0,45.1,43.0,4.7,81,4.1,No,Yes,2,Tier3,Placed
6237,Male,CSE,7.8,0,55,83,1,3,0,53.6,49.2,7.0,82,3.9,No,No,0,None,NotPlaced
6238,Female,Civil,7.4,1,71,66,1,2,0,33.9,38.8,3.3,78,4.1,No,Yes,0,None,NotPlaced
6239,Female,IT,8.5,0,76,83,2,3,2,71.3,64.8,8.7,83,4.8,Yes,Yes,3,Tier2,Placed
6240,Female,EEE,8.1,0,80,68,1,3,2,60.5,61.1,6.1,82,4.8,Yes,Yes,2,Tier2,Placed
6241,Female,IT,8.6,0,83,84,2,2,2,65.5,57.8,5.4,81,4.6,Yes,Yes,3,Tier1,Placed
6242,Male,ECE,8.2,0,59,71,1,1,1,60.0,50.2,2.3,73,3.9,Yes,No,0,None,NotPlaced
6243,Male,IT,7.4,0,55,70,1,1,1,33.6,26.4,2.9,84,4.1,No,Yes,0,None,NotPlaced
6244,Female,IT,7.4,0,58,64,1,2,1,49.0,35.2,5.7,83,3.9,No,Yes,0,None,NotPlaced
6245,Female,ECE,8.1,0,83,85,2,3,2,73.5,66.0,7.5,83,4.6,Yes,Yes,2,Tier2,Placed
6246,Male,IT,8.4,0,82,85,2,3,0,68.8,55.4,7.3,90,4.2,Yes,Yes,2,Tier2,Placed
6247,Male,IT,8.2,0,80,86,1,3,1,63.2,41.3,6.9,88,4.5,Yes,Yes,3,Tier2,Placed
6248,Female,ECE,8.2,0,55,63,0,2,2,47.8,23.7,5.1,78,4.1,Yes,No,0,None,NotPlaced
6249,Female,ECE,8.1,0,87,88,2,3,2,65.2,70.8,6.7,89,4.5,Yes,Yes,3,Tier2,Placed
6250,Male,CSE,7.5,0,55,60,1,1,0,28.1,17.9,3.6,68,4.1,No,No,0,None,NotPlaced
6251,Male,IT,7.5,0,55,67,0,1,1,25.8,19.0,2.8,71,4.5,No,Yes,0,None,NotPlaced
6252,Male,IT,8.2,0,75,88,0,3,2,59.8,59.5,6.7,87,4.8,Yes,No,3,Tier2,Placed
6253,Male,CSE,7.6,2,60,71,0,1,0,31.7,19.7,2.1,80,3.9,No,No,0,None,NotPlaced
6254,Male,CSE,7.5,0,71,87,1,2,0,42.3,41.2,7.9,81,3.6,Yes,Yes,2,Tier2,Placed
6255,Male,CSE,6.6,0,64,63,0,1,1,20.0,34.0,2.3,60,3.9,No,No,0,None,NotPlaced
6256,Male,Civil,6.6,0,67,70,1,1,0,20.0,36.4,3.5,61,3.0,No,No,0,None,NotPlaced
6257,Male,EEE,8.4,1,71,81,1,3,2,65.7,49.9,6.4,83,4.8,Yes,Yes,0,None,NotPlaced
6258,Female,CSE,8.7,0,80,74,2,3,0,85.0,66.6,7.5,80,4.7,Yes,Yes,2,Tier3,Placed
6259,Female,CSE,7.5,0,55,87,0,1,0,20.0,17.3,1.4,72,4.0,No,Yes,0,None,NotPlaced
6260,Male,EEE,7.4,0,57,67,1,2,2,42.3,35.7,3.5,69,3.8,No,Yes,0,None,NotPlaced
6261,Male,ECE,7.0,0,57,72,0,1,0,20.4,30.2,2.8,62,4.7,No,Yes,0,None,NotPlaced
6262,Female,EEE,8.0,0,70,69,1,2,2,47.6,30.0,4.1,87,4.6,Yes,Yes,4,Tier1,Placed
6263,Male,Mechanical,8.2,0,80,73,0,1,2,40.2,40.4,0.8,79,4.4,No,Yes,3,Tier2,Placed
6264,Female,ECE,7.8,0,69,68,2,1,1,46.3,37.2,3.7,71,4.3,Yes,Yes,2,Tier2,Placed
6265,Female,CSE,7.5,0,56,63,1,1,1,37.6,43.6,2.5,70,4.1,Yes,Yes,0,None,NotPlaced
6266,Male,ECE,8.7,0,55,66,0,3,0,59.3,58.5,5.7,72,4.7,No,No,0,None,NotPlaced
6267,Female,Civil,7.6,0,55,61,1,1,0,38.1,30.0,0.2,73,3.1,No,Yes,0,None,NotPlaced
6268,Male,ECE,7.6,0,77,70,1,1,1,32.7,29.7,0.7,85,4.3,No,Yes,0,None,NotPlaced
6269,Male,EEE,6.5,0,59,67,2,2,1,31.6,34.8,4.2,61,3.5,No,No,0,None,NotPlaced
6270,Male,ECE,6.5,1,64,69,0,2,0,20.0,28.1,3.8,69,4.5,No,No,0,None,NotPlaced
6271,Male,ECE,7.4,0,81,82,1,1,0,43.2,16.3,2.9,65,3.7,No,Yes,0,None,NotPlaced
6272,Female,EEE,7.5,0,55,71,1,1,0,28.6,33.2,1.1,67,4.2,No,No,0,None,NotPlaced
6273,Male,Mechanical,8.5,0,77,88,2,3,2,81.1,78.0,6.8,90,4.8,Yes,Yes,3,Tier1,Placed
6274,Male,ECE,8.0,0,73,87,2,3,2,63.7,54.7,7.0,90,4.2,Yes,Yes,2,Tier3,Placed
6275,Male,EEE,8.2,0,77,88,2,3,2,63.9,60.4,6.8,90,4.8,Yes,Yes,3,Tier2,Placed
6276,Female,CSE,7.7,0,57,68,1,2,0,46.3,50.0,4.6,82,4.1,No,Yes,0,None,NotPlaced
6277,Male,CSE,8.5,0,75,85,2,3,2,79.1,65.2,5.9,90,4.8,Yes,No,3,Tier2,Placed
6278,Male,ECE,8.0,1,59,81,0,3,1,46.2,46.3,6.5,83,3.7,No,Yes,0,None,NotPlaced
6279,Female,CSE,7.2,0,55,64,0,2,1,33.5,30.5,5.1,77,4.0,No,Yes,0,None,NotPlaced
6280,Male,ECE,7.6,0,84,86,1,3,0,50.9,43.3,6.2,90,4.8,Yes,Yes,3,Tier2,Placed
6281,Female,IT,7.7,1,67,67,1,2,0,47.9,35.0,4.4,75,4.5,No,Yes,0,None,NotPlaced
6282,Male,EEE,7.5,0,61,60,2,1,0,38.1,34.5,2.4,72,3.6,No,Yes,0,None,NotPlaced
6283,Female,EEE,7.6,0,67,73,1,1,0,32.1,44.6,3.6,78,4.8,Yes,Yes,0,None,NotPlaced
6284,Female,ECE,7.4,0,55,66,0,1,2,20.4,14.2,2.0,79,3.5,No,Yes,0,None,NotPlaced
6285,Male,IT,6.5,0,78,72,1,1,0,20.0,26.0,3.4,78,3.6,No,Yes,0,None,NotPlaced
6286,Male,EEE,6.5,2,55,60,1,1,1,20.0,22.9,4.1,70,3.3,No,Yes,0,None,NotPlaced
6287,Female,Civil,7.0,0,60,58,1,1,1,26.3,36.5,2.6,70,4.0,No,No,0,None,NotPlaced
6288,Male,ECE,8.1,0,70,62,1,1,0,47.1,53.1,2.3,76,3.4,No,Yes,2,Tier2,Placed
6289,Female,CSE,8.1,0,87,85,2,3,2,70.7,49.7,7.0,84,4.1,Yes,Yes,2,Tier2,Placed
6290,Male,CSE,7.8,0,58,66,1,2,1,54.0,40.0,2.7,76,4.4,No,Yes,2,Tier2,Placed
6291,Male,IT,7.3,0,64,76,1,1,3,20.0,17.3,1.6,83,4.5,Yes,Yes,2,Tier3,Placed
6292,Male,IT,6.5,0,55,65,1,1,0,20.0,17.9,0.8,86,3.9,No,Yes,0,None,NotPlaced
6293,Female,Mechanical,6.5,1,58,60,1,1,1,21.6,18.5,2.3,73,3.9,No,No,0,None,NotPlaced
6294,Male,EEE,7.8,0,88,83,1,3,2,48.3,44.1,6.8,83,4.8,Yes,Yes,3,Tier2,Placed
6295,Female,CSE,7.5,0,55,64,1,3,1,43.6,30.7,7.5,78,4.3,No,Yes,0,None,NotPlaced
6296,Female,IT,6.5,1,60,72,1,1,0,20.0,14.5,0.0,69,3.9,No,No,0,None,NotPlaced
6297,Male,CSE,7.6,0,72,65,1,2,1,34.7,26.1,5.0,90,3.8,Yes,Yes,0,None,NotPlaced
6298,Male,Mechanical,8.2,0,71,80,1,2,1,53.1,48.0,5.4,77,4.5,Yes,Yes,0,None,NotPlaced
6299,Female,ECE,8.4,0,76,78,2,1,1,51.3,43.2,3.9,87,4.2,Yes,Yes,0,None,NotPlaced
6300,Male,ECE,8.1,0,55,68,2,2,0,56.8,44.3,4.1,72,4.2,No,Yes,2,Tier2,Placed
6301,Female,IT,8.0,0,78,83,1,1,0,44.4,31.1,3.4,75,3.6,Yes,Yes,1,Tier3,Placed
6302,Male,ECE,7.5,1,78,81,2,3,2,52.3,31.4,7.2,85,4.3,Yes,No,0,None,NotPlaced
6303,Male,IT,8.4,0,86,85,0,3,2,60.0,62.3,7.4,80,4.8,Yes,Yes,2,Tier2,Placed
6304,Female,IT,8.4,0,73,84,2,3,2,73.3,57.1,7.0,90,4.8,Yes,Yes,1,Tier3,Placed
6305,Male,ECE,7.5,0,81,80,1,3,0,54.2,67.1,9.1,83,4.6,Yes,Yes,0,None,NotPlaced
6306,Male,ECE,8.2,0,89,82,2,3,2,76.0,67.5,7.6,90,4.8,Yes,Yes,2,Tier2,Placed
6307,Male,IT,7.6,0,78,83,1,3,0,49.9,56.3,6.2,75,3.9,No,Yes,3,Tier2,Placed
6308,Male,CSE,8.9,1,66,83,1,3,2,86.1,76.3,6.3,90,4.3,Yes,Yes,4,Tier1,Placed
6309,Male,ECE,6.6,0,57,84,2,2,0,32.4,31.1,4.7,80,4.8,Yes,Yes,0,None,NotPlaced
6310,Female,IT,8.1,0,73,85,2,3,2,59.8,45.2,8.5,90,4.8,Yes,Yes,3,Tier2,Placed
6311,Male,EEE,6.8,0,64,66,1,1,0,20.0,11.6,0.0,60,4.0,No,Yes,0,None,NotPlaced
6312,Male,Mechanical,7.7,0,55,63,0,1,1,29.1,35.4,2.1,67,3.8,No,No,0,None,NotPlaced
6313,Female,CSE,7.4,2,56,64,1,1,0,38.2,35.0,2.0,68,4.4,No,No,0,None,NotPlaced
6314,Male,CSE,8.5,0,84,87,2,3,2,71.5,63.1,7.5,90,4.7,Yes,Yes,3,Tier1,Placed
6315,Male,IT,7.3,1,60,67,0,1,0,20.0,27.5,2.3,78,3.3,No,No,0,None,NotPlaced
6316,Female,ECE,8.1,2,88,86,0,3,0,54.9,49.2,8.5,88,4.7,Yes,No,4,Tier1,Placed
6317,Female,ECE,6.5,0,62,69,1,1,1,20.0,15.6,2.1,60,4.0,No,No,0,None,NotPlaced
6318,Male,EEE,6.5,0,72,64,1,1,0,20.0,28.6,1.9,72,4.2,No,Yes,0,None,NotPlaced
6319,Male,CSE,7.7,0,55,69,0,1,1,29.1,26.3,3.0,83,3.7,No,Yes,0,None,NotPlaced
6320,Male,EEE,6.5,1,55,74,1,1,0,20.0,22.6,3.5,87,4.3,No,No,0,None,NotPlaced
6321,Male,Mechanical,7.0,0,55,83,1,1,0,28.1,33.1,2.7,86,4.0,No,Yes,1,Tier3,Placed
6322,Male,Mechanical,8.0,0,77,88,0,3,2,57.5,46.4,8.0,74,4.7,Yes,Yes,1,Tier3,Placed
6323,Male,Civil,7.7,0,69,70,2,1,0,36.1,17.4,2.8,74,3.6,Yes,Yes,0,None,NotPlaced
6324,Male,Mechanical,7.3,0,55,68,1,1,1,27.1,34.4,2.1,79,3.4,No,Yes,0,None,NotPlaced
6325,Male,Mechanical,8.3,0,58,70,1,1,1,49.4,50.9,3.5,70,4.3,No,No,0,None,NotPlaced
6326,Male,IT,6.7,0,55,64,1,1,2,20.0,6.6,2.5,80,4.4,No,Yes,2,Tier2,Placed
6327,Female,CSE,8.0,0,67,83,0,0,1,28.7,19.4,0.8,85,4.8,Yes,Yes,0,None,NotPlaced
6328,Male,CSE,7.6,0,55,73,0,1,0,21.4,37.7,2.0,72,4.0,No,Yes,0,None,NotPlaced
6329,Male,EEE,7.6,0,55,70,1,2,1,37.2,35.6,5.0,86,4.2,No,No,0,None,NotPlaced
6330,Male,Mechanical,7.7,0,62,84,1,1,3,35.0,30.9,4.1,71,3.6,Yes,No,0,None,NotPlaced
6331,Male,CSE,7.5,0,56,71,1,1,3,20.0,17.7,2.2,79,4.5,Yes,No,0,None,NotPlaced
6332,Female,ECE,8.6,0,75,84,1,3,3,74.2,51.0,7.4,81,3.9,Yes,Yes,3,Tier2,Placed
6333,Male,EEE,7.6,0,57,65,1,2,2,36.1,31.0,5.0,81,4.7,Yes,Yes,1,Tier3,Placed
6334,Male,Mechanical,7.5,0,55,70,0,2,0,39.4,41.6,3.9,69,4.3,No,No,0,None,NotPlaced
6335,Male,ECE,7.6,0,64,67,1,2,1,46.0,38.8,6.3,75,4.1,Yes,Yes,0,None,NotPlaced
6336,Female,Civil,7.0,1,62,57,1,1,1,20.3,25.7,2.8,73,4.3,Yes,Yes,0,None,NotPlaced
6337,Male,IT,7.8,1,81,80,1,2,2,52.0,58.6,4.4,90,4.8,Yes,Yes,4,Tier1,Placed
6338,Male,CSE,8.5,0,78,81,2,3,2,77.7,57.8,6.2,90,4.8,Yes,No,2,Tier2,Placed
6339,Male,ECE,8.1,0,74,79,1,2,0,51.5,45.7,4.8,80,4.0,Yes,Yes,3,Tier2,Placed
6340,Male,ECE,6.5,1,55,82,1,3,2,26.9,33.9,6.3,78,4.3,Yes,Yes,0,None,NotPlaced
6341,Male,CSE,8.5,0,84,86,1,3,2,74.5,52.6,6.1,88,4.6,Yes,Yes,3,Tier1,Placed
6342,Male,Mechanical,7.4,1,55,86,1,2,2,40.2,37.1,4.1,84,4.2,Yes,Yes,0,None,NotPlaced
6343,Female,EEE,7.8,1,80,78,1,2,1,52.2,59.1,4.2,84,4.7,Yes,No,0,None,NotPlaced
6344,Female,EEE,7.5,0,64,67,1,2,0,29.1,23.6,3.2,66,3.8,No,No,0,None,NotPlaced
6345,Male,IT,8.4,0,77,82,1,3,2,67.5,63.9,7.4,90,4.8,Yes,No,0,None,NotPlaced
6346,Male,ECE,8.1,0,61,68,1,3,0,53.1,41.5,4.0,61,3.9,No,Yes,0,None,NotPlaced
6347,Male,ECE,6.8,0,77,62,1,2,0,26.9,40.6,4.3,82,4.4,Yes,Yes,3,Tier2,Placed
6348,Female,CSE,7.7,1,57,59,1,1,0,40.6,22.9,1.9,85,3.9,No,No,4,Tier1,Placed
6349,Male,IT,8.6,0,73,84,2,3,2,84.7,67.7,8.1,88,4.7,Yes,Yes,0,None,NotPlaced
6350,Female,CSE,7.6,0,59,67,1,1,1,30.3,16.8,2.8,82,4.0,Yes,Yes,0,None,NotPlaced
6351,Male,CSE,7.9,0,89,86,1,3,2,54.4,39.7,6.8,80,4.8,Yes,Yes,3,Tier2,Placed
6352,Male,ECE,8.7,0,57,83,0,2,0,59.5,43.3,4.9,81,4.7,Yes,Yes,2,Tier3,Placed
6353,Male,CSE,7.4,0,58,69,0,1,0,21.1,20.0,0.2,82,4.1,No,Yes,0,None,NotPlaced
6354,Male,Civil,6.7,1,62,67,0,1,0,20.0,11.6,2.7,79,4.2,No,No,0,None,NotPlaced
6355,Female,ECE,7.3,1,62,65,1,1,0,28.6,26.1,2.6,74,3.7,No,No,0,None,NotPlaced
6356,Female,Civil,8.2,0,82,85,1,3,2,63.6,56.3,7.8,90,4.4,Yes,Yes,0,None,NotPlaced
6357,Male,CSE,7.6,0,71,63,0,1,1,33.1,17.2,4.5,70,3.9,No,No,1,Tier3,Placed
6358,Male,ECE,7.6,0,59,71,1,1,1,34.6,26.1,0.7,77,4.2,No,Yes,0,None,NotPlaced
6359,Female,ECE,6.7,0,80,82,1,1,0,20.0,42.4,0.5,90,4.3,No,No,2,Tier3,Placed
6360,Female,EEE,8.3,0,81,84,1,2,0,56.7,49.6,5.7,81,3.6,Yes,Yes,0,None,NotPlaced
6361,Male,ECE,6.5,0,58,74,1,2,0,20.0,6.6,3.7,79,4.4,No,Yes,1,Tier3,Placed
6362,Male,CSE,8.0,0,76,84,1,3,2,59.5,38.5,6.0,90,4.8,Yes,Yes,1,Tier3,Placed
6363,Male,EEE,8.8,0,72,86,2,3,2,85.0,69.4,6.7,90,4.8,Yes,Yes,3,Tier2,Placed
6364,Male,IT,8.4,0,59,66,0,3,0,56.1,48.2,6.4,90,4.3,Yes,No,3,Tier2,Placed
6365,Male,CSE,7.9,0,55,72,1,2,0,41.3,30.9,5.7,74,4.1,No,Yes,0,None,NotPlaced
6366,Male,IT,7.6,1,72,83,0,2,1,38.2,51.5,7.3,80,4.6,Yes,Yes,0,None,NotPlaced
6367,Male,EEE,7.3,1,73,68,0,1,0,20.2,42.7,0.4,85,4.2,No,Yes,0,None,NotPlaced
6368,Male,IT,6.7,0,55,82,1,3,1,33.2,28.1,5.5,78,4.1,Yes,Yes,3,Tier1,Placed
6369,Male,IT,7.6,0,56,70,1,2,0,44.6,45.6,3.2,82,4.2,No,Yes,0,None,NotPlaced
6370,Female,CSE,7.3,1,71,66,0,2,0,21.3,29.8,3.3,83,4.2,No,Yes,0,None,NotPlaced
6371,Female,IT,8.5,0,87,83,2,3,0,77.4,70.0,6.2,82,4.4,Yes,Yes,2,Tier2,Placed
6372,Male,ECE,8.7,0,77,79,1,3,2,67.2,50.0,6.8,90,4.8,Yes,Yes,3,Tier1,Placed
6373,Female,IT,7.7,0,79,85,1,3,0,52.9,59.8,6.6,81,4.8,Yes,Yes,3,Tier2,Placed
6374,Female,ECE,6.5,0,58,70,1,1,0,20.0,19.3,0.6,65,4.1,No,No,0,None,NotPlaced
6375,Male,CSE,8.2,0,78,83,1,3,2,60.2,53.6,6.0,90,4.8,Yes,Yes,3,Tier2,Placed
6376,Male,IT,6.5,0,55,71,0,1,0,20.0,20.7,3.5,74,3.5,No,Yes,1,Tier3,Placed
6377,Female,CSE,7.5,0,58,70,1,1,0,34.6,30.2,1.6,79,4.3,No,No,0,None,NotPlaced
6378,Female,ECE,7.4,1,55,63,1,1,1,35.5,33.1,1.6,67,3.1,No,Yes,0,None,NotPlaced
6379,Female,ECE,8.1,1,69,83,1,3,0,61.8,41.2,5.5,82,4.4,Yes,Yes,0,None,NotPlaced
6380,Female,Mechanical,7.6,0,62,63,0,2,0,41.1,19.7,4.5,74,4.0,Yes,Yes,3,Tier2,Placed
6381,Male,CSE,6.6,0,56,66,1,1,1,20.0,17.7,3.0,60,3.3,No,No,0,None,NotPlaced
6382,Male,EEE,7.4,0,55,64,1,2,0,40.3,28.7,4.6,84,4.1,No,Yes,0,None,NotPlaced
6383,Male,IT,8.9,0,64,74,2,3,2,87.5,72.8,7.8,80,4.4,Yes,Yes,3,Tier2,Placed
6384,Male,ECE,6.5,0,74,85,1,2,1,21.8,25.0,3.8,70,3.9,Yes,Yes,0,None,NotPlaced
6385,Male,Mechanical,8.4,0,77,84,2,3,2,83.4,66.6,5.8,90,4.7,Yes,Yes,2,Tier2,Placed
6386,Male,CSE,8.2,0,86,71,2,3,2,72.8,70.6,8.1,87,4.7,Yes,Yes,3,Tier2,Placed
6387,Male,CSE,6.5,0,57,66,0,1,0,20.0,20.2,2.8,69,4.4,No,No,0,None,NotPlaced
6388,Female,EEE,7.0,0,60,67,1,3,0,38.1,22.4,6.7,82,4.7,Yes,Yes,2,Tier2,Placed
6389,Male,ECE,6.5,2,59,57,2,2,0,28.0,24.7,4.9,77,3.8,No,No,2,Tier3,Placed
6390,Male,CSE,6.5,0,59,65,1,1,0,20.0,31.1,0.8,86,3.4,No,Yes,0,None,NotPlaced
6391,Male,CSE,8.6,1,55,72,1,1,1,58.4,33.3,0.8,83,3.0,No,No,0,None,NotPlaced
6392,Male,IT,8.2,0,65,85,1,3,2,67.0,54.0,5.4,87,4.6,Yes,Yes,2,Tier2,Placed
6393,Female,ECE,7.5,0,74,67,1,1,0,26.2,28.7,2.4,64,3.5,No,No,0,None,NotPlaced
6394,Female,CSE,7.4,0,60,61,1,1,0,37.4,53.4,2.2,67,4.4,No,Yes,0,None,NotPlaced
6395,Female,ECE,7.4,0,57,72,1,1,0,28.5,36.0,1.5,71,3.9,No,No,0,None,NotPlaced
6396,Male,IT,8.6,0,77,86,2,3,2,73.0,59.9,6.2,86,4.3,Yes,Yes,4,Tier1,Placed
6397,Male,ECE,6.7,0,61,65,1,2,1,22.0,26.9,6.4,81,3.8,No,No,0,None,NotPlaced
6398,Male,Civil,8.6,0,68,80,2,3,2,80.0,47.7,6.7,76,4.8,Yes,Yes,0,None,NotPlaced
6399,Male,CSE,7.7,0,79,81,2,2,0,48.7,32.1,6.4,71,4.3,Yes,Yes,3,Tier1,Placed
6400,Female,Civil,6.5,0,57,64,2,2,0,22.7,28.2,4.9,79,4.1,Yes,No,0,None,NotPlaced
6401,Female,EEE,6.5,0,57,70,1,1,1,20.0,22.7,1.5,82,3.9,No,Yes,0,None,NotPlaced
6402,Female,EEE,8.2,0,76,85,1,3,2,54.0,47.6,8.4,83,4.5,Yes,Yes,3,Tier2,Placed
6403,Male,IT,7.7,0,74,81,0,3,0,43.8,37.6,7.8,74,4.2,Yes,Yes,4,Tier1,Placed
6404,Female,IT,8.0,0,77,83,2,3,2,57.8,46.8,7.0,71,4.1,Yes,Yes,0,None,NotPlaced
6405,Male,Mechanical,6.5,0,74,88,0,2,1,20.0,22.7,6.1,87,4.8,Yes,Yes,3,Tier1,Placed
6406,Female,Mechanical,7.7,1,69,76,1,2,2,48.3,32.4,7.5,78,4.2,Yes,Yes,2,Tier3,Placed
6407,Male,CSE,8.1,0,55,63,1,2,3,55.8,44.9,4.3,85,4.6,Yes,Yes,0,None,NotPlaced
6408,Male,IT,6.8,1,61,68,1,1,0,25.3,14.4,2.5,74,4.3,No,Yes,0,None,NotPlaced
6409,Male,ECE,7.9,0,76,83,1,1,2,46.2,34.6,2.6,80,4.1,Yes,Yes,0,None,NotPlaced
6410,Female,Mechanical,7.5,0,56,71,0,2,0,33.4,39.4,3.1,72,4.3,No,No,0,None,NotPlaced
6411,Male,IT,7.4,0,66,64,0,2,1,34.1,29.6,3.0,80,4.1,No,No,0,None,NotPlaced
6412,Male,EEE,6.9,0,65,66,1,1,1,20.8,26.1,3.6,75,3.7,No,Yes,0,None,NotPlaced
6413,Female,EEE,7.5,2,66,59,1,1,0,22.2,22.5,0.2,67,3.8,No,No,0,None,NotPlaced
6414,Male,EEE,7.9,0,88,83,2,3,2,55.9,44.2,7.5,90,4.7,Yes,Yes,2,Tier2,Placed
6415,Male,ECE,7.9,0,83,84,2,3,2,61.2,42.9,6.2,90,4.3,Yes,Yes,2,Tier2,Placed
6416,Male,IT,8.2,0,71,65,0,2,1,49.1,38.6,5.8,83,4.8,No,Yes,0,None,NotPlaced
6417,Male,Civil,7.6,0,55,64,1,3,2,53.6,45.7,6.7,75,4.3,Yes,No,0,None,NotPlaced
6418,Female,ECE,8.3,0,79,86,1,3,1,67.3,59.7,6.6,88,4.8,Yes,Yes,2,Tier2,Placed
6419,Female,EEE,9.0,0,56,61,0,1,1,49.1,41.6,4.6,70,3.5,Yes,No,3,Tier2,Placed
6420,Male,IT,7.7,1,56,65,0,1,1,34.6,36.2,3.9,75,3.6,Yes,Yes,0,None,NotPlaced
6421,Female,ECE,8.2,0,71,84,0,3,0,58.9,36.6,7.6,84,4.6,Yes,Yes,0,None,NotPlaced
6422,Male,IT,7.4,0,55,71,1,1,0,34.1,38.3,2.8,83,4.4,No,Yes,0,None,NotPlaced
6423,Male,CSE,8.2,0,55,70,1,3,0,68.3,46.9,5.9,90,4.7,Yes,Yes,2,Tier2,Placed
6424,Male,EEE,8.1,0,76,65,1,3,2,60.3,57.5,7.7,82,4.3,Yes,Yes,1,Tier3,Placed
6425,Male,ECE,8.2,0,77,86,2,3,2,74.2,64.1,6.8,90,4.8,Yes,Yes,0,None,NotPlaced
6426,Male,ECE,7.7,0,55,59,1,1,0,32.6,14.9,2.4,78,3.2,No,No,0,None,NotPlaced
6427,Female,IT,7.4,0,64,70,1,3,1,42.3,43.2,7.5,85,3.7,Yes,Yes,3,Tier2,Placed
6428,Female,ECE,8.2,1,85,83,2,3,2,70.1,65.1,5.9,90,4.8,Yes,Yes,2,Tier3,Placed
6429,Male,IT,8.3,0,76,88,0,3,2,58.2,58.4,7.6,84,4.4,Yes,Yes,1,Tier3,Placed
6430,Male,ECE,8.5,0,55,82,1,1,2,54.3,38.8,1.8,77,4.6,No,Yes,3,Tier1,Placed
6431,Female,IT,8.4,0,66,71,2,3,3,82.0,66.9,5.8,90,4.8,Yes,No,0,None,NotPlaced
6432,Female,EEE,8.1,0,80,82,1,3,2,63.0,57.6,6.9,88,4.8,Yes,Yes,0,None,NotPlaced
6433,Female,Mechanical,6.5,0,55,70,1,3,0,30.1,33.9,6.0,77,4.4,No,No,0,None,NotPlaced
6434,Male,IT,6.5,0,59,68,1,1,0,20.0,23.6,2.6,70,3.8,No,Yes,3,Tier2,Placed
6435,Female,IT,7.6,1,60,69,0,1,0,21.5,17.7,0.0,67,3.8,No,No,0,None,NotPlaced
6436,Male,EEE,6.5,1,55,65,1,1,1,20.0,28.5,2.4,73,3.4,No,No,0,None,NotPlaced
6437,Male,ECE,8.3,0,70,86,1,3,2,70.3,64.3,6.5,79,4.4,Yes,No,0,None,NotPlaced
6438,Male,EEE,7.2,0,55,65,2,2,0,38.4,33.6,4.8,88,4.8,No,Yes,0,None,NotPlaced
6439,Male,ECE,7.9,0,87,83,2,3,2,64.0,46.6,7.0,90,4.7,Yes,Yes,2,Tier2,Placed
6440,Male,IT,8.3,0,63,81,1,3,2,72.1,52.7,6.7,89,4.4,Yes,Yes,1,Tier3,Placed
6441,Male,IT,7.7,1,55,66,0,2,0,47.0,50.3,3.8,72,3.6,No,Yes,0,None,NotPlaced
6442,Male,CSE,8.9,0,81,79,2,3,2,84.1,74.1,7.3,85,4.8,Yes,Yes,3,Tier1,Placed
6443,Female,CSE,8.6,0,72,85,0,3,1,66.9,54.5,7.9,87,4.6,Yes,Yes,0,None,NotPlaced
6444,Male,EEE,7.4,0,55,62,1,1,1,23.4,21.2,1.1,71,3.3,No,No,0,None,NotPlaced
6445,Male,CSE,9.0,1,76,87,2,3,3,80.8,49.9,6.7,83,4.8,Yes,Yes,2,Tier2,Placed
6446,Male,Civil,6.5,2,82,68,1,3,0,27.6,25.8,8.5,80,4.3,Yes,Yes,0,None,NotPlaced
6447,Female,EEE,7.7,0,57,70,1,2,0,40.7,25.4,4.6,71,4.0,Yes,Yes,0,None,NotPlaced
6448,Male,Mechanical,7.6,0,83,86,1,2,0,44.2,40.1,4.4,88,4.7,No,Yes,1,Tier3,Placed
6449,Male,Mechanical,7.3,0,68,73,1,1,1,38.6,42.8,0.8,70,4.5,No,Yes,0,None,NotPlaced
6450,Male,IT,8.5,0,79,85,1,3,3,76.6,53.6,5.3,87,4.3,Yes,Yes,4,Tier1,Placed
6451,Female,EEE,8.3,0,70,80,1,3,2,66.2,56.0,6.0,86,4.8,Yes,No,0,None,NotPlaced
6452,Female,CSE,8.4,0,74,80,2,3,2,75.9,69.2,6.3,90,4.6,Yes,Yes,0,None,NotPlaced
6453,Male,CSE,6.5,2,67,68,0,1,1,20.0,23.0,3.0,80,3.7,No,Yes,2,Tier2,Placed
6454,Male,EEE,8.1,0,55,70,1,1,0,52.3,38.6,3.1,69,4.0,No,Yes,0,None,NotPlaced
6455,Female,CSE,8.6,0,77,84,2,3,1,68.2,55.9,5.1,90,4.8,Yes,Yes,2,Tier3,Placed
6456,Male,Civil,7.6,0,64,71,1,1,1,39.6,41.5,2.5,68,4.3,Yes,Yes,0,None,NotPlaced
6457,Male,ECE,8.7,0,55,80,1,2,1,67.5,56.0,5.7,74,4.2,Yes,Yes,2,Tier3,Placed
6458,Male,Mechanical,6.5,0,55,59,1,2,0,20.0,20.6,3.9,74,4.1,No,Yes,0,None,NotPlaced
6459,Male,IT,7.4,0,79,73,2,3,2,51.0,52.1,8.5,80,4.6,Yes,Yes,0,None,NotPlaced
6460,Male,EEE,7.4,0,63,69,1,1,1,25.3,28.2,3.7,71,4.3,Yes,Yes,0,None,NotPlaced
6461,Male,CSE,8.5,0,55,86,1,2,3,55.5,36.4,4.7,80,4.3,Yes,Yes,0,None,NotPlaced
6462,Female,EEE,8.3,0,76,86,2,3,2,62.0,55.9,6.8,83,4.2,Yes,Yes,0,None,NotPlaced
6463,Female,CSE,8.4,1,56,80,2,3,1,75.8,67.5,6.9,76,4.8,Yes,Yes,0,None,NotPlaced
6464,Male,EEE,6.7,0,69,67,1,3,0,39.0,25.2,6.2,87,4.4,Yes,Yes,0,None,NotPlaced
6465,Female,IT,7.4,0,68,64,1,1,0,20.2,2.3,2.9,70,3.1,No,No,0,None,NotPlaced
6466,Male,CSE,8.1,0,72,65,1,3,0,70.2,47.3,7.7,72,4.0,Yes,Yes,2,Tier2,Placed
6467,Male,ECE,7.6,0,79,79,1,1,0,34.9,31.1,3.5,83,4.8,Yes,Yes,0,None,NotPlaced
6468,Male,CSE,7.0,2,72,84,1,3,0,40.4,43.9,7.2,84,4.8,Yes,Yes,2,Tier2,Placed
6469,Female,EEE,7.5,0,79,83,1,3,0,41.6,29.2,6.0,80,4.0,Yes,Yes,0,None,NotPlaced
6470,Female,CSE,7.7,0,80,64,0,1,1,38.6,39.6,2.5,90,4.4,No,Yes,0,None,NotPlaced
6471,Female,IT,8.1,0,71,84,2,3,2,67.0,31.5,7.1,86,3.8,Yes,Yes,1,Tier3,Placed
6472,Female,ECE,8.1,0,58,78,0,2,1,53.7,46.1,6.0,79,4.3,No,Yes,0,None,NotPlaced
6473,Male,IT,7.8,0,61,84,2,3,3,66.1,50.2,5.7,80,4.4,Yes,Yes,1,Tier3,Placed
6474,Female,IT,8.4,0,72,85,1,3,0,73.7,76.3,6.3,88,4.7,Yes,Yes,2,Tier2,Placed
6475,Female,Mechanical,6.8,1,73,57,1,1,0,20.0,7.0,0.4,90,4.5,No,Yes,0,None,NotPlaced
6476,Female,CSE,8.4,0,68,83,1,3,2,66.0,53.0,6.8,77,4.5,Yes,Yes,2,Tier2,Placed
6477,Male,CSE,8.5,0,85,84,2,3,2,70.9,42.5,5.3,90,4.8,Yes,Yes,2,Tier2,Placed
6478,Male,IT,8.3,0,72,81,1,3,1,69.5,51.6,8.2,82,4.4,Yes,Yes,3,Tier1,Placed
6479,Male,IT,7.5,0,67,88,1,3,2,50.7,30.0,8.1,90,4.8,Yes,Yes,4,Tier1,Placed
6480,Male,ECE,7.5,0,67,86,0,3,0,49.3,60.8,6.8,88,4.4,Yes,Yes,0,None,NotPlaced
6481,Male,IT,8.2,1,82,84,1,3,2,68.6,52.5,6.0,81,4.3,Yes,Yes,1,Tier3,Placed
6482,Male,Mechanical,7.4,0,55,62,1,1,0,22.4,20.4,0.5,71,4.7,No,Yes,0,None,NotPlaced
6483,Male,CSE,7.4,0,56,71,1,1,0,37.8,31.9,1.3,64,4.2,No,Yes,0,None,NotPlaced
6484,Male,ECE,6.5,0,55,66,0,1,1,20.0,10.3,2.6,60,4.1,No,No,0,None,NotPlaced
6485,Male,IT,7.6,0,55,69,1,1,1,33.2,38.0,1.2,70,3.8,No,Yes,3,Tier1,Placed
6486,Male,ECE,8.4,0,76,84,1,3,2,68.7,61.3,8.9,90,4.8,Yes,Yes,3,Tier1,Placed
6487,Female,Civil,7.5,2,57,70,1,1,2,32.4,36.1,4.5,68,3.7,Yes,Yes,0,None,NotPlaced
6488,Male,ECE,8.2,0,75,73,1,3,0,66.1,42.6,7.0,68,3.8,Yes,Yes,2,Tier2,Placed
6489,Male,Civil,6.8,0,55,64,0,2,0,20.1,30.4,4.5,80,4.3,Yes,No,3,Tier2,Placed
6490,Female,IT,6.9,1,64,71,1,1,0,23.4,30.7,1.4,69,4.0,No,Yes,0,None,NotPlaced
6491,Male,CSE,7.7,0,86,88,2,3,2,58.3,47.1,8.6,90,4.8,Yes,Yes,2,Tier2,Placed
6492,Male,CSE,8.2,0,61,58,1,1,2,44.8,45.6,2.3,79,4.8,Yes,Yes,0,None,NotPlaced
6493,Male,IT,8.0,0,55,65,0,2,0,47.0,41.9,4.9,76,3.8,No,Yes,0,None,NotPlaced
6494,Male,IT,8.4,0,55,84,1,2,1,72.5,44.8,5.0,76,4.0,Yes,Yes,2,Tier2,Placed
6495,Female,CSE,7.6,1,61,75,1,2,2,39.6,32.8,5.7,73,4.7,Yes,Yes,0,None,NotPlaced
6496,Male,IT,7.8,0,55,72,1,1,1,37.8,29.6,1.2,78,4.2,No,No,0,None,NotPlaced
6497,Male,IT,7.7,0,59,70,1,2,0,41.7,36.9,4.7,78,3.9,Yes,Yes,0,None,NotPlaced
6498,Male,CSE,7.2,0,55,69,0,1,1,20.0,29.0,2.0,76,4.2,No,No,0,None,NotPlaced
6499,Male,IT,6.6,1,58,62,1,2,0,27.1,12.7,3.4,76,3.8,No,No,0,None,NotPlaced
6500,Female,Mechanical,6.9,2,79,85,2,3,2,45.6,36.1,8.2,86,4.8,Yes,Yes,2,Tier3,Placed
6501,Male,IT,7.9,0,76,63,0,1,1,36.0,24.8,2.2,69,3.6,Yes,Yes,0,None,NotPlaced
6502,Male,EEE,8.4,0,88,80,2,3,0,77.1,55.8,6.4,90,4.8,Yes,Yes,3,Tier2,Placed
6503,Male,EEE,6.8,0,58,61,1,1,0,23.0,17.0,3.4,83,3.9,No,No,0,None,NotPlaced
6504,Male,IT,7.7,0,79,69,0,2,0,39.2,36.1,6.2,90,4.4,Yes,Yes,3,Tier2,Placed
6505,Male,CSE,7.6,1,63,66,1,1,0,27.3,30.2,3.6,77,4.4,No,Yes,0,None,NotPlaced
6506,Female,IT,8.2,0,65,63,2,2,2,64.1,54.7,2.1,78,4.0,No,No,0,None,NotPlaced
6507,Female,ECE,7.7,0,84,67,1,1,0,37.8,34.6,2.2,74,4.5,No,No,0,None,NotPlaced
6508,Female,ECE,7.1,0,78,71,1,1,1,25.1,29.4,2.1,76,4.3,No,Yes,0,None,NotPlaced
6509,Female,CSE,8.4,0,55,72,1,1,1,48.7,59.8,1.4,74,3.7,No,Yes,2,Tier2,Placed
6510,Female,CSE,6.6,1,55,66,1,1,1,20.0,22.4,2.3,81,4.0,No,No,0,None,NotPlaced
6511,Male,EEE,8.5,0,71,84,2,3,2,75.7,69.3,6.7,90,4.6,Yes,Yes,4,Tier1,Placed
6512,Female,IT,8.8,0,84,86,2,3,2,78.8,71.0,7.2,90,4.7,Yes,Yes,3,Tier2,Placed
6513,Female,ECE,8.3,0,82,68,1,3,0,58.9,63.6,10.0,90,4.8,Yes,Yes,2,Tier2,Placed
6514,Female,ECE,7.7,0,69,72,1,1,0,42.3,41.1,2.3,78,3.9,No,Yes,0,None,NotPlaced
6515,Male,Mechanical,6.5,0,62,71,0,3,0,27.0,19.1,7.4,77,4.0,Yes,No,0,None,NotPlaced
6516,Male,ECE,7.5,0,72,64,2,1,1,39.3,37.1,2.8,80,4.3,No,Yes,0,None,NotPlaced
6517,Female,ECE,7.9,0,84,85,1,3,2,43.7,40.5,7.2,88,4.6,Yes,Yes,3,Tier2,Placed
6518,Female,Mechanical,8.1,1,81,80,2,3,2,65.8,60.7,5.9,90,4.4,Yes,No,0,None,NotPlaced
6519,Female,EEE,7.6,1,71,72,0,1,1,28.8,19.7,0.4,72,3.7,No,Yes,0,None,NotPlaced
6520,Male,CSE,7.8,0,65,79,2,3,2,56.9,57.3,6.0,81,4.8,No,Yes,0,None,NotPlaced
6521,Male,CSE,6.5,0,59,69,0,2,0,20.0,20.6,3.7,73,4.1,No,No,0,None,NotPlaced
6522,Male,EEE,7.5,0,77,76,0,3,0,47.6,48.0,4.0,89,3.9,No,Yes,2,Tier2,Placed
6523,Female,Mechanical,6.5,1,67,65,2,3,2,36.2,33.8,8.6,66,4.7,Yes,No,0,None,NotPlaced
6524,Male,ECE,7.4,0,71,69,1,2,0,44.2,39.2,4.1,81,4.3,No,Yes,0,None,NotPlaced
6525,Male,ECE,7.9,0,62,73,1,2,0,43.9,39.4,5.4,75,3.9,No,Yes,0,None,NotPlaced
6526,Female,EEE,6.7,0,60,84,0,3,1,25.7,31.3,4.8,88,4.1,Yes,No,0,None,NotPlaced
6527,Male,IT,8.1,0,80,87,2,3,2,66.4,70.2,8.5,90,4.8,Yes,Yes,3,Tier1,Placed
6528,Female,ECE,8.0,0,66,71,1,2,1,47.9,25.0,3.5,85,4.5,No,Yes,0,None,NotPlaced
6529,Male,CSE,7.5,0,66,71,0,2,1,39.6,39.4,6.3,82,4.8,Yes,Yes,4,Tier1,Placed
6530,Female,Civil,7.6,0,68,64,1,3,1,48.4,40.9,7.2,74,4.3,Yes,Yes,1,Tier3,Placed
6531,Male,EEE,8.4,0,73,83,2,3,2,78.5,61.5,7.5,88,4.5,Yes,Yes,2,Tier2,Placed
6532,Female,ECE,7.5,0,55,68,1,2,0,36.3,12.3,4.5,64,3.4,No,Yes,0,None,NotPlaced
6533,Female,IT,7.3,0,61,74,1,1,0,39.7,38.3,1.6,65,3.3,No,Yes,0,None,NotPlaced
6534,Male,CSE,7.6,0,67,65,1,1,1,45.1,36.5,1.4,66,3.6,No,Yes,0,None,NotPlaced
6535,Male,IT,7.5,0,66,66,1,2,0,40.5,29.0,3.6,81,4.3,No,Yes,0,None,NotPlaced
6536,Male,ECE,7.9,0,58,81,1,3,2,62.7,51.7,5.5,83,4.8,Yes,Yes,0,None,NotPlaced
6537,Female,ECE,8.6,0,79,84,1,2,2,61.0,47.6,4.5,81,4.3,Yes,Yes,3,Tier2,Placed
6538,Female,ECE,6.8,2,55,64,1,1,1,24.1,10.2,1.3,81,4.2,No,Yes,0,None,NotPlaced
6539,Male,ECE,8.3,0,81,81,2,3,2,69.1,56.6,5.5,84,4.3,Yes,Yes,0,None,NotPlaced
6540,Male,EEE,7.5,0,76,80,1,2,1,34.6,35.5,5.5,74,4.2,Yes,No,0,None,NotPlaced
6541,Male,CSE,7.2,0,62,59,1,1,0,20.0,16.0,2.0,71,3.8,No,Yes,0,None,NotPlaced
6542,Female,IT,7.6,0,79,83,1,3,3,49.7,44.3,7.2,82,4.8,Yes,No,0,None,NotPlaced
6543,Female,ECE,8.6,0,81,82,2,3,2,77.4,63.1,7.7,90,4.8,Yes,Yes,3,Tier2,Placed
6544,Male,ECE,6.5,0,69,71,1,2,1,27.7,33.9,4.8,68,4.5,Yes,Yes,0,None,NotPlaced
6545,Male,ECE,8.0,0,77,84,1,1,2,43.2,37.2,2.1,86,4.6,Yes,Yes,0,None,NotPlaced
6546,Male,ECE,8.4,0,75,64,0,2,1,59.0,54.0,5.3,70,4.0,Yes,No,0,None,NotPlaced
6547,Male,Civil,7.4,1,77,69,1,2,0,36.7,29.5,2.1,70,4.1,Yes,No,0,None,NotPlaced
6548,Male,CSE,7.7,0,62,68,0,1,0,30.3,44.3,2.9,82,4.7,Yes,Yes,0,None,NotPlaced
6549,Male,ECE,7.1,1,61,76,0,2,2,33.3,27.8,5.8,89,4.2,Yes,Yes,3,Tier1,Placed
6550,Male,CSE,6.9,0,55,67,0,1,0,20.0,15.0,3.0,72,4.6,No,Yes,0,None,NotPlaced
6551,Male,CSE,6.7,1,62,59,0,1,1,20.0,18.6,1.5,60,4.5,No,No,0,None,NotPlaced
6552,Male,IT,8.0,0,80,65,1,2,1,49.0,34.9,2.8,71,4.1,Yes,Yes,0,None,NotPlaced
6553,Male,CSE,8.1,0,72,83,1,3,3,67.8,45.1,3.4,85,4.8,No,Yes,1,Tier3,Placed
6554,Male,Mechanical,8.5,0,76,84,1,3,2,66.4,59.3,7.6,78,4.8,Yes,Yes,2,Tier2,Placed
6555,Female,Mechanical,7.7,0,70,66,1,2,1,47.6,15.5,4.6,74,4.8,Yes,Yes,0,None,NotPlaced
6556,Female,IT,8.4,0,84,72,1,3,3,71.6,52.4,9.0,89,4.8,Yes,Yes,3,Tier2,Placed
6557,Male,EEE,7.1,1,55,66,1,2,2,25.5,13.8,3.6,74,4.3,Yes,Yes,0,None,NotPlaced
6558,Male,ECE,6.9,1,55,71,0,2,0,23.3,23.8,4.3,71,4.0,No,Yes,0,None,NotPlaced
6559,Female,EEE,8.3,0,68,81,2,3,2,67.8,38.0,8.7,90,4.8,Yes,Yes,0,None,NotPlaced
6560,Female,ECE,8.3,0,78,83,2,3,2,74.7,64.4,7.2,86,4.8,Yes,Yes,2,Tier3,Placed
6561,Male,CSE,8.5,0,85,83,2,3,2,77.4,67.3,5.4,87,4.1,Yes,Yes,4,Tier1,Placed
6562,Male,Mechanical,6.5,0,66,67,1,1,2,20.0,7.6,5.8,74,4.7,Yes,Yes,0,None,NotPlaced
6563,Male,ECE,8.6,0,88,87,2,3,2,70.8,59.2,8.6,90,4.8,Yes,Yes,4,Tier1,Placed
6564,Male,ECE,7.8,1,81,64,1,3,2,60.2,53.2,6.8,77,4.2,Yes,No,0,None,NotPlaced
6565,Male,Mechanical,8.0,0,71,83,0,3,2,53.7,53.2,7.8,90,4.8,Yes,Yes,2,Tier2,Placed
6566,Male,Mechanical,8.3,0,75,85,2,3,2,61.9,39.7,7.8,90,4.8,Yes,Yes,2,Tier3,Placed
6567,Female,ECE,8.3,0,73,84,2,3,2,62.3,38.3,7.6,84,4.5,Yes,No,3,Tier2,Placed
6568,Male,ECE,7.7,0,88,78,2,3,0,60.2,62.3,5.6,90,4.7,Yes,No,0,None,NotPlaced
6569,Male,Civil,6.5,0,61,72,1,1,0,20.0,14.0,2.3,73,3.6,No,No,0,None,NotPlaced
6570,Male,CSE,8.7,0,72,88,2,3,2,87.3,64.8,8.5,88,4.8,Yes,Yes,4,Tier1,Placed
6571,Male,IT,7.5,0,57,73,1,1,0,28.3,31.5,2.5,74,3.4,No,Yes,0,None,NotPlaced
6572,Male,IT,7.4,1,56,83,1,3,1,47.0,30.9,7.4,82,4.4,Yes,No,0,None,NotPlaced
6573,Male,Mechanical,7.4,0,61,82,1,2,1,39.8,32.8,3.5,79,4.1,No,Yes,0,None,NotPlaced
6574,Female,EEE,7.6,0,55,66,1,1,2,31.4,35.8,1.1,74,4.3,No,Yes,2,Tier2,Placed
6575,Male,CSE,8.2,1,67,88,0,3,2,46.8,29.5,5.4,90,4.4,Yes,Yes,3,Tier2,Placed
6576,Female,Civil,8.2,0,73,88,2,3,2,69.0,52.4,7.8,90,4.8,Yes,Yes,1,Tier3,Placed
6577,Female,ECE,8.8,0,83,82,0,3,2,66.2,44.3,6.8,77,4.5,Yes,Yes,3,Tier2,Placed
6578,Male,Mechanical,7.6,0,78,63,0,1,0,30.6,22.2,0.7,78,4.8,No,No,0,None,NotPlaced
6579,Male,CSE,7.5,0,71,85,0,3,2,43.4,48.0,8.0,90,4.7,Yes,Yes,1,Tier3,Placed
6580,Male,ECE,7.8,0,55,68,1,2,1,48.3,51.7,3.4,74,4.3,No,No,0,None,NotPlaced
6581,Female,ECE,8.4,0,71,87,1,3,0,74.8,61.6,6.1,80,4.7,Yes,Yes,2,Tier3,Placed
6582,Female,ECE,7.9,0,81,85,0,1,0,33.3,35.6,2.5,89,4.8,Yes,Yes,2,Tier2,Placed
6583,Female,ECE,7.6,0,85,77,0,2,2,35.7,37.1,4.8,90,4.6,Yes,Yes,3,Tier2,Placed
6584,Male,EEE,7.5,0,55,66,1,1,2,24.7,18.4,2.5,72,4.3,No,No,0,None,NotPlaced
6585,Female,IT,8.0,0,62,69,1,1,1,42.0,38.1,2.1,76,3.8,Yes,Yes,0,None,NotPlaced
6586,Male,EEE,8.4,0,55,68,1,3,0,69.0,43.6,8.0,63,4.3,Yes,Yes,0,None,NotPlaced
6587,Male,CSE,7.4,0,58,67,1,2,1,36.6,24.0,4.5,67,3.6,No,Yes,0,None,NotPlaced
6588,Male,CSE,8.4,0,86,85,1,3,2,69.1,55.8,6.5,90,4.8,Yes,Yes,3,Tier2,Placed
6589,Male,CSE,7.5,1,59,69,1,1,1,32.1,20.4,2.8,71,4.0,Yes,No,0,None,NotPlaced
6590,Female,IT,8.2,0,68,77,1,1,1,40.5,26.1,1.6,88,4.8,No,Yes,3,Tier2,Placed
6591,Male,IT,7.7,1,81,82,1,3,1,54.6,40.6,7.1,90,4.6,Yes,Yes,3,Tier1,Placed
6592,Male,EEE,8.3,0,75,88,1,2,2,56.0,56.0,6.5,85,4.6,Yes,Yes,3,Tier2,Placed
6593,Male,ECE,7.6,0,78,81,0,3,1,46.6,52.8,6.6,86,4.7,Yes,No,3,Tier1,Placed
6594,Female,IT,8.6,0,80,83,2,2,2,65.2,53.2,5.2,87,4.8,Yes,Yes,2,Tier2,Placed
6595,Female,ECE,8.1,0,82,81,1,2,1,49.7,46.9,3.3,83,4.6,No,Yes,0,None,NotPlaced
6596,Male,CSE,8.1,0,75,82,1,3,2,61.8,46.9,7.5,90,4.6,Yes,Yes,1,Tier3,Placed
6597,Male,CSE,8.5,0,72,84,1,3,2,67.8,38.6,7.3,85,4.3,Yes,Yes,4,Tier1,Placed
6598,Male,ECE,7.5,0,81,66,1,1,0,41.6,29.4,4.3,82,3.3,Yes,Yes,0,None,NotPlaced
6599,Female,ECE,7.9,1,72,69,1,1,0,45.0,36.3,1.2,81,4.2,No,Yes,0,None,NotPlaced
6600,Male,EEE,7.5,0,74,77,0,2,0,38.7,34.7,5.7,72,4.1,Yes,Yes,0,None,NotPlaced
6601,Male,ECE,6.9,2,80,83,1,1,1,20.1,20.2,4.3,77,4.4,Yes,Yes,1,Tier3,Placed
6602,Male,EEE,7.5,0,69,73,1,3,1,38.9,31.9,5.6,77,4.8,No,Yes,1,Tier3,Placed
6603,Male,ECE,8.2,1,72,82,2,3,2,64.0,48.3,6.9,90,4.8,Yes,Yes,3,Tier2,Placed
6604,Female,Civil,7.6,0,81,64,1,2,1,39.8,37.2,4.2,73,3.9,No,No,0,None,NotPlaced
6605,Male,CSE,8.3,0,85,84,1,3,2,63.6,41.7,6.8,90,4.6,Yes,Yes,4,Tier1,Placed
6606,Male,IT,8.6,0,67,85,2,3,2,75.8,67.6,7.2,90,4.8,Yes,Yes,0,None,NotPlaced
6607,Male,ECE,8.5,0,66,85,2,3,3,77.3,56.3,6.7,76,4.7,No,Yes,2,Tier2,Placed
6608,Male,Civil,7.9,0,69,71,2,2,0,55.4,63.4,4.9,90,3.6,Yes,Yes,0,None,NotPlaced
6609,Female,CSE,8.5,0,85,85,1,3,2,74.8,57.9,6.9,90,4.8,Yes,Yes,0,None,NotPlaced
6610,Male,ECE,7.0,0,65,57,1,1,0,21.4,17.3,2.3,69,4.1,No,No,0,None,NotPlaced
6611,Female,IT,7.7,0,80,86,0,3,2,49.3,37.8,6.6,87,4.8,Yes,Yes,2,Tier2,Placed
6612,Female,IT,8.6,0,88,81,1,3,2,72.7,54.5,6.7,82,4.8,Yes,Yes,2,Tier2,Placed
6613,Male,CSE,8.1,0,59,83,1,3,0,62.2,56.5,5.1,90,4.5,No,Yes,0,None,NotPlaced
6614,Male,CSE,7.7,0,79,66,1,2,0,51.4,42.8,5.0,79,4.7,Yes,Yes,2,Tier3,Placed
6615,Male,EEE,6.5,0,67,70,1,1,1,20.0,29.2,2.4,81,4.3,No,Yes,0,None,NotPlaced
6616,Female,ECE,6.7,0,55,68,1,2,1,20.0,23.5,3.7,64,3.1,No,Yes,0,None,NotPlaced
6617,Male,IT,7.0,0,69,59,1,1,2,22.4,23.1,1.2,80,4.1,No,No,2,Tier3,Placed
6618,Male,CSE,8.6,0,77,80,1,3,2,70.9,60.7,6.9,90,4.7,Yes,Yes,3,Tier2,Placed
6619,Male,CSE,6.8,1,78,67,1,3,0,45.8,48.8,7.4,80,4.4,Yes,No,0,None,NotPlaced
6620,Female,Civil,7.2,0,58,59,0,1,1,20.4,25.7,3.1,68,4.3,Yes,Yes,0,None,NotPlaced
6621,Male,ECE,7.5,1,59,86,1,1,1,28.1,30.0,5.2,90,4.6,Yes,Yes,3,Tier2,Placed
6622,Male,Mechanical,7.0,0,56,73,1,1,0,25.2,27.4,1.3,71,4.1,No,Yes,0,None,NotPlaced
6623,Male,IT,8.6,0,71,67,1,2,0,65.5,44.3,3.8,85,4.2,No,Yes,4,Tier1,Placed
6624,Male,Mechanical,7.6,0,55,69,1,1,1,34.6,51.8,3.8,78,4.0,Yes,Yes,0,None,NotPlaced
6625,Female,IT,8.5,0,66,67,1,2,1,59.9,51.6,3.3,60,4.8,No,No,0,None,NotPlaced
6626,Male,ECE,8.1,0,84,86,0,3,2,60.7,55.6,8.9,90,4.8,Yes,Yes,1,Tier3,Placed
6627,Female,ECE,8.4,0,75,79,1,2,2,54.7,44.5,5.0,72,4.0,Yes,Yes,3,Tier2,Placed
6628,Female,EEE,8.2,0,74,85,2,3,2,66.3,36.1,7.6,90,4.8,Yes,Yes,0,None,NotPlaced
6629,Male,EEE,7.3,0,90,65,2,1,1,31.4,27.7,3.0,87,4.2,Yes,No,0,None,NotPlaced
6630,Female,CSE,8.4,0,83,84,2,3,2,77.5,63.0,8.0,90,4.8,Yes,Yes,3,Tier2,Placed
6631,Male,CSE,7.3,0,55,74,1,1,1,30.4,21.5,0.9,76,4.5,No,Yes,0,None,NotPlaced
6632,Male,EEE,7.4,0,89,69,0,2,0,28.7,21.1,5.6,85,4.4,No,No,0,None,NotPlaced
6633,Female,ECE,6.6,1,55,67,1,2,0,20.0,18.4,4.2,79,3.6,No,No,0,None,NotPlaced
6634,Male,CSE,8.6,0,55,67,1,2,1,72.4,62.9,5.7,67,4.0,Yes,Yes,0,None,NotPlaced
6635,Male,IT,8.7,0,89,85,1,2,2,70.4,67.1,4.3,86,4.8,Yes,Yes,3,Tier1,Placed
6636,Male,ECE,8.0,1,55,72,1,2,0,55.2,47.2,4.3,80,4.4,No,No,0,None,NotPlaced
6637,Female,EEE,7.6,0,55,74,1,3,1,51.1,37.6,6.0,71,4.8,Yes,Yes,0,None,NotPlaced
6638,Male,CSE,7.6,0,59,71,1,3,0,58.5,45.1,7.2,78,3.9,No,Yes,1,Tier3,Placed
6639,Male,IT,8.2,0,55,66,1,3,1,57.5,48.4,5.7,82,4.0,Yes,Yes,0,None,NotPlaced
6640,Male,EEE,7.5,0,55,62,1,2,0,44.8,39.0,4.2,65,4.4,No,No,0,None,NotPlaced
6641,Female,ECE,8.3,0,81,86,2,3,2,67.8,58.9,6.6,88,4.4,Yes,Yes,3,Tier1,Placed
6642,Female,IT,6.7,1,65,60,0,1,0,20.0,16.7,0.4,69,4.5,No,No,0,None,NotPlaced
6643,Male,EEE,7.5,2,73,67,1,1,1,36.6,37.1,1.1,80,4.5,No,Yes,0,None,NotPlaced
6644,Female,ECE,8.3,0,86,70,2,1,0,53.3,48.2,3.4,81,4.3,Yes,Yes,0,None,NotPlaced
6645,Male,ECE,7.4,0,55,72,1,1,0,28.8,22.5,1.1,61,4.1,No,Yes,1,Tier3,Placed
6646,Male,Civil,8.2,0,84,87,2,3,0,65.5,39.6,6.3,83,4.3,Yes,Yes,2,Tier2,Placed
6647,Female,Mechanical,8.5,0,68,84,2,3,2,64.1,44.8,7.4,78,4.8,Yes,Yes,1,Tier3,Placed
6648,Female,IT,8.3,0,67,84,1,2,1,60.8,62.0,4.9,77,4.2,No,Yes,0,None,NotPlaced
6649,Female,CSE,6.7,0,77,83,1,1,0,20.0,7.5,2.7,78,3.7,No,Yes,0,None,NotPlaced
6650,Female,IT,8.1,0,75,88,1,3,2,70.3,67.7,7.0,88,4.2,Yes,Yes,0,None,NotPlaced
6651,Male,CSE,8.4,0,76,79,1,3,3,65.6,38.8,7.2,75,4.7,Yes,Yes,0,None,NotPlaced
6652,Female,CSE,8.0,0,78,80,1,1,0,49.5,35.8,2.1,82,3.3,No,No,0,None,NotPlaced
6653,Male,IT,8.2,0,72,66,1,0,0,30.0,25.7,0.0,85,4.8,No,Yes,3,Tier2,Placed
6654,Male,Mechanical,7.6,1,56,69,1,1,1,38.7,46.7,2.3,60,4.4,No,Yes,0,None,NotPlaced
6655,Male,Mechanical,8.3,0,77,87,1,3,2,69.9,56.6,6.0,83,4.7,Yes,No,3,Tier2,Placed
6656,Male,ECE,8.0,0,61,68,1,1,0,49.5,40.4,2.6,83,4.8,No,Yes,0,None,NotPlaced
6657,Male,ECE,7.5,0,56,63,1,1,1,25.4,17.6,2.1,81,4.0,No,No,0,None,NotPlaced
6658,Male,CSE,7.8,0,84,84,1,2,0,43.5,42.7,2.8,90,4.8,Yes,Yes,0,None,NotPlaced
6659,Male,CSE,8.5,0,59,83,1,1,1,55.9,41.4,4.0,71,4.0,Yes,Yes,0,None,NotPlaced
6660,Male,CSE,7.8,0,77,70,2,1,2,44.7,36.9,2.5,83,4.3,Yes,Yes,0,None,NotPlaced
6661,Male,EEE,7.8,2,70,77,1,2,1,48.5,37.1,4.4,67,4.4,Yes,Yes,0,None,NotPlaced
6662,Male,CSE,7.6,0,68,80,2,3,0,54.2,51.0,8.0,81,3.9,Yes,Yes,3,Tier2,Placed
6663,Male,Mechanical,8.4,0,70,70,0,3,2,69.8,62.9,6.8,88,4.7,Yes,Yes,3,Tier2,Placed
6664,Female,EEE,7.4,0,71,62,1,3,1,60.0,41.9,6.6,78,4.3,No,Yes,0,None,NotPlaced
6665,Female,IT,7.4,0,60,83,1,1,0,31.5,23.2,2.3,69,4.3,Yes,Yes,1,Tier3,Placed
6666,Female,CSE,7.3,0,60,69,0,2,0,34.3,25.7,4.8,83,4.5,No,No,0,None,NotPlaced
6667,Male,EEE,7.1,1,57,62,1,3,2,41.3,36.9,7.2,72,3.8,Yes,No,0,None,NotPlaced
6668,Female,Mechanical,6.6,1,58,71,1,2,0,29.4,34.8,4.4,77,4.4,No,Yes,0,None,NotPlaced
6669,Male,EEE,8.1,0,73,88,2,3,2,70.1,58.7,6.8,90,4.8,Yes,Yes,2,Tier2,Placed
6670,Male,CSE,8.5,0,80,87,2,3,2,68.7,38.7,8.6,90,4.8,Yes,No,3,Tier1,Placed
6671,Male,ECE,8.4,0,87,85,1,3,0,63.9,58.7,8.9,88,4.1,Yes,Yes,1,Tier3,Placed
6672,Female,IT,8.3,0,62,67,2,1,0,49.0,30.6,0.8,79,4.0,Yes,Yes,1,Tier3,Placed
6673,Male,Civil,7.7,2,59,62,1,3,0,66.5,48.1,7.9,81,4.8,Yes,Yes,0,None,NotPlaced
6674,Male,EEE,7.7,0,55,63,1,1,0,40.2,35.7,0.9,66,3.6,No,Yes,0,None,NotPlaced
6675,Male,ECE,7.6,2,55,70,1,1,1,32.0,28.0,3.5,70,4.4,Yes,Yes,0,None,NotPlaced
6676,Female,ECE,6.5,0,55,65,1,1,1,20.0,26.7,0.2,64,3.5,No,No,0,None,NotPlaced
6677,Male,ECE,8.1,0,78,84,2,3,2,70.0,52.2,7.4,90,4.7,Yes,Yes,2,Tier2,Placed
6678,Male,CSE,8.6,0,71,83,2,3,1,80.5,56.5,6.2,88,4.8,Yes,Yes,3,Tier2,Placed
6679,Male,CSE,8.0,0,78,86,1,3,2,63.0,49.7,5.5,90,4.0,No,Yes,3,Tier2,Placed
6680,Male,IT,8.5,0,73,83,2,3,2,71.9,65.8,6.6,85,4.8,Yes,Yes,4,Tier1,Placed
6681,Female,Mechanical,7.9,0,79,88,0,3,2,53.5,50.6,6.3,90,4.6,Yes,Yes,2,Tier2,Placed
6682,Male,ECE,8.0,0,82,82,0,3,2,54.6,46.0,6.3,79,4.6,Yes,No,2,Tier2,Placed
6683,Female,CSE,8.4,0,59,85,1,3,2,62.3,61.6,6.6,82,4.6,Yes,Yes,0,None,NotPlaced
6684,Male,Mechanical,8.2,0,80,87,1,3,0,58.4,57.5,6.8,83,4.4,Yes,Yes,3,Tier2,Placed
6685,Female,CSE,8.4,0,79,76,1,3,2,69.1,62.4,7.3,86,4.4,Yes,No,0,None,NotPlaced
6686,Male,CSE,8.6,0,78,83,1,3,2,72.0,49.1,7.9,90,4.8,No,Yes,0,None,NotPlaced
6687,Male,IT,7.4,2,64,63,1,1,0,33.8,36.4,1.1,72,4.3,No,No,0,None,NotPlaced
6688,Male,ECE,7.9,0,73,82,1,3,0,61.0,48.0,7.1,77,4.1,Yes,Yes,0,None,NotPlaced
6689,Male,ECE,7.6,0,80,83,2,3,2,63.5,49.3,7.8,89,4.7,Yes,Yes,2,Tier2,Placed
6690,Male,IT,8.5,0,76,67,1,3,0,65.1,47.8,6.3,85,4.8,Yes,Yes,4,Tier1,Placed
6691,Female,EEE,8.3,0,81,80,2,3,2,73.2,57.6,4.7,86,4.8,Yes,Yes,3,Tier2,Placed
6692,Male,IT,7.4,0,57,74,1,1,0,34.7,26.1,0.1,76,4.3,No,No,0,None,NotPlaced
6693,Female,Mechanical,7.4,1,82,68,1,2,2,37.4,34.6,2.8,78,4.4,Yes,Yes,0,None,NotPlaced
6694,Female,CSE,7.7,0,71,69,1,2,0,45.6,37.3,5.5,75,3.7,No,Yes,0,None,NotPlaced
6695,Male,ECE,8.7,0,84,86,1,3,2,71.6,60.0,7.6,90,4.8,Yes,Yes,3,Tier2,Placed
6696,Female,ECE,8.2,0,83,79,0,3,2,68.5,60.0,7.8,85,4.8,Yes,Yes,3,Tier2,Placed
6697,Female,ECE,7.8,0,55,66,1,1,0,39.5,31.6,3.0,70,4.0,No,Yes,0,None,NotPlaced
6698,Male,ECE,7.6,0,57,67,1,1,0,37.3,27.1,1.4,77,4.1,No,Yes,1,Tier3,Placed
6699,Female,ECE,8.2,0,78,84,2,3,2,66.7,38.7,9.3,90,4.7,Yes,Yes,4,Tier1,Placed
6700,Male,CSE,6.5,0,69,68,2,1,0,20.0,28.0,2.3,87,4.4,No,No,0,None,NotPlaced
6701,Male,Mechanical,8.2,0,81,88,2,3,2,61.5,51.8,6.9,90,4.8,Yes,Yes,4,Tier1,Placed
6702,Female,CSE,8.6,0,56,72,0,1,0,55.5,43.4,3.1,66,4.4,No,Yes,0,None,NotPlaced
6703,Male,CSE,7.8,0,76,88,2,3,2,63.8,62.1,7.7,90,4.8,Yes,Yes,3,Tier2,Placed
6704,Male,ECE,8.1,0,56,66,0,1,1,38.5,23.6,3.3,77,4.1,No,No,0,None,NotPlaced
6705,Male,EEE,8.2,0,59,66,1,1,1,42.5,36.0,3.4,64,3.7,No,No,0,None,NotPlaced
6706,Female,CSE,8.2,0,64,84,1,3,2,63.9,45.0,6.6,89,4.7,Yes,Yes,0,None,NotPlaced
6707,Female,Mechanical,8.4,0,68,71,1,1,0,48.5,46.8,2.2,84,4.5,No,Yes,0,None,NotPlaced
6708,Male,Civil,8.2,0,77,87,1,3,2,61.9,33.6,6.1,90,4.3,Yes,Yes,4,Tier1,Placed
6709,Female,ECE,8.5,0,80,87,2,2,0,59.7,55.7,3.4,83,4.7,Yes,Yes,0,None,NotPlaced
6710,Female,ECE,8.1,0,75,80,2,1,2,51.1,49.1,3.8,80,4.2,Yes,No,3,Tier2,Placed
6711,Male,EEE,8.1,0,67,83,1,3,3,62.2,44.3,8.0,90,4.8,Yes,Yes,4,Tier1,Placed
6712,Male,IT,7.8,1,58,68,1,1,1,44.5,38.2,0.0,72,4.2,No,Yes,0,None,NotPlaced
6713,Female,ECE,8.3,0,74,77,2,1,0,53.2,38.0,1.3,89,4.6,No,No,2,Tier2,Placed
6714,Female,Mechanical,7.6,0,89,82,2,3,2,54.3,49.5,7.1,90,4.7,Yes,Yes,2,Tier2,Placed
6715,Female,Civil,8.4,0,77,83,1,3,3,59.2,55.0,7.2,78,4.7,Yes,Yes,0,None,NotPlaced
6716,Male,Mechanical,8.7,0,76,85,0,3,2,73.5,51.2,9.0,87,4.2,Yes,Yes,3,Tier1,Placed
6717,Male,CSE,8.9,0,79,87,0,1,1,60.5,40.1,1.4,90,4.6,No,Yes,3,Tier1,Placed
6718,Male,CSE,8.1,0,66,67,1,1,0,45.1,47.3,2.8,77,4.4,Yes,No,0,None,NotPlaced
6719,Male,IT,8.3,0,83,70,0,3,0,53.4,60.7,7.6,87,4.5,Yes,Yes,1,Tier3,Placed
6720,Male,IT,7.5,0,59,71,2,2,2,39.9,38.9,3.6,78,4.2,No,No,0,None,NotPlaced
6721,Female,CSE,8.8,0,77,85,0,3,1,67.3,59.8,6.5,90,4.8,Yes,Yes,3,Tier2,Placed
6722,Male,ECE,7.4,1,64,66,2,1,2,40.8,32.7,2.4,75,4.4,Yes,No,0,None,NotPlaced
6723,Female,ECE,8.5,0,78,82,2,3,2,75.5,62.3,7.2,89,4.8,Yes,Yes,4,Tier1,Placed
6724,Male,Mechanical,7.3,0,55,69,1,2,0,29.5,30.7,3.8,80,4.1,No,Yes,0,None,NotPlaced
6725,Male,EEE,7.8,1,55,69,2,2,0,54.0,42.9,4.7,73,4.2,No,Yes,0,None,NotPlaced
6726,Male,Mechanical,6.7,0,57,60,1,1,1,20.0,30.8,2.4,67,4.3,No,No,0,None,NotPlaced
6727,Male,CSE,7.6,0,70,81,1,2,1,40.4,36.4,1.1,75,4.2,No,Yes,0,None,NotPlaced
6728,Male,CSE,6.5,1,56,85,1,2,0,25.9,27.6,2.2,78,3.8,No,No,0,None,NotPlaced
6729,Female,Mechanical,7.3,0,55,82,1,2,1,40.8,33.9,3.5,74,3.9,No,Yes,0,None,NotPlaced
6730,Female,ECE,7.9,2,60,66,0,1,0,41.5,34.8,3.0,69,4.2,No,Yes,0,None,NotPlaced
6731,Male,ECE,8.4,0,80,64,1,2,1,58.9,58.2,4.3,80,4.8,Yes,Yes,0,None,NotPlaced
6732,Male,CSE,7.5,0,84,88,2,2,0,50.4,44.2,5.4,86,3.9,Yes,Yes,0,None,NotPlaced
6733,Female,IT,7.0,0,64,70,1,1,1,20.1,22.2,2.6,75,4.8,No,No,0,None,NotPlaced
6734,Male,EEE,7.3,1,76,64,1,2,3,35.7,33.7,4.5,81,3.8,No,Yes,0,None,NotPlaced
6735,Male,Mechanical,7.6,0,77,84,1,3,0,49.4,38.9,6.5,80,4.7,Yes,Yes,2,Tier3,Placed
6736,Male,Mechanical,7.9,0,77,73,0,1,0,36.1,21.0,1.9,78,4.4,Yes,Yes,0,None,NotPlaced
6737,Female,ECE,6.6,2,64,70,1,1,0,20.0,33.2,0.7,73,4.2,No,No,0,None,NotPlaced
6738,Male,ECE,7.7,0,78,64,1,3,2,51.9,51.5,10.0,74,3.6,Yes,Yes,0,None,NotPlaced
6739,Male,EEE,7.6,0,78,73,1,2,0,50.3,52.4,4.5,80,4.0,No,Yes,0,None,NotPlaced
6740,Female,ECE,7.6,0,76,57,2,3,3,50.5,33.7,7.8,77,4.1,No,Yes,3,Tier2,Placed
6741,Male,ECE,7.5,0,71,63,2,1,0,31.4,40.9,1.2,82,4.3,No,Yes,0,None,NotPlaced
6742,Male,Mechanical,8.4,0,81,86,0,3,2,55.8,62.9,8.2,90,4.8,Yes,Yes,2,Tier2,Placed
6743,Male,EEE,7.8,0,64,60,1,2,0,60.3,57.8,3.5,80,3.8,No,Yes,3,Tier2,Placed
6744,Female,Mechanical,6.7,1,66,69,1,1,1,20.0,34.3,2.0,79,3.5,No,Yes,0,None,NotPlaced
6745,Male,CSE,7.5,0,55,72,1,1,0,31.6,34.8,1.7,70,3.7,No,Yes,0,None,NotPlaced
6746,Female,ECE,8.2,0,84,88,2,3,2,68.3,48.5,6.1,83,4.5,Yes,Yes,3,Tier2,Placed
6747,Female,EEE,7.6,0,55,87,1,1,1,36.1,36.4,2.1,79,4.2,Yes,No,0,None,NotPlaced
6748,Male,CSE,7.8,2,83,77,1,3,2,51.8,35.0,7.0,77,4.7,Yes,Yes,3,Tier1,Placed
6749,Female,EEE,8.2,0,74,66,1,2,0,52.4,39.3,4.4,82,4.5,Yes,Yes,0,None,NotPlaced
6750,Male,CSE,7.7,0,71,66,0,2,0,39.2,36.1,5.1,68,4.4,Yes,Yes,0,None,NotPlaced
6751,Male,EEE,8.7,0,77,81,2,3,2,74.4,61.4,6.2,87,4.6,Yes,Yes,3,Tier2,Placed
6752,Male,ECE,8.3,0,60,63,2,3,1,68.0,58.8,7.7,83,4.5,Yes,Yes,1,Tier3,Placed
6753,Male,CSE,8.2,0,57,71,1,1,1,48.8,27.2,2.5,82,4.1,Yes,Yes,0,None,NotPlaced
6754,Male,IT,7.8,0,70,85,1,3,0,50.0,41.2,8.6,83,4.8,Yes,Yes,0,None,NotPlaced
6755,Male,ECE,7.7,0,61,71,1,1,1,50.0,46.1,2.9,75,4.2,Yes,Yes,2,Tier3,Placed
6756,Male,ECE,8.2,0,84,88,2,3,2,71.8,64.3,6.9,90,4.8,Yes,Yes,1,Tier3,Placed
6757,Female,IT,8.0,0,83,81,0,2,2,39.6,40.8,6.6,73,4.8,Yes,No,0,None,NotPlaced
6758,Male,Mechanical,7.9,0,76,70,1,2,0,36.6,35.4,4.5,86,4.5,Yes,Yes,0,None,NotPlaced
6759,Female,ECE,7.8,0,75,74,0,3,1,46.6,37.7,5.6,90,4.7,No,No,3,Tier2,Placed
6760,Male,ECE,7.6,0,78,88,2,3,0,59.4,53.7,6.3,90,4.8,Yes,Yes,4,Tier1,Placed
6761,Male,CSE,8.3,0,68,82,2,3,2,72.5,56.5,7.2,90,4.8,Yes,Yes,2,Tier2,Placed
6762,Male,Civil,7.4,0,72,73,0,2,0,33.4,37.9,4.3,81,3.8,Yes,Yes,0,None,NotPlaced
6763,Male,CSE,7.4,1,55,71,1,2,2,36.0,35.5,4.8,77,4.1,No,No,4,Tier1,Placed
6764,Male,ECE,6.9,1,58,70,1,2,1,24.5,23.1,4.0,72,3.5,No,Yes,0,None,NotPlaced
6765,Female,EEE,8.0,0,55,65,1,1,0,41.0,29.3,2.8,75,4.0,No,No,0,None,NotPlaced
6766,Female,IT,7.1,0,76,86,2,3,2,40.9,45.5,7.7,88,4.7,Yes,Yes,2,Tier3,Placed
6767,Female,IT,8.6,0,77,77,1,3,2,69.0,60.2,6.5,83,4.8,Yes,Yes,2,Tier2,Placed
6768,Male,CSE,8.7,0,75,87,2,3,2,84.7,84.2,6.3,90,4.8,Yes,Yes,4,Tier1,Placed
6769,Female,EEE,8.3,0,72,81,1,2,0,53.1,47.7,4.7,70,4.3,Yes,Yes,0,None,NotPlaced
6770,Male,ECE,7.9,0,60,74,1,3,3,60.1,53.9,6.0,77,4.3,No,No,0,None,NotPlaced
6771,Male,Mechanical,8.0,0,80,86,1,3,2,62.8,39.3,7.3,79,3.7,Yes,Yes,2,Tier2,Placed
6772,Female,Mechanical,8.0,0,70,82,2,3,0,58.6,50.3,6.4,75,4.4,No,Yes,0,None,NotPlaced
6773,Male,EEE,7.4,1,65,68,0,1,0,21.8,19.6,2.0,76,4.3,No,Yes,0,None,NotPlaced
6774,Male,EEE,8.4,0,74,82,0,1,3,51.3,49.0,2.3,72,4.2,Yes,Yes,0,None,NotPlaced
6775,Male,IT,8.6,0,79,64,2,2,0,63.4,53.4,4.4,70,4.1,Yes,Yes,3,Tier2,Placed
6776,Male,IT,7.7,0,80,83,2,3,2,57.7,56.4,7.5,90,4.8,Yes,Yes,4,Tier1,Placed
6777,Female,ECE,8.4,0,55,67,1,1,1,61.2,66.2,2.3,70,3.8,Yes,Yes,0,None,NotPlaced
6778,Male,Mechanical,7.6,1,55,63,0,1,0,34.9,25.2,2.6,79,4.0,No,No,0,None,NotPlaced
6779,Female,ECE,6.5,0,57,68,1,1,1,20.0,27.6,3.6,67,4.3,Yes,Yes,0,None,NotPlaced
6780,Male,CSE,8.5,0,84,88,2,3,2,78.2,68.3,8.5,90,4.8,Yes,Yes,4,Tier1,Placed
6781,Male,ECE,7.0,0,79,82,2,3,2,43.7,54.0,6.5,84,4.8,Yes,Yes,1,Tier3,Placed
6782,Male,ECE,7.1,0,82,86,1,1,3,30.1,34.2,2.7,83,4.2,Yes,Yes,1,Tier3,Placed
6783,Male,CSE,7.7,0,56,61,0,1,2,21.8,27.5,0.7,83,4.4,Yes,Yes,3,Tier2,Placed
6784,Male,ECE,8.2,0,76,84,1,2,3,54.3,52.3,4.1,83,4.4,Yes,Yes,2,Tier2,Placed
6785,Female,ECE,7.4,0,78,83,1,2,2,28.6,34.1,4.0,74,4.5,Yes,Yes,0,None,NotPlaced
6786,Female,IT,8.5,0,83,80,0,3,0,64.8,65.0,7.5,89,4.7,Yes,Yes,2,Tier2,Placed
6787,Female,IT,7.9,0,60,84,1,3,3,55.8,39.8,8.8,81,4.5,Yes,Yes,3,Tier2,Placed
6788,Female,ECE,7.8,0,87,87,2,3,2,66.8,51.7,7.6,90,4.8,Yes,Yes,2,Tier3,Placed
6789,Female,Mechanical,8.2,0,77,80,1,3,2,66.6,68.4,8.0,88,4.8,Yes,Yes,0,None,NotPlaced
6790,Male,Civil,6.8,0,65,66,1,1,1,20.0,5.3,1.3,77,4.2,No,No,0,None,NotPlaced
6791,Female,IT,8.7,0,82,81,1,3,2,71.0,55.7,5.8,74,4.6,Yes,Yes,2,Tier2,Placed
6792,Male,CSE,6.7,1,69,69,0,1,0,20.0,20.9,1.8,63,3.4,No,No,0,None,NotPlaced
6793,Male,Civil,7.6,0,72,86,1,2,0,40.1,34.2,4.4,84,4.4,Yes,Yes,2,Tier3,Placed
6794,Male,EEE,8.3,0,76,70,1,3,0,64.8,64.8,6.1,75,4.6,Yes,Yes,3,Tier1,Placed
6795,Male,IT,7.9,0,62,57,1,1,1,47.6,42.7,2.2,62,3.9,No,No,0,None,NotPlaced
6796,Male,CSE,7.6,0,76,71,0,3,2,41.9,33.7,4.8,83,4.8,No,Yes,3,Tier2,Placed
6797,Female,CSE,8.4,0,77,78,2,3,2,69.8,51.3,7.8,83,4.7,Yes,Yes,1,Tier3,Placed
6798,Male,CSE,7.5,0,67,66,1,1,0,31.5,30.4,1.6,68,3.6,No,Yes,0,None,NotPlaced
6799,Male,CSE,7.9,2,55,66,1,1,1,56.8,56.4,2.0,81,4.7,No,No,0,None,NotPlaced
6800,Male,Mechanical,7.8,0,55,69,1,2,0,50.0,43.2,5.1,79,4.0,Yes,Yes,0,None,NotPlaced
6801,Male,ECE,7.6,0,58,73,1,1,0,40.7,34.3,1.5,77,4.0,No,Yes,0,None,NotPlaced
6802,Male,ECE,8.4,0,70,84,2,3,2,75.8,55.4,8.3,88,4.8,Yes,Yes,3,Tier2,Placed
6803,Male,EEE,7.9,2,82,83,1,2,2,53.2,48.2,3.4,89,4.8,Yes,Yes,4,Tier1,Placed
6804,Male,Mechanical,6.5,0,78,69,1,3,1,31.4,32.0,8.3,83,4.8,Yes,Yes,0,None,NotPlaced
6805,Male,Mechanical,7.3,1,57,57,1,1,1,30.8,22.2,1.7,71,3.8,No,Yes,0,None,NotPlaced
6806,Female,Civil,7.8,2,57,82,1,2,1,39.7,43.2,5.9,80,4.2,Yes,Yes,0,None,NotPlaced
6807,Female,IT,8.1,0,74,82,1,3,2,62.8,65.7,7.2,90,4.8,Yes,Yes,3,Tier1,Placed
6808,Male,Civil,7.7,0,72,88,1,1,1,36.5,32.6,3.9,74,4.5,Yes,Yes,4,Tier1,Placed
6809,Male,EEE,8.1,0,56,65,0,1,1,42.7,39.1,1.9,76,3.3,No,No,0,None,NotPlaced
6810,Male,CSE,7.6,0,72,81,1,3,2,50.6,33.6,7.2,78,4.4,Yes,Yes,2,Tier2,Placed
6811,Female,ECE,8.0,0,83,66,2,3,0,67.8,60.9,8.1,84,4.1,Yes,No,2,Tier3,Placed
6812,Male,ECE,8.2,0,76,88,0,3,2,62.7,55.7,7.1,90,4.7,Yes,Yes,4,Tier1,Placed
6813,Male,Mechanical,6.8,1,62,82,1,2,0,20.0,18.5,5.3,79,4.1,No,Yes,2,Tier2,Placed
6814,Female,IT,8.0,0,73,76,1,1,0,40.8,29.8,3.4,80,4.4,Yes,Yes,0,None,NotPlaced
6815,Male,ECE,8.3,0,82,84,1,3,2,55.7,61.9,6.3,90,4.8,Yes,No,4,Tier1,Placed
6816,Male,CSE,8.1,0,78,83,0,3,2,57.2,51.1,6.6,89,4.8,Yes,Yes,2,Tier2,Placed
6817,Male,IT,8.1,0,75,85,1,3,1,59.5,41.5,7.9,80,4.0,Yes,Yes,0,None,NotPlaced
6818,Female,CSE,6.9,0,72,76,1,3,0,43.8,44.8,4.8,81,4.5,No,No,1,Tier3,Placed
6819,Female,ECE,7.5,0,55,70,0,1,0,29.0,29.4,2.8,81,4.7,No,Yes,0,None,NotPlaced
6820,Female,EEE,7.8,0,90,83,2,3,2,57.6,48.3,6.6,83,4.5,Yes,No,0,None,NotPlaced
6821,Male,CSE,7.6,0,60,72,1,1,1,39.7,41.9,0.7,70,4.6,No,Yes,0,None,NotPlaced
6822,Male,ECE,7.8,0,64,72,0,2,2,40.4,14.3,4.2,77,3.6,No,Yes,3,Tier2,Placed
6823,Female,CSE,8.4,0,75,80,2,2,2,61.5,35.6,4.3,78,4.5,Yes,Yes,2,Tier2,Placed
6824,Female,CSE,7.8,0,77,67,1,1,0,41.0,46.1,2.4,71,4.1,Yes,Yes,4,Tier1,Placed
6825,Male,ECE,8.0,0,71,74,1,1,2,51.1,42.2,2.4,83,4.4,Yes,No,0,None,NotPlaced
6826,Female,CSE,7.8,0,73,81,1,3,2,59.3,44.7,7.1,73,4.1,Yes,Yes,4,Tier1,Placed
6827,Male,IT,8.7,0,77,86,2,3,2,80.8,54.0,6.6,90,4.8,Yes,Yes,4,Tier1,Placed
6828,Male,CSE,8.4,0,77,60,1,1,0,64.8,53.4,3.4,72,4.6,Yes,Yes,3,Tier2,Placed
6829,Female,CSE,8.2,2,74,66,0,1,1,38.3,35.4,4.0,67,4.2,Yes,Yes,0,None,NotPlaced
6830,Male,ECE,7.8,0,58,65,1,1,0,35.2,42.6,2.5,72,3.6,No,Yes,0,None,NotPlaced
6831,Female,ECE,7.7,1,60,65,0,1,2,32.7,33.4,3.8,84,3.9,No,Yes,0,None,NotPlaced
6832,Male,CSE,8.5,2,80,80,2,3,2,81.6,62.8,9.1,90,4.8,Yes,Yes,0,None,NotPlaced
6833,Male,ECE,8.1,0,75,74,2,2,1,53.3,47.4,3.7,76,4.0,No,Yes,4,Tier1,Placed
6834,Female,EEE,8.1,0,87,79,0,3,2,64.8,61.9,5.8,85,4.7,Yes,No,0,None,NotPlaced
6835,Female,EEE,7.0,0,55,69,1,2,0,23.8,30.4,3.7,74,4.2,No,Yes,2,Tier3,Placed
6836,Male,CSE,8.0,0,85,83,2,3,2,63.4,57.5,7.1,90,4.8,Yes,Yes,3,Tier2,Placed
6837,Male,ECE,7.7,0,84,88,2,3,2,58.9,51.5,9.2,90,4.8,Yes,Yes,0,None,NotPlaced
6838,Male,ECE,8.4,0,82,84,2,3,2,67.6,50.8,6.6,90,4.8,Yes,Yes,2,Tier2,Placed
6839,Male,CSE,7.5,0,72,83,1,2,1,37.9,26.4,4.3,90,4.6,No,Yes,3,Tier2,Placed
6840,Female,Mechanical,6.8,1,63,63,1,1,0,23.0,12.8,1.3,69,3.3,No,No,0,None,NotPlaced
6841,Female,Mechanical,8.6,0,87,86,1,1,2,62.2,53.6,2.7,77,4.6,Yes,Yes,2,Tier2,Placed
6842,Male,Mechanical,8.2,0,80,87,2,3,2,57.4,52.3,5.8,90,4.8,Yes,Yes,3,Tier1,Placed
6843,Male,Mechanical,6.5,2,55,85,1,3,0,29.9,36.8,5.5,79,4.3,Yes,Yes,3,Tier2,Placed
6844,Male,EEE,7.6,0,80,80,2,1,2,39.4,39.2,4.4,79,4.5,Yes,Yes,3,Tier1,Placed
6845,Female,ECE,8.4,0,64,73,1,1,1,51.5,51.0,3.1,73,4.3,No,Yes,0,None,NotPlaced
6846,Male,ECE,8.3,0,77,68,1,3,2,63.4,51.3,6.6,88,4.8,Yes,Yes,2,Tier3,Placed
6847,Male,Mechanical,7.4,1,55,67,1,1,1,24.5,29.6,3.1,70,4.5,No,No,0,None,NotPlaced
6848,Male,ECE,7.9,1,75,75,0,1,0,43.7,30.4,0.7,87,4.5,No,Yes,3,Tier2,Placed
6849,Male,IT,7.6,0,82,65,1,2,1,48.8,40.9,3.8,80,4.8,No,Yes,0,None,NotPlaced
6850,Male,IT,8.0,0,75,86,2,3,2,63.5,37.9,7.2,90,4.8,Yes,Yes,3,Tier2,Placed
6851,Male,Mechanical,7.9,0,81,87,2,3,2,59.6,49.8,8.3,87,4.8,Yes,Yes,3,Tier2,Placed
6852,Female,CSE,7.6,0,78,87,1,3,2,48.0,50.7,7.2,81,4.8,Yes,Yes,2,Tier2,Placed
6853,Female,ECE,7.6,0,55,66,1,1,1,22.1,22.5,2.5,72,4.5,No,No,0,None,NotPlaced
6854,Female,Civil,8.2,0,55,73,0,2,2,51.8,48.4,4.5,71,4.4,Yes,Yes,2,Tier2,Placed
6855,Male,EEE,7.4,0,59,66,1,2,1,42.9,39.6,4.3,82,4.5,No,Yes,0,None,NotPlaced
6856,Male,Civil,8.3,0,80,84,2,3,1,70.7,52.4,8.3,83,4.5,Yes,Yes,3,Tier1,Placed
6857,Male,ECE,7.8,0,55,67,2,1,1,43.6,36.0,0.4,77,4.2,No,No,0,None,NotPlaced
6858,Male,CSE,8.4,0,73,84,1,3,2,67.7,64.7,8.1,88,4.8,Yes,Yes,0,None,NotPlaced
6859,Female,EEE,8.5,0,67,83,1,3,2,64.7,57.9,6.8,76,4.8,Yes,Yes,3,Tier2,Placed
6860,Male,IT,7.6,0,71,85,1,3,0,48.5,36.2,5.6,80,4.8,Yes,Yes,0,None,NotPlaced
6861,Male,ECE,6.8,1,61,65,0,2,1,21.2,10.4,4.7,74,3.7,Yes,Yes,0,None,NotPlaced
6862,Female,IT,8.0,0,74,85,0,3,0,57.5,49.6,8.3,86,4.5,Yes,Yes,1,Tier3,Placed
6863,Female,IT,6.6,0,79,85,2,3,2,42.9,33.0,6.5,85,4.8,Yes,Yes,3,Tier2,Placed
6864,Male,IT,7.8,0,55,64,1,2,0,45.9,37.3,4.3,73,4.6,No,Yes,0,None,NotPlaced
6865,Male,ECE,6.5,1,57,78,1,2,0,20.0,9.4,3.4,78,4.0,Yes,Yes,0,None,NotPlaced
6866,Male,ECE,8.8,0,70,83,2,3,2,80.2,72.6,5.2,90,4.8,Yes,Yes,1,Tier3,Placed
6867,Male,EEE,8.3,0,59,62,1,1,1,59.1,47.2,1.9,73,4.3,Yes,Yes,0,None,NotPlaced
6868,Male,IT,7.5,0,61,82,1,2,1,36.2,33.9,6.0,90,4.8,Yes,Yes,2,Tier2,Placed
6869,Male,CSE,8.7,0,80,80,1,3,2,77.4,55.2,6.9,85,4.8,Yes,Yes,3,Tier2,Placed
6870,Female,EEE,6.5,1,55,64,1,1,1,20.0,19.1,3.1,81,4.8,No,Yes,0,None,NotPlaced
6871,Male,EEE,6.7,0,57,67,2,2,2,28.2,27.7,6.2,78,4.5,Yes,Yes,0,None,NotPlaced
6872,Male,Mechanical,7.6,0,55,57,0,2,0,34.5,24.6,3.2,60,3.8,No,No,0,None,NotPlaced
6873,Male,CSE,6.5,0,72,68,2,1,0,20.9,20.6,3.6,85,4.8,No,Yes,0,None,NotPlaced
6874,Male,Mechanical,6.5,1,61,68,0,2,1,20.0,31.8,3.5,75,3.5,No,Yes,0,None,NotPlaced
6875,Female,ECE,7.4,0,73,66,1,2,0,42.5,23.7,5.0,88,4.6,No,Yes,0,None,NotPlaced
6876,Male,EEE,7.4,0,58,68,0,2,0,44.4,38.4,5.0,65,4.4,No,Yes,0,None,NotPlaced
6877,Male,CSE,6.5,1,61,59,1,1,0,20.0,14.8,2.1,79,4.2,No,Yes,0,None,NotPlaced
6878,Male,IT,7.9,0,55,62,0,1,0,30.0,37.5,2.1,64,3.6,No,No,0,None,NotPlaced
6879,Female,IT,6.5,1,68,66,1,2,0,21.3,19.8,4.3,70,4.0,No,Yes,0,None,NotPlaced
6880,Male,IT,7.3,0,55,70,0,3,0,41.2,26.8,6.1,70,4.3,No,No,2,Tier3,Placed
6881,Female,ECE,8.0,0,76,70,1,1,2,49.3,40.1,2.6,81,3.8,Yes,Yes,1,Tier3,Placed
6882,Male,EEE,8.4,0,55,87,2,3,1,71.0,59.5,6.5,78,4.8,Yes,Yes,0,None,NotPlaced
6883,Male,EEE,7.5,0,64,70,1,1,2,31.0,51.1,1.6,80,4.5,No,No,0,None,NotPlaced
6884,Male,ECE,8.3,0,78,84,2,3,3,63.1,35.2,8.2,88,4.8,Yes,Yes,2,Tier2,Placed
6885,Female,ECE,7.4,0,55,68,1,1,0,33.7,20.7,0.4,75,4.3,No,No,0,None,NotPlaced
6886,Female,ECE,6.9,1,55,67,1,1,1,37.7,44.3,2.5,83,4.6,Yes,No,2,Tier3,Placed
6887,Male,Civil,7.5,0,74,66,0,2,0,34.9,20.1,4.7,86,4.2,Yes,Yes,2,Tier2,Placed
6888,Male,ECE,7.7,0,55,60,1,1,1,39.3,33.8,1.8,69,4.5,No,Yes,0,None,NotPlaced
6889,Male,CSE,7.6,0,59,75,1,1,1,32.3,25.9,2.3,80,3.6,No,Yes,0,None,NotPlaced
6890,Male,CSE,8.2,0,78,82,2,3,2,61.6,45.6,5.7,85,4.8,Yes,No,1,Tier3,Placed
6891,Male,ECE,7.9,0,55,65,0,1,0,38.2,31.5,3.0,68,4.1,No,Yes,0,None,NotPlaced
6892,Female,ECE,6.6,2,61,68,1,1,1,20.0,17.5,2.9,69,4.5,No,Yes,0,None,NotPlaced
6893,Female,CSE,7.2,0,55,69,1,2,0,23.1,31.0,4.7,71,3.2,No,No,0,None,NotPlaced
6894,Male,Mechanical,6.5,1,55,83,0,2,0,24.1,35.1,4.8,85,4.8,Yes,Yes,2,Tier3,Placed
6895,Male,EEE,7.3,0,73,80,2,3,1,52.1,47.7,5.3,87,4.8,No,Yes,1,Tier3,Placed
6896,Female,ECE,8.7,0,74,74,1,3,2,73.4,56.8,6.7,81,4.7,Yes,Yes,4,Tier1,Placed
6897,Female,CSE,7.7,0,82,73,1,3,3,50.9,45.8,7.1,90,4.8,Yes,Yes,0,None,NotPlaced
6898,Male,IT,8.0,0,70,79,0,3,2,56.0,52.8,7.7,80,4.1,Yes,Yes,2,Tier2,Placed
6899,Male,Mechanical,8.6,0,73,83,1,3,2,73.3,67.4,6.9,90,4.8,Yes,Yes,2,Tier2,Placed
6900,Male,EEE,8.5,0,74,88,1,3,0,71.0,60.6,7.4,88,4.7,Yes,Yes,4,Tier1,Placed
6901,Male,CSE,8.8,0,78,88,2,3,2,85.3,79.9,6.6,88,4.7,Yes,Yes,3,Tier2,Placed
6902,Male,CSE,8.0,0,55,66,1,1,0,49.5,36.8,2.3,79,3.8,No,No,0,None,NotPlaced
6903,Male,ECE,7.2,0,55,64,1,2,0,45.0,47.7,3.8,79,4.1,No,Yes,0,None,NotPlaced
6904,Male,IT,8.3,0,71,83,1,3,2,60.8,56.3,7.3,90,4.7,Yes,No,2,Tier3,Placed
6905,Male,ECE,8.2,0,71,68,1,3,0,60.1,44.3,4.2,79,4.6,No,Yes,0,None,NotPlaced
6906,Male,Civil,8.3,0,67,84,2,3,2,71.8,60.0,7.5,87,4.3,Yes,Yes,4,Tier1,Placed
6907,Male,ECE,7.3,0,66,66,1,1,0,25.1,26.6,2.5,73,4.0,No,Yes,0,None,NotPlaced
6908,Female,CSE,7.6,0,62,65,1,1,1,31.9,27.1,3.5,66,3.6,Yes,Yes,0,None,NotPlaced
6909,Female,Mechanical,7.8,1,55,62,1,2,0,49.4,40.6,3.0,81,4.8,No,Yes,0,None,NotPlaced
6910,Male,CSE,8.5,0,76,82,2,3,2,78.5,50.9,6.3,90,4.8,Yes,Yes,4,Tier1,Placed
6911,Male,Civil,7.9,1,55,66,1,2,0,55.4,41.4,4.1,90,4.2,Yes,Yes,0,None,NotPlaced
6912,Female,EEE,6.7,1,87,71,1,3,2,32.0,26.9,7.3,71,3.7,Yes,Yes,0,None,NotPlaced
6913,Male,Mechanical,8.8,0,73,83,2,3,2,82.3,60.5,7.7,83,4.1,Yes,Yes,3,Tier1,Placed
6914,Male,CSE,7.6,0,55,63,1,2,0,44.2,29.8,3.3,63,4.7,No,No,0,None,NotPlaced
6915,Male,CSE,8.2,0,84,82,2,3,2,68.1,64.3,8.3,90,4.8,Yes,Yes,4,Tier1,Placed
6916,Male,ECE,7.6,0,65,58,1,1,0,30.9,28.2,3.3,82,4.0,No,No,0,None,NotPlaced
6917,Male,ECE,6.5,0,60,75,1,1,1,20.0,37.6,2.1,70,3.5,No,Yes,0,None,NotPlaced
6918,Female,CSE,8.6,0,69,81,2,3,2,79.3,65.1,7.4,87,4.8,Yes,Yes,3,Tier2,Placed
6919,Male,Civil,7.9,1,79,88,0,3,2,47.8,49.9,5.3,90,4.5,Yes,No,4,Tier1,Placed
6920,Male,Mechanical,7.3,0,59,59,0,1,1,20.0,18.5,1.5,69,3.7,No,Yes,0,None,NotPlaced
6921,Female,ECE,8.2,0,56,61,1,1,0,46.8,34.6,1.7,79,4.6,Yes,No,0,None,NotPlaced
6922,Male,CSE,8.0,0,57,64,0,3,1,61.3,51.6,6.1,73,4.8,Yes,Yes,0,None,NotPlaced
6923,Male,EEE,8.3,0,73,84,2,3,2,56.0,57.7,7.5,90,4.8,Yes,Yes,3,Tier2,Placed
6924,Male,EEE,7.7,0,64,69,1,2,1,43.6,35.9,4.8,68,4.3,No,No,0,None,NotPlaced
6925,Male,ECE,6.5,0,59,69,1,1,1,20.0,23.2,2.8,63,4.5,No,No,0,None,NotPlaced
6926,Male,Mechanical,8.4,0,79,84,0,3,0,52.9,46.0,7.2,77,4.6,Yes,Yes,1,Tier3,Placed
6927,Male,CSE,6.6,0,57,88,1,3,2,29.9,27.9,7.5,86,4.4,Yes,Yes,2,Tier2,Placed
6928,Male,CSE,8.2,0,68,60,1,3,0,57.3,47.8,5.4,90,4.7,Yes,Yes,1,Tier3,Placed
6929,Female,CSE,6.6,0,64,69,1,2,1,20.0,12.0,2.7,66,4.8,No,No,0,None,NotPlaced
6930,Male,Mechanical,6.7,1,55,69,1,1,1,20.0,19.6,1.8,63,4.6,No,No,0,None,NotPlaced
6931,Male,ECE,7.6,1,58,66,0,1,1,24.4,29.1,2.6,76,3.8,No,No,0,None,NotPlaced
6932,Male,IT,8.1,0,66,67,2,1,0,44.0,39.6,2.6,71,3.4,Yes,No,0,None,NotPlaced
6933,Male,CSE,8.1,0,87,84,1,3,1,60.7,52.1,4.6,90,4.8,No,No,2,Tier2,Placed
6934,Male,CSE,7.6,0,57,68,1,1,0,46.1,44.9,1.3,76,3.9,No,Yes,2,Tier2,Placed
6935,Female,CSE,7.6,0,68,66,1,1,1,38.8,36.2,2.1,83,4.3,Yes,Yes,2,Tier2,Placed
6936,Male,ECE,6.5,1,55,66,1,1,0,20.0,21.3,1.3,80,4.4,Yes,Yes,0,None,NotPlaced
6937,Male,CSE,7.6,0,55,64,1,2,0,47.0,44.5,6.2,63,4.1,No,Yes,0,None,NotPlaced
6938,Female,IT,6.6,1,64,62,0,1,1,20.0,21.6,3.2,72,3.9,No,No,0,None,NotPlaced
6939,Male,Mechanical,8.0,0,77,82,0,2,1,47.6,38.4,3.0,78,4.2,Yes,Yes,0,None,NotPlaced
6940,Male,ECE,8.2,0,73,81,0,3,1,63.5,55.9,5.1,86,4.1,Yes,Yes,4,Tier1,Placed
6941,Female,EEE,6.5,0,56,62,1,2,0,25.1,23.9,3.2,74,4.6,No,Yes,1,Tier3,Placed
6942,Female,CSE,7.2,0,78,75,1,2,2,36.0,28.9,3.5,66,4.1,Yes,Yes,2,Tier3,Placed
6943,Female,ECE,6.5,0,56,71,1,1,0,20.0,21.7,4.4,72,4.0,No,Yes,0,None,NotPlaced
6944,Male,IT,8.2,0,77,80,2,3,2,80.3,65.3,5.2,86,4.5,No,No,0,None,NotPlaced
6945,Male,CSE,8.5,0,72,80,2,3,2,78.2,53.5,7.4,84,4.0,Yes,Yes,3,Tier2,Placed
6946,Female,CSE,7.5,0,55,67,0,3,1,42.4,39.5,6.5,79,4.4,Yes,Yes,0,None,NotPlaced
6947,Male,Mechanical,8.2,0,75,87,1,3,0,62.6,66.7,5.8,90,3.9,Yes,Yes,0,None,NotPlaced
6948,Male,Civil,6.7,0,82,73,1,1,1,20.0,13.5,4.0,82,4.4,Yes,Yes,0,None,NotPlaced
6949,Female,CSE,7.6,0,80,69,0,3,2,57.7,44.5,7.7,90,4.7,Yes,Yes,3,Tier2,Placed
6950,Male,IT,7.6,0,55,67,1,2,1,51.0,64.4,3.9,72,3.8,No,Yes,0,None,NotPlaced
6951,Female,Civil,7.5,0,59,63,1,1,1,33.4,22.8,4.4,67,3.8,No,No,0,None,NotPlaced
6952,Male,CSE,6.9,1,64,64,2,3,1,52.9,53.4,6.2,68,3.7,No,No,0,None,NotPlaced
6953,Male,EEE,6.7,0,78,85,2,3,0,41.2,33.9,5.5,76,4.2,No,Yes,0,None,NotPlaced
6954,Male,Civil,7.6,0,55,83,0,1,0,27.8,27.1,3.9,80,3.8,No,No,0,None,NotPlaced
6955,Female,Civil,8.1,0,72,88,1,3,0,65.5,52.5,7.4,86,4.5,Yes,Yes,3,Tier2,Placed
6956,Male,IT,8.1,0,71,87,2,3,2,68.0,59.1,8.6,90,4.6,Yes,Yes,4,Tier1,Placed
6957,Male,CSE,7.4,0,66,68,0,2,1,38.2,21.0,5.0,77,4.8,Yes,Yes,0,None,NotPlaced
6958,Female,CSE,8.4,0,73,85,1,3,2,60.2,51.7,4.0,90,4.3,Yes,Yes,2,Tier2,Placed
6959,Female,Mechanical,8.0,0,72,65,0,1,0,33.9,27.9,0.4,82,4.3,No,Yes,0,None,NotPlaced
6960,Female,Mechanical,7.5,0,69,61,1,1,1,40.4,19.3,3.1,66,4.4,No,No,0,None,NotPlaced
6961,Male,ECE,8.3,1,82,83,2,3,2,78.5,72.0,6.4,90,4.7,Yes,Yes,4,Tier1,Placed
6962,Male,ECE,8.8,0,69,72,1,3,0,82.1,48.3,6.3,86,4.6,No,Yes,3,Tier1,Placed
6963,Female,Mechanical,6.5,0,59,62,1,3,1,40.1,51.6,7.1,70,4.1,No,No,0,None,NotPlaced
6964,Male,ECE,7.5,0,68,65,1,1,1,35.9,37.9,3.2,87,4.7,Yes,Yes,2,Tier2,Placed
6965,Male,EEE,8.2,0,81,82,2,3,2,70.5,46.6,6.1,90,4.8,Yes,Yes,1,Tier3,Placed
6966,Male,EEE,6.5,0,81,65,1,1,1,20.0,30.1,2.0,60,3.8,No,Yes,0,None,NotPlaced
6967,Female,ECE,6.8,2,73,73,1,2,0,24.1,17.6,5.1,75,4.3,Yes,Yes,0,None,NotPlaced
6968,Male,CSE,8.4,0,86,82,2,3,2,62.1,45.2,6.6,82,4.7,Yes,Yes,1,Tier3,Placed
6969,Female,EEE,8.4,0,82,62,0,3,2,60.4,36.0,5.6,90,4.8,Yes,Yes,3,Tier2,Placed
6970,Male,IT,7.9,0,63,62,1,1,0,30.7,20.5,1.6,66,4.5,No,No,0,None,NotPlaced
6971,Male,IT,7.8,0,73,88,0,2,1,47.4,34.6,4.9,82,4.4,Yes,Yes,1,Tier3,Placed
6972,Male,Mechanical,7.3,0,80,71,1,2,0,38.9,40.5,2.6,75,3.9,No,Yes,0,None,NotPlaced
6973,Male,ECE,8.0,0,84,87,2,2,2,45.9,49.6,4.1,90,4.8,Yes,Yes,2,Tier2,Placed
6974,Male,Civil,6.8,1,65,63,0,1,0,20.0,11.5,1.3,82,4.0,No,Yes,1,Tier3,Placed
6975,Male,CSE,8.2,0,83,83,2,3,2,77.8,64.7,5.1,90,4.5,Yes,Yes,3,Tier2,Placed
6976,Male,EEE,6.7,1,59,64,1,2,1,24.4,8.6,4.1,69,4.0,No,Yes,0,None,NotPlaced
6977,Female,CSE,8.5,0,90,86,2,3,2,69.0,58.6,7.2,90,4.7,Yes,Yes,3,Tier2,Placed
6978,Female,Mechanical,7.4,2,55,64,1,1,1,22.1,38.5,2.5,64,4.3,Yes,Yes,0,None,NotPlaced
6979,Female,CSE,7.6,0,67,73,0,2,0,29.2,12.9,2.6,74,4.1,No,Yes,0,None,NotPlaced
6980,Male,ECE,8.5,0,55,86,1,3,2,71.7,49.4,6.4,81,4.2,No,Yes,0,None,NotPlaced
6981,Male,Mechanical,6.5,0,66,69,1,1,0,20.0,25.3,2.5,61,4.1,No,No,0,None,NotPlaced
6982,Male,IT,7.9,0,66,57,2,1,0,44.2,44.3,3.1,73,4.4,Yes,No,2,Tier2,Placed
6983,Female,Civil,8.3,0,79,88,1,3,2,62.9,44.1,7.0,84,4.4,Yes,Yes,1,Tier3,Placed
6984,Female,EEE,8.6,0,71,79,1,3,2,70.3,69.1,7.6,90,4.8,Yes,Yes,3,Tier1,Placed
6985,Female,IT,8.2,0,71,85,2,2,0,53.9,39.3,3.9,90,4.2,No,Yes,1,Tier3,Placed
6986,Male,CSE,7.0,1,74,65,1,1,0,24.6,37.1,1.1,72,4.4,No,Yes,0,None,NotPlaced
6987,Male,IT,7.6,0,55,58,0,1,1,22.9,25.5,1.9,64,4.1,No,No,0,None,NotPlaced
6988,Male,IT,6.7,0,59,73,1,2,0,21.2,32.2,3.6,80,3.5,No,No,0,None,NotPlaced
6989,Male,Mechanical,6.8,1,80,64,1,2,0,32.1,33.4,4.9,88,4.8,Yes,Yes,3,Tier2,Placed
6990,Male,Civil,8.0,0,70,84,2,3,1,65.9,59.2,7.9,87,4.3,Yes,No,0,None,NotPlaced
6991,Female,CSE,8.0,0,66,79,1,3,2,62.4,57.5,5.8,90,4.8,Yes,Yes,0,None,NotPlaced
6992,Male,IT,7.8,0,55,87,1,2,1,57.8,56.2,5.2,73,4.0,Yes,Yes,0,None,NotPlaced
6993,Male,ECE,7.9,1,71,68,1,2,1,48.7,39.9,2.7,68,4.0,No,Yes,0,None,NotPlaced
6994,Male,CSE,7.9,0,68,74,1,2,0,49.1,33.7,4.1,73,4.5,Yes,No,2,Tier2,Placed
6995,Female,IT,7.5,0,64,82,1,2,1,39.7,33.8,5.6,74,4.0,No,Yes,2,Tier3,Placed
6996,Male,IT,7.6,0,55,83,1,3,1,48.8,36.0,6.5,80,4.3,No,Yes,0,None,NotPlaced
6997,Female,IT,8.6,0,84,85,2,3,2,70.9,52.9,7.2,90,4.8,Yes,Yes,0,None,NotPlaced
6998,Female,ECE,7.7,1,71,83,1,3,3,53.4,57.7,5.3,79,3.6,Yes,Yes,0,None,NotPlaced
6999,Male,EEE,8.1,0,55,73,1,3,2,62.8,56.6,5.8,85,4.8,No,Yes,1,Tier3,Placed
7000,Male,CSE,7.1,0,76,64,1,2,1,35.1,35.3,1.9,68,4.2,No,No,0,None,NotPlaced
7001,Male,EEE,8.2,0,77,72,0,2,0,50.3,51.5,5.0,86,4.5,Yes,Yes,2,Tier2,Placed
7002,Male,ECE,8.4,0,73,73,1,3,1,71.6,61.8,5.8,75,4.3,Yes,No,0,None,NotPlaced
7003,Female,Mechanical,7.3,1,67,73,1,2,1,37.1,47.7,4.6,76,4.7,No,Yes,0,None,NotPlaced
7004,Female,IT,8.8,0,71,84,2,3,2,78.0,45.9,7.2,90,4.8,Yes,Yes,2,Tier3,Placed
7005,Male,Mechanical,7.4,0,55,65,1,1,0,26.4,17.5,0.8,78,3.8,No,Yes,0,None,NotPlaced
7006,Male,Mechanical,7.7,0,70,67,1,3,2,45.3,33.7,6.4,84,4.8,No,Yes,0,None,NotPlaced
7007,Male,IT,7.7,1,55,70,0,2,1,47.3,28.5,6.1,71,4.4,No,Yes,0,None,NotPlaced
7008,Male,ECE,6.5,1,87,67,2,3,0,30.5,29.2,5.8,77,4.3,No,Yes,0,None,NotPlaced
7009,Male,Mechanical,8.1,0,78,79,2,1,3,45.4,40.2,3.9,79,4.0,Yes,Yes,3,Tier1,Placed
7010,Male,EEE,6.5,1,58,61,0,1,2,20.0,36.2,0.0,71,3.2,No,No,0,None,NotPlaced
7011,Male,Mechanical,8.4,0,74,81,1,3,2,65.6,61.3,7.5,90,4.8,Yes,Yes,4,Tier1,Placed
7012,Female,Mechanical,6.5,0,59,69,0,1,0,20.0,15.8,1.4,65,4.5,No,No,0,None,NotPlaced
7013,Male,ECE,7.6,0,56,70,1,1,0,33.4,34.9,1.7,84,3.7,No,No,0,None,NotPlaced
7014,Male,CSE,8.1,0,55,79,1,3,0,74.2,45.0,7.6,85,3.7,Yes,Yes,1,Tier3,Placed
7015,Male,IT,6.6,2,60,71,0,1,0,20.0,21.5,2.8,71,3.8,Yes,Yes,0,None,NotPlaced
7016,Female,Civil,7.8,0,55,66,1,1,1,49.3,42.1,0.4,76,3.8,No,Yes,0,None,NotPlaced
7017,Male,IT,7.9,0,88,84,2,3,0,66.5,47.4,8.5,90,4.8,Yes,Yes,2,Tier3,Placed
7018,Male,CSE,7.3,2,64,59,1,1,0,30.8,26.5,0.5,73,3.8,No,No,0,None,NotPlaced
7019,Male,EEE,7.4,0,55,71,1,2,1,46.9,33.3,3.2,67,3.1,No,Yes,0,None,NotPlaced
7020,Female,EEE,8.2,0,67,83,0,3,2,63.6,45.2,7.1,90,4.7,Yes,Yes,3,Tier2,Placed
7021,Male,IT,6.6,0,59,63,1,1,0,20.0,25.1,2.1,63,3.8,No,No,0,None,NotPlaced
7022,Female,IT,8.1,0,76,71,2,3,2,77.6,69.9,7.4,81,4.5,Yes,Yes,2,Tier3,Placed
7023,Female,IT,8.3,0,58,87,2,1,2,51.5,47.2,3.1,79,4.2,Yes,Yes,3,Tier1,Placed
7024,Female,CSE,7.3,0,67,67,0,1,0,20.0,16.8,4.1,70,4.4,Yes,No,0,None,NotPlaced
7025,Male,EEE,8.3,0,82,81,1,2,0,53.6,39.8,5.5,84,4.2,Yes,Yes,4,Tier1,Placed
7026,Male,IT,6.8,2,64,64,1,1,0,27.8,21.6,0.8,60,3.7,No,No,0,None,NotPlaced
7027,Male,Mechanical,6.5,1,55,62,1,1,0,20.3,18.3,0.0,65,3.7,No,No,0,None,NotPlaced
7028,Female,EEE,8.5,0,55,84,2,3,1,71.4,51.0,6.2,89,4.5,No,No,1,Tier3,Placed
7029,Male,EEE,6.5,2,74,59,2,1,2,20.0,29.0,3.5,73,4.2,No,No,0,None,NotPlaced
7030,Male,IT,8.3,0,83,67,1,1,0,48.0,38.2,1.7,69,4.8,Yes,No,3,Tier2,Placed
7031,Female,ECE,6.5,1,55,65,1,1,1,20.0,26.9,1.0,75,4.5,No,No,0,None,NotPlaced
7032,Male,IT,7.8,0,81,67,1,1,1,36.5,22.5,2.4,90,3.9,No,Yes,1,Tier3,Placed
7033,Male,IT,7.5,0,74,86,1,1,0,27.7,21.5,3.5,85,4.1,Yes,Yes,0,None,NotPlaced
7034,Male,Mechanical,7.4,0,55,71,1,3,1,39.0,41.2,7.1,78,3.9,No,Yes,0,None,NotPlaced
7035,Male,ECE,7.6,0,80,82,1,3,0,60.4,56.6,8.6,81,4.3,Yes,Yes,1,Tier3,Placed
7036,Female,EEE,8.3,0,75,73,1,2,2,53.6,35.0,5.2,79,4.6,Yes,Yes,3,Tier2,Placed
7037,Male,CSE,6.5,0,55,67,0,1,0,20.0,23.2,1.1,75,4.2,No,No,0,None,NotPlaced
7038,Male,CSE,7.8,0,65,61,1,3,1,53.9,46.7,5.1,70,4.3,No,No,0,None,NotPlaced
7039,Male,Civil,7.5,0,65,68,1,2,0,35.3,27.1,3.5,90,4.6,No,Yes,0,None,NotPlaced
7040,Female,EEE,7.3,2,55,74,1,2,1,39.5,36.4,5.0,66,3.7,No,No,0,None,NotPlaced
7041,Female,IT,8.6,0,80,87,1,3,2,69.0,42.0,6.5,70,4.3,Yes,Yes,3,Tier2,Placed
7042,Male,ECE,7.6,0,56,72,1,2,0,42.0,29.8,6.0,87,4.2,Yes,Yes,0,None,NotPlaced
7043,Male,IT,7.4,0,55,69,1,3,0,47.7,45.7,4.5,83,4.7,No,Yes,0,None,NotPlaced
7044,Male,EEE,7.9,0,90,86,1,3,2,52.9,44.7,7.3,83,4.7,Yes,Yes,3,Tier2,Placed
7045,Female,CSE,8.6,0,82,85,1,3,2,62.9,52.4,6.2,86,4.7,Yes,Yes,3,Tier1,Placed
7046,Male,ECE,7.9,0,70,86,2,3,2,61.7,49.9,7.5,90,4.8,Yes,Yes,2,Tier2,Placed
7047,Female,EEE,6.5,0,64,69,1,1,1,20.0,23.8,1.7,61,4.2,No,Yes,0,None,NotPlaced
7048,Male,Mechanical,7.8,0,78,85,2,3,2,55.5,51.0,7.8,83,4.7,Yes,Yes,1,Tier3,Placed
7049,Male,ECE,6.7,1,63,68,0,1,0,20.0,26.5,1.6,68,3.5,No,No,0,None,NotPlaced
7050,Male,CSE,7.7,1,68,69,1,2,0,52.5,45.2,5.0,83,4.0,Yes,Yes,0,None,NotPlaced
7051,Female,ECE,8.0,0,64,88,2,2,0,55.6,43.4,5.8,84,4.7,Yes,Yes,2,Tier2,Placed
7052,Male,CSE,6.5,0,67,65,1,1,0,20.0,16.4,1.9,76,3.7,No,No,0,None,NotPlaced
7053,Female,CSE,7.9,0,78,84,2,3,2,62.3,43.3,7.1,90,4.5,Yes,No,0,None,NotPlaced
7054,Male,CSE,7.9,0,88,72,1,1,2,37.6,29.8,2.8,74,3.5,No,No,0,None,NotPlaced
7055,Male,ECE,8.2,0,65,66,2,3,2,63.0,47.1,5.9,87,4.8,No,Yes,3,Tier1,Placed
7056,Male,CSE,6.5,0,66,85,2,1,2,20.0,34.5,0.4,85,4.7,No,Yes,0,None,NotPlaced
7057,Female,IT,7.9,0,70,83,2,3,2,63.8,44.4,6.4,90,4.8,Yes,Yes,4,Tier1,Placed
7058,Male,Mechanical,7.6,0,81,78,1,2,1,46.8,47.5,2.1,72,4.0,No,Yes,0,None,NotPlaced
7059,Female,EEE,7.6,0,59,63,1,1,1,39.0,31.5,1.8,70,3.9,No,Yes,0,None,NotPlaced
7060,Female,CSE,7.5,0,55,64,1,1,1,31.1,26.4,3.5,70,4.0,Yes,Yes,0,None,NotPlaced
7061,Female,IT,7.3,0,55,72,2,2,1,47.5,43.3,4.1,76,3.8,No,Yes,2,Tier2,Placed
7062,Male,ECE,7.8,0,55,66,0,1,0,35.5,19.9,3.4,71,4.3,No,No,0,None,NotPlaced
7063,Female,Mechanical,8.1,0,75,83,1,1,1,45.4,32.9,4.3,83,4.7,Yes,Yes,0,None,NotPlaced
7064,Female,CSE,6.9,0,55,70,0,2,2,20.0,10.8,5.3,75,4.3,Yes,Yes,0,None,NotPlaced
7065,Male,Mechanical,6.8,0,64,68,0,1,0,20.0,18.0,0.6,78,4.7,Yes,Yes,0,None,NotPlaced
7066,Male,EEE,6.9,0,58,62,1,1,1,20.0,12.1,2.7,60,3.3,No,No,0,None,NotPlaced
7067,Male,ECE,7.6,0,61,75,1,3,0,54.1,55.8,6.2,82,4.8,Yes,Yes,2,Tier2,Placed
7068,Male,Mechanical,8.5,0,83,86,2,3,2,74.5,55.6,7.9,90,4.8,Yes,Yes,3,Tier2,Placed
7069,Male,ECE,8.5,0,81,84,0,3,2,58.6,28.9,7.3,77,4.8,Yes,Yes,3,Tier2,Placed
7070,Male,Mechanical,7.8,0,65,66,1,1,1,40.5,32.3,3.7,74,3.4,Yes,Yes,0,None,NotPlaced
7071,Male,IT,8.0,0,78,85,1,3,2,51.9,49.8,7.5,78,4.2,Yes,No,0,None,NotPlaced
7072,Male,EEE,7.4,0,55,70,1,1,0,25.8,37.3,4.4,69,3.6,No,Yes,0,None,NotPlaced
7073,Male,EEE,7.4,0,55,64,1,2,1,35.4,29.9,4.5,77,4.3,No,Yes,0,None,NotPlaced
7074,Male,CSE,8.7,0,83,88,1,3,1,75.7,57.0,5.7,90,4.7,Yes,Yes,4,Tier1,Placed
7075,Male,ECE,8.1,0,55,68,1,2,1,60.0,48.8,5.1,77,4.4,No,Yes,0,None,NotPlaced
7076,Male,CSE,8.5,0,80,83,1,2,2,58.1,52.1,4.6,90,4.8,Yes,Yes,4,Tier1,Placed
7077,Male,CSE,8.0,0,55,74,0,1,1,44.6,29.9,3.3,86,4.0,No,Yes,0,None,NotPlaced
7078,Male,IT,8.0,0,74,87,2,3,2,64.2,51.1,8.5,90,4.7,Yes,Yes,0,None,NotPlaced
7079,Male,ECE,8.5,0,81,82,2,2,1,67.2,54.5,5.6,87,4.4,Yes,Yes,2,Tier2,Placed
7080,Female,Mechanical,7.6,0,83,69,1,3,0,50.7,43.1,4.7,81,4.2,No,Yes,3,Tier2,Placed
7081,Male,IT,7.8,2,57,82,1,3,0,54.0,43.5,6.5,76,4.7,Yes,Yes,2,Tier2,Placed
7082,Female,ECE,8.8,0,78,85,0,3,0,72.2,51.2,8.3,90,4.4,Yes,Yes,0,None,NotPlaced
7083,Male,CSE,6.5,0,55,67,1,3,1,32.7,33.4,8.0,87,4.7,No,Yes,0,None,NotPlaced
7084,Male,Mechanical,7.7,0,76,80,0,3,0,43.6,38.3,7.1,90,4.8,Yes,Yes,0,None,NotPlaced
7085,Male,EEE,6.7,0,69,70,1,1,1,20.0,20.6,2.7,77,4.7,Yes,No,0,None,NotPlaced
7086,Male,EEE,7.6,0,66,73,1,2,0,51.3,34.2,2.8,77,4.0,No,Yes,0,None,NotPlaced
7087,Female,Mechanical,7.4,0,58,66,0,1,0,26.9,30.9,1.8,77,3.8,Yes,Yes,0,None,NotPlaced
7088,Male,CSE,8.3,0,77,86,2,3,2,71.4,50.5,7.2,90,4.8,Yes,Yes,2,Tier2,Placed
7089,Male,ECE,7.6,0,55,82,1,1,0,40.8,48.8,3.7,81,4.2,Yes,No,0,None,NotPlaced
7090,Male,Civil,7.6,1,74,86,1,2,1,40.5,27.0,3.5,90,3.8,Yes,Yes,0,None,NotPlaced
7091,Male,CSE,8.0,0,85,88,0,3,2,53.8,51.0,7.8,81,4.5,Yes,Yes,4,Tier1,Placed
7092,Female,ECE,7.8,0,63,88,1,2,0,51.1,27.3,6.4,76,4.0,Yes,Yes,0,None,NotPlaced
7093,Female,Mechanical,8.5,0,70,83,0,2,0,62.2,33.5,5.6,89,4.5,Yes,Yes,0,None,NotPlaced
7094,Male,IT,7.5,0,58,65,1,1,0,21.2,18.2,3.7,87,4.6,No,No,3,Tier2,Placed
7095,Male,Mechanical,6.5,0,61,66,0,1,0,20.0,1.9,2.4,66,3.5,No,No,0,None,NotPlaced
7096,Male,Civil,7.1,0,78,62,1,1,2,20.0,26.4,3.4,73,4.2,Yes,No,0,None,NotPlaced
7097,Female,EEE,8.2,0,84,88,2,3,2,67.4,55.1,7.3,90,4.8,Yes,Yes,2,Tier3,Placed
7098,Male,IT,6.8,0,55,71,0,1,0,20.0,32.9,3.4,86,4.0,No,No,0,None,NotPlaced
7099,Male,IT,7.6,1,60,83,1,3,2,54.3,44.8,7.5,90,4.8,Yes,Yes,0,None,NotPlaced
7100,Female,CSE,8.3,0,73,85,1,3,0,65.9,56.0,6.5,88,4.8,Yes,Yes,3,Tier1,Placed
7101,Male,Mechanical,6.5,0,82,70,0,2,0,20.4,18.9,4.4,75,4.3,No,Yes,0,None,NotPlaced
7102,Male,EEE,7.8,0,72,66,0,3,3,54.8,37.8,7.4,71,4.8,Yes,Yes,3,Tier1,Placed
7103,Female,ECE,8.5,0,75,66,1,1,0,56.4,43.3,2.8,79,4.1,Yes,Yes,0,None,NotPlaced
7104,Male,IT,8.6,0,86,86,2,3,2,74.3,50.4,8.0,89,4.8,Yes,Yes,4,Tier1,Placed
7105,Male,CSE,7.0,0,62,63,1,1,0,23.5,25.4,2.1,65,3.8,No,No,0,None,NotPlaced
7106,Male,EEE,8.2,0,77,82,2,3,2,65.7,51.5,7.7,89,4.0,Yes,No,1,Tier3,Placed
7107,Male,EEE,8.4,0,72,87,1,3,2,60.2,49.4,7.5,90,4.8,Yes,Yes,3,Tier2,Placed
7108,Male,Mechanical,8.0,0,79,87,2,3,2,68.8,78.2,6.3,83,4.5,Yes,Yes,2,Tier2,Placed
7109,Female,EEE,7.5,0,69,69,2,1,0,37.6,30.0,1.0,77,4.3,No,No,0,None,NotPlaced
7110,Male,Mechanical,6.5,0,69,69,2,2,0,20.0,22.6,4.3,68,4.0,Yes,No,0,None,NotPlaced
7111,Female,ECE,8.5,0,74,86,2,3,0,76.7,61.1,6.9,87,4.8,Yes,Yes,4,Tier1,Placed
7112,Female,ECE,8.2,1,55,68,1,1,0,45.9,48.0,3.6,73,4.5,No,Yes,0,None,NotPlaced
7113,Male,IT,8.4,2,71,72,1,1,0,40.7,37.6,2.0,80,4.6,No,Yes,1,Tier3,Placed
7114,Male,Mechanical,8.2,0,65,82,1,3,1,56.1,44.8,6.4,86,4.5,No,Yes,2,Tier3,Placed
7115,Male,EEE,6.9,2,75,74,1,3,2,33.5,48.8,7.9,78,3.8,Yes,Yes,0,None,NotPlaced
7116,Female,IT,8.0,0,79,83,2,3,2,65.1,46.8,6.6,90,4.7,Yes,Yes,2,Tier2,Placed
7117,Female,CSE,7.8,1,62,61,2,1,1,47.9,39.0,2.6,78,4.1,Yes,Yes,1,Tier3,Placed
7118,Male,IT,7.6,1,81,66,1,3,1,54.8,52.4,8.1,75,3.9,Yes,Yes,3,Tier2,Placed
7119,Female,ECE,8.4,0,56,62,1,2,0,62.0,43.8,4.6,77,4.1,No,No,0,None,NotPlaced
7120,Male,CSE,7.5,1,55,64,1,1,0,32.8,34.9,2.4,65,3.3,Yes,Yes,0,None,NotPlaced
7121,Female,CSE,8.2,0,86,76,2,3,2,76.6,57.9,6.6,90,4.8,Yes,Yes,2,Tier2,Placed
7122,Male,ECE,7.7,0,80,86,1,3,2,56.5,55.7,7.1,90,4.0,Yes,Yes,3,Tier2,Placed
7123,Male,CSE,7.6,0,72,71,1,3,2,52.1,52.4,7.3,90,4.8,Yes,Yes,2,Tier2,Placed
7124,Female,EEE,8.6,0,80,82,2,3,2,78.8,62.5,8.2,90,4.8,Yes,Yes,4,Tier1,Placed
7125,Male,ECE,7.6,0,73,65,1,3,0,49.0,33.4,6.5,79,4.5,No,No,0,None,NotPlaced
7126,Male,ECE,8.4,0,55,75,2,3,2,71.7,54.9,6.0,87,4.7,Yes,Yes,2,Tier3,Placed
7127,Male,CSE,6.9,0,55,67,0,2,0,20.0,19.7,3.2,65,3.6,No,No,0,None,NotPlaced
7128,Male,IT,7.4,0,58,69,0,1,1,24.1,29.8,2.3,65,4.1,No,Yes,0,None,NotPlaced
7129,Male,ECE,6.6,2,64,59,1,1,0,23.8,26.2,2.1,77,4.2,No,No,0,None,NotPlaced
7130,Female,EEE,8.4,0,64,79,1,2,2,59.7,54.1,4.2,89,4.8,Yes,Yes,3,Tier2,Placed
7131,Male,Mechanical,6.6,1,74,72,1,1,0,20.0,24.0,3.1,80,4.2,No,Yes,0,None,NotPlaced
7132,Male,IT,7.3,0,56,66,1,3,0,50.0,49.1,4.8,81,4.8,Yes,Yes,2,Tier2,Placed
7133,Female,ECE,8.2,0,76,83,1,3,1,64.8,51.4,7.3,85,4.7,Yes,Yes,1,Tier3,Placed
7134,Male,CSE,8.2,0,68,87,2,2,2,56.1,48.7,3.5,90,4.6,Yes,Yes,2,Tier2,Placed
7135,Male,Civil,6.5,0,68,69,0,2,0,20.0,21.8,4.9,84,4.8,No,No,0,None,NotPlaced
7136,Female,Civil,7.4,1,61,68,1,1,1,25.3,21.3,2.7,79,4.3,Yes,Yes,0,None,NotPlaced
7137,Female,IT,8.8,0,68,84,2,2,0,72.9,66.6,5.7,83,4.4,Yes,Yes,0,None,NotPlaced
7138,Male,EEE,6.6,1,64,71,0,1,2,20.0,29.2,1.6,81,4.0,No,Yes,0,None,NotPlaced
7139,Female,EEE,8.2,0,84,80,1,2,0,59.6,59.5,6.3,90,4.3,Yes,No,2,Tier2,Placed
7140,Male,EEE,7.5,0,64,68,1,1,1,30.4,22.7,1.1,84,4.4,Yes,Yes,3,Tier1,Placed
7141,Female,ECE,7.5,0,77,88,1,1,0,28.9,30.1,3.9,78,4.4,Yes,Yes,0,None,NotPlaced
7142,Male,Civil,8.1,0,81,84,2,3,2,65.4,62.6,6.4,90,4.5,Yes,Yes,3,Tier1,Placed
7143,Female,ECE,8.2,0,64,70,0,2,0,51.8,54.3,4.4,67,3.6,No,No,0,None,NotPlaced
7144,Male,ECE,8.2,0,83,86,2,3,2,62.0,39.4,7.4,90,4.8,Yes,No,2,Tier2,Placed
7145,Female,EEE,8.5,0,78,64,1,3,0,66.4,53.2,5.6,75,4.8,Yes,Yes,0,None,NotPlaced
7146,Female,ECE,8.5,0,76,84,1,3,2,69.5,55.2,8.0,90,4.3,Yes,Yes,3,Tier1,Placed
7147,Female,Mechanical,7.2,2,55,74,1,2,1,41.7,47.8,4.4,65,4.4,No,No,0,None,NotPlaced
7148,Male,CSE,8.1,0,68,75,0,2,0,35.4,14.5,5.1,82,4.2,Yes,No,3,Tier2,Placed
7149,Male,IT,8.3,0,85,85,0,3,2,63.1,43.9,7.4,90,4.8,Yes,Yes,1,Tier3,Placed
7150,Male,CSE,8.6,0,82,84,1,3,2,69.1,67.5,7.1,85,4.8,Yes,Yes,4,Tier1,Placed
7151,Female,ECE,8.2,0,73,84,2,3,2,65.5,50.2,7.8,90,4.8,Yes,Yes,2,Tier2,Placed
7152,Male,ECE,6.5,0,55,68,2,1,3,20.0,10.9,2.5,81,4.2,Yes,No,0,None,NotPlaced
7153,Female,Civil,6.7,0,57,64,1,1,0,20.0,32.1,2.8,67,4.6,No,Yes,0,None,NotPlaced
7154,Female,ECE,7.9,0,73,78,2,1,0,49.1,30.8,3.6,88,4.5,Yes,Yes,0,None,NotPlaced
7155,Male,EEE,8.0,0,87,70,1,3,2,56.3,55.7,6.8,90,4.5,Yes,Yes,3,Tier1,Placed
7156,Female,IT,8.2,0,63,72,1,3,0,71.3,45.2,8.8,86,4.5,Yes,Yes,1,Tier3,Placed
7157,Male,Mechanical,6.7,0,55,67,2,2,1,33.1,18.0,4.5,71,4.4,No,No,0,None,NotPlaced
7158,Male,ECE,7.6,1,67,70,1,1,0,36.0,32.4,2.2,62,3.4,No,No,0,None,NotPlaced
7159,Male,EEE,7.4,2,55,64,0,1,0,25.2,17.2,2.6,71,3.7,No,No,0,None,NotPlaced
7160,Male,IT,8.1,0,77,67,2,1,1,55.9,48.3,2.9,78,4.4,Yes,Yes,0,None,NotPlaced
7161,Female,ECE,7.9,0,88,81,2,3,2,68.7,70.1,8.2,84,4.0,Yes,No,0,None,NotPlaced
7162,Male,ECE,8.8,0,66,85,2,3,2,74.2,58.8,7.0,90,4.8,Yes,Yes,3,Tier2,Placed
7163,Male,ECE,7.5,0,69,79,1,2,1,37.5,45.8,4.8,73,4.4,No,Yes,0,None,NotPlaced
7164,Female,Mechanical,8.7,0,82,85,1,3,0,76.2,64.0,5.9,90,4.5,Yes,Yes,3,Tier1,Placed
7165,Female,Mechanical,7.2,1,79,82,2,3,0,52.7,52.2,4.2,85,4.8,No,Yes,0,None,NotPlaced
7166,Male,Civil,7.4,2,61,72,1,1,0,29.5,9.7,2.4,87,3.2,No,No,0,None,NotPlaced
7167,Female,EEE,6.5,1,65,68,1,2,0,20.0,25.6,4.6,72,4.3,Yes,Yes,2,Tier2,Placed
7168,Male,Civil,7.8,0,74,82,2,3,0,60.4,53.2,6.8,78,4.8,Yes,No,2,Tier2,Placed
7169,Male,Mechanical,6.8,0,55,58,1,1,1,26.4,22.5,0.0,77,3.3,No,Yes,0,None,NotPlaced
7170,Male,CSE,8.0,0,80,66,2,1,2,48.2,55.9,3.7,78,4.4,No,Yes,3,Tier2,Placed
7171,Male,IT,8.7,0,68,84,1,3,3,66.7,50.6,7.1,87,4.7,Yes,Yes,1,Tier3,Placed
7172,Female,IT,6.5,0,55,72,1,1,0,20.0,7.8,4.3,74,3.9,Yes,Yes,0,None,NotPlaced
7173,Male,CSE,7.3,0,55,69,1,2,0,40.9,42.1,2.6,80,3.7,No,Yes,1,Tier3,Placed
7174,Female,IT,6.8,2,80,69,0,1,0,20.0,10.2,2.1,84,4.0,No,Yes,0,None,NotPlaced
7175,Male,CSE,7.5,0,69,86,2,3,3,60.3,50.6,7.4,86,4.1,Yes,Yes,0,None,NotPlaced
7176,Male,EEE,7.7,0,64,62,2,1,0,46.3,49.0,3.1,65,3.5,Yes,No,0,None,NotPlaced
7177,Female,ECE,7.3,1,60,85,1,1,0,28.7,30.6,2.2,72,3.7,No,No,0,None,NotPlaced
7178,Female,IT,6.8,0,64,70,1,1,1,20.0,19.2,0.6,80,3.5,No,Yes,0,None,NotPlaced
7179,Male,EEE,7.5,0,55,62,1,2,1,31.8,26.3,5.3,76,4.1,Yes,Yes,0,None,NotPlaced
7180,Male,Mechanical,6.6,1,84,67,2,1,2,26.1,36.5,2.2,90,4.8,Yes,No,0,None,NotPlaced
7181,Male,Civil,7.4,2,59,62,0,2,0,32.4,19.1,3.4,69,4.2,No,Yes,0,None,NotPlaced
7182,Male,EEE,7.4,0,55,73,1,3,0,45.0,45.3,7.0,84,4.1,Yes,Yes,0,None,NotPlaced
7183,Female,IT,8.0,0,75,84,2,2,2,53.3,62.5,4.6,85,4.7,Yes,Yes,3,Tier2,Placed
7184,Female,IT,7.5,0,79,85,1,1,0,35.3,36.6,2.7,84,4.7,Yes,Yes,3,Tier1,Placed
7185,Male,CSE,7.6,0,55,68,0,1,1,24.4,22.1,3.1,77,4.6,No,Yes,0,None,NotPlaced
7186,Female,CSE,8.2,0,79,79,2,3,2,63.1,51.0,6.8,90,4.8,Yes,Yes,2,Tier2,Placed
7187,Male,IT,8.0,0,81,83,2,3,2,63.7,48.8,5.6,89,3.7,No,Yes,2,Tier2,Placed
7188,Male,Civil,8.4,0,75,83,2,2,3,60.9,44.8,4.9,82,4.3,Yes,No,0,None,NotPlaced
7189,Male,CSE,7.6,0,55,68,1,1,0,36.7,34.6,0.9,88,3.9,No,Yes,0,None,NotPlaced
7190,Male,IT,6.5,2,55,64,0,2,0,20.0,27.5,4.2,90,4.5,No,No,0,None,NotPlaced
7191,Male,CSE,7.8,0,87,84,2,3,2,68.0,68.6,7.7,90,4.8,Yes,Yes,2,Tier2,Placed
7192,Male,EEE,7.4,0,63,72,0,1,0,29.5,11.6,2.3,73,4.1,No,No,0,None,NotPlaced
7193,Male,IT,8.5,0,82,87,2,3,2,77.4,42.8,7.0,90,4.8,Yes,Yes,3,Tier1,Placed
7194,Male,IT,7.6,0,67,61,1,2,0,40.0,47.6,4.6,73,3.7,No,Yes,0,None,NotPlaced
7195,Female,CSE,7.6,0,62,79,1,1,1,47.0,39.7,2.4,71,4.1,Yes,Yes,0,None,NotPlaced
7196,Male,IT,8.2,0,71,88,1,2,2,52.8,45.9,5.0,90,4.8,Yes,Yes,2,Tier2,Placed
7197,Male,CSE,8.4,0,73,88,2,3,2,68.4,60.0,8.4,90,4.8,Yes,Yes,3,Tier2,Placed
7198,Female,ECE,6.9,0,77,76,1,1,0,24.5,22.5,1.7,76,4.0,No,Yes,0,None,NotPlaced
7199,Female,CSE,6.5,0,69,66,1,1,0,20.0,35.9,3.6,68,4.0,Yes,No,0,None,NotPlaced
7200,Female,EEE,7.6,0,79,77,2,3,2,51.9,47.2,7.6,77,4.8,Yes,Yes,0,None,NotPlaced
7201,Male,EEE,7.4,0,90,72,1,0,2,34.0,26.8,0.0,73,4.2,No,Yes,0,None,NotPlaced
7202,Male,EEE,6.5,0,64,71,1,1,0,20.0,17.6,2.7,72,4.0,No,No,0,None,NotPlaced
7203,Male,IT,8.3,0,71,84,1,3,1,65.0,52.5,6.4,90,4.8,Yes,Yes,0,None,NotPlaced
7204,Male,ECE,7.4,0,56,68,1,3,0,59.0,42.0,6.4,77,4.8,No,Yes,0,None,NotPlaced
7205,Female,CSE,7.7,0,55,65,1,1,1,41.1,48.2,1.4,66,3.9,No,No,0,None,NotPlaced
7206,Male,ECE,7.4,0,79,81,1,3,2,46.9,40.5,7.3,74,4.1,Yes,Yes,3,Tier1,Placed
7207,Male,ECE,6.6,2,78,73,0,3,0,37.4,24.4,7.1,84,4.8,Yes,Yes,2,Tier3,Placed
7208,Male,IT,8.3,0,58,67,1,1,1,52.3,46.2,2.1,70,4.3,No,No,0,None,NotPlaced
7209,Male,EEE,8.3,0,78,79,2,3,2,73.1,70.8,7.3,90,4.6,Yes,Yes,1,Tier3,Placed
7210,Female,EEE,7.9,0,56,70,1,3,0,55.1,52.8,6.5,64,4.1,Yes,Yes,0,None,NotPlaced
7211,Male,EEE,8.1,0,85,82,1,3,2,61.2,44.9,5.8,90,4.8,Yes,Yes,2,Tier3,Placed
7212,Male,CSE,8.0,0,58,70,1,1,2,40.9,26.9,2.1,79,4.6,No,No,0,None,NotPlaced
7213,Male,ECE,7.9,0,74,83,0,3,2,59.2,60.2,8.1,82,4.4,Yes,Yes,2,Tier2,Placed
7214,Male,CSE,7.6,0,55,83,2,1,0,32.0,17.0,3.6,84,4.4,Yes,No,0,None,NotPlaced
7215,Male,ECE,7.5,0,55,64,1,1,3,39.8,37.8,2.4,77,4.4,No,Yes,0,None,NotPlaced
7216,Male,IT,8.4,0,55,57,1,2,1,54.6,41.5,3.5,87,3.6,No,Yes,0,None,NotPlaced
7217,Male,CSE,8.3,0,59,71,0,1,1,43.7,47.7,2.2,73,4.3,No,Yes,2,Tier3,Placed
7218,Female,Mechanical,6.5,0,64,69,1,1,0,20.0,12.2,1.2,74,3.5,No,Yes,0,None,NotPlaced
7219,Female,ECE,7.7,0,77,81,1,3,2,50.4,37.0,6.6,90,4.8,Yes,Yes,3,Tier2,Placed
7220,Female,IT,8.1,1,87,80,0,2,1,51.4,48.6,5.4,85,4.8,Yes,No,0,None,NotPlaced
7221,Female,CSE,6.5,0,62,75,1,1,0,20.0,27.9,0.2,84,4.0,No,Yes,0,None,NotPlaced
7222,Male,ECE,8.3,0,84,79,2,3,0,66.7,65.0,8.7,83,4.8,Yes,Yes,3,Tier2,Placed
7223,Male,Civil,7.3,0,55,65,1,2,0,37.8,37.6,3.7,82,4.4,Yes,No,0,None,NotPlaced
7224,Male,ECE,7.5,0,55,71,1,1,1,29.5,29.5,3.9,67,4.0,No,No,0,None,NotPlaced
7225,Female,Civil,7.7,0,55,69,1,2,0,42.3,45.4,3.2,82,4.4,No,Yes,0,None,NotPlaced
7226,Female,CSE,7.7,0,75,71,0,1,2,24.5,12.3,2.2,68,4.2,Yes,No,0,None,NotPlaced
7227,Female,ECE,8.2,0,70,84,1,3,0,60.7,43.6,5.6,90,4.4,No,Yes,0,None,NotPlaced
7228,Male,EEE,8.7,0,80,80,2,1,2,64.5,42.1,2.6,81,4.5,Yes,Yes,0,None,NotPlaced
7229,Female,ECE,6.5,1,55,75,1,1,1,20.0,0.0,1.4,70,4.3,No,No,0,None,NotPlaced
7230,Male,CSE,6.7,2,55,72,1,2,0,34.1,37.1,3.6,72,4.3,No,Yes,0,None,NotPlaced
7231,Male,ECE,8.0,0,59,82,2,2,3,69.1,67.2,5.1,82,4.0,Yes,Yes,3,Tier2,Placed
7232,Male,EEE,7.1,0,55,61,0,1,0,20.0,24.8,1.1,71,3.8,No,No,0,None,NotPlaced
7233,Male,EEE,7.4,0,68,83,1,1,1,26.8,28.6,2.8,75,3.5,No,No,0,None,NotPlaced
7234,Male,Mechanical,7.2,0,63,80,0,1,1,27.6,26.7,3.4,75,4.1,No,No,0,None,NotPlaced
7235,Male,EEE,8.4,0,79,84,1,3,0,68.7,56.3,5.1,86,4.7,Yes,Yes,1,Tier3,Placed
7236,Male,ECE,8.3,0,76,88,2,2,2,67.7,68.6,6.9,85,4.8,Yes,Yes,2,Tier2,Placed
7237,Male,CSE,7.7,1,69,79,1,2,0,47.0,52.2,4.8,77,3.9,No,Yes,0,None,NotPlaced
7238,Female,ECE,6.8,0,63,78,1,2,1,26.0,20.6,4.3,79,4.6,No,No,0,None,NotPlaced
7239,Female,EEE,8.2,0,81,71,1,3,0,62.1,59.5,6.4,80,4.6,Yes,Yes,3,Tier2,Placed
7240,Male,Civil,8.2,0,81,83,2,3,2,70.2,66.3,7.2,81,4.8,Yes,Yes,1,Tier3,Placed
7241,Female,CSE,8.3,0,63,87,2,3,2,68.9,61.5,7.9,90,4.7,Yes,Yes,3,Tier2,Placed
7242,Female,ECE,7.6,1,72,69,1,2,1,49.1,44.4,6.6,77,4.6,No,Yes,0,None,NotPlaced
7243,Male,CSE,8.6,0,79,88,1,3,2,64.5,55.9,9.2,88,4.8,Yes,Yes,1,Tier3,Placed
7244,Male,CSE,8.0,1,69,68,1,1,2,49.1,29.9,0.5,82,4.8,No,No,0,None,NotPlaced
7245,Male,ECE,7.6,0,59,61,1,1,1,25.6,13.3,1.8,88,4.0,No,Yes,0,None,NotPlaced
7246,Male,ECE,8.2,0,82,82,1,1,0,47.7,46.5,2.1,76,4.8,No,Yes,3,Tier2,Placed
7247,Female,CSE,6.5,2,62,66,0,1,0,20.0,11.0,3.3,64,3.9,No,Yes,0,None,NotPlaced
7248,Female,EEE,7.6,0,81,84,2,3,2,48.4,30.9,6.9,90,4.8,Yes,Yes,3,Tier2,Placed
7249,Male,EEE,8.4,0,75,83,0,3,2,51.7,27.7,6.2,90,4.8,Yes,Yes,2,Tier2,Placed
7250,Female,Civil,6.5,1,55,73,1,1,1,20.0,15.8,2.1,62,3.5,No,No,0,None,NotPlaced
7251,Female,CSE,7.5,0,77,86,2,2,0,46.2,41.8,4.6,72,4.2,Yes,Yes,2,Tier2,Placed
7252,Female,IT,8.5,0,68,86,2,2,2,63.0,55.4,6.0,85,4.5,Yes,Yes,0,None,NotPlaced
7253,Male,IT,7.6,0,55,58,1,2,0,37.8,40.2,6.4,77,4.1,No,Yes,0,None,NotPlaced
7254,Female,CSE,8.5,0,74,82,1,2,0,67.8,52.3,5.9,89,4.8,Yes,Yes,4,Tier1,Placed
7255,Male,ECE,7.5,0,55,86,0,1,0,21.8,23.0,3.0,76,4.0,No,Yes,0,None,NotPlaced
7256,Male,Mechanical,6.6,2,82,83,2,3,2,39.4,41.5,8.2,79,4.4,Yes,Yes,3,Tier2,Placed
7257,Male,CSE,8.0,0,83,64,2,1,1,43.6,41.2,2.5,77,3.8,No,Yes,0,None,NotPlaced
7258,Male,Civil,6.6,0,64,67,1,1,0,20.0,15.7,1.6,71,3.1,No,Yes,0,None,NotPlaced
7259,Female,EEE,7.5,0,55,68,1,1,1,30.0,29.9,1.7,72,3.8,No,Yes,0,None,NotPlaced
7260,Male,ECE,8.5,0,79,88,2,3,2,77.1,46.2,8.1,90,4.8,Yes,Yes,2,Tier2,Placed
7261,Male,Mechanical,6.8,0,59,65,2,2,0,25.1,24.4,4.3,76,4.2,No,Yes,0,None,NotPlaced
7262,Male,IT,8.1,0,83,82,2,3,3,67.4,50.3,6.0,90,4.7,Yes,No,0,None,NotPlaced
7263,Female,EEE,7.6,0,66,84,1,3,0,46.2,52.3,7.3,87,3.9,No,Yes,0,None,NotPlaced
7264,Male,ECE,6.8,1,55,57,1,1,0,20.0,11.6,1.2,60,3.5,No,Yes,0,None,NotPlaced
7265,Female,Mechanical,7.7,0,55,68,1,1,1,39.0,34.3,0.9,67,3.7,No,No,0,None,NotPlaced
7266,Male,CSE,8.1,0,75,83,1,3,0,71.9,54.8,6.1,88,4.8,Yes,Yes,2,Tier2,Placed
7267,Male,IT,7.4,0,62,68,1,1,0,26.4,21.7,2.3,85,3.9,No,Yes,0,None,NotPlaced
7268,Male,EEE,7.4,0,67,70,1,1,0,34.6,34.5,4.0,81,4.3,Yes,Yes,0,None,NotPlaced
7269,Male,IT,7.6,0,55,61,0,1,0,28.4,23.0,2.3,72,3.6,No,No,0,None,NotPlaced
7270,Male,IT,7.9,0,73,68,1,1,0,38.6,48.1,2.4,70,4.3,Yes,Yes,0,None,NotPlaced
7271,Male,ECE,8.2,0,82,72,1,3,0,68.4,40.2,6.2,90,4.8,Yes,Yes,3,Tier2,Placed
7272,Female,Mechanical,7.6,0,55,76,1,2,0,38.8,38.1,4.8,66,4.5,No,Yes,0,None,NotPlaced
7273,Male,ECE,6.5,2,55,82,1,3,0,23.2,22.9,6.9,82,4.7,Yes,Yes,2,Tier2,Placed
7274,Male,ECE,6.5,0,86,70,2,3,0,36.3,31.8,6.3,76,3.8,No,Yes,0,None,NotPlaced
7275,Male,CSE,7.6,0,55,59,1,1,0,43.0,38.3,1.9,64,3.4,No,No,0,None,NotPlaced
7276,Female,IT,8.3,0,65,68,1,2,1,60.7,57.4,4.3,77,3.5,No,Yes,0,None,NotPlaced
7277,Male,ECE,6.5,0,71,84,2,3,2,27.0,28.9,7.4,87,4.8,Yes,Yes,3,Tier2,Placed
7278,Male,Mechanical,6.8,0,57,64,1,2,0,23.9,32.2,6.4,83,4.3,No,No,0,None,NotPlaced
7279,Female,CSE,7.6,1,83,74,0,3,0,50.9,43.2,7.4,80,4.4,Yes,Yes,0,None,NotPlaced
7280,Male,CSE,8.0,0,67,69,1,1,2,50.9,34.4,2.6,78,4.3,Yes,No,0,None,NotPlaced
7281,Male,IT,8.2,0,82,84,2,3,2,69.1,55.8,7.2,90,4.8,Yes,Yes,3,Tier2,Placed
7282,Male,ECE,6.5,0,55,62,0,1,0,20.0,29.2,1.1,66,3.8,No,No,0,None,NotPlaced
7283,Male,IT,8.3,0,78,84,2,3,2,78.2,59.6,6.0,90,4.8,Yes,Yes,2,Tier2,Placed
7284,Male,Mechanical,7.3,0,57,69,1,1,0,28.6,18.0,3.2,74,4.3,No,No,0,None,NotPlaced
7285,Male,IT,7.8,0,59,70,1,1,1,36.0,37.0,2.3,76,4.8,No,No,0,None,NotPlaced
7286,Male,ECE,7.8,1,69,68,1,1,1,35.1,34.2,3.1,77,4.1,No,No,0,None,NotPlaced
7287,Male,ECE,8.6,0,78,85,1,3,2,65.0,47.0,5.4,85,4.8,Yes,Yes,4,Tier1,Placed
7288,Male,IT,6.5,0,57,67,1,2,3,35.2,30.1,3.0,81,4.2,No,Yes,0,None,NotPlaced
7289,Female,EEE,6.9,1,70,70,1,1,1,28.1,25.5,2.3,81,4.0,No,Yes,1,Tier3,Placed
7290,Female,ECE,6.5,0,73,74,1,2,1,20.0,20.2,4.2,68,4.3,Yes,Yes,0,None,NotPlaced
7291,Female,IT,8.5,0,78,77,2,2,2,74.7,65.6,3.6,90,4.8,Yes,Yes,1,Tier3,Placed
7292,Male,EEE,8.1,0,62,84,1,2,2,55.7,43.3,3.9,84,4.5,Yes,Yes,2,Tier2,Placed
7293,Male,IT,6.7,2,62,66,0,1,0,20.0,26.4,2.7,76,4.2,Yes,Yes,0,None,NotPlaced
7294,Male,Mechanical,7.4,0,71,78,2,3,1,48.4,36.9,7.4,81,4.8,Yes,Yes,0,None,NotPlaced
7295,Male,ECE,7.6,0,84,67,1,1,2,32.4,43.3,3.7,81,4.8,No,No,0,None,NotPlaced
7296,Female,ECE,7.7,0,55,61,0,1,1,31.8,41.8,0.9,67,4.4,No,No,0,None,NotPlaced
7297,Male,Mechanical,8.0,0,85,82,2,3,2,54.2,39.2,6.0,90,4.5,Yes,Yes,2,Tier2,Placed
7298,Male,EEE,8.1,0,78,82,2,3,2,63.6,42.8,5.5,90,4.7,Yes,Yes,3,Tier2,Placed
7299,Male,EEE,6.5,1,61,67,2,1,1,20.0,28.8,2.6,78,3.5,No,Yes,0,None,NotPlaced
7300,Male,EEE,8.4,0,65,86,2,2,0,70.5,58.5,4.1,79,4.6,No,Yes,3,Tier2,Placed
7301,Male,ECE,7.4,0,55,68,1,2,1,35.9,35.8,3.0,69,4.6,No,Yes,0,None,NotPlaced
7302,Male,ECE,7.5,0,55,65,0,2,1,40.1,29.4,3.2,73,3.6,No,Yes,0,None,NotPlaced
7303,Male,CSE,8.1,1,74,84,2,3,1,55.7,46.0,6.9,90,4.7,Yes,No,2,Tier2,Placed
7304,Female,CSE,7.6,0,55,67,0,2,0,43.8,33.4,3.9,61,3.8,No,Yes,0,None,NotPlaced
7305,Male,Mechanical,7.0,2,70,63,1,1,0,20.0,23.3,2.0,76,4.8,Yes,No,2,Tier3,Placed
7306,Female,CSE,6.8,2,60,68,1,1,0,20.0,10.5,2.2,72,4.2,No,Yes,0,None,NotPlaced
7307,Female,CSE,7.8,1,79,71,2,2,1,54.0,44.1,3.6,79,4.6,Yes,No,0,None,NotPlaced
7308,Male,ECE,8.5,0,79,82,0,3,0,65.1,43.6,7.0,90,4.8,Yes,Yes,1,Tier3,Placed
7309,Female,CSE,6.5,2,60,64,1,1,0,20.0,15.8,2.8,66,4.8,Yes,No,0,None,NotPlaced
7310,Male,IT,8.5,0,73,67,0,1,0,41.8,35.1,3.4,73,4.3,Yes,Yes,0,None,NotPlaced
7311,Female,ECE,8.5,0,57,61,1,1,2,48.6,45.7,4.2,85,4.3,Yes,Yes,0,None,NotPlaced
7312,Male,IT,8.5,0,83,88,2,3,2,79.0,68.1,6.6,90,4.8,Yes,Yes,4,Tier1,Placed
7313,Male,Mechanical,6.5,0,55,66,1,2,0,20.0,27.8,5.0,86,4.4,Yes,Yes,0,None,NotPlaced
7314,Male,ECE,6.6,0,55,67,1,1,0,20.0,8.8,0.0,74,3.6,No,No,0,None,NotPlaced
7315,Male,IT,8.5,0,76,83,1,3,0,61.5,61.1,9.0,88,4.7,Yes,Yes,2,Tier2,Placed
7316,Female,EEE,6.8,0,60,70,1,3,0,39.3,29.6,5.1,80,3.9,Yes,No,0,None,NotPlaced
7317,Male,ECE,8.3,0,68,80,2,3,2,63.4,47.4,6.9,84,4.7,Yes,Yes,1,Tier3,Placed
7318,Female,ECE,8.4,0,82,83,1,3,0,71.6,58.8,4.5,73,4.5,Yes,Yes,0,None,NotPlaced
7319,Male,Mechanical,8.4,0,55,60,1,1,2,45.7,36.1,1.2,76,3.7,No,Yes,0,None,NotPlaced
7320,Female,IT,8.5,0,55,86,0,3,0,69.1,59.4,8.7,90,4.8,Yes,Yes,4,Tier1,Placed
7321,Male,ECE,6.5,0,62,70,1,1,0,20.0,24.8,4.1,71,4.3,Yes,Yes,0,None,NotPlaced
7322,Male,CSE,8.3,0,61,66,1,3,2,62.2,44.8,8.0,82,4.3,Yes,Yes,0,None,NotPlaced
7323,Male,ECE,8.4,0,62,68,1,1,1,59.0,46.1,1.8,70,4.2,No,No,0,None,NotPlaced
7324,Female,CSE,8.1,0,69,78,2,3,0,65.7,52.6,8.7,87,4.4,Yes,Yes,1,Tier3,Placed
7325,Male,ECE,7.3,0,68,72,1,2,1,35.2,37.8,5.3,61,4.7,Yes,Yes,0,None,NotPlaced
7326,Male,EEE,7.5,0,67,60,0,1,0,32.5,26.3,2.7,81,4.2,No,No,0,None,NotPlaced
7327,Male,ECE,7.4,0,78,65,0,2,1,26.6,21.3,6.6,75,4.1,No,Yes,2,Tier3,Placed
7328,Female,CSE,7.7,1,83,81,1,3,2,40.4,27.1,8.1,78,4.6,Yes,Yes,0,None,NotPlaced
7329,Male,Mechanical,6.6,0,55,62,1,1,0,20.8,14.8,1.9,83,4.4,No,No,0,None,NotPlaced
7330,Male,CSE,7.9,2,57,72,1,3,0,52.8,33.5,7.5,82,4.7,Yes,No,0,None,NotPlaced
7331,Male,EEE,8.4,0,77,67,0,2,2,58.3,43.0,6.4,87,4.3,Yes,Yes,0,None,NotPlaced
7332,Female,ECE,8.0,0,79,83,1,2,1,51.2,55.6,5.6,78,3.6,Yes,Yes,0,None,NotPlaced
7333,Female,CSE,8.0,0,59,86,0,3,2,48.2,47.4,7.8,90,4.1,Yes,Yes,0,None,NotPlaced
7334,Male,Mechanical,8.3,0,75,85,1,3,2,68.0,65.9,8.3,90,4.8,Yes,Yes,2,Tier3,Placed
7335,Male,CSE,7.8,0,55,69,0,1,0,31.9,21.4,4.5,74,4.5,No,No,0,None,NotPlaced
7336,Male,Civil,7.8,0,61,63,1,2,1,41.6,19.7,3.1,68,3.9,No,No,0,None,NotPlaced
7337,Male,CSE,7.6,0,76,86,1,1,2,29.7,31.3,2.7,89,4.8,No,Yes,0,None,NotPlaced
7338,Male,IT,6.6,0,62,64,1,2,0,20.0,36.1,5.5,81,4.5,Yes,Yes,1,Tier3,Placed
7339,Female,IT,7.4,0,82,68,0,3,1,44.0,34.4,6.6,83,4.3,Yes,Yes,1,Tier3,Placed
7340,Male,CSE,7.6,0,74,83,1,3,2,46.3,41.3,6.4,90,4.8,Yes,Yes,0,None,NotPlaced
7341,Female,Mechanical,6.6,0,67,72,0,1,2,20.0,8.7,3.7,81,4.3,No,Yes,0,None,NotPlaced
7342,Male,ECE,8.3,0,77,80,1,1,0,48.1,42.0,2.0,90,4.3,Yes,Yes,0,None,NotPlaced
7343,Female,EEE,8.5,0,56,81,0,1,1,43.3,35.1,1.6,64,3.8,Yes,No,0,None,NotPlaced
7344,Male,IT,7.4,1,62,69,1,2,1,31.4,10.7,4.4,61,4.4,Yes,Yes,2,Tier3,Placed
7345,Male,IT,8.3,0,84,88,2,3,2,82.7,57.7,5.2,90,4.8,Yes,Yes,2,Tier2,Placed
7346,Male,ECE,7.7,0,82,87,1,1,0,36.8,24.2,2.2,82,3.8,Yes,Yes,2,Tier2,Placed
7347,Male,IT,8.2,0,72,67,2,3,0,77.1,48.2,5.9,76,4.2,Yes,Yes,3,Tier2,Placed
7348,Male,ECE,8.1,0,75,84,2,3,2,71.8,52.6,7.1,90,4.8,Yes,Yes,2,Tier2,Placed
7349,Female,ECE,8.3,0,74,77,2,3,3,68.4,60.0,8.4,89,4.8,Yes,No,0,None,NotPlaced
7350,Female,CSE,7.7,0,59,82,1,1,1,37.9,28.3,2.4,76,4.6,Yes,Yes,0,None,NotPlaced
7351,Male,EEE,8.3,0,81,85,1,3,2,65.8,63.3,7.9,89,4.8,Yes,Yes,2,Tier2,Placed
7352,Male,EEE,7.5,0,75,73,0,3,2,53.2,42.0,6.8,85,4.5,No,Yes,3,Tier2,Placed
7353,Male,ECE,8.3,0,56,65,0,3,0,64.1,55.2,4.8,86,4.3,Yes,No,0,None,NotPlaced
7354,Male,CSE,8.0,0,76,84,1,3,1,55.0,49.2,6.4,75,4.2,Yes,Yes,0,None,NotPlaced
7355,Male,CSE,7.5,0,55,65,1,2,0,42.8,48.2,3.6,66,4.2,No,Yes,0,None,NotPlaced
7356,Female,IT,8.0,0,74,62,1,1,0,47.0,35.3,2.4,90,4.4,No,Yes,0,None,NotPlaced
7357,Female,CSE,7.7,0,83,82,2,2,2,44.1,42.1,5.6,85,4.7,Yes,Yes,2,Tier2,Placed
7358,Female,CSE,8.1,0,83,85,1,3,0,63.5,44.7,7.3,87,4.7,Yes,Yes,3,Tier1,Placed
7359,Male,Mechanical,7.3,0,55,62,1,1,0,35.7,46.2,1.1,83,3.7,No,No,0,None,NotPlaced
7360,Female,EEE,6.5,1,55,69,0,2,1,20.0,13.0,4.4,81,4.8,Yes,Yes,0,None,NotPlaced
7361,Female,EEE,7.3,0,63,76,1,1,0,25.4,27.1,0.5,70,4.3,No,Yes,0,None,NotPlaced
7362,Male,CSE,7.8,0,55,67,0,2,2,47.8,53.1,5.1,80,3.9,Yes,Yes,0,None,NotPlaced
7363,Male,Civil,6.7,0,55,65,0,1,0,20.0,11.4,1.6,78,3.0,No,No,0,None,NotPlaced
7364,Female,CSE,7.5,0,56,69,1,1,1,28.1,30.4,2.5,66,4.1,No,Yes,0,None,NotPlaced
7365,Male,EEE,7.6,2,63,65,2,3,1,60.4,42.2,6.7,87,4.4,No,No,0,None,NotPlaced
7366,Male,Civil,6.8,1,55,63,1,1,0,21.9,40.1,1.7,68,4.2,No,Yes,0,None,NotPlaced
7367,Male,EEE,7.2,0,76,84,1,3,3,43.5,23.2,6.3,88,4.6,No,Yes,2,Tier3,Placed
7368,Male,Civil,7.4,1,62,63,1,1,1,36.6,20.1,1.8,73,3.6,No,Yes,0,None,NotPlaced
7369,Male,ECE,8.0,0,77,84,2,3,0,70.0,47.9,5.9,88,4.5,Yes,No,0,None,NotPlaced
7370,Female,IT,7.3,0,55,66,1,1,1,28.6,18.0,1.2,74,4.8,No,No,0,None,NotPlaced
7371,Female,IT,6.5,0,65,65,1,1,0,22.9,27.9,0.7,86,4.2,Yes,Yes,0,None,NotPlaced
7372,Male,CSE,8.5,0,73,86,2,3,2,81.9,79.6,6.6,87,4.6,Yes,Yes,3,Tier1,Placed
7373,Male,CSE,6.6,0,72,66,1,1,0,20.0,29.8,2.4,73,4.5,Yes,No,0,None,NotPlaced
7374,Male,ECE,8.4,0,78,86,1,2,0,53.8,47.6,3.9,90,4.8,Yes,Yes,3,Tier2,Placed
7375,Male,CSE,8.4,0,55,80,1,3,1,55.7,46.7,7.8,85,4.8,Yes,Yes,0,None,NotPlaced
7376,Male,EEE,8.3,0,76,81,0,1,2,42.4,32.1,3.5,81,4.4,Yes,Yes,3,Tier2,Placed
7377,Male,ECE,6.6,0,55,67,1,1,0,20.0,24.1,2.6,78,4.6,No,Yes,0,None,NotPlaced
7378,Male,IT,7.7,0,55,72,2,2,0,45.9,36.8,4.7,71,4.0,No,Yes,3,Tier2,Placed
7379,Male,Mechanical,8.5,0,89,77,1,3,2,74.5,61.4,7.0,86,4.5,Yes,Yes,4,Tier1,Placed
7380,Male,CSE,7.7,0,69,71,1,2,0,36.2,26.1,5.0,74,4.7,Yes,Yes,2,Tier2,Placed
7381,Male,ECE,8.5,0,74,72,0,3,2,64.6,43.7,6.8,90,4.6,No,Yes,1,Tier3,Placed
7382,Male,EEE,7.5,0,55,69,0,1,1,28.6,26.9,2.7,74,4.0,No,Yes,0,None,NotPlaced
7383,Female,CSE,8.4,0,75,80,2,3,2,71.6,58.2,8.0,90,4.5,Yes,Yes,2,Tier2,Placed
7384,Male,ECE,6.6,0,55,62,1,2,0,23.7,18.1,4.0,70,4.0,No,No,0,None,NotPlaced
7385,Female,IT,8.6,0,81,87,2,3,2,64.8,47.3,6.0,90,4.8,Yes,Yes,3,Tier1,Placed
7386,Male,ECE,8.7,0,79,87,2,3,2,74.0,64.4,7.2,90,4.8,Yes,Yes,3,Tier1,Placed
7387,Male,ECE,8.2,0,72,88,2,3,2,75.7,64.5,6.4,87,4.8,Yes,Yes,2,Tier3,Placed
7388,Female,IT,8.0,0,78,80,2,3,2,58.0,63.7,7.7,90,4.7,Yes,Yes,3,Tier1,Placed
7389,Male,EEE,8.4,0,64,65,0,1,1,54.3,54.8,3.3,64,3.6,Yes,Yes,0,None,NotPlaced
7390,Male,CSE,8.2,0,61,75,0,3,1,51.0,34.2,7.1,90,4.8,Yes,No,0,None,NotPlaced
7391,Male,EEE,7.5,0,60,65,1,1,0,25.4,22.6,1.6,71,3.6,No,No,0,None,NotPlaced
7392,Male,EEE,8.5,0,74,86,2,3,2,69.2,45.6,8.0,90,4.7,Yes,Yes,3,Tier2,Placed
7393,Female,Mechanical,7.8,1,75,85,1,3,1,60.6,35.7,7.9,89,4.8,Yes,Yes,4,Tier1,Placed
7394,Male,EEE,7.7,1,78,84,0,1,0,29.3,45.5,2.4,83,4.7,Yes,Yes,0,None,NotPlaced
7395,Male,IT,8.3,0,72,63,1,2,0,58.7,60.1,2.8,80,3.6,No,Yes,0,None,NotPlaced
7396,Male,Civil,7.1,0,62,60,1,3,1,41.4,30.9,7.2,77,4.2,Yes,Yes,0,None,NotPlaced
7397,Male,ECE,7.2,0,65,69,1,2,2,34.7,41.0,5.2,75,4.2,No,Yes,0,None,NotPlaced
7398,Female,ECE,8.0,0,81,87,2,3,2,70.4,68.5,5.7,90,4.8,Yes,Yes,3,Tier1,Placed
7399,Female,CSE,7.9,0,72,86,2,3,2,65.9,38.3,7.5,84,4.7,Yes,Yes,2,Tier3,Placed
7400,Male,Civil,7.8,0,84,66,1,3,2,49.3,48.3,6.2,78,4.8,Yes,No,0,None,NotPlaced
7401,Male,EEE,7.9,1,78,81,1,1,0,39.6,31.8,2.0,89,4.5,Yes,Yes,3,Tier2,Placed
7402,Female,Mechanical,6.7,0,55,63,1,1,0,25.7,27.6,3.9,73,3.5,Yes,Yes,0,None,NotPlaced
7403,Male,CSE,8.1,0,82,83,0,3,2,57.6,71.8,7.7,82,4.8,Yes,No,3,Tier2,Placed
7404,Male,EEE,7.5,0,80,80,2,3,0,46.5,52.5,6.8,81,4.8,Yes,Yes,2,Tier3,Placed
7405,Male,Mechanical,6.5,0,68,64,1,1,2,20.0,19.1,2.8,68,4.2,No,No,0,None,NotPlaced
7406,Male,ECE,7.5,1,55,65,0,1,0,32.5,40.0,2.7,65,3.9,No,No,0,None,NotPlaced
7407,Female,IT,6.7,0,62,72,1,1,2,20.5,5.6,1.5,74,4.3,Yes,No,2,Tier3,Placed
7408,Female,ECE,7.6,0,57,66,2,1,0,35.4,35.1,2.1,70,4.4,No,Yes,0,None,NotPlaced
7409,Male,CSE,6.8,0,58,75,1,1,0,22.7,27.5,3.4,82,4.6,No,Yes,3,Tier1,Placed
7410,Male,IT,7.8,0,90,79,2,2,2,60.0,54.8,5.5,80,4.6,Yes,Yes,3,Tier1,Placed
7411,Male,CSE,7.6,0,55,64,1,1,0,42.3,30.9,0.0,60,3.6,No,No,0,None,NotPlaced
7412,Male,IT,8.1,0,79,88,2,3,2,74.0,63.0,5.9,90,4.7,Yes,Yes,2,Tier3,Placed
7413,Male,CSE,7.4,0,55,76,0,1,1,28.8,33.2,3.0,69,4.3,No,Yes,0,None,NotPlaced
7414,Female,CSE,7.6,0,63,72,1,1,0,34.1,11.0,1.4,63,3.3,No,No,0,None,NotPlaced
7415,Male,CSE,7.6,0,55,83,1,2,3,41.0,33.5,5.1,81,4.0,No,Yes,0,None,NotPlaced
7416,Male,Mechanical,8.3,0,71,86,1,3,2,64.9,45.9,9.0,85,4.7,Yes,Yes,0,None,NotPlaced
7417,Male,ECE,8.3,0,69,88,1,3,2,60.6,55.8,6.8,90,4.8,Yes,Yes,2,Tier2,Placed
7418,Male,IT,7.5,0,59,65,1,1,1,31.2,39.3,1.4,72,4.5,No,Yes,0,None,NotPlaced
7419,Male,ECE,7.5,0,70,67,1,1,1,39.4,29.6,2.0,77,4.4,Yes,No,0,None,NotPlaced
7420,Female,EEE,6.5,2,84,66,1,1,0,20.0,11.3,2.8,67,3.9,No,No,0,None,NotPlaced
7421,Male,Mechanical,7.7,0,55,72,1,1,0,29.3,27.3,1.4,65,3.9,No,No,0,None,NotPlaced
7422,Female,CSE,8.1,0,71,80,1,3,2,65.2,44.4,6.6,89,4.7,Yes,Yes,0,None,NotPlaced
7423,Male,IT,7.5,0,58,67,0,1,1,26.2,22.5,1.9,66,4.1,Yes,Yes,0,None,NotPlaced
7424,Male,Civil,6.5,0,57,63,0,3,1,20.0,17.6,5.6,69,4.5,No,No,0,None,NotPlaced
7425,Male,ECE,6.5,0,59,74,1,1,0,20.0,24.0,1.3,60,3.5,No,Yes,0,None,NotPlaced
7426,Male,CSE,7.5,0,67,69,0,1,0,27.0,27.2,0.0,64,4.4,No,Yes,0,None,NotPlaced
7427,Male,CSE,8.2,0,75,82,1,3,2,60.8,51.8,6.2,88,4.8,Yes,Yes,2,Tier3,Placed
7428,Male,CSE,8.1,0,81,82,1,2,2,56.4,60.0,5.7,83,4.8,Yes,Yes,3,Tier2,Placed
7429,Female,Civil,7.4,0,63,68,1,2,0,32.3,31.2,5.3,71,4.6,No,No,0,None,NotPlaced
7430,Female,CSE,8.3,0,55,80,2,3,1,70.1,52.9,6.9,80,4.6,Yes,No,0,None,NotPlaced
7431,Male,Mechanical,8.0,0,74,68,1,1,1,41.9,34.2,2.0,80,4.2,No,Yes,0,None,NotPlaced
7432,Male,Civil,8.7,0,78,83,2,3,0,78.2,56.0,7.3,82,4.8,Yes,Yes,2,Tier2,Placed
7433,Male,EEE,7.1,0,55,70,1,1,0,20.0,12.1,5.0,69,3.6,Yes,Yes,0,None,NotPlaced
7434,Male,CSE,7.3,0,56,70,1,1,0,26.4,13.6,1.0,69,3.7,No,Yes,0,None,NotPlaced
7435,Male,CSE,7.4,0,55,70,1,1,1,31.1,36.8,0.7,66,3.5,No,Yes,0,None,NotPlaced
7436,Female,ECE,7.7,0,74,85,1,2,1,47.7,33.9,4.9,70,4.8,Yes,Yes,0,None,NotPlaced
7437,Male,ECE,6.5,1,64,72,0,1,0,20.0,23.2,2.4,74,4.2,No,No,0,None,NotPlaced
7438,Male,ECE,8.9,0,72,84,2,3,2,86.0,65.9,7.0,90,4.8,Yes,Yes,3,Tier1,Placed
7439,Male,IT,8.2,0,79,68,1,3,0,65.3,52.7,5.6,80,4.3,Yes,Yes,2,Tier2,Placed
7440,Male,Mechanical,8.1,0,68,69,0,2,0,54.4,54.9,5.9,84,4.0,Yes,Yes,0,None,NotPlaced
7441,Male,ECE,7.2,0,64,73,1,1,0,25.5,25.5,2.9,69,4.1,Yes,No,0,None,NotPlaced
7442,Male,ECE,7.9,0,82,67,0,3,1,59.8,41.9,6.6,82,4.0,No,Yes,2,Tier3,Placed
7443,Male,Mechanical,6.5,2,75,68,1,2,0,26.6,19.6,5.6,61,4.5,No,No,0,None,NotPlaced
7444,Male,CSE,7.6,0,61,70,1,3,3,48.8,48.1,4.5,79,4.2,No,Yes,0,None,NotPlaced
7445,Male,CSE,8.2,0,85,88,2,3,2,77.6,65.8,5.3,85,4.0,Yes,Yes,2,Tier2,Placed
7446,Female,CSE,6.8,0,55,68,1,1,1,21.2,28.0,2.6,64,3.3,No,No,0,None,NotPlaced
7447,Male,CSE,6.5,2,61,69,1,1,0,24.0,20.4,0.0,61,3.5,No,Yes,0,None,NotPlaced
7448,Male,ECE,7.7,0,71,66,1,1,1,38.5,22.5,1.6,75,3.5,No,No,2,Tier2,Placed
7449,Female,IT,7.6,0,61,67,1,2,1,40.2,38.2,3.4,67,4.6,No,Yes,0,None,NotPlaced
7450,Male,IT,7.5,0,66,68,1,2,0,37.2,35.1,4.4,78,3.9,No,No,0,None,NotPlaced
7451,Male,Civil,6.5,0,55,59,1,1,1,20.0,22.8,1.3,73,4.5,No,No,0,None,NotPlaced
7452,Male,CSE,7.4,0,60,69,1,1,1,28.1,14.8,3.5,69,4.2,Yes,No,0,None,NotPlaced
7453,Male,ECE,8.0,0,79,80,1,2,1,57.4,42.4,3.9,82,4.8,Yes,Yes,2,Tier2,Placed
7454,Male,CSE,7.5,0,71,68,2,3,0,53.9,37.8,5.8,84,4.5,Yes,Yes,0,None,NotPlaced
7455,Female,CSE,8.7,0,74,86,0,3,2,59.9,53.0,7.0,88,4.7,Yes,Yes,3,Tier1,Placed
7456,Female,ECE,7.8,0,83,75,1,2,0,48.1,43.7,5.1,73,4.5,Yes,Yes,0,None,NotPlaced
7457,Male,Civil,7.4,0,62,74,1,1,0,31.6,28.0,2.3,69,3.9,No,No,0,None,NotPlaced
7458,Male,IT,8.2,0,70,88,2,3,2,65.7,61.7,8.5,88,4.3,Yes,No,4,Tier1,Placed
7459,Male,CSE,8.9,0,68,62,1,2,1,70.3,68.7,6.3,84,4.1,Yes,Yes,0,None,NotPlaced
7460,Male,IT,7.5,1,75,70,1,2,2,40.8,38.4,4.5,78,4.5,No,Yes,3,Tier2,Placed
7461,Male,CSE,7.1,0,65,69,1,1,1,28.2,31.5,3.8,71,4.2,Yes,Yes,0,None,NotPlaced
7462,Male,CSE,8.1,0,79,86,0,3,2,58.9,45.0,7.3,90,4.8,Yes,Yes,3,Tier2,Placed
7463,Female,ECE,7.5,0,55,69,0,1,2,29.8,21.5,3.2,72,4.4,No,Yes,0,None,NotPlaced
7464,Male,CSE,7.7,0,81,79,1,3,2,46.5,48.7,6.4,90,4.6,No,Yes,3,Tier2,Placed
7465,Male,IT,8.3,0,75,82,0,2,0,62.6,44.9,4.4,90,4.6,Yes,Yes,3,Tier2,Placed
7466,Male,EEE,6.5,0,60,68,1,1,1,20.0,26.4,1.2,76,3.8,No,Yes,0,None,NotPlaced
7467,Female,IT,8.4,0,80,82,1,2,2,58.4,62.4,6.2,86,4.2,Yes,Yes,0,None,NotPlaced
7468,Female,CSE,6.5,1,58,68,2,1,1,20.0,27.0,2.8,86,3.7,Yes,Yes,0,None,NotPlaced
7469,Male,Civil,8.5,0,59,82,0,2,2,58.0,47.6,6.9,85,4.1,Yes,Yes,4,Tier1,Placed
7470,Male,IT,7.8,0,59,69,1,1,0,39.7,24.8,0.9,86,4.6,No,Yes,0,None,NotPlaced
7471,Female,EEE,8.2,0,73,84,1,3,1,62.2,52.0,8.3,79,4.6,Yes,Yes,0,None,NotPlaced
7472,Male,IT,7.6,2,56,66,1,2,0,50.6,49.8,3.6,70,3.6,No,Yes,0,None,NotPlaced
7473,Female,ECE,6.5,0,75,65,2,1,0,23.5,22.0,2.4,78,4.4,No,Yes,0,None,NotPlaced
7474,Male,ECE,7.4,0,55,71,1,1,1,29.4,34.3,1.7,62,4.8,Yes,Yes,0,None,NotPlaced
7475,Male,CSE,8.5,0,73,83,1,3,2,73.0,61.8,5.2,86,4.7,Yes,Yes,4,Tier1,Placed
7476,Male,CSE,7.7,0,56,69,1,2,1,52.8,46.1,5.5,76,4.1,No,Yes,0,None,NotPlaced
7477,Female,IT,8.1,0,82,63,1,2,0,58.5,46.2,3.6,86,4.8,No,Yes,0,None,NotPlaced
7478,Male,Mechanical,6.9,0,55,65,2,2,0,33.3,17.8,5.0,68,3.2,No,Yes,0,None,NotPlaced
7479,Female,ECE,7.7,0,63,87,0,2,0,32.0,25.5,3.3,72,4.5,No,Yes,0,None,NotPlaced
7480,Male,CSE,7.5,1,56,71,1,1,0,34.6,28.0,3.0,81,3.6,No,Yes,0,None,NotPlaced
7481,Male,ECE,8.3,0,71,81,2,3,2,73.3,64.0,6.6,90,4.2,Yes,Yes,1,Tier3,Placed
7482,Male,Mechanical,7.6,0,56,66,1,1,0,31.2,28.3,0.8,73,4.2,No,No,0,None,NotPlaced
7483,Male,EEE,7.7,0,64,57,1,2,1,45.1,46.9,5.6,74,4.6,Yes,Yes,1,Tier3,Placed
7484,Male,CSE,8.4,0,79,84,1,2,1,58.6,50.2,5.9,77,4.0,Yes,Yes,0,None,NotPlaced
7485,Male,Mechanical,7.5,0,55,72,1,2,0,47.9,35.8,4.6,70,4.2,No,Yes,3,Tier2,Placed
7486,Female,IT,7.4,0,83,81,1,1,0,40.3,29.0,1.9,81,4.6,No,No,0,None,NotPlaced
7487,Male,ECE,6.9,0,55,64,1,1,1,26.9,19.5,1.3,61,4.6,Yes,Yes,0,None,NotPlaced
7488,Female,ECE,8.1,0,58,80,1,2,0,52.6,45.7,2.9,84,4.3,No,No,2,Tier2,Placed
7489,Male,Mechanical,8.0,0,75,69,0,2,0,51.7,40.9,4.3,85,3.8,Yes,Yes,0,None,NotPlaced
7490,Female,Civil,6.5,1,58,77,1,1,1,20.0,12.7,1.7,81,4.8,No,Yes,0,None,NotPlaced
7491,Male,Mechanical,8.4,0,70,70,1,1,2,50.6,50.8,4.1,81,4.6,Yes,Yes,3,Tier2,Placed
7492,Male,CSE,7.5,1,55,67,1,1,1,43.5,37.5,1.9,65,4.5,No,No,0,None,NotPlaced
7493,Male,Mechanical,7.7,0,75,86,1,3,0,49.3,43.4,4.9,74,4.3,Yes,Yes,0,None,NotPlaced
7494,Male,CSE,8.3,0,78,80,2,3,2,73.0,52.6,4.4,90,4.8,Yes,Yes,3,Tier2,Placed
7495,Female,IT,6.5,0,60,74,0,3,0,28.2,18.3,6.3,77,3.6,Yes,No,0,None,NotPlaced
7496,Male,ECE,7.6,1,55,84,1,1,1,33.6,30.2,2.5,89,4.8,Yes,Yes,2,Tier2,Placed
7497,Male,ECE,7.4,0,55,69,0,1,1,28.8,10.2,2.4,70,4.3,No,Yes,0,None,NotPlaced
7498,Female,EEE,6.6,0,58,61,1,1,0,20.0,26.8,0.5,73,3.1,No,No,0,None,NotPlaced
7499,Male,ECE,6.5,2,65,66,1,1,1,20.0,14.7,0.6,70,4.1,No,No,0,None,NotPlaced
7500,Female,Mechanical,8.2,0,83,65,1,2,1,57.4,45.1,5.5,79,4.4,Yes,Yes,3,Tier2,Placed
7501,Male,IT,6.5,2,56,68,1,2,1,21.5,25.1,5.3,74,3.9,No,Yes,0,None,NotPlaced
7502,Female,IT,6.7,0,55,69,1,1,0,21.0,19.6,1.0,74,4.4,Yes,Yes,0,None,NotPlaced
7503,Male,Mechanical,8.8,0,74,86,2,3,2,78.9,54.0,6.2,90,4.7,Yes,Yes,2,Tier2,Placed
7504,Male,CSE,8.0,0,72,83,2,3,2,62.4,63.6,8.1,87,3.7,Yes,Yes,2,Tier2,Placed
7505,Male,EEE,6.7,0,55,59,1,2,0,25.1,11.9,4.9,73,3.4,No,Yes,0,None,NotPlaced
7506,Female,ECE,8.8,0,78,71,0,2,1,67.9,36.7,4.1,78,4.5,Yes,Yes,0,None,NotPlaced
7507,Male,ECE,7.5,0,60,68,1,1,0,24.3,30.7,3.2,74,3.5,No,Yes,3,Tier2,Placed
7508,Male,ECE,7.9,0,62,64,1,2,0,44.5,25.2,5.0,64,3.7,Yes,No,0,None,NotPlaced
7509,Male,CSE,8.2,0,79,80,2,2,3,71.4,67.6,5.7,84,4.8,Yes,Yes,0,None,NotPlaced
7510,Female,Mechanical,7.8,1,72,86,2,2,2,53.4,47.5,4.3,79,4.5,Yes,No,0,None,NotPlaced
7511,Female,CSE,6.5,0,79,67,1,3,2,27.0,27.9,7.3,75,3.8,Yes,Yes,0,None,NotPlaced
7512,Female,IT,8.2,0,55,82,0,1,1,46.0,33.4,0.8,64,3.9,No,Yes,0,None,NotPlaced
7513,Male,CSE,6.9,0,59,66,1,2,1,25.1,17.6,4.5,74,4.0,Yes,Yes,0,None,NotPlaced
7514,Male,IT,8.5,0,85,88,0,3,2,53.5,42.4,6.7,88,4.5,Yes,Yes,3,Tier1,Placed
7515,Male,EEE,7.4,0,57,72,1,1,1,32.8,22.2,3.1,70,4.0,Yes,Yes,0,None,NotPlaced
7516,Female,Mechanical,8.1,0,79,88,2,3,2,62.3,61.4,9.4,90,4.8,Yes,No,1,Tier3,Placed
7517,Male,EEE,7.8,0,55,62,0,1,0,34.5,24.6,4.6,71,3.7,No,No,0,None,NotPlaced
7518,Male,ECE,6.5,2,56,81,1,2,0,22.6,27.2,4.6,81,4.1,Yes,Yes,0,None,NotPlaced
7519,Female,Mechanical,8.4,0,64,68,0,1,1,46.7,47.8,4.5,78,3.8,Yes,No,0,None,NotPlaced
7520,Male,IT,7.8,0,82,83,1,1,1,30.5,22.0,1.9,85,4.8,Yes,Yes,3,Tier2,Placed
7521,Male,ECE,7.9,0,82,88,1,3,2,57.1,50.8,7.4,87,4.8,Yes,Yes,2,Tier2,Placed
7522,Male,EEE,6.5,2,57,70,1,1,0,20.0,14.2,1.3,82,4.3,No,Yes,0,None,NotPlaced
7523,Male,IT,8.0,0,85,79,2,3,0,57.0,46.6,6.5,90,4.5,Yes,Yes,1,Tier3,Placed
7524,Female,EEE,8.1,0,83,82,2,3,2,58.4,44.7,9.7,83,4.5,Yes,Yes,3,Tier2,Placed
7525,Male,IT,7.4,0,62,72,1,1,2,25.7,18.1,1.6,63,3.6,No,Yes,0,None,NotPlaced
7526,Male,ECE,8.1,1,81,67,2,3,0,69.7,58.1,6.4,89,4.1,Yes,No,0,None,NotPlaced
7527,Male,EEE,7.8,0,58,78,1,3,2,45.0,29.9,6.0,90,4.8,Yes,Yes,2,Tier2,Placed
7528,Male,Mechanical,6.6,1,55,74,2,1,0,24.1,30.3,1.2,67,3.9,No,No,0,None,NotPlaced
7529,Male,Mechanical,7.3,0,59,75,1,1,2,31.0,20.4,1.6,82,4.0,Yes,Yes,0,None,NotPlaced
7530,Male,ECE,8.3,0,79,81,1,1,2,47.7,31.4,3.2,90,4.5,Yes,Yes,2,Tier3,Placed
7531,Male,EEE,6.5,0,65,72,1,1,0,20.0,18.3,2.2,70,4.1,No,No,0,None,NotPlaced
7532,Male,IT,8.4,0,76,85,2,3,2,68.0,52.7,7.3,90,4.8,Yes,Yes,3,Tier2,Placed
7533,Male,IT,7.7,2,78,81,1,3,0,56.9,49.4,7.0,75,4.0,Yes,Yes,3,Tier1,Placed
7534,Male,Mechanical,6.5,0,66,80,2,3,2,40.3,35.3,6.4,71,3.8,Yes,Yes,1,Tier3,Placed
7535,Female,Mechanical,7.6,1,75,88,1,3,2,45.8,26.2,6.3,79,3.8,Yes,Yes,2,Tier3,Placed
7536,Female,EEE,8.5,0,77,81,1,2,0,66.7,62.1,5.2,84,4.5,Yes,Yes,0,None,NotPlaced
7537,Female,CSE,6.5,2,81,72,2,2,2,29.4,25.6,4.9,80,4.6,Yes,Yes,3,Tier2,Placed
7538,Male,Mechanical,6.7,0,60,68,1,1,0,20.0,22.3,1.4,71,4.1,No,No,0,None,NotPlaced
7539,Male,Mechanical,7.5,0,61,72,1,1,1,29.3,44.1,1.7,66,4.0,No,Yes,0,None,NotPlaced
7540,Male,IT,7.5,0,80,85,0,2,1,33.1,40.8,6.5,82,4.2,Yes,Yes,0,None,NotPlaced
7541,Male,ECE,7.9,0,75,63,1,2,0,58.1,49.3,6.0,77,4.2,No,Yes,0,None,NotPlaced
7542,Male,EEE,7.7,0,76,81,1,3,2,53.9,34.4,6.8,85,4.5,Yes,Yes,0,None,NotPlaced
7543,Male,ECE,7.8,0,81,84,2,3,1,66.6,43.9,6.3,90,4.0,Yes,Yes,0,None,NotPlaced
7544,Female,Civil,8.6,0,73,68,2,3,2,77.2,71.4,7.0,90,4.8,Yes,Yes,2,Tier2,Placed
7545,Male,IT,8.1,0,83,84,2,3,2,63.7,49.0,8.1,85,4.8,Yes,Yes,1,Tier3,Placed
7546,Male,EEE,6.6,0,59,71,1,1,0,20.0,19.6,2.0,77,3.8,No,Yes,0,None,NotPlaced
7547,Female,EEE,8.0,0,75,81,2,3,2,74.8,51.0,7.4,87,4.8,Yes,Yes,1,Tier3,Placed
7548,Male,IT,8.6,0,72,83,1,3,2,67.8,59.1,6.3,90,4.5,Yes,Yes,4,Tier1,Placed
7549,Female,Mechanical,8.3,0,76,80,1,3,2,69.6,66.0,5.8,90,4.7,Yes,Yes,2,Tier2,Placed
7550,Female,ECE,8.0,0,83,85,2,1,0,49.0,54.6,3.8,90,4.7,Yes,Yes,3,Tier2,Placed
7551,Female,IT,7.5,0,64,61,1,2,0,33.8,27.5,4.2,82,4.1,No,No,0,None,NotPlaced
7552,Male,CSE,7.8,0,56,70,0,1,0,26.6,29.4,2.7,63,4.2,No,Yes,0,None,NotPlaced
7553,Female,IT,7.5,0,55,68,0,2,0,33.7,30.1,2.3,81,3.6,No,Yes,2,Tier2,Placed
7554,Male,EEE,7.8,0,55,67,1,1,1,40.7,41.2,3.8,63,4.1,No,Yes,0,None,NotPlaced
7555,Male,Civil,6.7,1,55,71,1,1,0,21.4,20.9,3.3,66,4.3,Yes,No,0,None,NotPlaced
7556,Male,CSE,7.6,0,82,84,1,3,1,43.1,30.9,5.2,81,3.9,Yes,Yes,3,Tier2,Placed
7557,Male,IT,7.6,0,76,65,0,2,1,41.3,46.4,6.0,77,4.7,Yes,Yes,0,None,NotPlaced
7558,Male,CSE,8.1,0,76,87,1,3,2,60.4,50.7,6.6,85,4.5,Yes,No,0,None,NotPlaced
7559,Male,ECE,8.2,0,75,87,1,2,2,55.0,43.0,5.0,81,4.8,Yes,Yes,3,Tier2,Placed
7560,Female,Civil,7.6,0,67,69,1,2,0,45.9,40.2,3.5,74,4.1,No,Yes,0,None,NotPlaced
7561,Female,ECE,7.5,0,59,66,1,1,1,41.7,29.5,1.9,69,3.9,No,Yes,0,None,NotPlaced
7562,Female,EEE,7.3,0,55,74,1,2,1,38.5,38.2,4.0,88,4.8,No,No,0,None,NotPlaced
7563,Male,EEE,6.7,1,55,64,0,2,0,20.0,19.2,2.3,75,4.2,No,Yes,0,None,NotPlaced
7564,Female,CSE,8.7,0,77,79,0,1,0,51.1,37.2,3.9,87,4.8,Yes,No,4,Tier1,Placed
7565,Male,EEE,8.0,0,62,66,2,1,2,52.3,63.5,3.1,88,4.7,Yes,Yes,3,Tier2,Placed
7566,Female,ECE,8.3,0,68,63,0,1,0,48.4,32.0,3.4,69,4.3,Yes,No,0,None,NotPlaced
7567,Female,ECE,7.6,0,61,71,0,3,1,49.3,44.6,7.8,81,4.6,Yes,Yes,0,None,NotPlaced
7568,Male,Mechanical,6.5,1,55,64,2,1,0,20.0,22.2,2.1,86,3.4,No,Yes,0,None,NotPlaced
7569,Female,Mechanical,7.4,0,57,61,1,1,1,24.2,15.0,2.3,70,3.5,No,Yes,0,None,NotPlaced
7570,Male,ECE,8.7,0,82,83,2,3,2,80.9,60.8,5.5,76,4.3,Yes,Yes,4,Tier1,Placed
7571,Male,Civil,6.5,0,63,62,1,1,0,20.0,10.4,1.2,79,3.7,No,No,0,None,NotPlaced
7572,Male,Civil,8.4,0,75,86,1,3,2,70.5,72.2,7.1,70,3.8,Yes,No,0,None,NotPlaced
7573,Male,EEE,7.4,0,65,65,1,1,0,34.5,28.0,2.2,67,3.7,No,No,0,None,NotPlaced
7574,Female,CSE,7.4,0,58,66,0,1,0,23.7,20.8,2.4,63,4.2,No,Yes,0,None,NotPlaced
7575,Male,ECE,6.7,1,55,69,0,2,0,20.0,35.9,5.4,70,3.0,No,Yes,0,None,NotPlaced
7576,Male,EEE,8.3,0,90,84,2,3,2,71.0,51.2,6.9,90,4.4,Yes,Yes,2,Tier2,Placed
7577,Male,CSE,8.3,1,79,82,2,3,0,66.9,65.3,7.4,90,4.8,Yes,Yes,3,Tier2,Placed
7578,Female,CSE,6.5,0,55,70,1,2,0,20.0,24.1,4.1,60,4.3,No,No,0,None,NotPlaced
7579,Female,CSE,7.4,0,59,64,1,2,0,38.8,18.5,3.8,80,4.7,No,Yes,0,None,NotPlaced
7580,Female,Mechanical,7.1,0,79,78,0,1,0,20.3,19.3,2.8,90,4.5,Yes,No,0,None,NotPlaced
7581,Female,ECE,6.5,2,74,84,0,3,2,30.8,31.6,6.2,73,4.5,Yes,Yes,2,Tier3,Placed
7582,Male,IT,8.6,0,79,84,2,3,2,72.1,58.9,6.9,90,4.5,Yes,Yes,3,Tier1,Placed
7583,Male,CSE,6.5,0,55,68,2,1,0,23.3,22.8,1.8,69,3.7,No,No,0,None,NotPlaced
7584,Male,ECE,8.5,0,74,83,1,3,0,63.3,47.6,6.8,90,4.5,Yes,Yes,3,Tier1,Placed
7585,Male,IT,6.9,0,55,66,1,1,0,20.0,15.0,1.3,75,3.8,Yes,Yes,0,None,NotPlaced
7586,Female,IT,6.5,1,78,68,1,1,2,20.0,19.1,1.9,84,4.5,No,Yes,0,None,NotPlaced
7587,Male,ECE,8.1,0,84,86,2,3,2,61.3,66.4,6.1,87,4.8,Yes,No,4,Tier1,Placed
7588,Female,ECE,7.5,0,55,66,0,1,1,21.2,13.9,1.9,70,4.4,No,No,0,None,NotPlaced
7589,Male,ECE,6.8,2,62,76,1,2,1,36.7,28.6,2.9,75,4.0,No,Yes,0,None,NotPlaced
7590,Male,ECE,7.9,1,68,88,1,0,3,30.7,29.8,1.0,90,4.8,Yes,Yes,0,None,NotPlaced
7591,Male,CSE,8.2,2,76,84,1,3,0,74.6,47.9,6.7,82,4.7,Yes,Yes,0,None,NotPlaced
7592,Female,EEE,7.7,0,61,71,1,1,0,32.0,32.6,1.4,75,4.0,No,Yes,1,Tier3,Placed
7593,Female,CSE,8.3,0,78,86,2,2,0,53.5,34.4,5.3,81,4.7,Yes,Yes,0,None,NotPlaced
7594,Female,CSE,6.8,1,57,88,0,2,0,28.5,18.3,4.4,78,4.1,No,Yes,0,None,NotPlaced
7595,Male,EEE,7.7,0,59,66,1,1,0,33.4,20.5,2.0,69,4.4,No,No,0,None,NotPlaced
7596,Female,EEE,6.5,0,55,68,2,1,3,20.0,8.3,3.6,83,4.5,Yes,Yes,0,None,NotPlaced
7597,Male,CSE,8.2,0,87,84,1,1,2,40.2,46.3,2.6,89,4.8,Yes,Yes,2,Tier2,Placed
7598,Male,CSE,7.0,1,83,80,1,1,2,22.8,27.6,3.4,83,4.8,Yes,Yes,4,Tier1,Placed
7599,Female,EEE,7.5,2,55,71,1,1,0,26.1,31.6,2.0,66,3.9,No,No,0,None,NotPlaced
7600,Male,Mechanical,7.3,0,61,70,1,1,0,28.6,32.1,1.0,60,3.2,No,No,0,None,NotPlaced
7601,Female,IT,7.3,0,59,58,1,1,0,26.6,24.5,2.2,80,3.8,Yes,Yes,1,Tier3,Placed
7602,Male,EEE,7.0,0,70,65,1,2,1,32.2,27.8,5.2,61,4.0,No,Yes,0,None,NotPlaced
7603,Male,CSE,7.4,0,69,86,1,1,0,34.1,39.7,4.6,86,4.5,Yes,Yes,0,None,NotPlaced
7604,Female,ECE,6.7,1,75,80,1,3,1,34.2,44.8,7.7,86,4.8,Yes,Yes,1,Tier3,Placed
7605,Male,CSE,8.0,0,84,82,0,3,2,56.3,37.4,6.4,90,4.8,Yes,Yes,3,Tier2,Placed
7606,Female,IT,8.0,0,72,63,2,3,2,63.5,71.8,8.4,80,4.8,Yes,No,1,Tier3,Placed
7607,Male,CSE,8.4,0,79,87,1,3,2,64.8,42.9,7.6,90,4.8,Yes,Yes,1,Tier3,Placed
7608,Male,IT,7.6,0,59,65,1,1,0,37.4,28.7,2.3,69,4.0,No,Yes,0,None,NotPlaced
7609,Male,IT,8.2,0,55,62,1,2,0,54.4,46.0,5.8,81,4.4,No,Yes,0,None,NotPlaced
7610,Male,IT,7.5,0,63,64,1,1,0,32.6,30.5,1.1,71,4.0,No,No,0,None,NotPlaced
7611,Male,CSE,8.2,0,74,79,2,1,2,54.0,61.6,3.8,90,4.6,Yes,Yes,3,Tier2,Placed
7612,Male,IT,8.1,0,84,62,0,2,0,42.8,45.0,4.2,77,3.8,Yes,Yes,0,None,NotPlaced
7613,Female,EEE,7.7,0,79,84,1,2,0,52.1,47.0,4.4,80,3.5,Yes,Yes,0,None,NotPlaced
7614,Male,ECE,7.4,0,70,68,1,2,0,37.8,41.4,6.6,74,4.5,No,Yes,2,Tier3,Placed
7615,Male,EEE,8.4,0,80,80,2,3,2,72.6,61.7,7.5,90,4.8,Yes,Yes,3,Tier1,Placed
7616,Male,ECE,7.4,0,55,69,1,1,0,30.8,22.8,3.8,74,3.9,No,Yes,0,None,NotPlaced
7617,Male,IT,7.6,0,56,70,0,2,0,41.3,39.5,4.5,75,3.6,No,No,0,None,NotPlaced
7618,Female,ECE,7.7,0,75,83,1,2,0,46.7,40.5,4.4,81,4.4,No,Yes,0,None,NotPlaced
7619,Female,Civil,7.4,0,87,84,2,3,2,51.8,36.6,6.4,79,4.7,Yes,No,1,Tier3,Placed
7620,Male,CSE,7.7,0,57,67,1,2,0,52.2,53.8,5.0,80,4.0,No,Yes,0,None,NotPlaced
7621,Female,CSE,7.6,0,70,86,0,2,0,22.0,22.5,5.0,84,4.0,Yes,Yes,4,Tier1,Placed
7622,Male,ECE,8.5,0,69,86,1,3,2,75.2,51.8,7.1,90,4.7,Yes,Yes,2,Tier2,Placed
7623,Male,Mechanical,7.5,0,63,64,0,2,0,40.6,28.0,3.7,81,4.1,No,No,0,None,NotPlaced
7624,Female,Civil,7.4,0,66,87,1,1,1,21.8,26.1,2.9,73,4.2,Yes,No,0,None,NotPlaced
7625,Male,ECE,6.5,0,59,67,1,1,0,20.0,29.0,3.0,73,4.0,Yes,No,2,Tier2,Placed
7626,Female,IT,8.3,0,55,64,2,1,2,59.3,52.1,2.1,75,3.9,No,No,0,None,NotPlaced
7627,Female,EEE,7.4,0,55,61,1,2,0,41.8,39.7,3.9,73,4.2,No,No,0,None,NotPlaced
7628,Male,IT,8.7,0,70,88,1,3,2,65.2,46.4,5.4,80,4.1,Yes,Yes,3,Tier1,Placed
7629,Female,ECE,8.4,0,81,82,2,3,2,75.4,61.1,6.5,84,3.7,No,No,0,None,NotPlaced
7630,Female,Mechanical,7.6,0,55,59,0,1,0,35.0,28.6,2.9,75,4.2,Yes,No,0,None,NotPlaced
7631,Male,ECE,8.5,0,69,88,1,3,3,66.1,52.3,3.7,84,4.6,Yes,Yes,2,Tier3,Placed
7632,Male,ECE,7.5,0,73,71,1,1,0,35.2,30.1,0.4,71,3.7,No,Yes,0,None,NotPlaced
7633,Male,IT,7.5,2,55,63,1,1,0,31.2,23.5,1.5,77,4.0,No,Yes,0,None,NotPlaced
7634,Female,ECE,7.6,0,63,69,0,2,0,42.4,42.0,5.3,70,3.8,No,Yes,0,None,NotPlaced
7635,Female,IT,8.1,0,70,61,1,2,0,51.4,36.0,4.6,90,4.5,No,No,0,None,NotPlaced
7636,Male,IT,7.7,0,81,57,1,2,1,42.1,26.3,3.3,80,4.4,No,Yes,0,None,NotPlaced
7637,Male,CSE,7.5,0,73,69,1,1,1,32.8,23.9,2.8,80,4.1,Yes,Yes,0,None,NotPlaced
7638,Male,CSE,8.5,0,72,83,1,2,0,54.3,52.9,6.1,87,4.3,Yes,Yes,3,Tier1,Placed
7639,Male,ECE,7.6,1,59,66,0,1,1,29.3,29.6,1.4,71,4.3,No,No,0,None,NotPlaced
7640,Male,Mechanical,6.5,1,55,62,0,1,1,20.0,5.9,0.9,69,3.9,No,No,0,None,NotPlaced
7641,Male,CSE,8.2,0,83,80,2,3,3,72.3,62.8,7.9,82,4.0,Yes,Yes,1,Tier3,Placed
7642,Male,ECE,6.9,0,78,88,1,2,0,30.2,27.1,6.1,70,4.8,Yes,Yes,0,None,NotPlaced
7643,Male,IT,8.4,0,85,85,2,3,2,64.8,49.6,6.4,84,4.7,Yes,No,0,None,NotPlaced
7644,Male,CSE,7.6,0,80,85,1,2,2,49.8,39.8,5.5,76,4.5,Yes,Yes,2,Tier2,Placed
7645,Male,Civil,7.7,0,76,68,1,1,0,44.2,27.6,2.0,81,4.6,No,Yes,0,None,NotPlaced
7646,Female,Mechanical,8.0,0,77,88,1,2,2,51.6,45.6,4.4,90,4.7,Yes,Yes,0,None,NotPlaced
7647,Male,CSE,8.3,0,84,86,2,3,0,66.2,44.3,8.2,90,4.8,Yes,Yes,3,Tier2,Placed
7648,Male,EEE,8.3,0,86,85,2,3,2,67.3,52.4,6.3,90,4.8,Yes,Yes,2,Tier2,Placed
7649,Male,IT,7.5,0,55,74,1,1,0,32.0,25.1,2.8,61,3.9,No,No,0,None,NotPlaced
7650,Male,Civil,8.3,0,77,85,1,3,2,66.4,60.6,7.1,89,3.4,Yes,Yes,2,Tier2,Placed
7651,Male,IT,6.5,0,66,72,0,1,0,20.0,20.3,1.8,66,4.0,No,Yes,0,None,NotPlaced
7652,Male,CSE,8.6,0,76,85,1,1,2,50.7,49.2,2.4,90,4.7,Yes,Yes,3,Tier2,Placed
7653,Male,EEE,7.3,0,55,71,0,1,1,29.1,17.1,1.0,70,3.9,No,No,0,None,NotPlaced
7654,Female,EEE,8.2,0,83,83,2,3,2,69.3,55.5,6.8,87,4.8,Yes,Yes,2,Tier2,Placed
7655,Female,CSE,8.5,0,58,73,1,1,2,47.7,44.7,1.5,78,4.5,No,Yes,0,None,NotPlaced
7656,Female,EEE,7.7,0,55,71,0,2,0,41.5,45.6,4.1,74,4.2,No,Yes,0,None,NotPlaced
7657,Female,CSE,8.4,0,71,64,1,3,2,67.8,45.5,5.8,80,4.5,Yes,Yes,0,None,NotPlaced
7658,Female,Mechanical,8.6,0,87,66,1,1,2,51.4,37.4,2.8,90,4.7,Yes,Yes,3,Tier1,Placed
7659,Male,CSE,7.3,1,74,86,0,2,2,38.0,38.4,5.4,86,4.8,Yes,Yes,2,Tier2,Placed
7660,Male,Mechanical,8.3,0,74,74,0,3,3,60.7,63.4,6.3,89,4.8,Yes,Yes,3,Tier1,Placed
7661,Male,ECE,6.5,0,55,73,1,1,0,20.0,22.2,2.7,66,3.9,No,No,0,None,NotPlaced
7662,Male,ECE,6.8,1,55,69,0,1,0,20.0,11.6,2.8,72,4.2,No,No,0,None,NotPlaced
7663,Female,Civil,8.3,0,74,83,0,3,2,62.2,42.9,5.8,90,4.5,Yes,Yes,2,Tier3,Placed
7664,Male,Civil,8.5,0,79,75,1,2,0,60.6,50.8,4.2,81,4.4,Yes,Yes,2,Tier2,Placed
7665,Male,EEE,6.5,0,55,74,1,1,1,20.0,23.3,0.7,71,4.5,No,No,0,None,NotPlaced
7666,Male,CSE,7.9,0,72,84,2,3,2,67.3,52.8,7.4,83,4.5,Yes,Yes,0,None,NotPlaced
7667,Male,ECE,6.7,0,55,69,0,1,1,20.0,11.8,2.1,71,4.2,No,No,0,None,NotPlaced
7668,Female,ECE,8.1,0,76,69,1,1,0,38.7,42.2,1.4,70,4.3,Yes,Yes,0,None,NotPlaced
7669,Female,ECE,7.5,0,55,67,0,2,0,39.9,31.4,3.3,70,4.1,No,Yes,0,None,NotPlaced
7670,Male,EEE,6.7,0,55,67,0,2,1,32.1,33.1,4.3,71,3.7,No,No,0,None,NotPlaced
7671,Female,CSE,8.4,0,72,84,2,3,2,76.4,47.4,7.1,90,4.8,Yes,Yes,3,Tier2,Placed
7672,Male,EEE,6.7,1,56,62,2,1,0,31.3,38.5,3.2,78,4.4,No,Yes,0,None,NotPlaced
7673,Female,EEE,6.5,1,56,64,1,1,1,20.0,15.3,0.8,75,3.8,No,Yes,0,None,NotPlaced
7674,Male,CSE,6.5,1,75,74,1,2,0,20.0,31.1,5.0,71,4.0,Yes,Yes,0,None,NotPlaced
7675,Male,ECE,7.7,1,79,70,1,3,2,55.3,51.5,6.0,88,4.5,Yes,Yes,0,None,NotPlaced
7676,Male,EEE,7.3,0,84,62,0,3,1,44.8,27.3,6.1,82,3.8,No,No,0,None,NotPlaced
7677,Female,ECE,7.6,0,55,61,0,1,2,23.4,24.8,1.8,72,3.7,No,No,0,None,NotPlaced
7678,Female,CSE,6.8,0,78,67,1,1,1,20.0,33.8,2.3,73,3.9,No,Yes,0,None,NotPlaced
7679,Male,ECE,7.6,0,73,82,1,2,3,42.9,32.5,4.6,81,4.6,Yes,Yes,0,None,NotPlaced
7680,Male,IT,6.5,0,56,61,1,2,0,20.0,32.8,4.8,61,4.0,No,No,0,None,NotPlaced
7681,Female,ECE,6.9,0,55,61,1,1,1,20.0,23.7,1.3,74,4.1,No,Yes,0,None,NotPlaced
7682,Male,Mechanical,6.8,0,59,67,1,1,0,23.2,33.6,1.0,74,4.3,No,Yes,3,Tier2,Placed
7683,Male,EEE,7.4,0,84,87,1,1,0,33.3,32.0,3.2,82,4.7,Yes,Yes,0,None,NotPlaced
7684,Male,CSE,8.2,0,76,82,2,3,1,72.0,57.5,8.9,90,3.9,Yes,Yes,2,Tier2,Placed
7685,Male,ECE,7.9,0,74,87,0,2,0,45.7,54.0,3.5,81,4.5,Yes,Yes,0,None,NotPlaced
7686,Female,Civil,6.7,0,71,83,1,2,1,20.6,27.5,3.9,81,4.5,Yes,Yes,2,Tier3,Placed
7687,Female,CSE,8.2,0,77,68,1,1,0,49.1,38.9,3.2,71,4.4,Yes,Yes,0,None,NotPlaced
7688,Male,Mechanical,7.6,0,62,71,1,1,1,30.2,30.9,3.1,71,3.8,No,No,0,None,NotPlaced
7689,Male,EEE,7.3,0,58,70,1,3,0,43.4,32.3,6.3,71,4.5,No,No,0,None,NotPlaced
7690,Female,EEE,8.4,0,71,79,1,2,2,53.8,45.1,4.4,73,4.3,Yes,No,3,Tier1,Placed
7691,Male,IT,7.6,0,68,63,1,1,0,31.9,39.4,2.4,83,4.1,No,No,0,None,NotPlaced
7692,Female,IT,6.5,1,55,62,0,1,1,20.0,19.0,2.5,70,4.4,No,Yes,0,None,NotPlaced
7693,Male,Mechanical,8.3,0,56,65,1,1,1,46.7,32.4,1.3,75,4.8,No,No,0,None,NotPlaced
7694,Male,IT,8.2,0,66,83,2,1,2,47.6,33.7,3.8,90,4.5,Yes,No,0,None,NotPlaced
7695,Female,CSE,7.4,0,75,65,1,1,1,36.7,33.5,3.0,80,4.2,Yes,Yes,3,Tier2,Placed
7696,Female,ECE,8.1,0,70,82,2,3,0,65.4,46.4,5.3,79,4.8,Yes,Yes,0,None,NotPlaced
7697,Male,CSE,7.5,1,68,83,0,3,0,41.4,24.1,6.9,73,4.5,Yes,No,0,None,NotPlaced
7698,Female,Mechanical,6.6,1,56,70,0,1,1,20.0,10.8,1.4,71,3.4,No,No,0,None,NotPlaced
7699,Male,ECE,7.6,0,63,60,1,2,1,33.6,39.1,5.3,69,4.2,No,No,0,None,NotPlaced
7700,Male,Mechanical,7.5,0,61,84,1,2,1,39.9,34.4,2.7,85,4.8,No,Yes,0,None,NotPlaced
7701,Female,EEE,8.2,0,76,81,1,2,0,48.1,42.1,3.5,88,4.3,No,No,2,Tier2,Placed
7702,Female,CSE,8.4,1,74,85,1,1,2,54.6,37.3,3.3,76,4.6,Yes,Yes,0,None,NotPlaced
7703,Male,IT,8.5,0,85,88,2,3,2,74.1,55.3,9.4,90,4.8,Yes,Yes,2,Tier2,Placed
7704,Male,Mechanical,6.8,0,62,83,1,1,0,26.8,20.5,5.0,74,4.0,Yes,No,0,None,NotPlaced
7705,Male,ECE,6.5,1,74,76,1,3,1,30.1,25.7,7.0,76,4.6,Yes,Yes,1,Tier3,Placed
7706,Male,Civil,8.0,0,79,70,1,2,0,47.4,26.9,4.3,78,4.8,No,Yes,0,None,NotPlaced
7707,Male,EEE,8.4,0,75,84,1,1,2,41.6,45.5,3.6,85,4.8,Yes,Yes,2,Tier2,Placed
7708,Female,CSE,6.6,1,80,85,1,1,1,20.0,21.5,2.0,85,4.1,Yes,Yes,0,None,NotPlaced
7709,Male,Mechanical,8.2,0,78,83,2,3,0,61.5,50.5,7.0,65,4.3,Yes,Yes,4,Tier1,Placed
7710,Female,CSE,7.7,0,71,82,1,1,2,35.0,39.3,4.4,83,4.5,Yes,Yes,3,Tier1,Placed
7711,Male,CSE,8.3,0,79,86,2,3,1,78.4,69.2,7.1,85,4.8,Yes,Yes,4,Tier1,Placed
7712,Male,Mechanical,6.5,1,60,67,1,1,0,20.0,15.4,3.9,67,4.0,No,No,0,None,NotPlaced
7713,Male,Mechanical,8.4,0,75,72,1,3,2,68.9,60.0,6.6,77,4.5,Yes,Yes,0,None,NotPlaced
7714,Male,ECE,8.3,0,71,80,1,3,0,69.7,61.1,6.9,84,4.6,Yes,Yes,3,Tier2,Placed
7715,Male,IT,6.5,0,77,72,1,2,1,25.5,27.9,4.9,84,4.7,Yes,Yes,0,None,NotPlaced
7716,Female,IT,7.6,0,55,69,0,2,0,45.9,48.2,2.7,84,4.4,No,Yes,0,None,NotPlaced
7717,Male,ECE,7.4,1,73,68,0,2,1,31.0,34.0,5.1,66,3.7,No,No,0,None,NotPlaced
7718,Female,IT,8.2,0,58,63,1,2,2,53.1,49.2,4.7,69,4.0,Yes,No,0,None,NotPlaced
7719,Male,IT,6.5,0,62,63,1,2,0,20.0,32.2,4.3,81,3.5,No,Yes,2,Tier2,Placed
7720,Female,ECE,8.8,0,61,67,1,2,0,66.8,53.8,4.4,76,4.2,Yes,No,0,None,NotPlaced
7721,Male,Mechanical,8.5,0,73,83,1,0,2,44.3,38.4,2.7,77,4.6,Yes,Yes,2,Tier2,Placed
7722,Female,IT,8.3,0,74,60,1,2,0,48.2,47.3,6.2,78,4.6,Yes,Yes,0,None,NotPlaced
7723,Male,CSE,8.0,0,80,85,0,3,2,50.7,42.2,7.1,90,4.8,Yes,Yes,3,Tier2,Placed
7724,Female,EEE,8.5,0,69,85,2,3,0,81.2,68.4,5.8,86,4.6,Yes,Yes,3,Tier2,Placed
7725,Female,ECE,8.5,0,84,81,1,3,2,70.2,52.8,7.7,90,4.8,Yes,Yes,3,Tier1,Placed
7726,Male,Mechanical,8.1,0,70,85,1,3,2,64.6,34.3,7.1,81,4.5,No,Yes,0,None,NotPlaced
7727,Male,CSE,8.6,0,88,85,1,3,2,70.4,62.2,6.1,90,4.6,Yes,Yes,3,Tier1,Placed
7728,Male,CSE,8.2,0,81,87,2,3,2,58.6,36.7,6.9,90,4.7,Yes,No,3,Tier1,Placed
7729,Female,ECE,7.5,0,58,69,0,1,0,27.4,21.0,3.1,82,4.1,Yes,Yes,0,None,NotPlaced
7730,Male,ECE,8.3,0,75,86,2,3,0,75.2,67.3,8.1,90,4.8,Yes,Yes,3,Tier2,Placed
7731,Male,ECE,7.7,0,56,66,1,1,2,31.1,35.5,1.8,79,3.9,No,Yes,0,None,NotPlaced
7732,Male,EEE,7.4,0,61,69,1,1,1,34.7,40.3,4.0,73,4.8,Yes,Yes,0,None,NotPlaced
7733,Male,CSE,8.3,0,79,88,2,3,2,61.5,35.0,6.2,90,4.8,Yes,Yes,2,Tier2,Placed
7734,Female,ECE,7.4,0,57,66,1,1,0,31.1,30.9,0.9,75,4.5,No,Yes,2,Tier3,Placed
7735,Male,ECE,8.3,0,87,85,1,2,1,59.7,46.0,6.8,70,4.8,Yes,Yes,2,Tier2,Placed
7736,Male,ECE,6.6,1,64,71,0,1,1,20.0,27.7,1.7,64,4.6,Yes,Yes,0,None,NotPlaced
7737,Female,ECE,7.8,0,64,67,1,2,1,59.4,59.3,4.2,66,3.7,Yes,Yes,0,None,NotPlaced
7738,Male,ECE,6.6,0,55,71,0,3,1,23.5,14.1,6.8,90,4.4,No,Yes,0,None,NotPlaced
7739,Female,IT,7.7,0,78,65,0,3,1,45.1,38.4,6.5,74,4.3,Yes,Yes,0,None,NotPlaced
7740,Male,IT,7.4,0,55,63,1,1,0,32.0,36.3,1.4,80,3.4,No,No,0,None,NotPlaced
7741,Male,IT,7.5,1,68,71,2,3,1,50.2,39.5,6.8,79,4.4,Yes,Yes,4,Tier1,Placed
7742,Male,CSE,8.4,0,76,86,1,3,3,59.8,63.9,4.8,90,4.8,Yes,Yes,3,Tier2,Placed
7743,Female,ECE,8.7,0,71,69,1,1,0,51.5,40.5,4.1,85,3.8,Yes,Yes,0,None,NotPlaced
7744,Male,EEE,8.4,0,76,85,1,2,0,62.8,48.9,5.2,82,4.5,Yes,Yes,0,None,NotPlaced
7745,Male,IT,8.0,0,70,81,1,2,1,49.5,33.3,4.2,80,4.7,Yes,Yes,0,None,NotPlaced
7746,Male,CSE,7.5,0,55,69,0,1,1,36.5,33.1,0.3,70,3.9,No,Yes,0,None,NotPlaced
7747,Male,Civil,6.5,0,62,68,0,2,0,20.0,0.0,2.6,74,4.5,No,No,0,None,NotPlaced
7748,Female,IT,6.7,1,55,65,0,1,1,20.0,18.9,0.4,76,3.9,No,Yes,0,None,NotPlaced
7749,Male,CSE,7.4,1,55,72,0,1,0,28.6,36.7,2.2,73,4.4,No,No,0,None,NotPlaced
7750,Female,IT,8.4,0,77,79,2,3,1,69.7,45.1,7.2,83,4.4,Yes,Yes,0,None,NotPlaced
7751,Male,EEE,8.0,0,79,78,1,3,0,54.6,32.4,7.6,79,4.3,Yes,Yes,0,None,NotPlaced
7752,Female,CSE,8.7,0,72,79,2,3,0,69.3,64.8,7.7,82,4.1,Yes,Yes,3,Tier1,Placed
7753,Male,ECE,7.5,1,62,69,1,2,0,43.8,47.8,5.6,79,4.4,Yes,No,0,None,NotPlaced
7754,Male,ECE,7.4,1,55,70,1,2,1,45.0,28.0,5.5,82,3.9,No,Yes,0,None,NotPlaced
7755,Male,CSE,7.7,0,65,69,0,2,0,32.1,43.3,5.2,77,4.1,No,No,0,None,NotPlaced
7756,Female,IT,7.6,0,70,75,0,3,0,44.1,42.0,8.0,85,4.7,Yes,Yes,1,Tier3,Placed
7757,Male,EEE,7.5,0,76,71,0,3,1,40.7,43.5,7.2,74,4.8,Yes,Yes,0,None,NotPlaced
7758,Female,ECE,8.1,0,75,73,1,3,0,63.8,45.2,7.7,76,4.0,Yes,Yes,4,Tier1,Placed
7759,Female,CSE,8.4,0,78,66,0,3,0,60.4,62.3,6.6,90,4.8,Yes,Yes,2,Tier3,Placed
7760,Male,CSE,7.5,0,75,70,1,1,1,39.6,31.0,2.8,60,4.8,Yes,Yes,0,None,NotPlaced
7761,Male,ECE,8.0,0,73,88,1,3,0,57.1,45.2,8.7,86,4.2,Yes,Yes,4,Tier1,Placed
7762,Male,EEE,7.5,0,57,67,1,1,0,26.8,28.6,1.4,67,4.1,No,No,0,None,NotPlaced
7763,Male,ECE,6.5,0,55,61,1,2,1,20.0,17.1,3.4,69,4.3,No,No,0,None,NotPlaced
7764,Female,ECE,8.4,0,62,85,0,1,2,44.2,26.0,2.6,80,4.0,Yes,Yes,2,Tier3,Placed
7765,Female,CSE,7.7,0,72,79,2,3,3,60.6,51.0,6.5,84,4.2,Yes,Yes,0,None,NotPlaced
7766,Male,IT,8.0,0,72,88,1,3,0,57.1,45.5,6.5,90,4.8,Yes,Yes,3,Tier2,Placed
7767,Male,CSE,6.5,0,55,70,1,3,2,31.2,23.3,7.2,85,4.8,Yes,Yes,0,None,NotPlaced
7768,Male,Mechanical,6.8,0,67,61,0,1,0,20.0,29.3,2.3,60,3.9,No,No,0,None,NotPlaced
7769,Male,ECE,7.4,0,78,86,1,3,0,45.5,57.7,6.9,75,4.6,No,No,0,None,NotPlaced
7770,Female,EEE,7.7,0,58,67,1,1,1,33.1,22.4,4.2,73,4.0,No,Yes,0,None,NotPlaced
7771,Male,EEE,8.1,0,64,64,1,1,0,40.8,37.7,2.6,84,3.7,Yes,No,0,None,NotPlaced
7772,Female,EEE,7.9,0,55,63,2,1,0,52.4,40.2,2.9,75,3.4,Yes,Yes,0,None,NotPlaced
7773,Male,CSE,8.5,0,66,85,1,2,3,57.4,65.4,3.2,77,4.8,Yes,Yes,0,None,NotPlaced
7774,Male,CSE,8.3,0,55,67,1,2,0,55.3,49.4,2.7,75,3.8,No,Yes,0,None,NotPlaced
7775,Male,Civil,6.6,0,62,69,1,3,1,36.2,39.9,5.9,79,3.2,No,Yes,0,None,NotPlaced
7776,Male,ECE,8.6,0,85,81,2,3,2,79.8,73.4,7.5,90,4.8,Yes,Yes,3,Tier1,Placed
7777,Male,EEE,8.1,0,81,88,1,3,2,69.2,57.3,7.5,87,4.5,Yes,Yes,3,Tier2,Placed
7778,Female,CSE,6.5,1,62,68,1,2,0,23.4,21.7,4.6,76,3.8,No,Yes,0,None,NotPlaced
7779,Female,IT,8.4,0,69,76,1,1,1,48.0,52.4,4.3,74,3.8,Yes,No,0,None,NotPlaced
7780,Male,EEE,8.1,0,73,83,1,3,2,71.3,63.2,8.7,78,3.7,Yes,Yes,2,Tier2,Placed
7781,Male,CSE,8.1,0,78,85,1,3,0,63.9,45.8,5.8,87,4.1,No,Yes,4,Tier1,Placed
7782,Male,ECE,8.0,0,77,88,1,3,2,58.2,43.0,6.2,90,4.8,Yes,Yes,1,Tier3,Placed
7783,Female,ECE,7.4,1,55,69,0,1,1,26.3,22.5,2.7,80,4.2,No,No,0,None,NotPlaced
7784,Male,CSE,8.2,0,71,81,1,3,2,63.9,62.1,7.9,90,4.4,Yes,Yes,3,Tier2,Placed
7785,Female,CSE,8.4,0,85,67,0,3,1,60.8,62.1,7.1,86,4.0,Yes,Yes,0,None,NotPlaced
7786,Male,IT,7.3,0,69,73,0,1,2,20.0,37.9,1.8,74,4.0,No,No,0,None,NotPlaced
7787,Male,CSE,6.7,0,64,72,1,1,1,25.1,19.2,1.5,81,4.1,No,No,0,None,NotPlaced
7788,Female,EEE,6.5,0,59,76,0,2,1,20.0,21.6,4.0,72,3.0,No,Yes,0,None,NotPlaced
7789,Male,IT,6.5,1,64,70,0,1,3,20.0,17.6,3.7,76,4.4,Yes,No,0,None,NotPlaced
7790,Male,CSE,7.9,0,61,63,2,1,1,56.4,44.3,1.3,70,4.7,No,No,0,None,NotPlaced
7791,Male,Mechanical,7.4,0,55,65,1,1,0,27.6,32.2,1.2,60,4.2,No,Yes,0,None,NotPlaced
7792,Male,ECE,7.3,1,69,72,1,1,1,32.3,28.6,2.6,71,4.4,No,Yes,0,None,NotPlaced
7793,Male,ECE,6.5,0,69,68,1,3,0,25.0,34.7,5.2,74,4.0,No,Yes,2,Tier3,Placed
7794,Female,EEE,6.5,0,78,62,1,1,0,20.0,15.8,2.2,66,4.2,No,No,0,None,NotPlaced
7795,Female,Mechanical,8.2,0,83,82,2,3,2,69.0,62.3,7.1,90,4.8,Yes,Yes,2,Tier2,Placed
7796,Male,CSE,8.5,0,83,85,2,3,2,78.0,59.2,7.0,90,4.8,Yes,Yes,4,Tier1,Placed
7797,Female,IT,7.8,1,81,87,2,3,2,66.0,39.6,6.4,90,4.8,Yes,No,0,None,NotPlaced
7798,Male,ECE,7.5,0,55,64,1,1,0,30.1,19.7,3.7,76,4.7,No,No,0,None,NotPlaced
7799,Male,IT,7.5,1,76,70,1,1,0,40.1,36.4,2.4,82,4.1,No,No,0,None,NotPlaced
7800,Male,Mechanical,6.9,1,62,76,1,3,0,44.4,53.7,6.5,81,4.6,Yes,Yes,2,Tier3,Placed
7801,Male,Civil,8.6,0,72,86,2,3,2,74.8,56.8,7.3,90,4.8,Yes,Yes,4,Tier1,Placed
7802,Male,Mechanical,8.5,0,87,84,2,3,1,74.0,58.0,8.8,84,4.4,Yes,Yes,2,Tier2,Placed
7803,Female,CSE,8.5,0,78,68,2,3,2,71.5,61.6,7.1,85,4.7,Yes,Yes,2,Tier2,Placed
7804,Male,CSE,8.1,0,69,85,1,2,1,51.5,39.0,6.5,86,4.8,Yes,Yes,1,Tier3,Placed
7805,Male,Civil,6.6,0,74,69,2,3,1,30.0,24.8,4.9,85,4.1,No,No,0,None,NotPlaced
7806,Male,IT,8.2,0,67,86,1,1,2,50.9,43.3,2.1,79,4.7,Yes,Yes,4,Tier1,Placed
7807,Female,IT,6.5,0,61,79,1,1,1,20.0,16.4,0.0,65,3.0,No,No,0,None,NotPlaced
7808,Female,EEE,7.5,0,55,66,1,2,3,37.5,18.6,6.0,73,3.5,No,Yes,0,None,NotPlaced
7809,Male,IT,7.4,0,66,65,1,1,1,30.8,23.5,1.3,79,4.4,Yes,Yes,0,None,NotPlaced
7810,Male,IT,7.2,0,57,77,1,1,0,33.5,33.9,2.2,61,4.4,No,Yes,0,None,NotPlaced
7811,Male,Mechanical,7.6,0,58,59,1,1,0,32.3,34.2,3.7,71,4.1,No,Yes,0,None,NotPlaced
7812,Male,CSE,8.4,0,59,66,1,1,1,53.1,55.0,3.0,79,4.1,No,No,0,None,NotPlaced
7813,Male,CSE,7.7,1,82,86,2,3,0,57.6,57.5,7.4,79,3.9,Yes,Yes,1,Tier3,Placed
7814,Male,CSE,7.7,1,55,80,2,3,0,62.7,44.8,8.3,90,4.6,Yes,No,0,None,NotPlaced
7815,Male,ECE,8.1,0,71,81,2,2,1,59.9,42.8,4.3,76,4.8,Yes,Yes,0,None,NotPlaced
7816,Male,CSE,8.5,0,75,81,1,3,2,73.2,53.7,7.5,90,4.7,Yes,Yes,4,Tier1,Placed
7817,Male,IT,7.6,0,87,71,1,3,2,48.2,40.6,6.9,90,4.5,Yes,No,3,Tier1,Placed
7818,Female,EEE,7.4,0,69,83,1,3,1,41.9,32.2,5.9,87,4.6,No,No,0,None,NotPlaced
7819,Female,Mechanical,6.6,1,68,64,1,1,0,20.0,19.3,3.2,74,4.7,Yes,No,0,None,NotPlaced
7820,Male,CSE,8.3,0,87,81,2,3,2,67.6,48.4,8.2,90,4.8,Yes,Yes,0,None,NotPlaced
7821,Male,EEE,8.3,0,75,83,2,3,0,70.2,63.1,8.6,85,4.8,Yes,Yes,2,Tier2,Placed
7822,Male,CSE,8.0,0,80,87,2,3,2,65.6,46.4,6.7,90,4.8,Yes,Yes,2,Tier2,Placed
7823,Male,ECE,8.3,0,65,83,1,3,1,71.2,49.1,5.9,81,4.8,Yes,Yes,0,None,NotPlaced
7824,Female,IT,7.8,1,71,81,1,2,0,50.9,46.9,4.2,79,4.4,Yes,Yes,0,None,NotPlaced
7825,Male,CSE,6.9,1,58,85,0,1,2,20.0,26.3,4.9,72,4.8,Yes,Yes,1,Tier3,Placed
7826,Female,EEE,7.8,1,60,70,1,1,1,33.3,27.5,3.5,67,3.5,No,No,0,None,NotPlaced
7827,Female,CSE,8.8,0,81,79,2,3,2,88.5,77.0,5.9,90,4.7,Yes,Yes,3,Tier2,Placed
7828,Male,CSE,7.5,0,55,70,0,2,0,28.1,32.1,5.7,67,3.1,No,No,0,None,NotPlaced
7829,Male,ECE,7.0,0,62,81,0,1,3,20.0,36.9,1.3,86,4.2,No,Yes,0,None,NotPlaced
7830,Male,ECE,8.4,0,59,65,1,1,0,54.2,50.6,3.7,75,3.7,Yes,No,0,None,NotPlaced
7831,Male,IT,6.5,0,77,69,1,1,1,21.2,35.5,1.3,78,4.3,No,Yes,0,None,NotPlaced
7832,Male,IT,7.4,0,77,88,1,2,2,38.1,34.4,6.2,80,3.9,No,Yes,2,Tier2,Placed
7833,Male,CSE,7.6,0,62,78,1,1,2,35.1,43.1,1.4,81,3.9,No,Yes,0,None,NotPlaced
7834,Female,ECE,6.5,2,76,72,1,2,0,20.0,32.4,3.0,78,4.7,No,Yes,0,None,NotPlaced
7835,Male,ECE,6.5,1,55,74,1,3,1,29.6,26.4,6.5,76,4.1,Yes,Yes,0,None,NotPlaced
7836,Male,IT,6.5,1,66,74,1,1,0,20.0,15.5,4.6,78,4.4,No,Yes,0,None,NotPlaced
7837,Male,CSE,8.5,0,78,85,1,2,2,57.2,43.2,5.3,81,3.8,Yes,Yes,0,None,NotPlaced
7838,Female,ECE,6.5,0,64,68,1,1,0,20.0,24.3,1.0,78,4.4,No,No,0,None,NotPlaced
7839,Male,Mechanical,7.4,0,71,83,1,3,2,44.8,30.3,6.2,90,4.0,Yes,Yes,2,Tier2,Placed
7840,Female,EEE,7.7,0,71,59,1,1,1,41.6,31.9,0.3,71,4.2,No,No,0,None,NotPlaced
7841,Male,Mechanical,7.7,1,65,72,1,1,1,36.2,41.9,2.5,78,4.8,No,No,0,None,NotPlaced
7842,Male,CSE,6.5,2,69,71,1,3,1,22.2,27.2,5.7,70,4.2,Yes,Yes,0,None,NotPlaced
7843,Male,Civil,7.9,0,87,82,2,3,2,67.8,35.5,8.1,76,4.5,Yes,No,3,Tier2,Placed
7844,Male,IT,8.0,0,85,85,2,3,2,57.4,36.6,7.8,79,4.8,Yes,Yes,3,Tier2,Placed
7845,Female,Civil,8.6,0,87,82,2,2,1,65.0,69.7,4.9,77,4.5,Yes,Yes,0,None,NotPlaced
7846,Male,CSE,7.5,0,59,66,0,1,1,27.0,35.8,3.2,83,4.4,No,Yes,0,None,NotPlaced
7847,Female,IT,8.4,0,78,81,0,1,0,51.0,38.6,2.9,84,4.8,No,Yes,3,Tier2,Placed
7848,Male,ECE,7.2,0,81,82,2,3,0,45.4,27.6,7.2,86,4.8,Yes,Yes,2,Tier3,Placed
7849,Male,ECE,6.9,1,55,63,0,1,0,20.0,11.0,1.2,78,4.5,No,Yes,0,None,NotPlaced
7850,Male,EEE,8.0,0,55,66,1,3,0,59.8,53.3,6.4,82,3.8,No,No,0,None,NotPlaced
7851,Male,Mechanical,6.9,1,55,70,0,1,0,20.0,36.2,2.4,71,3.6,No,No,0,None,NotPlaced
7852,Female,Civil,7.9,0,60,72,0,2,1,41.7,51.0,5.5,72,4.3,Yes,Yes,0,None,NotPlaced
7853,Female,ECE,8.4,0,83,86,1,1,2,52.1,32.0,3.1,90,4.8,Yes,Yes,2,Tier3,Placed
7854,Male,IT,8.4,0,75,87,1,3,2,61.0,48.4,7.3,90,4.8,Yes,Yes,3,Tier2,Placed
7855,Male,CSE,6.7,2,75,83,1,2,1,20.0,14.8,5.3,85,4.8,Yes,Yes,2,Tier3,Placed
7856,Male,Civil,8.0,0,81,88,0,3,2,64.7,54.1,8.4,86,4.3,Yes,Yes,2,Tier3,Placed
7857,Male,ECE,8.3,0,73,84,1,3,0,65.5,42.8,5.7,84,4.4,Yes,Yes,0,None,NotPlaced
7858,Male,EEE,8.1,0,66,73,1,3,1,61.9,46.0,6.0,78,4.1,Yes,Yes,0,None,NotPlaced
7859,Male,ECE,6.8,0,69,68,1,2,0,23.1,16.3,4.1,79,4.0,No,Yes,0,None,NotPlaced
7860,Male,ECE,7.5,0,75,82,1,3,0,53.5,48.7,6.2,78,4.5,Yes,Yes,0,None,NotPlaced
7861,Male,Mechanical,7.7,0,86,64,1,1,0,34.3,26.6,3.2,74,4.2,Yes,Yes,0,None,NotPlaced
7862,Male,CSE,8.0,0,78,85,2,3,2,50.1,39.8,5.9,86,4.8,Yes,Yes,3,Tier2,Placed
7863,Male,IT,7.5,1,63,63,1,2,1,38.2,38.2,3.0,82,4.0,No,No,0,None,NotPlaced
7864,Male,CSE,6.6,1,59,87,1,3,1,29.6,41.2,8.1,82,4.6,No,Yes,0,None,NotPlaced
7865,Male,Mechanical,6.5,0,55,69,1,1,1,20.0,37.1,1.8,69,4.3,No,No,0,None,NotPlaced
7866,Female,CSE,8.3,0,75,83,1,2,2,56.0,50.9,3.8,89,4.8,Yes,Yes,2,Tier2,Placed
7867,Male,CSE,6.8,0,60,68,1,1,0,20.0,19.7,1.9,71,4.4,No,No,0,None,NotPlaced
7868,Male,IT,8.1,0,62,67,1,1,1,41.3,46.5,3.0,79,4.5,No,No,0,None,NotPlaced
7869,Male,IT,8.9,0,73,81,1,3,0,75.5,69.8,8.2,85,4.8,Yes,Yes,3,Tier1,Placed
7870,Male,IT,8.3,0,77,81,2,3,2,61.8,58.4,5.5,90,4.7,Yes,Yes,2,Tier3,Placed
7871,Female,CSE,8.5,0,71,79,2,3,2,64.2,40.0,6.2,86,4.7,Yes,Yes,2,Tier2,Placed
7872,Male,Civil,7.8,0,69,66,1,1,0,39.5,44.8,2.2,83,3.8,No,Yes,0,None,NotPlaced
7873,Female,Civil,8.2,0,61,84,1,1,0,47.6,43.4,3.0,80,3.9,Yes,Yes,0,None,NotPlaced
7874,Female,CSE,7.9,2,80,88,1,2,2,53.4,38.1,3.4,87,3.6,Yes,No,3,Tier2,Placed
7875,Male,EEE,7.6,1,79,86,0,1,0,28.7,22.2,0.6,83,4.0,No,Yes,0,None,NotPlaced
7876,Male,EEE,7.3,0,55,70,0,1,0,20.0,25.4,0.9,75,3.4,No,No,0,None,NotPlaced
7877,Female,IT,6.6,2,66,70,0,2,0,20.0,0.0,2.2,68,3.8,No,No,0,None,NotPlaced
7878,Male,CSE,8.5,0,78,70,1,2,0,56.5,46.4,4.5,87,4.0,Yes,Yes,2,Tier2,Placed
7879,Male,ECE,8.3,0,74,68,1,1,0,51.1,37.1,3.2,73,3.6,No,Yes,0,None,NotPlaced
7880,Male,ECE,7.4,0,60,67,1,2,1,46.2,32.9,3.3,73,4.0,No,Yes,0,None,NotPlaced
7881,Male,IT,8.4,0,87,78,0,1,0,46.3,36.0,4.1,80,4.5,Yes,Yes,0,None,NotPlaced
7882,Male,EEE,8.5,0,70,71,2,1,0,51.9,32.0,2.0,83,4.7,No,Yes,0,None,NotPlaced
7883,Male,ECE,6.5,2,55,62,1,1,0,20.0,28.4,1.8,66,4.1,No,No,0,None,NotPlaced
7884,Female,ECE,7.5,0,81,86,1,3,1,44.8,22.2,5.3,87,4.6,Yes,Yes,1,Tier3,Placed
7885,Male,CSE,8.4,0,67,82,2,3,2,70.0,58.5,8.2,90,4.8,Yes,Yes,2,Tier3,Placed
7886,Female,ECE,7.6,0,75,70,1,3,2,56.6,39.3,7.1,72,4.8,Yes,Yes,0,None,NotPlaced
7887,Male,IT,8.2,0,73,88,2,3,2,74.0,75.8,5.4,90,4.8,Yes,Yes,1,Tier3,Placed
7888,Male,ECE,6.5,0,70,75,1,3,2,28.1,27.4,6.4,84,4.5,No,Yes,2,Tier3,Placed
7889,Male,ECE,8.5,0,83,86,2,3,2,74.9,43.5,6.4,90,4.8,Yes,Yes,2,Tier2,Placed
7890,Male,EEE,7.6,0,55,72,1,1,1,31.0,32.6,2.1,73,3.7,No,No,0,None,NotPlaced
7891,Male,IT,7.6,0,56,67,1,1,1,26.5,15.7,2.2,66,3.8,No,No,0,None,NotPlaced
7892,Male,ECE,8.1,0,85,88,2,3,2,74.9,68.4,8.2,90,4.8,Yes,Yes,2,Tier3,Placed
7893,Female,Civil,7.3,0,77,85,1,3,2,33.4,36.4,5.9,90,4.5,Yes,Yes,2,Tier3,Placed
7894,Male,EEE,6.6,0,78,76,2,3,0,26.8,37.5,7.6,77,4.4,Yes,Yes,1,Tier3,Placed
7895,Male,CSE,8.9,0,73,83,2,3,2,91.0,73.1,8.3,88,4.8,Yes,Yes,0,None,NotPlaced
7896,Female,ECE,7.9,0,82,87,2,2,1,54.1,52.5,7.5,90,4.8,Yes,Yes,2,Tier2,Placed
7897,Female,CSE,7.7,0,73,84,1,2,0,39.4,35.8,6.0,87,4.0,Yes,Yes,3,Tier2,Placed
7898,Male,Mechanical,7.1,0,66,64,1,1,1,28.4,20.9,2.4,64,4.5,No,No,0,None,NotPlaced
7899,Male,ECE,7.6,0,69,69,1,2,0,46.9,48.6,4.3,80,4.6,No,Yes,0,None,NotPlaced
7900,Female,IT,7.9,1,55,72,1,3,0,50.3,31.8,8.6,71,3.9,Yes,Yes,0,None,NotPlaced
7901,Male,CSE,7.6,0,55,65,1,2,1,40.3,33.9,3.7,67,3.9,No,No,0,None,NotPlaced
7902,Male,IT,8.0,0,75,83,1,2,0,55.4,42.3,5.8,90,4.5,Yes,Yes,0,None,NotPlaced
7903,Male,Mechanical,7.4,0,78,79,2,1,0,31.9,35.6,5.2,73,4.1,Yes,Yes,0,None,NotPlaced
7904,Female,CSE,6.5,2,62,69,0,1,1,20.0,12.5,1.9,68,3.5,No,Yes,0,None,NotPlaced
7905,Male,IT,8.1,0,83,79,2,3,2,73.1,55.4,5.0,83,4.3,Yes,Yes,3,Tier2,Placed
7906,Female,Mechanical,8.2,0,77,85,1,3,2,51.0,43.5,6.1,83,4.4,Yes,Yes,4,Tier1,Placed
7907,Male,IT,7.9,0,58,70,1,2,1,47.3,52.2,4.3,80,4.3,No,No,0,None,NotPlaced
7908,Female,IT,7.8,0,85,82,2,3,2,61.3,46.7,6.2,90,4.7,Yes,Yes,2,Tier2,Placed
7909,Male,EEE,7.3,0,79,86,0,1,0,20.0,17.8,1.7,78,3.7,No,Yes,0,None,NotPlaced
7910,Male,IT,8.1,1,76,85,1,2,2,50.4,32.2,4.7,86,4.8,Yes,Yes,4,Tier1,Placed
7911,Female,CSE,7.6,0,69,65,1,2,0,48.2,33.0,4.6,79,4.1,No,Yes,3,Tier2,Placed
7912,Male,CSE,7.6,0,70,65,1,2,1,39.5,37.1,4.1,68,4.0,Yes,Yes,0,None,NotPlaced
7913,Male,ECE,7.8,0,85,57,2,2,2,44.6,38.8,4.4,81,4.5,Yes,Yes,2,Tier3,Placed
7914,Male,Mechanical,7.6,0,55,63,0,2,0,43.7,37.2,5.4,69,4.2,No,No,0,None,NotPlaced
7915,Male,CSE,7.5,1,73,80,1,3,2,51.2,57.0,5.5,80,4.6,No,No,4,Tier1,Placed
7916,Male,CSE,8.0,0,79,84,1,3,3,58.7,35.4,7.7,85,4.7,Yes,Yes,0,None,NotPlaced
7917,Female,IT,8.0,0,74,87,2,3,2,63.5,70.6,7.0,85,4.8,Yes,Yes,2,Tier2,Placed
7918,Male,EEE,8.3,0,76,75,0,3,1,65.1,61.6,7.0,73,4.4,Yes,Yes,0,None,NotPlaced
7919,Male,IT,6.8,1,56,70,1,1,0,20.5,18.9,2.7,79,4.3,No,Yes,1,Tier3,Placed
7920,Male,Mechanical,7.2,0,88,85,1,3,2,46.2,43.0,5.1,84,4.4,Yes,Yes,0,None,NotPlaced
7921,Male,CSE,8.6,0,65,67,1,1,2,51.5,38.6,3.4,89,4.3,Yes,Yes,0,None,NotPlaced
7922,Female,Mechanical,7.5,0,90,64,2,1,3,28.4,29.5,3.6,79,3.4,Yes,No,0,None,NotPlaced
7923,Male,IT,8.7,0,84,81,2,3,3,81.1,82.1,7.8,90,4.7,Yes,Yes,3,Tier2,Placed
7924,Male,EEE,6.6,0,55,66,0,2,1,23.5,17.3,3.6,67,4.2,No,Yes,0,None,NotPlaced
7925,Female,IT,8.3,1,71,66,2,2,2,60.9,47.5,4.0,75,3.8,No,Yes,0,None,NotPlaced
7926,Male,EEE,7.6,0,55,72,1,1,0,39.4,28.2,0.0,74,3.8,No,No,0,None,NotPlaced
7927,Female,CSE,6.7,0,55,63,1,1,1,20.0,15.7,1.3,72,4.2,No,Yes,0,None,NotPlaced
7928,Female,CSE,6.7,0,59,86,1,2,1,24.5,21.7,5.2,86,4.8,Yes,Yes,1,Tier3,Placed
7929,Female,ECE,7.3,1,55,64,1,2,0,45.8,30.5,6.5,80,4.5,Yes,Yes,1,Tier3,Placed
7930,Male,EEE,8.5,0,80,77,1,2,2,59.5,46.5,6.8,77,4.3,Yes,Yes,3,Tier2,Placed
7931,Female,EEE,8.3,0,90,81,2,3,2,68.2,56.3,6.7,90,4.8,Yes,Yes,2,Tier2,Placed
7932,Female,ECE,7.5,0,55,68,1,1,0,23.7,20.9,2.9,84,4.5,No,No,0,None,NotPlaced
7933,Male,ECE,7.9,0,82,88,1,1,0,44.5,19.1,2.9,71,4.4,Yes,Yes,2,Tier3,Placed
7934,Male,CSE,8.0,0,55,70,0,2,0,42.5,33.9,2.4,60,4.2,No,No,0,None,NotPlaced
7935,Male,EEE,8.0,0,82,78,2,3,2,64.7,53.0,7.6,90,4.8,Yes,Yes,2,Tier2,Placed
7936,Male,EEE,7.7,1,60,69,1,1,1,35.4,45.8,3.8,65,3.5,No,No,0,None,NotPlaced
7937,Male,ECE,8.9,0,75,84,1,3,2,74.8,60.7,6.6,90,4.8,Yes,Yes,4,Tier1,Placed
7938,Male,IT,8.2,0,84,76,2,3,2,67.4,62.3,6.1,85,4.8,Yes,No,0,None,NotPlaced
7939,Male,Civil,8.3,0,83,81,1,2,0,56.8,43.2,4.1,76,4.5,No,Yes,3,Tier2,Placed
7940,Male,Mechanical,7.6,0,74,73,1,2,1,48.9,51.1,3.9,72,4.4,No,No,0,None,NotPlaced
7941,Male,ECE,7.8,0,65,70,0,2,0,49.6,34.3,7.6,79,4.3,Yes,Yes,3,Tier2,Placed
7942,Male,ECE,7.4,0,69,81,0,2,1,37.3,36.5,5.0,71,4.7,No,Yes,0,None,NotPlaced
7943,Female,ECE,7.9,0,80,67,1,1,1,47.4,46.7,3.1,76,3.8,Yes,Yes,2,Tier2,Placed
7944,Male,ECE,8.1,0,77,88,1,2,1,57.3,53.6,1.1,88,4.8,No,Yes,2,Tier2,Placed
7945,Male,IT,8.1,0,84,87,2,3,2,68.5,73.4,6.9,90,4.8,Yes,Yes,3,Tier2,Placed
7946,Male,IT,8.0,0,70,84,1,3,2,66.3,49.8,8.9,90,4.8,Yes,Yes,4,Tier1,Placed
7947,Male,IT,7.5,0,59,74,1,1,1,26.5,37.2,2.1,82,4.6,No,Yes,0,None,NotPlaced
7948,Female,IT,8.5,0,74,87,0,3,2,60.6,59.8,7.8,90,4.6,Yes,Yes,2,Tier2,Placed
7949,Female,IT,7.6,0,62,80,1,2,0,38.9,35.5,5.4,88,4.8,Yes,Yes,0,None,NotPlaced
7950,Male,CSE,8.3,0,88,77,1,3,1,63.5,67.3,6.5,90,4.5,Yes,Yes,1,Tier3,Placed
7951,Female,EEE,8.3,0,76,86,1,3,2,68.4,54.6,8.7,88,4.8,Yes,Yes,2,Tier2,Placed
7952,Male,ECE,8.2,0,89,78,2,3,2,62.4,52.0,7.2,90,4.7,Yes,Yes,3,Tier1,Placed
7953,Male,CSE,8.5,0,81,80,2,3,0,76.5,61.5,6.3,89,4.5,Yes,Yes,4,Tier1,Placed
7954,Male,ECE,6.6,0,55,67,1,1,2,20.0,9.8,2.0,67,4.0,No,No,0,None,NotPlaced
7955,Female,Mechanical,8.2,0,77,83,1,1,2,45.3,44.2,4.4,71,4.2,Yes,Yes,0,None,NotPlaced
7956,Male,ECE,8.6,0,55,59,1,2,2,64.0,56.6,2.5,77,4.3,No,No,1,Tier3,Placed
7957,Female,IT,6.7,0,63,67,0,1,1,20.4,20.4,2.3,77,3.7,No,No,0,None,NotPlaced
7958,Female,Mechanical,7.6,0,73,71,1,1,0,31.4,42.3,2.1,69,4.5,No,No,0,None,NotPlaced
7959,Male,CSE,8.1,0,80,84,1,3,2,60.6,47.0,5.5,90,4.7,Yes,Yes,3,Tier2,Placed
7960,Male,Civil,7.7,0,64,67,0,1,1,26.6,11.3,2.8,72,3.5,No,Yes,0,None,NotPlaced
7961,Female,CSE,7.6,0,63,65,1,2,0,39.4,49.3,4.3,72,4.8,No,Yes,0,None,NotPlaced
7962,Male,CSE,8.0,0,90,84,0,3,3,48.6,49.7,7.9,84,4.8,Yes,Yes,2,Tier2,Placed
7963,Male,IT,8.3,0,74,69,0,1,0,45.2,44.5,3.1,87,4.5,No,Yes,2,Tier3,Placed
7964,Male,ECE,7.2,0,65,58,1,2,0,37.1,30.5,3.9,80,4.6,No,Yes,0,None,NotPlaced
7965,Male,ECE,7.4,0,67,66,1,1,0,34.4,32.8,1.4,67,4.1,No,No,0,None,NotPlaced
7966,Male,Mechanical,7.3,0,62,71,1,2,1,33.2,19.3,3.6,68,4.3,Yes,Yes,0,None,NotPlaced
7967,Male,Mechanical,6.5,0,63,70,0,1,0,20.0,18.0,1.4,64,4.1,No,No,0,None,NotPlaced
7968,Male,IT,8.7,0,79,80,1,3,2,73.6,52.4,7.0,90,4.7,Yes,Yes,4,Tier1,Placed
7969,Male,IT,7.7,0,60,67,1,1,1,36.7,34.5,1.0,75,4.0,No,Yes,0,None,NotPlaced
7970,Female,CSE,8.4,1,82,88,2,3,2,65.8,61.5,7.6,90,4.8,Yes,Yes,2,Tier2,Placed
7971,Female,CSE,6.6,0,55,65,1,1,0,20.0,12.5,2.1,76,4.2,Yes,No,0,None,NotPlaced
7972,Male,ECE,7.7,0,76,86,1,3,0,53.9,50.7,5.2,80,4.8,Yes,Yes,1,Tier3,Placed
7973,Male,CSE,8.2,0,82,63,1,2,3,55.5,48.0,4.4,84,4.0,Yes,Yes,0,None,NotPlaced
7974,Female,Mechanical,6.5,2,75,72,2,3,2,36.0,37.9,6.2,80,4.2,No,Yes,0,None,NotPlaced
7975,Male,ECE,8.1,0,78,84,1,1,0,48.5,39.3,1.7,81,3.5,Yes,Yes,0,None,NotPlaced
7976,Male,CSE,8.7,0,77,82,2,3,2,72.5,64.5,6.1,90,4.8,Yes,Yes,4,Tier1,Placed
7977,Female,ECE,7.5,1,57,58,0,1,0,26.9,19.4,1.4,68,4.1,No,No,0,None,NotPlaced
7978,Female,IT,6.7,0,75,70,0,1,1,20.0,7.7,2.5,80,3.7,Yes,Yes,0,None,NotPlaced
7979,Female,IT,8.4,0,76,85,2,2,0,62.7,40.4,5.3,90,4.5,Yes,Yes,0,None,NotPlaced
7980,Female,Mechanical,6.7,2,57,66,1,1,0,21.8,18.1,3.6,76,3.8,Yes,Yes,3,Tier2,Placed
7981,Male,IT,8.3,0,81,88,0,3,0,60.5,37.5,6.5,90,4.6,Yes,Yes,3,Tier2,Placed
7982,Male,CSE,6.8,0,55,61,1,3,0,25.2,36.0,6.0,66,3.6,Yes,Yes,2,Tier3,Placed
7983,Female,EEE,6.5,1,55,59,1,2,0,25.2,24.6,4.1,85,4.7,No,Yes,1,Tier3,Placed
7984,Male,CSE,7.5,0,55,71,0,1,0,27.4,32.3,2.5,64,3.7,No,Yes,1,Tier3,Placed
7985,Male,EEE,8.3,0,77,88,1,3,2,56.2,53.0,8.6,82,4.8,Yes,Yes,2,Tier2,Placed
7986,Female,ECE,7.3,0,76,87,0,1,3,22.7,23.2,4.1,81,4.8,Yes,Yes,0,None,NotPlaced
7987,Female,ECE,6.7,0,64,73,0,1,1,20.0,48.6,1.7,70,4.6,Yes,Yes,0,None,NotPlaced
7988,Male,Mechanical,7.2,1,66,66,0,1,0,25.8,47.2,1.9,63,3.8,No,No,0,None,NotPlaced
7989,Female,ECE,8.7,0,74,84,2,2,2,69.8,68.1,5.5,90,4.8,Yes,Yes,3,Tier2,Placed
7990,Female,CSE,7.7,1,73,80,1,2,0,40.4,28.0,4.1,77,4.3,Yes,Yes,3,Tier2,Placed
7991,Female,IT,7.9,0,60,86,0,2,0,48.1,52.3,3.6,80,3.6,No,No,0,None,NotPlaced
7992,Male,Mechanical,6.5,0,90,84,0,3,2,26.3,12.0,7.7,84,4.6,Yes,Yes,2,Tier3,Placed
7993,Male,CSE,8.9,0,77,82,2,3,2,80.8,75.8,7.2,90,4.8,Yes,Yes,3,Tier1,Placed
7994,Male,ECE,7.3,0,61,64,1,2,1,30.8,8.6,4.0,83,4.2,No,No,0,None,NotPlaced
7995,Male,EEE,8.3,0,55,59,0,1,0,39.8,31.7,2.3,71,4.1,Yes,Yes,3,Tier2,Placed
7996,Male,EEE,6.5,0,75,69,0,1,0,20.0,30.9,0.6,80,3.9,No,Yes,0,None,NotPlaced
7997,Male,EEE,7.5,1,55,69,2,3,0,57.7,51.1,5.7,85,4.3,No,No,3,Tier2,Placed
7998,Male,ECE,8.5,0,55,83,2,2,0,57.6,35.6,4.9,79,3.7,Yes,Yes,0,None,NotPlaced
7999,Female,ECE,7.6,0,56,67,1,1,0,34.8,32.9,0.5,80,3.9,No,No,0,None,NotPlaced
8000,Male,Mechanical,7.4,0,61,69,1,2,0,37.7,36.3,4.0,76,4.4,No,Yes,0,None,NotPlaced
8001,Female,ECE,8.6,0,85,78,2,3,2,81.2,66.6,7.4,90,4.8,Yes,Yes,2,Tier2,Placed
8002,Female,IT,8.1,0,79,84,2,3,2,67.2,51.9,6.3,90,4.6,Yes,Yes,3,Tier2,Placed
8003,Male,IT,7.5,0,86,84,1,1,0,35.7,39.8,2.4,88,4.3,No,No,0,None,NotPlaced
8004,Female,EEE,7.5,0,55,61,1,1,1,30.4,36.5,2.3,67,4.5,No,No,0,None,NotPlaced
8005,Male,Mechanical,7.4,0,62,79,1,2,0,32.8,28.9,4.7,80,4.2,Yes,Yes,0,None,NotPlaced
8006,Male,CSE,8.6,0,74,61,1,3,0,69.4,68.7,6.6,89,4.8,Yes,Yes,4,Tier1,Placed
8007,Female,ECE,6.8,0,57,67,1,1,1,22.9,21.5,1.7,75,3.8,No,Yes,0,None,NotPlaced
8008,Male,Mechanical,8.6,0,81,80,2,1,2,63.9,48.9,2.1,90,4.8,Yes,Yes,3,Tier2,Placed
8009,Female,ECE,8.0,0,70,67,1,3,1,56.8,57.5,6.3,76,4.6,No,No,0,None,NotPlaced
8010,Male,CSE,7.9,0,76,81,1,3,1,52.7,54.8,6.2,82,4.3,Yes,Yes,2,Tier2,Placed
8011,Female,ECE,8.1,0,80,85,1,3,2,55.7,42.0,6.2,89,4.6,Yes,Yes,3,Tier2,Placed
8012,Male,Civil,6.5,1,72,82,1,3,2,28.3,21.0,6.5,81,4.5,No,No,2,Tier3,Placed
8013,Male,Mechanical,7.0,0,55,68,1,2,0,31.7,42.5,3.8,69,4.3,No,Yes,0,None,NotPlaced
8014,Male,EEE,8.0,0,82,81,2,3,2,71.4,57.1,7.1,88,4.8,Yes,Yes,4,Tier1,Placed
8015,Female,IT,6.9,2,78,85,1,2,1,29.6,28.8,3.3,90,3.9,Yes,Yes,0,None,NotPlaced
8016,Female,Mechanical,8.3,0,75,80,2,3,2,73.1,57.3,6.5,90,4.8,Yes,No,2,Tier2,Placed
8017,Male,ECE,7.8,0,62,70,1,2,0,43.1,48.3,6.7,84,3.0,Yes,Yes,0,None,NotPlaced
8018,Male,Mechanical,7.4,0,60,70,0,1,0,26.2,42.3,0.2,76,4.0,No,No,0,None,NotPlaced
8019,Male,IT,6.7,2,59,69,1,2,0,25.7,24.6,5.7,67,3.9,No,No,0,None,NotPlaced
8020,Female,CSE,6.6,0,57,72,1,3,0,30.3,46.1,7.3,62,3.8,Yes,Yes,0,None,NotPlaced
8021,Male,ECE,6.6,0,72,77,1,3,2,30.9,24.5,6.5,81,4.5,Yes,No,0,None,NotPlaced
8022,Female,CSE,7.5,1,60,62,1,1,1,33.6,27.9,1.8,74,3.9,No,Yes,0,None,NotPlaced
8023,Female,EEE,7.2,0,75,75,1,2,2,37.4,38.3,5.2,75,4.3,No,Yes,0,None,NotPlaced
8024,Male,Civil,7.5,0,55,62,1,2,0,46.8,32.4,1.7,69,3.5,No,No,0,None,NotPlaced
8025,Male,ECE,8.1,0,83,84,1,3,2,49.7,47.4,8.4,81,4.5,Yes,Yes,1,Tier3,Placed
8026,Male,Mechanical,8.3,0,80,83,2,3,2,75.6,56.9,7.3,90,4.7,Yes,Yes,2,Tier3,Placed
8027,Female,IT,8.1,0,62,75,1,1,1,36.4,20.1,4.0,77,4.1,Yes,Yes,1,Tier3,Placed
8028,Male,EEE,8.2,0,68,88,1,2,1,56.5,33.2,3.3,84,4.8,Yes,Yes,0,None,NotPlaced
8029,Male,EEE,8.1,0,78,86,2,2,0,69.8,53.7,4.8,83,4.7,Yes,Yes,2,Tier3,Placed
8030,Female,EEE,7.5,1,73,66,0,1,0,27.8,29.2,0.0,71,4.1,No,Yes,0,None,NotPlaced
8031,Male,ECE,8.3,2,83,68,0,1,2,44.9,28.2,4.2,85,4.7,Yes,Yes,2,Tier2,Placed
8032,Male,EEE,6.9,1,70,61,0,1,1,20.0,21.3,2.0,65,4.1,Yes,Yes,3,Tier2,Placed
8033,Male,EEE,8.0,0,74,84,1,3,2,62.3,53.2,6.0,90,4.7,Yes,Yes,3,Tier2,Placed
8034,Male,CSE,8.1,0,81,87,1,3,0,62.8,50.5,4.1,88,4.0,No,Yes,3,Tier2,Placed
8035,Female,EEE,8.3,0,76,84,0,3,2,56.6,39.7,7.4,83,4.3,Yes,Yes,3,Tier1,Placed
8036,Male,Civil,8.4,0,75,86,2,3,1,71.4,58.5,6.1,73,4.2,No,Yes,0,None,NotPlaced
8037,Male,IT,7.6,0,55,68,1,2,1,37.4,31.2,3.3,68,4.1,No,Yes,0,None,NotPlaced
8038,Female,EEE,8.1,0,66,66,1,2,0,52.4,52.0,5.3,83,4.1,Yes,No,0,None,NotPlaced
8039,Male,EEE,8.4,0,55,68,0,1,2,43.9,27.0,2.2,74,4.2,Yes,Yes,0,None,NotPlaced
8040,Female,ECE,8.2,0,77,83,2,3,2,68.7,56.7,5.2,86,4.8,Yes,Yes,2,Tier3,Placed
8041,Female,ECE,6.5,0,55,58,1,1,1,20.0,10.7,1.6,76,4.1,No,Yes,0,None,NotPlaced
8042,Male,Mechanical,8.4,0,62,87,0,1,2,44.9,37.5,4.6,89,4.8,Yes,Yes,2,Tier2,Placed
8043,Male,IT,8.1,0,83,84,2,3,2,66.0,45.5,8.0,90,4.8,Yes,Yes,4,Tier1,Placed
8044,Female,CSE,8.2,0,81,85,0,3,2,58.4,41.6,7.5,90,4.5,Yes,Yes,2,Tier3,Placed
8045,Male,Mechanical,6.9,1,55,76,1,1,0,22.4,22.4,3.2,75,4.1,Yes,Yes,0,None,NotPlaced
8046,Male,ECE,8.2,0,73,70,1,2,2,54.1,41.4,4.6,89,4.8,Yes,Yes,2,Tier2,Placed
8047,Female,EEE,7.6,0,55,67,0,1,1,26.1,35.9,3.7,66,4.2,Yes,Yes,0,None,NotPlaced
8048,Male,CSE,8.3,0,65,66,1,1,0,49.4,51.5,2.6,83,4.0,No,Yes,0,None,NotPlaced
8049,Female,CSE,8.3,0,66,71,1,1,1,48.1,46.6,2.9,72,4.7,Yes,Yes,0,None,NotPlaced
8050,Male,Mechanical,7.9,0,73,79,0,3,2,57.1,53.7,7.2,83,4.8,Yes,Yes,4,Tier1,Placed
8051,Male,CSE,6.5,0,64,72,0,2,0,21.8,22.9,2.4,73,3.7,No,Yes,0,None,NotPlaced
8052,Male,Mechanical,6.5,0,64,69,1,1,0,20.0,31.6,1.5,80,3.8,No,Yes,0,None,NotPlaced
8053,Female,Mechanical,6.6,0,63,63,0,1,0,20.0,18.3,0.8,74,3.9,No,Yes,0,None,NotPlaced
8054,Female,EEE,7.6,0,72,72,1,1,0,39.1,51.9,1.8,84,4.1,Yes,Yes,0,None,NotPlaced
8055,Female,CSE,7.9,0,55,62,1,2,2,42.3,27.7,5.5,63,3.8,Yes,Yes,0,None,NotPlaced
8056,Male,ECE,7.6,0,89,84,2,3,2,58.9,40.3,5.7,90,4.8,Yes,Yes,3,Tier1,Placed
8057,Male,Mechanical,6.6,1,55,69,0,2,0,22.5,11.3,4.8,75,3.9,No,Yes,1,Tier3,Placed
8058,Male,IT,8.3,0,69,80,1,3,2,60.3,40.5,8.0,90,4.7,Yes,Yes,1,Tier3,Placed
8059,Male,IT,8.4,0,79,84,2,3,2,70.8,44.6,6.9,90,4.8,Yes,Yes,2,Tier2,Placed
8060,Male,ECE,6.5,1,57,71,0,2,0,20.0,22.9,3.4,80,4.2,No,No,0,None,NotPlaced
8061,Male,CSE,7.4,0,80,69,2,3,0,54.9,52.6,7.0,81,4.6,No,No,0,None,NotPlaced
8062,Male,Mechanical,7.7,0,55,68,0,1,1,27.1,25.5,2.6,70,3.6,No,Yes,0,None,NotPlaced
8063,Female,Mechanical,8.2,0,76,65,1,1,1,52.8,32.1,3.2,69,4.2,No,Yes,0,None,NotPlaced
8064,Male,Civil,6.5,0,58,76,1,1,1,20.0,17.7,0.9,83,4.2,No,No,0,None,NotPlaced
8065,Female,EEE,7.0,1,55,68,1,1,1,29.6,33.6,1.7,68,3.7,No,No,0,None,NotPlaced
8066,Male,ECE,8.7,0,80,79,2,3,2,80.8,61.9,6.8,90,4.8,Yes,Yes,2,Tier2,Placed
8067,Male,CSE,8.5,0,78,84,2,3,2,70.9,50.5,7.2,81,4.5,Yes,Yes,3,Tier1,Placed
8068,Male,EEE,6.7,0,55,60,1,1,0,21.3,8.6,2.6,64,3.7,No,Yes,0,None,NotPlaced
8069,Male,ECE,8.9,0,71,81,1,3,2,71.8,55.0,7.1,90,4.6,Yes,Yes,3,Tier1,Placed
8070,Male,Mechanical,7.4,0,59,64,1,1,1,31.6,23.1,3.3,73,3.6,No,Yes,0,None,NotPlaced
8071,Male,EEE,8.8,0,75,82,1,3,2,76.2,60.7,6.6,90,4.8,Yes,Yes,3,Tier1,Placed
8072,Male,Civil,7.4,1,55,70,0,1,0,27.2,28.7,1.0,65,4.2,No,No,0,None,NotPlaced
8073,Female,Mechanical,7.5,2,83,85,2,3,2,49.8,40.7,6.3,90,4.7,Yes,Yes,4,Tier1,Placed
8074,Female,Mechanical,8.3,0,79,84,1,2,2,54.5,47.6,4.2,89,4.6,Yes,Yes,3,Tier2,Placed
8075,Female,CSE,8.5,0,78,85,2,1,2,58.6,52.6,2.5,87,4.8,Yes,Yes,3,Tier2,Placed
8076,Male,EEE,8.0,0,77,86,2,3,2,60.4,40.5,6.7,90,4.8,Yes,Yes,4,Tier1,Placed
8077,Male,ECE,8.2,0,77,83,2,3,2,69.4,71.6,6.8,88,4.5,Yes,Yes,4,Tier1,Placed
8078,Male,IT,8.4,0,76,71,1,2,2,55.9,40.8,5.2,84,4.7,Yes,Yes,0,None,NotPlaced
8079,Male,CSE,8.1,0,73,85,2,3,2,71.0,61.7,5.5,87,4.6,No,Yes,1,Tier3,Placed
8080,Male,EEE,6.7,2,79,70,1,2,2,32.8,20.0,6.0,68,4.1,Yes,No,0,None,NotPlaced
8081,Male,IT,8.1,0,74,85,1,3,3,59.5,49.5,5.1,77,4.1,Yes,Yes,3,Tier2,Placed
8082,Male,IT,7.6,0,85,80,1,3,2,55.6,48.2,4.8,90,4.8,Yes,Yes,1,Tier3,Placed
8083,Male,EEE,7.3,0,81,60,1,1,0,27.9,40.2,3.0,82,3.9,No,No,0,None,NotPlaced
8084,Male,Mechanical,7.9,0,75,75,1,1,0,36.3,30.3,2.9,75,4.3,No,No,2,Tier2,Placed
8085,Female,Mechanical,6.5,0,57,71,1,2,0,20.0,30.4,5.2,67,4.1,No,Yes,0,None,NotPlaced
8086,Female,IT,7.7,0,65,70,1,1,0,37.4,34.8,3.6,70,4.4,Yes,Yes,0,None,NotPlaced
8087,Female,IT,8.5,0,85,86,2,3,2,65.1,68.5,7.0,90,4.8,Yes,Yes,3,Tier1,Placed
8088,Female,CSE,8.2,0,68,66,1,2,0,58.1,32.8,3.7,71,4.7,No,Yes,0,None,NotPlaced
8089,Male,IT,8.3,0,72,88,2,3,2,70.4,61.2,5.4,90,4.8,Yes,Yes,3,Tier2,Placed
8090,Female,CSE,8.2,0,88,87,2,3,2,73.0,37.8,7.1,90,4.4,Yes,Yes,2,Tier2,Placed
8091,Female,Civil,8.7,0,74,87,1,1,2,60.0,48.9,1.6,82,4.2,Yes,Yes,0,None,NotPlaced
8092,Male,ECE,8.5,0,71,81,1,1,1,53.6,53.2,4.5,84,4.6,No,Yes,0,None,NotPlaced
8093,Male,CSE,7.6,1,55,67,1,1,0,33.2,42.2,1.0,82,3.7,No,Yes,0,None,NotPlaced
8094,Female,IT,8.1,0,75,81,1,3,0,68.6,62.0,6.9,90,4.8,Yes,Yes,2,Tier2,Placed
8095,Male,IT,8.6,0,78,72,1,3,0,81.8,62.7,8.5,86,3.8,Yes,Yes,0,None,NotPlaced
8096,Female,ECE,7.5,0,58,70,1,1,1,31.3,33.1,1.6,76,3.6,No,No,0,None,NotPlaced
8097,Male,CSE,7.4,0,61,76,1,1,1,36.2,52.6,1.6,79,4.3,No,No,0,None,NotPlaced
8098,Male,Civil,8.2,0,81,88,1,3,0,59.5,50.0,4.4,86,4.7,Yes,Yes,2,Tier2,Placed
8099,Male,CSE,7.6,0,64,72,1,1,0,32.1,36.5,0.7,71,3.3,No,Yes,0,None,NotPlaced
8100,Male,CSE,7.4,0,55,61,1,1,0,29.1,23.6,2.6,74,4.0,No,Yes,0,None,NotPlaced
8101,Female,CSE,8.3,0,83,84,2,3,2,73.4,67.5,8.7,84,4.4,Yes,Yes,2,Tier2,Placed
8102,Female,ECE,7.8,0,76,82,1,3,0,49.6,49.3,6.1,81,4.3,Yes,Yes,2,Tier3,Placed
8103,Male,CSE,8.5,0,75,81,2,3,1,81.7,60.0,7.2,86,4.5,Yes,Yes,4,Tier1,Placed
8104,Male,CSE,8.1,0,59,57,1,1,1,49.7,47.0,4.7,67,3.8,No,No,0,None,NotPlaced
8105,Female,ECE,7.4,0,60,70,0,2,1,37.3,39.2,4.6,72,4.4,No,Yes,1,Tier3,Placed
8106,Male,ECE,8.1,0,82,69,1,3,0,59.5,53.8,7.0,69,3.9,No,No,0,None,NotPlaced
8107,Male,CSE,7.6,0,68,83,1,1,1,39.1,33.9,1.2,76,3.8,No,Yes,2,Tier2,Placed
8108,Male,IT,7.6,0,62,73,1,3,1,36.4,41.9,7.6,73,4.8,No,Yes,3,Tier2,Placed
8109,Female,IT,7.8,0,70,66,2,1,0,46.2,31.2,1.3,70,3.5,No,No,0,None,NotPlaced
8110,Female,CSE,7.3,0,68,58,1,1,1,29.8,27.1,1.1,68,4.7,No,Yes,0,None,NotPlaced
8111,Male,IT,8.6,0,80,64,1,3,2,61.6,50.5,8.5,72,4.0,Yes,Yes,3,Tier2,Placed
8112,Male,CSE,8.3,0,87,81,2,3,2,72.0,67.9,6.4,90,4.8,Yes,Yes,1,Tier3,Placed
8113,Female,CSE,8.2,0,85,85,2,3,2,71.0,50.1,7.0,90,4.6,Yes,Yes,3,Tier2,Placed
8114,Female,ECE,7.9,1,77,78,1,2,0,39.7,37.8,6.6,90,4.1,Yes,Yes,3,Tier2,Placed
8115,Male,IT,6.5,0,57,67,0,1,0,20.0,16.6,1.1,73,3.7,No,No,0,None,NotPlaced
8116,Male,CSE,7.7,0,56,69,0,1,0,42.3,36.4,2.8,66,4.2,Yes,Yes,0,None,NotPlaced
8117,Female,IT,8.1,0,67,60,2,3,0,65.1,56.2,6.4,83,3.8,Yes,No,3,Tier1,Placed
8118,Male,Mechanical,7.5,1,58,73,2,3,2,58.9,37.9,6.7,77,4.8,Yes,Yes,2,Tier3,Placed
8119,Male,EEE,7.2,0,71,83,0,2,0,35.6,41.2,5.0,69,4.1,Yes,Yes,0,None,NotPlaced
8120,Male,EEE,7.7,0,56,65,2,1,1,44.0,41.4,3.3,80,4.7,No,No,0,None,NotPlaced
8121,Male,Mechanical,8.0,0,72,81,1,3,1,64.1,46.0,8.6,89,4.8,Yes,No,2,Tier2,Placed
8122,Male,Civil,7.8,1,82,82,1,3,0,44.4,35.1,7.2,75,4.2,Yes,Yes,4,Tier1,Placed
8123,Male,EEE,8.2,0,57,67,1,1,0,45.8,50.9,1.3,77,3.8,No,No,0,None,NotPlaced
8124,Female,ECE,7.6,0,70,83,1,3,0,35.6,35.2,7.7,77,4.3,Yes,Yes,0,None,NotPlaced
8125,Male,IT,8.5,0,73,84,1,3,1,60.3,42.1,7.0,84,4.8,Yes,Yes,2,Tier3,Placed
8126,Male,CSE,8.4,0,82,88,1,3,2,64.3,46.8,7.0,90,4.8,Yes,Yes,3,Tier1,Placed
8127,Male,ECE,7.6,0,63,61,0,3,0,42.7,42.0,6.0,79,4.6,Yes,Yes,0,None,NotPlaced
8128,Female,Civil,8.2,0,70,86,2,3,2,68.2,61.8,5.4,90,4.8,Yes,Yes,0,None,NotPlaced
8129,Female,ECE,7.4,0,71,72,1,3,0,46.9,42.9,6.0,80,4.6,No,Yes,0,None,NotPlaced
8130,Male,EEE,6.6,0,73,78,1,1,0,20.0,19.0,1.9,82,3.9,Yes,No,0,None,NotPlaced
8131,Female,ECE,7.4,0,74,68,2,2,2,44.9,45.6,3.5,86,4.0,No,Yes,0,None,NotPlaced
8132,Male,ECE,6.5,0,55,67,0,1,0,20.0,17.5,3.5,67,3.5,No,Yes,0,None,NotPlaced
8133,Female,IT,7.7,0,81,88,2,2,2,45.2,32.9,4.9,90,4.8,Yes,Yes,2,Tier2,Placed
8134,Male,ECE,7.5,2,55,68,1,2,0,37.4,45.1,5.1,69,4.1,No,Yes,0,None,NotPlaced
8135,Female,ECE,7.4,0,79,70,0,2,1,33.8,35.6,5.3,89,4.3,Yes,Yes,0,None,NotPlaced
8136,Male,EEE,8.2,0,69,85,0,3,0,57.9,41.2,7.6,77,4.0,Yes,No,0,None,NotPlaced
8137,Male,Mechanical,7.5,0,75,65,0,3,0,38.6,35.6,6.4,83,3.8,Yes,Yes,3,Tier2,Placed
8138,Female,Mechanical,8.1,0,74,84,2,3,1,71.4,57.8,8.2,85,4.8,Yes,Yes,2,Tier3,Placed
8139,Male,CSE,7.9,0,55,64,0,1,1,39.6,30.4,2.3,61,4.4,No,No,0,None,NotPlaced
8140,Male,Mechanical,7.7,0,60,68,1,1,0,32.7,30.5,1.7,64,3.8,No,No,0,None,NotPlaced
8141,Male,IT,8.3,0,78,87,2,3,2,69.0,49.0,7.3,90,4.4,Yes,Yes,3,Tier2,Placed
8142,Female,IT,7.4,0,55,71,2,1,1,46.0,46.4,2.3,80,4.1,Yes,No,0,None,NotPlaced
8143,Male,EEE,7.9,0,75,81,2,3,2,62.8,51.6,6.7,85,4.8,Yes,Yes,2,Tier3,Placed
8144,Male,IT,7.4,0,82,65,1,2,1,41.0,23.6,3.9,86,4.5,No,Yes,0,None,NotPlaced
8145,Female,CSE,7.7,0,59,74,1,2,0,42.0,34.0,3.5,71,4.4,No,Yes,0,None,NotPlaced
8146,Male,IT,8.5,0,82,63,1,3,2,67.4,50.4,7.6,90,4.8,No,No,3,Tier1,Placed
8147,Male,EEE,7.7,1,59,62,1,1,2,44.6,14.1,1.6,76,4.0,No,Yes,4,Tier1,Placed
8148,Female,IT,7.5,0,58,76,1,2,1,41.6,33.8,6.1,66,4.0,No,Yes,0,None,NotPlaced
8149,Male,ECE,8.2,0,74,87,2,3,2,67.6,63.4,7.1,87,4.8,Yes,Yes,4,Tier1,Placed
8150,Male,ECE,7.9,2,81,79,1,2,1,49.0,41.1,3.8,85,4.8,No,No,3,Tier2,Placed
8151,Male,EEE,7.5,0,55,64,0,1,1,40.7,40.6,2.5,72,4.6,Yes,Yes,0,None,NotPlaced
8152,Female,Mechanical,7.8,0,83,80,1,3,1,55.2,45.5,7.4,75,4.6,Yes,Yes,3,Tier1,Placed
8153,Male,IT,7.6,0,60,80,1,2,1,38.8,31.3,4.9,87,4.3,No,No,0,None,NotPlaced
8154,Female,CSE,7.5,0,57,63,1,1,1,29.7,20.9,0.0,66,4.3,No,No,0,None,NotPlaced
8155,Female,IT,7.8,0,78,82,2,3,2,63.9,42.6,7.0,90,4.7,Yes,Yes,4,Tier1,Placed
8156,Male,IT,8.3,0,55,71,1,1,0,41.9,44.5,0.0,86,4.2,No,Yes,2,Tier3,Placed
8157,Female,EEE,8.3,0,76,77,2,3,3,72.3,64.6,8.0,90,4.8,Yes,Yes,3,Tier2,Placed
8158,Male,CSE,8.2,0,76,85,2,3,2,64.4,51.0,8.0,90,4.6,Yes,Yes,2,Tier2,Placed
8159,Male,IT,7.0,0,55,70,1,1,0,20.0,4.9,2.0,79,4.3,No,No,0,None,NotPlaced
8160,Female,Mechanical,6.6,0,55,61,1,1,0,20.0,24.3,2.2,73,3.9,No,Yes,0,None,NotPlaced
8161,Female,ECE,8.6,0,79,87,2,3,2,76.1,54.1,5.6,90,4.8,Yes,Yes,2,Tier2,Placed
8162,Male,EEE,8.0,0,65,86,2,3,0,71.0,59.0,5.5,90,4.8,No,Yes,0,None,NotPlaced
8163,Male,EEE,7.7,0,80,82,2,3,2,62.6,39.3,6.4,87,4.8,Yes,Yes,3,Tier1,Placed
8164,Male,EEE,8.2,0,68,85,0,3,0,56.5,47.6,6.6,81,4.2,Yes,Yes,3,Tier2,Placed
8165,Male,ECE,8.4,0,70,82,2,3,2,76.9,60.9,7.9,90,4.8,Yes,Yes,3,Tier2,Placed
8166,Male,ECE,6.5,0,59,68,0,1,0,20.0,1.6,3.3,76,4.7,No,Yes,0,None,NotPlaced
8167,Male,Civil,6.9,1,80,67,0,1,0,20.0,32.3,2.6,60,4.6,No,No,0,None,NotPlaced
8168,Female,ECE,8.1,1,89,84,2,3,2,66.1,51.8,6.7,90,4.8,Yes,Yes,2,Tier2,Placed
8169,Male,IT,6.6,1,63,69,1,1,1,20.0,18.7,2.3,75,3.9,Yes,Yes,0,None,NotPlaced
8170,Male,IT,7.9,0,80,75,1,1,2,45.0,43.6,2.1,87,4.2,No,Yes,0,None,NotPlaced
8171,Female,ECE,7.5,0,62,83,1,2,0,45.0,38.6,4.3,83,4.7,No,Yes,2,Tier3,Placed
8172,Female,Mechanical,8.6,0,70,84,0,3,3,61.6,54.1,6.8,90,4.8,Yes,Yes,4,Tier1,Placed
8173,Male,CSE,8.4,0,78,73,1,3,2,67.7,45.3,6.3,78,4.5,Yes,Yes,1,Tier3,Placed
8174,Male,CSE,7.9,2,75,87,2,3,2,62.7,50.9,7.6,90,4.6,Yes,Yes,2,Tier2,Placed
8175,Male,Mechanical,7.5,0,80,76,0,2,0,40.4,19.3,5.7,70,3.5,Yes,Yes,3,Tier2,Placed
8176,Male,Mechanical,9.0,0,85,80,2,3,0,77.8,60.7,5.7,90,4.8,Yes,Yes,4,Tier1,Placed
8177,Male,CSE,7.9,1,77,83,0,3,2,55.0,57.3,6.6,80,4.7,Yes,Yes,3,Tier2,Placed
8178,Female,ECE,6.5,0,69,67,1,1,0,20.0,9.9,2.8,88,3.9,No,No,0,None,NotPlaced
8179,Male,EEE,7.3,0,57,58,1,1,1,32.9,26.3,3.0,67,4.4,No,Yes,0,None,NotPlaced
8180,Male,IT,7.9,0,76,88,0,3,1,57.3,30.9,7.1,86,4.6,Yes,Yes,3,Tier2,Placed
8181,Male,Mechanical,7.0,0,57,61,1,1,0,20.0,20.7,2.4,74,4.5,No,No,0,None,NotPlaced
8182,Male,CSE,7.1,1,74,82,1,1,3,31.1,32.2,3.3,75,4.4,Yes,Yes,0,None,NotPlaced
8183,Male,CSE,7.3,1,56,71,1,2,0,29.1,30.9,6.0,83,4.5,Yes,Yes,1,Tier3,Placed
8184,Female,IT,6.7,0,61,85,0,1,0,20.0,15.5,1.9,70,4.7,Yes,Yes,2,Tier3,Placed
8185,Male,CSE,8.6,0,71,68,1,2,1,70.2,40.1,4.3,90,4.2,No,Yes,4,Tier1,Placed
8186,Male,CSE,8.4,0,84,84,0,3,2,63.7,42.6,6.1,88,4.3,Yes,Yes,2,Tier2,Placed
8187,Male,CSE,8.4,0,71,85,2,3,0,71.0,67.8,8.1,89,4.8,Yes,Yes,0,None,NotPlaced
8188,Female,EEE,7.9,0,57,73,0,2,0,45.6,45.2,2.9,69,4.0,No,Yes,0,None,NotPlaced
8189,Male,CSE,7.6,0,55,65,1,1,1,32.0,28.3,3.4,74,3.9,Yes,No,0,None,NotPlaced
8190,Male,Mechanical,7.9,0,77,85,1,3,1,70.1,58.5,6.1,90,4.8,Yes,Yes,2,Tier3,Placed
8191,Female,IT,7.6,0,74,75,1,2,0,40.1,25.9,4.8,67,4.2,No,Yes,0,None,NotPlaced
8192,Male,EEE,6.5,0,61,70,1,2,0,27.6,37.7,4.4,89,4.5,No,Yes,0,None,NotPlaced
8193,Male,IT,7.4,2,55,70,1,2,1,35.3,26.5,4.2,84,4.6,No,Yes,0,None,NotPlaced
8194,Male,CSE,8.2,0,78,65,0,2,2,58.0,51.8,7.0,86,4.5,Yes,No,0,None,NotPlaced
8195,Male,ECE,8.1,0,84,68,2,3,2,76.1,49.6,6.3,77,4.5,Yes,Yes,0,None,NotPlaced
8196,Male,ECE,7.6,0,58,63,1,1,1,36.9,30.7,2.9,70,4.4,No,No,0,None,NotPlaced
8197,Female,EEE,8.4,0,79,83,2,3,2,73.4,69.5,8.2,90,4.8,Yes,Yes,3,Tier2,Placed
8198,Male,ECE,8.6,0,86,84,2,3,2,71.2,50.1,7.9,87,4.7,Yes,Yes,3,Tier1,Placed
8199,Male,EEE,7.4,0,73,70,1,1,0,25.6,30.6,1.3,74,3.8,No,No,0,None,NotPlaced
8200,Male,IT,7.6,1,64,71,1,1,1,36.5,23.3,1.8,71,4.2,No,No,0,None,NotPlaced
8201,Male,Mechanical,7.6,0,55,69,0,1,0,37.3,25.8,1.4,77,3.0,No,No,0,None,NotPlaced
8202,Male,ECE,8.0,0,78,85,2,3,3,61.3,50.9,6.7,90,4.8,Yes,Yes,2,Tier3,Placed
8203,Female,Civil,6.5,0,55,67,1,2,0,32.0,36.2,3.2,67,3.9,No,No,0,None,NotPlaced
8204,Male,EEE,7.6,0,76,87,1,2,1,39.9,32.5,4.6,77,4.4,Yes,Yes,0,None,NotPlaced
8205,Female,CSE,7.3,0,57,82,0,2,0,33.1,35.5,5.5,82,4.5,No,Yes,0,None,NotPlaced
8206,Male,IT,6.5,1,57,65,1,1,2,20.0,29.4,2.7,69,4.2,Yes,No,0,None,NotPlaced
8207,Male,ECE,8.4,0,80,86,2,3,0,71.5,52.0,7.1,90,4.8,Yes,Yes,1,Tier3,Placed
8208,Male,EEE,8.3,0,58,67,0,1,1,33.8,17.9,1.3,72,3.8,No,No,0,None,NotPlaced
8209,Male,EEE,6.9,0,55,71,1,2,0,25.9,22.5,4.0,80,3.4,No,No,0,None,NotPlaced
8210,Male,EEE,7.5,2,78,87,0,2,1,37.0,42.4,5.8,70,3.8,Yes,Yes,2,Tier2,Placed
8211,Male,IT,8.1,0,83,82,2,3,0,65.5,46.9,7.5,84,4.8,Yes,Yes,1,Tier3,Placed
8212,Female,CSE,8.0,0,87,85,2,1,2,51.2,52.1,4.4,90,4.6,Yes,Yes,0,None,NotPlaced
8213,Male,CSE,7.7,0,65,74,1,1,1,40.8,33.2,0.8,75,4.5,No,Yes,0,None,NotPlaced
8214,Male,ECE,8.3,0,79,84,2,3,2,68.8,69.9,6.2,86,4.6,Yes,Yes,2,Tier2,Placed
8215,Male,ECE,8.4,0,76,87,2,3,2,67.2,73.1,6.6,90,4.8,Yes,Yes,4,Tier1,Placed
8216,Male,IT,7.7,0,74,82,2,3,1,65.7,61.9,8.5,85,4.2,Yes,Yes,0,None,NotPlaced
8217,Male,EEE,6.5,0,57,67,1,1,1,20.0,8.0,2.3,80,3.6,No,No,0,None,NotPlaced
8218,Male,CSE,8.3,0,58,66,2,1,1,51.0,22.9,0.6,71,3.9,No,Yes,0,None,NotPlaced
8219,Male,CSE,7.7,0,55,63,1,2,1,40.8,34.5,5.1,61,3.7,No,Yes,0,None,NotPlaced
8220,Female,EEE,7.4,0,55,65,0,2,1,37.7,40.8,4.1,79,3.6,No,Yes,0,None,NotPlaced
8221,Female,IT,8.0,0,56,75,2,1,2,54.6,49.2,3.9,77,4.4,Yes,Yes,0,None,NotPlaced
8222,Male,EEE,6.8,0,59,68,1,3,0,34.1,23.6,7.6,61,4.3,No,No,0,None,NotPlaced
8223,Male,EEE,7.5,0,83,57,1,1,0,34.1,18.7,2.0,75,4.1,Yes,Yes,0,None,NotPlaced
8224,Female,Mechanical,7.6,0,62,64,1,1,0,37.1,41.0,4.6,84,4.2,Yes,Yes,0,None,NotPlaced
8225,Male,CSE,7.7,0,55,69,1,1,0,46.0,53.3,1.9,69,4.0,No,No,0,None,NotPlaced
8226,Male,ECE,7.8,0,63,63,1,1,0,30.1,21.2,1.6,61,3.4,No,No,0,None,NotPlaced
8227,Male,EEE,8.3,0,76,67,1,1,2,52.7,51.0,3.2,83,4.0,Yes,Yes,3,Tier2,Placed
8228,Male,EEE,8.3,0,59,86,2,1,2,55.9,67.4,1.8,83,4.4,Yes,Yes,0,None,NotPlaced
8229,Male,ECE,8.5,0,76,87,1,3,2,67.1,53.6,7.0,90,4.7,Yes,Yes,3,Tier2,Placed
8230,Male,IT,6.5,0,59,71,1,1,0,20.0,18.9,1.8,70,4.0,No,Yes,0,None,NotPlaced
8231,Male,CSE,8.7,0,90,86,2,3,2,81.7,69.8,6.1,90,4.8,Yes,Yes,2,Tier2,Placed
8232,Male,EEE,6.6,0,75,67,0,1,3,20.0,19.3,1.4,84,3.7,No,No,0,None,NotPlaced
8233,Female,Mechanical,6.7,0,60,66,0,1,1,22.8,33.7,3.1,78,4.3,No,No,0,None,NotPlaced
8234,Male,IT,8.3,0,71,84,1,2,1,57.6,44.3,4.8,80,4.3,Yes,Yes,4,Tier1,Placed
8235,Male,CSE,7.4,0,56,67,1,1,1,31.1,27.8,1.0,70,4.0,No,No,0,None,NotPlaced
8236,Male,EEE,7.7,0,65,88,1,1,2,36.1,21.7,2.4,88,4.2,No,Yes,4,Tier1,Placed
8237,Female,IT,6.8,2,59,68,0,1,1,20.0,18.1,2.8,67,3.4,No,Yes,0,None,NotPlaced
8238,Female,CSE,8.0,0,78,76,1,2,0,50.8,35.4,5.0,88,4.4,Yes,Yes,2,Tier2,Placed
8239,Male,CSE,7.4,0,55,69,1,1,1,31.1,31.0,0.8,72,4.0,No,No,0,None,NotPlaced
8240,Male,IT,6.6,0,62,58,0,1,1,20.0,6.6,0.0,66,3.8,No,No,0,None,NotPlaced
8241,Female,ECE,7.5,1,59,69,1,1,0,32.3,36.2,1.1,64,4.3,No,No,0,None,NotPlaced
8242,Female,IT,8.3,0,75,67,0,3,1,57.0,40.1,8.1,80,4.8,Yes,Yes,2,Tier3,Placed
8243,Male,CSE,7.5,0,65,86,1,3,2,51.1,56.5,8.0,72,4.5,Yes,Yes,0,None,NotPlaced
8244,Male,CSE,8.0,0,75,80,2,2,2,54.6,57.1,3.2,88,4.4,No,No,0,None,NotPlaced
8245,Male,IT,8.4,2,81,84,1,3,2,70.1,60.9,6.8,84,4.8,Yes,Yes,0,None,NotPlaced
8246,Female,ECE,7.7,2,69,88,1,3,2,53.6,33.0,7.7,86,4.7,Yes,Yes,3,Tier2,Placed
8247,Male,CSE,7.7,0,72,79,1,2,0,43.1,32.9,3.9,86,4.5,No,Yes,3,Tier2,Placed
8248,Male,ECE,7.8,0,68,78,1,2,2,54.8,38.8,4.9,85,4.3,No,Yes,2,Tier3,Placed
8249,Female,CSE,8.4,0,72,73,1,3,2,66.5,47.6,6.9,80,4.5,Yes,Yes,3,Tier2,Placed
8250,Female,IT,6.7,0,68,62,0,1,1,20.0,32.7,2.5,68,4.3,No,No,0,None,NotPlaced
8251,Female,CSE,7.5,0,55,73,1,1,1,29.5,26.5,1.7,79,3.9,No,No,0,None,NotPlaced
8252,Female,CSE,7.5,2,55,71,2,1,1,27.9,21.3,1.2,78,4.3,No,Yes,0,None,NotPlaced
8253,Male,ECE,8.5,0,79,82,2,3,2,71.2,52.0,8.2,90,4.8,Yes,Yes,4,Tier1,Placed
8254,Male,IT,8.3,0,55,88,0,3,1,49.3,38.0,5.5,86,4.3,Yes,Yes,1,Tier3,Placed
8255,Male,EEE,8.3,0,71,87,2,3,0,68.8,59.0,6.4,73,4.5,Yes,Yes,0,None,NotPlaced
8256,Female,CSE,8.5,0,77,88,1,3,2,76.3,48.4,6.9,89,4.8,Yes,Yes,4,Tier1,Placed
8257,Male,CSE,8.0,0,78,83,0,3,0,49.5,43.4,7.9,88,4.4,Yes,Yes,0,None,NotPlaced
8258,Female,CSE,8.7,0,68,81,1,3,2,62.5,55.2,6.1,90,4.8,Yes,Yes,4,Tier1,Placed
8259,Male,EEE,8.1,0,66,83,0,3,0,63.5,37.4,7.1,76,3.9,Yes,Yes,0,None,NotPlaced
8260,Female,IT,8.0,0,87,86,2,3,2,61.6,39.5,5.6,86,3.8,Yes,Yes,4,Tier1,Placed
8261,Male,IT,8.5,0,86,84,2,3,0,73.9,59.0,7.4,85,4.5,Yes,Yes,3,Tier1,Placed
8262,Male,CSE,8.5,0,80,80,2,3,3,77.9,74.2,8.8,90,4.7,Yes,Yes,3,Tier2,Placed
8263,Female,CSE,7.5,1,64,82,1,3,3,51.6,53.8,5.0,90,4.8,Yes,No,3,Tier2,Placed
8264,Male,Mechanical,8.1,0,90,77,2,3,2,69.8,52.1,6.3,90,3.8,Yes,Yes,3,Tier2,Placed
8265,Female,ECE,8.3,0,76,65,1,3,2,69.5,66.8,7.8,76,4.5,Yes,Yes,2,Tier2,Placed
8266,Male,EEE,8.3,0,82,84,2,3,2,61.3,48.4,9.9,89,4.8,Yes,No,3,Tier2,Placed
8267,Female,ECE,7.5,0,58,67,1,3,1,41.9,33.8,7.6,79,3.8,Yes,Yes,0,None,NotPlaced
8268,Male,ECE,7.5,0,80,82,0,1,1,33.9,31.2,1.3,75,4.3,No,No,0,None,NotPlaced
8269,Male,CSE,7.0,0,56,62,1,1,0,20.0,27.0,1.9,70,4.1,No,No,0,None,NotPlaced
8270,Female,ECE,7.8,1,77,68,0,2,2,38.6,29.5,3.8,82,4.8,Yes,Yes,0,None,NotPlaced
8271,Male,CSE,7.4,0,86,78,1,3,2,40.7,31.9,7.8,73,4.1,Yes,Yes,1,Tier3,Placed
8272,Male,IT,8.1,0,67,76,2,3,2,64.0,42.9,7.0,90,4.7,No,No,0,None,NotPlaced
8273,Male,ECE,7.6,0,75,83,2,2,2,46.3,42.4,6.4,80,4.8,Yes,Yes,3,Tier1,Placed
8274,Male,Mechanical,6.7,0,65,62,1,1,0,20.0,28.1,1.7,74,3.5,No,No,0,None,NotPlaced
8275,Male,ECE,8.0,0,79,86,2,3,2,58.7,57.1,6.2,90,4.8,Yes,Yes,3,Tier1,Placed
8276,Female,ECE,7.6,0,75,88,1,2,1,44.6,27.6,6.5,81,4.4,Yes,Yes,1,Tier3,Placed
8277,Male,CSE,8.6,0,85,87,1,3,2,67.0,51.9,8.4,90,4.8,Yes,Yes,3,Tier1,Placed
8278,Male,CSE,8.6,0,71,88,0,3,2,63.0,62.2,6.0,90,4.7,Yes,Yes,4,Tier1,Placed
8279,Male,CSE,7.8,0,78,67,1,3,2,44.1,39.7,6.6,78,4.8,Yes,Yes,0,None,NotPlaced
8280,Male,EEE,7.5,0,75,84,1,3,0,58.7,48.8,7.8,83,4.8,Yes,Yes,4,Tier1,Placed
8281,Male,Mechanical,8.7,0,81,82,2,3,2,82.7,66.1,6.7,90,4.6,Yes,Yes,3,Tier1,Placed
8282,Female,CSE,7.7,0,55,68,1,2,1,42.5,40.7,4.0,74,4.5,No,No,0,None,NotPlaced
8283,Female,CSE,7.4,0,72,75,1,1,1,26.5,27.1,0.5,70,4.3,No,Yes,0,None,NotPlaced
8284,Male,IT,7.8,0,82,79,2,1,1,44.1,34.1,1.9,87,4.4,Yes,Yes,0,None,NotPlaced
8285,Male,Mechanical,6.7,0,86,82,1,3,2,32.9,37.8,6.9,86,4.1,Yes,Yes,3,Tier2,Placed
8286,Female,EEE,6.5,2,55,85,1,2,0,20.0,11.7,3.3,81,4.1,No,No,0,None,NotPlaced
8287,Male,CSE,8.4,0,87,85,2,3,2,59.2,60.1,5.9,90,4.3,Yes,Yes,2,Tier2,Placed
8288,Male,Civil,7.5,0,66,74,1,1,0,30.4,20.5,1.7,71,4.1,No,Yes,0,None,NotPlaced
8289,Male,EEE,7.9,1,87,84,1,2,2,41.2,41.0,3.1,86,4.8,No,Yes,0,None,NotPlaced
8290,Male,CSE,7.4,0,88,66,0,2,2,34.9,30.5,5.0,82,4.8,Yes,Yes,2,Tier3,Placed
8291,Female,Mechanical,7.5,0,58,70,1,1,0,33.9,26.8,3.0,77,4.1,No,Yes,0,None,NotPlaced
8292,Female,IT,7.7,0,82,81,1,3,2,48.1,52.4,6.7,87,4.5,Yes,Yes,1,Tier3,Placed
8293,Male,ECE,6.5,1,55,65,1,1,1,20.0,27.4,1.6,83,4.4,No,No,0,None,NotPlaced
8294,Male,IT,8.3,0,69,85,2,1,2,62.8,51.0,4.1,84,4.8,Yes,Yes,3,Tier1,Placed
8295,Female,EEE,7.6,0,61,58,1,1,1,38.9,48.4,2.7,80,3.7,No,Yes,0,None,NotPlaced
8296,Female,EEE,6.7,0,55,84,2,2,1,27.7,34.1,5.8,76,3.9,Yes,Yes,3,Tier2,Placed
8297,Male,CSE,7.6,0,55,64,0,1,1,41.5,30.1,0.0,83,3.4,No,Yes,3,Tier1,Placed
8298,Male,Civil,7.7,0,71,68,1,2,3,39.0,16.2,3.6,78,4.4,No,No,0,None,NotPlaced
8299,Male,CSE,8.4,0,55,66,0,1,0,41.9,37.2,1.4,78,4.5,No,Yes,0,None,NotPlaced
8300,Female,Mechanical,6.8,0,55,63,2,1,0,23.4,33.3,2.2,65,4.6,Yes,Yes,0,None,NotPlaced
8301,Female,ECE,8.2,0,55,70,2,3,2,60.3,53.7,8.1,73,4.3,Yes,Yes,0,None,NotPlaced
8302,Male,CSE,7.5,1,55,70,0,1,0,37.0,45.0,2.5,72,4.5,Yes,Yes,0,None,NotPlaced
8303,Female,CSE,7.8,0,60,65,1,2,0,47.9,36.3,2.6,84,4.4,No,Yes,0,None,NotPlaced
8304,Male,Mechanical,8.4,0,74,84,2,3,2,68.1,54.8,7.2,90,4.7,Yes,Yes,4,Tier1,Placed
8305,Male,IT,7.7,1,65,67,1,1,0,39.2,33.1,2.0,71,3.9,No,No,0,None,NotPlaced
8306,Male,ECE,7.8,1,70,82,1,3,2,55.7,48.4,5.1,83,4.6,No,Yes,4,Tier1,Placed
8307,Male,ECE,8.3,0,73,80,2,3,2,68.5,61.7,8.0,85,4.8,Yes,Yes,0,None,NotPlaced
8308,Male,EEE,7.5,0,62,69,0,1,0,22.0,35.8,3.5,82,4.6,Yes,Yes,2,Tier3,Placed
8309,Male,ECE,6.5,1,57,62,0,2,1,20.0,34.6,5.5,65,4.2,Yes,No,0,None,NotPlaced
8310,Male,IT,7.9,0,82,84,1,3,2,67.9,67.6,6.5,75,4.6,No,Yes,2,Tier2,Placed
8311,Male,IT,7.7,0,79,66,0,2,1,33.2,35.3,6.1,75,4.1,Yes,Yes,3,Tier2,Placed
8312,Male,Mechanical,8.4,0,69,88,2,3,2,80.5,61.7,6.8,90,4.7,Yes,Yes,2,Tier2,Placed
8313,Male,IT,8.1,0,62,81,0,3,2,51.8,45.0,4.8,77,4.8,No,No,0,None,NotPlaced
8314,Male,CSE,7.6,0,76,82,2,3,2,60.0,55.1,6.8,87,4.3,Yes,Yes,2,Tier2,Placed
8315,Male,Mechanical,8.0,0,55,71,1,3,2,61.3,51.0,4.3,78,3.7,No,No,0,None,NotPlaced
8316,Male,EEE,7.6,0,77,85,1,2,1,46.3,31.8,2.9,74,4.7,No,Yes,0,None,NotPlaced
8317,Female,CSE,6.5,1,61,68,1,2,1,24.7,19.8,5.6,69,4.5,No,Yes,0,None,NotPlaced
8318,Female,Civil,6.7,0,60,63,0,1,0,20.0,27.6,0.9,74,4.0,No,No,0,None,NotPlaced
8319,Female,ECE,7.9,0,84,61,0,2,2,40.6,33.7,3.8,81,4.3,Yes,No,0,None,NotPlaced
8320,Male,CSE,8.5,0,79,88,1,3,0,62.2,51.8,7.7,90,4.8,Yes,Yes,2,Tier2,Placed
8321,Male,IT,6.5,1,75,68,1,1,0,20.0,20.4,2.9,78,4.5,No,Yes,0,None,NotPlaced
8322,Female,ECE,7.9,2,77,83,2,3,2,55.4,39.7,5.3,90,4.8,Yes,Yes,2,Tier3,Placed
8323,Male,Mechanical,6.5,0,62,87,1,2,1,20.0,18.5,4.2,65,4.6,No,Yes,0,None,NotPlaced
8324,Male,IT,7.0,0,57,72,1,1,1,21.8,19.3,1.5,86,3.8,No,No,0,None,NotPlaced
8325,Male,IT,6.5,2,63,69,1,2,1,20.0,15.6,4.3,79,3.1,No,Yes,2,Tier2,Placed
8326,Female,CSE,8.7,0,76,88,1,3,2,74.3,50.7,6.7,79,4.6,Yes,Yes,0,None,NotPlaced
8327,Male,ECE,7.6,1,82,63,1,2,2,36.7,31.7,3.6,76,4.5,Yes,Yes,2,Tier2,Placed
8328,Female,CSE,8.2,0,74,88,2,3,2,63.8,57.7,6.5,90,4.8,Yes,Yes,2,Tier2,Placed
8329,Female,CSE,6.5,0,55,60,1,1,1,20.0,28.9,2.6,66,3.3,No,No,0,None,NotPlaced
8330,Male,EEE,6.7,0,71,68,1,2,1,33.3,19.0,6.9,76,4.6,Yes,Yes,0,None,NotPlaced
8331,Female,ECE,8.6,0,80,85,2,3,2,68.7,68.5,7.4,84,4.6,Yes,Yes,3,Tier2,Placed
8332,Male,ECE,7.4,1,77,65,1,2,0,37.2,34.1,4.6,64,4.7,Yes,Yes,0,None,NotPlaced
8333,Female,ECE,6.5,0,73,71,1,1,2,20.0,12.6,0.8,85,4.3,No,Yes,0,None,NotPlaced
8334,Male,IT,7.5,0,55,62,1,1,0,28.8,23.7,1.8,75,3.6,No,No,0,None,NotPlaced
8335,Female,ECE,6.5,0,55,62,2,3,0,42.8,22.2,5.6,81,3.5,No,Yes,0,None,NotPlaced
8336,Male,Mechanical,8.6,0,80,72,1,3,0,72.5,45.8,7.3,89,4.5,Yes,Yes,3,Tier2,Placed
8337,Female,EEE,7.9,0,90,84,2,3,2,58.4,62.0,6.9,82,4.8,Yes,Yes,3,Tier2,Placed
8338,Male,CSE,7.5,0,62,69,1,1,1,32.8,23.5,3.5,68,4.4,Yes,No,0,None,NotPlaced
8339,Male,IT,7.9,0,65,84,2,3,2,59.2,53.8,6.6,90,4.6,Yes,No,0,None,NotPlaced
8340,Female,ECE,8.3,0,73,83,1,3,2,64.5,52.4,8.7,90,4.8,Yes,Yes,1,Tier3,Placed
8341,Female,ECE,7.5,0,71,70,0,1,0,31.7,28.0,3.6,63,3.6,Yes,No,0,None,NotPlaced
8342,Male,IT,8.5,0,55,65,1,3,1,67.3,56.5,5.3,72,3.8,No,Yes,3,Tier2,Placed
8343,Male,EEE,7.6,0,79,62,0,3,2,47.1,24.1,7.0,87,4.8,No,Yes,2,Tier2,Placed
8344,Male,Mechanical,6.5,2,89,80,1,2,2,22.2,33.4,3.8,81,3.6,Yes,Yes,1,Tier3,Placed
8345,Female,ECE,8.4,0,68,86,1,3,0,65.4,51.7,6.1,75,4.4,Yes,Yes,2,Tier3,Placed
8346,Female,Mechanical,7.9,0,83,84,0,3,1,48.3,37.3,6.2,84,4.3,Yes,No,3,Tier2,Placed
8347,Female,EEE,7.6,0,55,68,0,1,1,27.4,28.5,3.3,62,4.1,No,No,0,None,NotPlaced
8348,Male,EEE,8.4,0,90,80,2,3,1,75.5,54.8,6.8,86,4.7,Yes,Yes,3,Tier2,Placed
8349,Male,Civil,7.2,0,83,86,2,3,2,51.9,46.1,6.4,90,4.7,Yes,Yes,1,Tier3,Placed
8350,Male,CSE,7.9,0,55,85,0,1,0,30.3,27.0,3.2,79,4.4,Yes,No,0,None,NotPlaced
8351,Female,IT,6.6,2,56,64,0,1,0,20.0,26.1,2.5,71,4.3,No,Yes,0,None,NotPlaced
8352,Male,Mechanical,8.3,0,68,84,0,3,2,56.2,44.7,8.6,79,3.7,Yes,Yes,2,Tier2,Placed
8353,Female,EEE,8.1,0,84,83,2,3,0,70.0,48.0,5.5,81,4.7,Yes,Yes,4,Tier1,Placed
8354,Male,Mechanical,8.6,0,89,84,2,3,2,73.6,62.5,8.3,90,4.8,Yes,Yes,2,Tier2,Placed
8355,Male,CSE,7.7,1,68,79,1,3,1,64.0,50.0,4.9,82,4.5,Yes,Yes,0,None,NotPlaced
8356,Male,EEE,6.5,0,55,83,1,1,0,20.0,6.4,2.9,77,4.7,No,No,0,None,NotPlaced
8357,Male,CSE,8.6,0,81,80,2,2,1,73.9,61.4,6.2,90,4.6,Yes,Yes,3,Tier1,Placed
8358,Male,ECE,7.2,0,61,69,1,2,2,29.9,22.9,5.2,70,4.1,No,No,0,None,NotPlaced
8359,Male,CSE,7.8,0,69,80,1,2,0,47.1,42.7,5.6,77,4.4,Yes,Yes,0,None,NotPlaced
8360,Male,CSE,6.5,2,78,71,1,3,2,32.1,22.6,4.9,78,4.2,No,Yes,0,None,NotPlaced
8361,Female,CSE,7.5,0,68,71,0,1,2,22.8,13.3,2.7,78,4.6,No,Yes,0,None,NotPlaced
8362,Male,ECE,8.3,0,80,83,2,2,2,62.1,61.0,3.9,90,4.6,Yes,Yes,3,Tier2,Placed
8363,Male,IT,8.3,1,70,86,1,3,2,70.3,64.0,6.1,89,4.7,Yes,Yes,1,Tier3,Placed
8364,Male,CSE,8.5,0,76,80,2,3,0,72.4,58.7,5.5,90,4.8,No,Yes,3,Tier1,Placed
8365,Male,IT,6.6,0,55,67,1,2,0,20.0,23.9,3.6,71,4.6,No,No,0,None,NotPlaced
8366,Female,CSE,8.1,0,74,88,2,3,1,75.0,67.1,7.2,90,4.7,Yes,Yes,0,None,NotPlaced
8367,Male,Civil,7.3,0,57,67,0,1,1,20.0,20.3,1.3,71,4.6,No,No,0,None,NotPlaced
8368,Female,IT,7.6,0,69,76,0,1,1,30.8,18.4,2.3,72,4.4,No,Yes,0,None,NotPlaced
8369,Male,CSE,8.6,0,73,85,1,3,3,67.5,57.2,5.6,84,4.5,Yes,Yes,3,Tier2,Placed
8370,Male,Mechanical,6.9,0,55,64,1,1,0,20.0,28.1,2.0,68,3.7,No,No,0,None,NotPlaced
8371,Male,ECE,7.5,0,55,69,1,2,0,44.7,41.9,3.7,65,4.1,No,Yes,0,None,NotPlaced
8372,Male,EEE,8.3,0,75,82,2,3,2,69.0,56.9,8.0,90,4.3,Yes,Yes,0,None,NotPlaced
8373,Male,ECE,8.4,0,76,65,1,1,2,53.0,47.8,3.1,69,4.4,No,No,0,None,NotPlaced
8374,Female,Mechanical,8.5,0,77,78,2,3,2,62.7,50.2,6.8,90,4.1,Yes,Yes,3,Tier2,Placed
8375,Male,CSE,8.5,0,76,79,1,1,2,55.5,55.1,1.0,88,4.5,Yes,Yes,2,Tier2,Placed
8376,Male,Civil,9.0,0,76,83,2,3,2,80.4,75.2,5.5,90,4.8,Yes,Yes,3,Tier1,Placed
8377,Male,EEE,8.4,1,64,64,2,3,1,62.6,40.9,8.1,83,4.8,Yes,No,2,Tier2,Placed
8378,Male,ECE,8.4,0,80,82,0,3,0,71.4,67.0,6.9,90,4.8,Yes,Yes,2,Tier2,Placed
8379,Male,ECE,8.6,0,80,85,2,3,2,79.0,81.3,8.7,90,4.8,Yes,Yes,0,None,NotPlaced
8380,Male,ECE,8.3,1,75,85,2,3,1,71.1,61.1,7.9,79,4.4,Yes,Yes,0,None,NotPlaced
8381,Male,CSE,7.6,2,57,61,1,1,0,41.2,43.8,3.3,79,4.2,Yes,No,0,None,NotPlaced
8382,Male,CSE,7.6,0,63,68,1,1,1,36.2,27.1,2.1,77,4.8,No,Yes,0,None,NotPlaced
8383,Female,Civil,7.5,0,59,63,1,1,1,29.0,22.4,0.9,68,4.5,No,Yes,0,None,NotPlaced
8384,Female,ECE,7.4,2,73,72,1,3,2,46.1,37.8,6.4,80,4.4,Yes,Yes,3,Tier2,Placed
8385,Male,ECE,6.5,1,60,73,1,1,0,20.0,17.9,2.4,79,4.3,No,Yes,0,None,NotPlaced
8386,Male,Mechanical,6.5,0,82,88,0,2,2,20.0,10.9,4.7,82,4.3,Yes,Yes,0,None,NotPlaced
8387,Female,ECE,7.7,0,72,63,1,1,0,30.7,26.6,2.5,72,4.5,No,Yes,2,Tier2,Placed
8388,Male,CSE,8.4,0,72,85,1,3,2,62.1,58.3,8.0,90,4.8,Yes,Yes,0,None,NotPlaced
8389,Male,Mechanical,7.4,0,76,74,1,1,0,35.5,20.9,1.8,72,4.1,No,Yes,0,None,NotPlaced
8390,Male,EEE,8.3,0,80,85,1,3,2,66.7,56.2,6.6,90,4.7,Yes,Yes,2,Tier2,Placed
8391,Male,CSE,6.8,0,76,85,1,3,2,32.5,31.0,6.1,78,4.5,Yes,Yes,0,None,NotPlaced
8392,Male,Civil,6.7,0,84,83,2,3,0,32.9,28.3,7.8,85,4.4,Yes,Yes,2,Tier2,Placed
8393,Female,IT,7.4,1,59,81,1,2,3,37.0,37.3,5.8,83,4.7,Yes,Yes,1,Tier3,Placed
8394,Female,ECE,7.3,0,55,74,0,2,1,23.6,26.0,7.2,70,3.7,Yes,Yes,1,Tier3,Placed
8395,Female,CSE,7.8,0,80,64,1,2,2,47.6,38.4,5.2,90,4.5,Yes,Yes,2,Tier2,Placed
8396,Female,ECE,8.3,0,76,86,2,3,2,74.7,68.9,6.9,90,4.8,Yes,Yes,4,Tier1,Placed
8397,Male,IT,7.6,0,56,71,1,1,1,46.8,43.2,2.5,66,4.3,No,No,0,None,NotPlaced
8398,Male,ECE,6.5,2,75,82,1,2,0,20.0,33.4,4.7,76,4.5,Yes,Yes,0,None,NotPlaced
8399,Female,EEE,8.4,0,76,76,1,0,0,47.5,39.5,0.1,75,4.7,Yes,Yes,3,Tier1,Placed
8400,Female,CSE,8.2,0,80,88,2,3,2,64.5,50.7,7.1,90,4.8,Yes,Yes,1,Tier3,Placed
8401,Male,EEE,8.2,0,78,85,1,3,0,57.4,45.9,7.5,82,4.7,Yes,Yes,1,Tier3,Placed
8402,Female,ECE,8.2,0,72,86,0,3,2,52.4,53.6,7.5,83,4.7,Yes,Yes,0,None,NotPlaced
8403,Male,Civil,7.0,0,66,73,1,2,0,31.7,27.9,4.4,77,4.1,No,Yes,0,None,NotPlaced
8404,Male,ECE,8.0,0,84,84,2,3,2,59.3,48.9,8.1,90,4.8,Yes,Yes,2,Tier3,Placed
8405,Male,CSE,7.5,0,86,88,1,2,1,38.0,49.2,5.5,77,4.7,Yes,Yes,2,Tier2,Placed
8406,Male,CSE,8.0,0,77,61,2,1,2,45.8,28.5,3.3,80,4.6,Yes,No,1,Tier3,Placed
8407,Male,EEE,8.5,0,76,65,2,3,2,70.3,59.4,5.7,82,4.4,Yes,Yes,1,Tier3,Placed
8408,Male,EEE,8.2,0,85,80,1,3,2,58.9,48.7,7.2,88,4.8,Yes,Yes,3,Tier2,Placed
8409,Male,IT,8.2,0,75,83,1,3,2,50.9,40.9,6.8,81,4.8,Yes,Yes,2,Tier2,Placed
8410,Male,ECE,8.2,0,80,84,0,3,2,58.4,41.4,5.9,90,4.2,Yes,No,0,None,NotPlaced
8411,Male,ECE,8.3,0,82,80,2,3,2,70.3,52.0,7.5,90,4.3,Yes,Yes,1,Tier3,Placed
8412,Female,Civil,7.7,0,61,83,1,3,2,49.0,37.9,7.5,76,4.4,Yes,Yes,0,None,NotPlaced
8413,Male,Mechanical,7.5,2,78,86,2,3,1,55.8,49.6,7.4,73,4.3,Yes,Yes,0,None,NotPlaced
8414,Male,Civil,7.4,0,55,71,1,1,0,38.0,39.9,2.6,72,3.6,No,No,0,None,NotPlaced
8415,Male,Mechanical,7.9,0,78,87,1,3,0,57.1,33.4,7.1,85,4.8,Yes,Yes,2,Tier2,Placed
8416,Male,Mechanical,7.7,0,78,81,2,3,2,64.7,43.8,6.8,90,4.8,Yes,No,2,Tier2,Placed
8417,Female,IT,7.4,0,69,67,2,1,0,47.2,44.6,4.8,80,4.0,Yes,Yes,0,None,NotPlaced
8418,Male,EEE,7.6,0,72,85,1,3,0,63.7,56.7,7.1,78,3.9,Yes,Yes,0,None,NotPlaced
8419,Female,EEE,7.8,0,64,71,1,1,1,33.1,18.9,0.0,83,3.7,No,Yes,0,None,NotPlaced
8420,Male,Civil,7.0,0,56,70,0,3,0,28.1,33.4,3.6,75,3.9,No,No,1,Tier3,Placed
8421,Male,ECE,8.0,0,82,67,1,3,1,56.8,47.7,7.2,90,4.4,No,Yes,0,None,NotPlaced
8422,Male,CSE,8.3,0,78,85,2,3,2,70.6,63.5,5.2,90,4.8,Yes,Yes,3,Tier2,Placed
8423,Male,ECE,8.3,0,63,66,0,1,0,51.9,37.6,1.5,90,4.1,No,No,0,None,NotPlaced
8424,Male,EEE,7.4,0,56,66,1,1,0,34.1,20.7,0.8,88,4.0,No,Yes,0,None,NotPlaced
8425,Male,CSE,8.3,0,75,82,1,2,0,51.0,40.3,4.7,78,4.6,Yes,Yes,3,Tier2,Placed
8426,Male,ECE,7.3,0,56,75,1,2,1,33.9,28.2,4.4,73,4.0,No,No,0,None,NotPlaced
8427,Male,ECE,7.9,0,79,85,0,3,2,51.8,40.9,6.3,80,4.2,Yes,Yes,3,Tier2,Placed
8428,Female,IT,8.7,0,74,81,2,3,2,70.6,54.4,6.2,90,4.8,Yes,Yes,4,Tier1,Placed
8429,Male,ECE,6.9,0,55,61,1,1,1,21.1,34.1,2.7,64,4.6,No,No,0,None,NotPlaced
8430,Male,CSE,7.6,0,56,63,0,1,1,24.1,8.7,4.6,60,3.2,No,No,0,None,NotPlaced
8431,Male,Civil,6.5,0,62,66,0,1,1,20.0,13.2,2.5,66,4.6,No,No,0,None,NotPlaced
8432,Male,EEE,7.5,0,55,60,1,1,0,28.3,24.4,1.1,88,4.6,No,No,0,None,NotPlaced
8433,Male,CSE,7.0,0,56,62,1,1,1,25.1,24.3,2.9,73,4.6,No,No,0,None,NotPlaced
8434,Female,EEE,7.5,1,71,62,0,1,0,30.0,34.7,3.7,89,4.5,No,No,0,None,NotPlaced
8435,Female,EEE,7.9,0,83,69,0,1,0,36.5,39.7,3.1,80,4.8,No,Yes,0,None,NotPlaced
8436,Male,CSE,7.4,2,78,86,1,3,0,52.0,51.3,4.5,70,3.8,No,No,0,None,NotPlaced
8437,Male,ECE,6.5,0,81,62,1,2,1,25.4,29.2,4.5,84,3.8,No,Yes,0,None,NotPlaced
8438,Male,ECE,7.5,0,81,62,1,3,1,50.0,28.7,5.5,84,4.6,No,No,0,None,NotPlaced
8439,Male,ECE,6.8,0,62,60,1,1,0,20.0,6.9,2.1,69,3.9,No,No,0,None,NotPlaced
8440,Male,EEE,7.6,0,56,74,1,2,0,43.6,46.0,3.6,70,4.2,No,No,0,None,NotPlaced
8441,Male,IT,8.5,0,70,86,2,3,2,73.3,68.1,7.7,90,4.8,Yes,Yes,3,Tier1,Placed
8442,Male,CSE,6.5,1,55,69,1,1,0,20.0,25.2,1.6,68,4.0,No,Yes,0,None,NotPlaced
8443,Female,Civil,7.4,0,55,67,2,2,0,49.7,34.1,5.4,65,3.9,No,No,0,None,NotPlaced
8444,Male,IT,6.6,1,55,86,1,3,3,33.0,26.4,7.0,65,4.2,Yes,Yes,1,Tier3,Placed
8445,Male,EEE,6.5,2,64,69,1,2,0,20.0,17.8,3.8,78,4.5,No,No,0,None,NotPlaced
8446,Female,CSE,8.1,0,83,84,1,3,2,68.1,46.7,7.6,80,4.5,Yes,No,3,Tier2,Placed
8447,Male,IT,6.6,1,56,73,2,1,0,20.0,22.7,2.4,74,4.3,No,Yes,0,None,NotPlaced
8448,Female,IT,8.0,0,76,84,2,3,2,63.5,69.8,7.6,90,4.7,Yes,Yes,0,None,NotPlaced
8449,Male,IT,6.6,0,65,66,1,1,0,20.1,16.3,1.9,69,3.9,No,Yes,0,None,NotPlaced
8450,Female,IT,8.4,0,77,85,2,3,3,73.1,69.6,8.3,89,4.6,Yes,Yes,1,Tier3,Placed
8451,Female,CSE,7.5,0,55,64,1,1,0,39.7,27.4,3.0,74,4.7,No,No,0,None,NotPlaced
8452,Male,EEE,7.4,0,81,73,0,1,0,24.2,10.8,2.0,68,4.1,No,Yes,0,None,NotPlaced
8453,Female,ECE,8.2,0,76,88,2,3,2,76.5,69.5,7.8,90,4.8,Yes,No,3,Tier2,Placed
8454,Male,CSE,7.6,0,70,66,1,1,0,31.1,26.7,1.7,74,4.5,No,Yes,0,None,NotPlaced
8455,Female,Mechanical,8.3,0,56,67,0,2,0,58.6,58.8,4.6,85,4.2,No,No,0,None,NotPlaced
8456,Male,IT,7.4,1,74,83,1,3,2,35.7,43.6,7.8,76,3.7,Yes,Yes,0,None,NotPlaced
8457,Male,CSE,7.6,0,55,67,1,1,0,29.5,25.4,2.2,77,3.7,No,Yes,4,Tier1,Placed
8458,Male,EEE,7.3,0,68,71,1,2,1,38.5,45.2,3.2,83,3.2,No,Yes,0,None,NotPlaced
8459,Female,IT,8.3,0,77,63,1,3,3,63.0,45.0,4.8,88,4.0,No,Yes,2,Tier2,Placed
8460,Male,ECE,7.4,0,63,60,2,0,0,27.6,18.4,1.3,69,4.4,Yes,No,0,None,NotPlaced
8461,Female,CSE,8.2,0,79,86,1,3,2,63.2,60.5,6.3,85,4.6,Yes,Yes,3,Tier2,Placed
8462,Female,EEE,8.5,0,82,88,1,3,2,63.0,39.8,8.1,90,4.8,Yes,Yes,3,Tier1,Placed
8463,Male,ECE,8.2,0,66,88,1,3,0,57.4,48.1,5.5,88,4.2,Yes,Yes,2,Tier2,Placed
8464,Female,CSE,6.5,0,76,77,2,3,1,35.2,41.5,8.3,76,4.3,Yes,No,0,None,NotPlaced
8465,Female,ECE,7.1,1,55,64,0,1,0,20.0,31.1,2.1,73,4.1,No,Yes,0,None,NotPlaced
8466,Male,EEE,7.6,0,65,63,0,1,1,36.7,28.1,1.1,65,4.1,No,No,0,None,NotPlaced
8467,Male,ECE,8.4,0,82,82,2,3,2,71.0,65.9,6.5,90,4.8,Yes,No,3,Tier2,Placed
8468,Male,CSE,8.5,1,71,84,1,3,2,72.6,49.5,6.8,85,4.6,Yes,Yes,4,Tier1,Placed
8469,Male,ECE,6.6,1,55,71,0,1,0,20.0,14.8,2.5,68,4.8,No,No,1,Tier3,Placed
8470,Male,CSE,7.9,0,73,82,1,1,0,38.0,36.5,1.8,90,4.5,Yes,Yes,1,Tier3,Placed
8471,Male,ECE,7.6,0,73,86,1,2,1,33.1,34.1,4.0,88,4.2,Yes,Yes,2,Tier2,Placed
8472,Male,EEE,8.4,0,89,88,1,3,2,72.9,50.7,6.7,90,4.2,Yes,Yes,1,Tier3,Placed
8473,Male,ECE,6.5,1,55,66,1,1,0,20.0,35.8,2.0,77,4.3,No,No,0,None,NotPlaced
8474,Male,ECE,7.3,0,66,71,0,3,0,38.0,18.1,6.7,72,4.4,No,No,0,None,NotPlaced
8475,Female,Mechanical,8.3,0,77,85,1,3,2,64.2,53.3,7.3,88,4.8,Yes,Yes,3,Tier2,Placed
8476,Female,EEE,6.5,0,69,70,1,1,0,20.0,23.0,1.6,83,4.6,No,Yes,0,None,NotPlaced
8477,Male,ECE,7.6,0,62,60,1,1,1,39.8,19.6,2.2,63,3.8,No,No,0,None,NotPlaced
8478,Female,IT,7.2,0,55,66,0,2,0,30.0,39.0,4.2,82,4.8,No,Yes,0,None,NotPlaced
8479,Female,ECE,8.3,0,86,85,2,2,2,61.4,44.9,4.7,87,4.7,Yes,Yes,3,Tier2,Placed
8480,Female,ECE,7.6,0,63,71,1,2,0,48.1,40.8,5.1,70,3.7,Yes,Yes,3,Tier2,Placed
8481,Male,IT,8.2,0,83,74,1,3,2,66.0,56.9,4.8,90,4.6,Yes,Yes,2,Tier2,Placed
8482,Male,Civil,6.5,2,55,71,1,1,0,20.0,10.4,2.9,89,3.7,No,Yes,0,None,NotPlaced
8483,Female,Mechanical,8.2,0,86,81,2,3,2,62.3,43.1,7.5,90,4.5,Yes,Yes,1,Tier3,Placed
8484,Female,EEE,8.2,0,77,81,0,3,2,53.9,57.5,8.5,81,4.6,Yes,Yes,0,None,NotPlaced
8485,Female,IT,8.5,0,77,88,2,3,2,73.8,59.2,6.2,90,4.8,Yes,Yes,3,Tier1,Placed
8486,Female,IT,7.8,0,76,83,1,3,1,48.8,20.0,7.6,82,4.8,Yes,Yes,2,Tier3,Placed
8487,Male,IT,7.4,0,61,75,1,1,0,31.5,25.0,1.1,60,4.3,Yes,Yes,2,Tier2,Placed
8488,Male,IT,7.3,0,55,72,1,2,1,36.4,32.4,3.2,80,4.3,Yes,Yes,2,Tier2,Placed
8489,Male,EEE,7.8,0,64,69,1,1,0,26.3,26.7,1.8,73,4.6,No,Yes,0,None,NotPlaced
8490,Male,IT,7.6,0,55,63,0,3,1,39.0,17.6,6.4,70,4.1,Yes,No,0,None,NotPlaced
8491,Female,Mechanical,6.5,2,55,76,1,1,0,20.0,19.6,3.0,65,3.6,No,No,0,None,NotPlaced
8492,Male,CSE,8.5,0,88,86,2,2,2,64.3,46.2,6.2,87,4.8,Yes,Yes,3,Tier1,Placed
8493,Male,ECE,8.3,0,64,74,1,1,0,54.4,47.8,3.3,88,4.1,No,No,0,None,NotPlaced
8494,Female,EEE,6.5,0,55,67,0,3,0,20.0,24.0,6.6,66,3.5,No,No,0,None,NotPlaced
8495,Male,IT,8.5,0,86,85,2,3,0,67.4,58.2,7.6,87,4.6,Yes,Yes,2,Tier2,Placed
8496,Female,Mechanical,8.2,0,88,85,2,2,2,59.2,60.5,3.7,87,4.8,Yes,Yes,3,Tier2,Placed
8497,Female,Civil,8.2,0,75,83,2,3,2,62.7,69.5,8.4,90,4.6,Yes,Yes,1,Tier3,Placed
8498,Male,CSE,8.3,0,74,62,1,2,2,51.7,34.0,6.3,76,4.0,Yes,Yes,0,None,NotPlaced
8499,Male,CSE,7.4,0,73,88,2,2,1,46.7,37.0,3.6,82,4.6,Yes,Yes,0,None,NotPlaced
8500,Male,CSE,7.8,0,55,73,0,1,1,31.5,36.1,3.5,90,4.2,Yes,Yes,3,Tier2,Placed
8501,Male,EEE,6.7,0,55,67,1,1,0,20.0,19.6,1.5,74,3.7,No,Yes,0,None,NotPlaced
8502,Male,IT,8.1,0,72,81,2,2,1,47.6,18.6,6.8,79,4.5,Yes,Yes,0,None,NotPlaced
8503,Male,EEE,7.5,0,64,66,1,1,0,44.0,36.3,1.0,78,3.8,No,No,0,None,NotPlaced
8504,Female,ECE,6.5,2,65,74,1,2,0,26.6,35.4,4.1,77,4.0,No,No,0,None,NotPlaced
8505,Male,ECE,8.3,0,86,71,2,2,2,59.7,37.2,5.2,73,3.9,Yes,Yes,0,None,NotPlaced
8506,Female,Mechanical,6.5,0,77,70,1,3,2,29.4,30.2,6.9,87,4.7,Yes,Yes,3,Tier2,Placed
8507,Male,ECE,7.7,0,65,64,0,1,1,29.6,11.5,4.1,67,3.4,No,No,0,None,NotPlaced
8508,Male,ECE,6.5,0,57,66,0,3,1,26.6,33.0,7.7,82,4.6,No,No,0,None,NotPlaced
8509,Female,CSE,7.3,0,78,80,1,1,0,24.7,26.4,1.4,80,3.6,Yes,Yes,2,Tier3,Placed
8510,Male,IT,8.4,0,81,84,1,3,0,64.3,47.2,7.5,75,4.6,Yes,Yes,0,None,NotPlaced
8511,Male,ECE,7.9,0,69,81,2,3,2,64.3,49.6,7.0,88,4.6,Yes,Yes,2,Tier2,Placed
8512,Female,ECE,6.8,0,76,79,1,3,1,42.3,25.4,7.8,86,4.8,Yes,Yes,0,None,NotPlaced
8513,Female,Mechanical,7.5,2,69,68,1,2,2,44.7,45.5,5.2,68,4.0,Yes,Yes,2,Tier2,Placed
8514,Female,Mechanical,7.4,0,55,66,1,1,1,37.2,25.9,1.2,69,3.9,No,No,0,None,NotPlaced
8515,Male,EEE,7.7,0,55,70,0,1,0,30.4,33.3,1.0,89,4.2,No,No,0,None,NotPlaced
8516,Male,IT,7.7,0,82,64,0,1,0,28.9,19.8,2.6,81,3.8,Yes,Yes,0,None,NotPlaced
8517,Female,EEE,7.4,0,70,67,2,3,2,42.3,54.4,6.9,80,4.8,Yes,Yes,0,None,NotPlaced
8518,Female,IT,7.7,0,60,73,1,2,0,45.4,51.0,4.2,75,4.4,No,No,0,None,NotPlaced
8519,Male,CSE,7.5,0,62,78,1,1,1,34.9,47.7,2.4,74,4.5,Yes,Yes,0,None,NotPlaced
8520,Female,ECE,6.5,0,55,66,1,1,0,20.0,38.1,3.7,73,4.1,No,Yes,0,None,NotPlaced
8521,Male,CSE,8.2,0,77,82,2,3,2,64.1,47.9,7.5,90,4.8,Yes,Yes,4,Tier1,Placed
8522,Male,ECE,7.4,0,55,65,1,1,3,37.2,25.3,2.9,70,4.5,No,Yes,0,None,NotPlaced
8523,Male,IT,8.5,0,75,88,2,3,2,77.2,78.3,6.9,90,4.8,Yes,Yes,4,Tier1,Placed
8524,Male,Civil,7.5,0,75,61,1,1,1,39.6,33.9,1.0,81,4.0,No,Yes,0,None,NotPlaced
8525,Male,IT,7.9,0,68,68,2,2,0,49.2,48.0,4.9,77,4.4,No,Yes,3,Tier2,Placed
8526,Male,Mechanical,7.9,0,77,85,1,2,2,45.5,34.4,4.0,83,4.8,Yes,Yes,2,Tier2,Placed
8527,Male,CSE,8.2,0,79,84,2,3,2,74.0,54.9,5.0,88,4.5,Yes,No,2,Tier2,Placed
8528,Female,CSE,7.6,0,73,84,1,3,2,50.8,50.3,7.6,90,4.0,Yes,Yes,0,None,NotPlaced
8529,Female,ECE,6.5,0,67,71,1,1,0,20.0,5.6,2.2,82,4.6,Yes,Yes,0,None,NotPlaced
8530,Male,EEE,6.5,0,55,66,1,1,1,20.0,26.7,1.7,72,3.8,No,Yes,0,None,NotPlaced
8531,Female,CSE,8.0,0,72,84,0,1,2,37.9,38.7,3.7,89,4.7,Yes,Yes,2,Tier2,Placed
8532,Male,CSE,7.5,0,77,69,0,2,0,41.0,31.7,4.1,80,3.8,Yes,Yes,0,None,NotPlaced
8533,Male,IT,7.6,2,55,62,1,2,1,42.2,37.2,3.4,83,4.8,Yes,Yes,0,None,NotPlaced
8534,Female,ECE,6.5,1,56,57,1,1,1,20.0,21.4,3.2,66,3.7,No,Yes,0,None,NotPlaced
8535,Male,EEE,8.3,0,82,80,2,2,1,64.3,54.7,4.9,87,4.5,Yes,Yes,0,None,NotPlaced
8536,Male,ECE,6.5,0,62,75,1,1,1,20.0,25.5,4.3,66,3.8,Yes,Yes,0,None,NotPlaced
8537,Male,CSE,8.2,0,71,69,1,2,0,50.6,36.8,5.6,88,4.8,Yes,Yes,2,Tier2,Placed
8538,Female,Mechanical,7.6,0,59,60,1,1,3,32.7,51.3,2.7,76,3.8,No,Yes,0,None,NotPlaced
8539,Male,IT,7.7,0,55,66,1,2,0,38.3,32.5,4.2,81,4.8,No,No,0,None,NotPlaced
8540,Female,EEE,8.3,0,77,81,1,3,2,62.4,50.5,7.2,87,4.7,Yes,Yes,2,Tier2,Placed
8541,Male,Mechanical,7.1,0,72,81,1,3,1,48.6,56.2,7.1,74,4.3,No,Yes,3,Tier2,Placed
8542,Female,Civil,7.8,0,80,84,1,3,2,54.8,31.8,7.8,90,4.8,Yes,Yes,0,None,NotPlaced
8543,Female,ECE,7.4,1,81,86,1,2,1,35.2,48.2,4.4,90,4.4,Yes,Yes,0,None,NotPlaced
8544,Female,EEE,6.6,0,64,76,1,1,0,24.6,24.6,2.5,74,3.8,No,Yes,1,Tier3,Placed
8545,Male,CSE,8.7,0,78,85,2,3,2,73.3,55.2,6.4,90,4.8,Yes,Yes,3,Tier1,Placed
8546,Male,EEE,6.5,0,81,68,2,3,2,29.2,19.0,6.7,84,4.5,Yes,No,0,None,NotPlaced
8547,Female,IT,8.1,0,55,67,1,2,0,59.1,38.3,4.6,79,4.3,No,Yes,0,None,NotPlaced
8548,Male,ECE,7.4,0,61,88,0,2,2,37.3,30.6,3.4,80,4.8,No,Yes,1,Tier3,Placed
8549,Male,EEE,8.6,0,69,79,2,3,2,75.3,62.9,7.1,89,4.7,Yes,Yes,3,Tier1,Placed
8550,Male,CSE,7.7,1,80,87,2,3,2,62.2,55.9,7.4,82,4.8,Yes,Yes,0,None,NotPlaced
8551,Female,Mechanical,6.9,1,55,72,1,1,0,22.5,24.9,2.7,78,4.3,Yes,Yes,0,None,NotPlaced
8552,Male,Mechanical,6.9,0,55,58,1,2,0,23.1,18.3,4.7,69,4.0,No,Yes,0,None,NotPlaced
8553,Male,ECE,7.7,0,62,72,2,2,0,38.0,44.5,4.6,80,3.8,Yes,Yes,0,None,NotPlaced
8554,Male,ECE,8.1,0,78,86,0,3,2,53.2,66.7,7.9,90,4.8,Yes,Yes,2,Tier2,Placed
8555,Male,IT,8.6,0,71,85,2,3,2,81.4,77.0,6.1,90,4.8,No,Yes,4,Tier1,Placed
8556,Female,Civil,7.4,0,69,73,1,2,1,36.9,29.3,4.2,71,4.7,No,Yes,0,None,NotPlaced
8557,Male,CSE,7.5,0,55,70,1,1,1,35.3,35.6,1.1,76,4.0,No,Yes,0,None,NotPlaced
8558,Male,ECE,7.6,0,75,82,1,3,1,51.9,48.5,5.8,85,4.4,No,Yes,0,None,NotPlaced
8559,Female,ECE,7.9,0,66,60,0,2,0,35.5,44.9,4.2,80,4.2,No,Yes,0,None,NotPlaced
8560,Female,Mechanical,7.7,0,55,65,1,2,1,43.0,33.9,5.0,72,4.5,No,Yes,0,None,NotPlaced
8561,Male,Mechanical,6.6,0,55,68,1,1,0,20.0,12.8,1.7,72,3.2,No,Yes,0,None,NotPlaced
8562,Female,ECE,7.6,0,70,80,1,2,2,39.1,44.2,6.0,86,4.3,Yes,Yes,0,None,NotPlaced
8563,Female,CSE,7.9,0,71,67,1,1,1,39.2,37.4,2.2,75,4.5,Yes,Yes,0,None,NotPlaced
8564,Female,IT,8.2,0,60,74,2,2,0,62.0,41.2,4.3,74,4.1,No,No,0,None,NotPlaced
8565,Male,CSE,7.3,0,63,70,0,1,0,24.4,29.6,1.5,76,4.0,No,No,0,None,NotPlaced
8566,Male,Mechanical,8.4,1,76,87,1,3,0,72.2,73.0,8.5,86,3.6,Yes,Yes,4,Tier1,Placed
8567,Female,EEE,8.0,0,76,87,2,3,2,65.9,48.6,8.4,89,4.5,Yes,Yes,1,Tier3,Placed
8568,Female,EEE,8.0,0,79,84,1,3,2,54.2,38.9,7.3,90,4.8,Yes,Yes,3,Tier2,Placed
8569,Male,ECE,7.9,0,65,61,1,2,0,46.6,39.0,3.5,68,3.6,No,Yes,0,None,NotPlaced
8570,Male,ECE,7.3,0,55,69,1,1,2,29.1,32.2,0.5,71,4.0,No,Yes,0,None,NotPlaced
8571,Male,CSE,7.7,0,73,68,1,3,1,59.7,48.7,7.4,83,4.8,Yes,Yes,2,Tier2,Placed
8572,Male,CSE,8.7,0,80,84,2,3,2,75.6,70.1,7.2,90,4.8,Yes,Yes,2,Tier3,Placed
8573,Male,CSE,8.7,0,71,83,0,3,2,59.3,51.7,7.9,90,4.8,Yes,Yes,3,Tier1,Placed
8574,Male,EEE,6.7,0,63,71,1,1,1,20.0,28.8,0.5,75,3.7,No,No,0,None,NotPlaced
8575,Female,CSE,8.3,0,74,86,1,2,0,53.2,38.0,5.1,73,4.8,Yes,Yes,0,None,NotPlaced
8576,Male,EEE,8.2,0,82,64,1,3,2,56.6,36.4,7.4,73,4.5,Yes,Yes,3,Tier1,Placed
8577,Female,ECE,8.4,0,75,82,2,3,2,72.1,55.8,6.1,90,4.7,Yes,Yes,2,Tier2,Placed
8578,Male,ECE,6.5,1,60,69,1,2,1,25.9,13.8,4.1,72,4.5,No,No,0,None,NotPlaced
8579,Male,CSE,7.7,0,72,65,1,1,2,34.1,33.4,2.3,70,3.9,Yes,No,0,None,NotPlaced
8580,Male,IT,6.8,0,74,85,2,3,0,42.5,20.8,5.2,80,4.4,No,Yes,1,Tier3,Placed
8581,Male,IT,8.5,0,73,69,0,1,0,51.4,38.7,2.5,71,4.0,Yes,No,0,None,NotPlaced
8582,Female,EEE,8.1,0,74,86,1,2,2,57.0,45.7,3.7,90,4.0,No,Yes,0,None,NotPlaced
8583,Female,CSE,7.8,1,73,83,2,1,2,40.3,27.9,4.2,90,4.8,Yes,Yes,1,Tier3,Placed
8584,Male,EEE,7.8,1,55,63,0,1,0,28.4,24.1,1.7,74,3.3,No,No,0,None,NotPlaced
8585,Male,ECE,8.8,0,83,86,2,3,2,75.1,60.7,6.2,90,4.8,Yes,Yes,2,Tier3,Placed
8586,Male,CSE,8.2,0,79,86,2,3,2,72.0,68.5,7.8,88,4.8,Yes,Yes,2,Tier2,Placed
8587,Female,EEE,8.1,0,62,83,1,3,0,64.3,43.3,8.0,74,4.0,Yes,Yes,3,Tier2,Placed
8588,Female,ECE,8.1,0,75,85,1,2,0,48.2,44.6,5.8,89,4.7,Yes,Yes,3,Tier2,Placed
8589,Male,EEE,7.5,0,69,73,1,1,3,43.7,42.1,3.4,78,4.5,No,No,0,None,NotPlaced
8590,Female,CSE,8.1,0,78,71,2,1,2,44.6,38.1,3.2,78,4.7,Yes,Yes,2,Tier3,Placed
8591,Female,CSE,7.2,1,58,63,1,2,0,40.0,29.4,4.2,60,4.6,No,No,0,None,NotPlaced
8592,Male,CSE,7.8,0,55,71,0,3,1,57.6,39.3,5.3,90,3.8,No,Yes,0,None,NotPlaced
8593,Male,ECE,6.5,0,78,82,2,3,2,34.5,46.5,8.4,80,4.8,Yes,Yes,0,None,NotPlaced
8594,Female,Mechanical,7.4,1,57,72,1,1,0,27.2,25.2,1.9,62,3.6,No,No,0,None,NotPlaced
8595,Female,EEE,7.6,0,63,69,1,1,2,31.3,25.6,1.7,69,3.9,No,Yes,0,None,NotPlaced
8596,Male,Mechanical,7.5,0,56,67,0,1,1,26.7,43.1,1.6,83,4.0,No,Yes,0,None,NotPlaced
8597,Male,CSE,8.0,0,80,84,0,3,2,59.4,50.2,7.6,76,4.8,Yes,Yes,3,Tier1,Placed
8598,Male,CSE,8.3,0,80,72,2,2,0,56.0,67.6,5.1,90,4.8,Yes,Yes,2,Tier2,Placed
8599,Male,EEE,7.2,1,65,87,2,2,2,30.8,18.1,5.2,87,4.7,Yes,Yes,3,Tier2,Placed
8600,Female,CSE,7.7,1,87,84,1,3,2,54.8,44.6,5.7,90,4.4,No,Yes,3,Tier2,Placed
8601,Male,IT,7.9,0,87,85,1,3,2,59.9,39.1,6.8,90,4.5,Yes,Yes,4,Tier1,Placed
8602,Female,IT,8.5,0,81,88,2,3,2,83.8,65.8,6.9,90,4.6,Yes,Yes,1,Tier3,Placed
8603,Female,CSE,8.0,0,69,74,1,1,0,36.1,32.4,4.4,90,4.5,Yes,Yes,2,Tier2,Placed
8604,Male,ECE,8.0,0,80,69,2,3,0,63.3,48.7,5.2,90,4.8,Yes,Yes,3,Tier2,Placed
8605,Male,IT,8.2,0,55,70,1,1,0,52.8,43.6,2.4,69,4.5,No,Yes,0,None,NotPlaced
8606,Male,ECE,7.5,2,55,67,1,1,0,33.6,27.1,4.1,76,4.0,Yes,No,0,None,NotPlaced
8607,Female,Mechanical,6.5,0,60,60,1,1,1,20.0,19.2,1.2,68,4.4,Yes,No,0,None,NotPlaced
8608,Male,CSE,8.4,0,76,82,1,2,1,62.9,45.1,4.9,79,3.8,Yes,Yes,1,Tier3,Placed
8609,Male,Civil,7.4,0,55,67,0,1,0,23.0,34.8,3.0,79,3.8,No,No,0,None,NotPlaced
8610,Female,ECE,7.0,0,75,81,2,1,1,32.3,21.7,2.2,88,4.8,Yes,Yes,2,Tier3,Placed
8611,Male,Mechanical,8.3,0,76,82,1,3,2,58.7,49.7,6.3,77,4.0,No,Yes,0,None,NotPlaced
8612,Female,CSE,7.7,1,55,63,0,1,1,24.4,13.3,1.1,64,3.9,No,Yes,0,None,NotPlaced
8613,Female,ECE,8.1,0,75,85,2,2,2,56.6,40.8,5.0,87,4.8,Yes,Yes,3,Tier2,Placed
8614,Male,ECE,7.3,1,68,64,1,2,1,24.2,18.9,5.3,86,4.3,No,Yes,0,None,NotPlaced
8615,Male,ECE,8.6,0,55,70,1,3,0,71.4,57.0,8.7,90,4.8,Yes,Yes,4,Tier1,Placed
8616,Female,ECE,8.5,0,80,67,1,3,1,60.3,51.7,7.3,90,4.8,Yes,Yes,0,None,NotPlaced
8617,Female,IT,8.6,0,86,87,2,3,0,77.4,52.9,5.7,84,4.8,Yes,Yes,3,Tier2,Placed
8618,Male,Mechanical,7.6,1,83,80,1,0,1,27.9,23.0,0.7,75,4.8,Yes,Yes,4,Tier1,Placed
8619,Male,IT,8.3,0,80,85,2,3,2,69.7,48.5,5.2,85,4.7,Yes,No,2,Tier3,Placed
8620,Male,CSE,8.2,0,71,87,1,1,2,49.2,34.3,2.7,90,4.8,Yes,Yes,2,Tier3,Placed
8621,Female,ECE,8.5,0,81,82,2,3,2,75.0,69.7,8.0,90,4.8,Yes,Yes,3,Tier1,Placed
8622,Male,ECE,7.7,0,58,72,0,2,0,38.5,22.9,2.6,79,4.0,No,No,0,None,NotPlaced
8623,Male,IT,7.6,1,61,57,1,2,1,52.2,42.6,3.8,61,3.2,No,No,0,None,NotPlaced
8624,Female,ECE,7.5,0,81,88,1,3,2,51.0,56.7,6.2,82,4.8,Yes,No,2,Tier3,Placed
8625,Male,Civil,7.8,1,83,79,0,3,0,53.9,55.4,8.8,89,4.8,Yes,Yes,3,Tier2,Placed
8626,Male,EEE,8.4,0,77,66,0,3,0,67.4,58.1,7.4,83,4.0,Yes,No,0,None,NotPlaced
8627,Male,CSE,8.2,0,68,86,2,3,2,71.3,57.9,7.9,90,4.8,Yes,Yes,2,Tier2,Placed
8628,Female,CSE,8.5,0,81,88,2,3,2,84.3,73.0,7.3,90,4.8,Yes,Yes,4,Tier1,Placed
8629,Male,Civil,8.0,0,74,68,1,1,2,43.8,41.4,3.8,87,4.1,Yes,Yes,2,Tier2,Placed
8630,Female,EEE,6.5,0,72,86,2,3,2,34.0,42.4,8.1,80,4.0,Yes,Yes,1,Tier3,Placed
8631,Female,Civil,6.5,1,55,62,1,1,1,20.0,19.5,3.0,73,4.0,Yes,No,0,None,NotPlaced
8632,Male,IT,7.3,0,67,64,1,3,0,43.7,45.8,5.5,80,4.2,No,No,0,None,NotPlaced
8633,Male,EEE,7.8,0,55,66,0,2,1,38.3,29.8,3.1,62,3.6,No,No,0,None,NotPlaced
8634,Male,EEE,8.4,0,74,88,2,3,2,75.4,76.0,8.8,90,4.6,Yes,Yes,2,Tier3,Placed
8635,Male,CSE,8.5,0,85,88,2,3,2,69.4,55.4,7.8,90,4.5,Yes,Yes,4,Tier1,Placed
8636,Female,EEE,7.3,1,67,72,0,1,0,24.4,10.9,0.8,75,4.7,Yes,Yes,1,Tier3,Placed
8637,Female,ECE,8.5,0,76,86,2,3,2,76.8,62.5,6.8,90,4.8,Yes,Yes,4,Tier1,Placed
8638,Male,ECE,8.3,0,70,82,1,3,1,65.8,60.0,7.4,87,4.5,Yes,No,0,None,NotPlaced
8639,Male,Mechanical,6.9,1,76,71,1,2,0,24.5,36.2,5.7,67,3.7,No,Yes,0,None,NotPlaced
8640,Male,Mechanical,7.4,0,79,67,0,2,1,37.5,24.7,2.9,71,4.7,No,Yes,0,None,NotPlaced
8641,Female,Mechanical,8.3,0,76,81,1,3,2,64.6,39.4,7.4,90,4.5,Yes,Yes,3,Tier2,Placed
8642,Male,Mechanical,6.8,1,55,62,1,2,0,20.0,24.6,3.6,74,3.9,No,No,0,None,NotPlaced
8643,Male,ECE,8.4,0,63,69,0,3,3,57.1,51.3,5.8,85,4.8,Yes,Yes,3,Tier2,Placed
8644,Male,ECE,6.5,0,82,78,1,1,0,20.0,9.4,4.3,74,4.7,Yes,Yes,0,None,NotPlaced
8645,Male,EEE,8.5,0,87,84,2,3,0,81.4,62.4,6.0,90,3.8,Yes,Yes,4,Tier1,Placed
8646,Male,ECE,7.5,0,59,62,1,2,0,43.6,35.1,5.0,76,4.0,No,Yes,2,Tier2,Placed
8647,Male,IT,7.3,1,68,64,0,1,1,27.9,32.3,0.4,69,4.6,No,Yes,0,None,NotPlaced
8648,Male,ECE,8.0,0,72,88,1,2,2,47.1,37.1,4.5,83,4.3,Yes,Yes,0,None,NotPlaced
8649,Female,CSE,8.2,0,78,80,1,2,3,53.7,41.6,5.6,83,4.2,Yes,Yes,0,None,NotPlaced
8650,Male,ECE,8.0,0,57,87,0,2,1,52.2,44.1,5.7,74,4.1,Yes,Yes,3,Tier2,Placed
8651,Male,IT,8.4,0,75,84,1,2,1,61.1,38.3,4.4,73,4.5,No,Yes,0,None,NotPlaced
8652,Male,CSE,7.7,0,57,83,0,2,1,40.3,49.5,6.0,68,4.0,Yes,Yes,3,Tier2,Placed
8653,Male,Civil,7.6,0,80,66,1,2,1,42.1,44.1,3.7,80,3.9,No,Yes,0,None,NotPlaced
8654,Male,EEE,7.7,0,78,82,2,2,1,55.9,41.1,6.4,84,4.7,Yes,Yes,2,Tier2,Placed
8655,Male,ECE,8.5,0,68,88,2,3,2,79.6,54.7,7.4,88,4.8,Yes,Yes,3,Tier2,Placed
8656,Male,ECE,8.0,0,67,83,2,3,0,67.2,46.2,7.7,83,4.1,Yes,Yes,0,None,NotPlaced
8657,Male,EEE,7.6,0,72,74,2,2,0,48.3,45.4,4.4,77,4.4,No,Yes,0,None,NotPlaced
8658,Male,EEE,7.8,1,74,86,2,3,0,58.2,40.4,7.5,86,4.6,Yes,Yes,2,Tier2,Placed
8659,Male,ECE,7.9,0,69,81,1,3,3,60.5,47.8,6.0,83,4.7,Yes,Yes,3,Tier2,Placed
8660,Female,Civil,6.5,1,63,66,1,1,0,20.0,8.3,1.1,87,4.8,No,No,3,Tier2,Placed
8661,Male,IT,7.3,1,61,66,1,3,0,40.5,40.2,6.5,84,4.6,Yes,No,0,None,NotPlaced
8662,Male,Mechanical,8.5,0,75,88,2,3,2,66.7,59.4,7.5,90,4.8,Yes,Yes,2,Tier2,Placed
8663,Male,IT,8.5,0,82,83,0,3,0,70.2,55.0,6.4,81,4.4,Yes,Yes,0,None,NotPlaced
8664,Male,IT,8.6,0,83,80,2,3,2,72.4,60.1,6.7,88,4.8,Yes,Yes,4,Tier1,Placed
8665,Male,CSE,6.5,0,72,72,0,1,2,20.0,28.4,1.9,89,3.8,No,No,2,Tier2,Placed
8666,Male,ECE,8.3,0,58,72,1,2,2,56.4,48.6,6.4,86,4.8,Yes,Yes,2,Tier2,Placed
8667,Female,ECE,8.0,0,79,87,1,3,1,73.5,65.8,7.6,90,4.8,Yes,Yes,3,Tier2,Placed
8668,Male,Civil,6.7,2,55,71,0,1,1,20.0,11.4,0.5,75,3.2,No,No,0,None,NotPlaced
8669,Male,Civil,7.7,0,71,65,1,1,2,27.7,29.3,3.2,76,4.7,Yes,No,0,None,NotPlaced
8670,Female,Civil,6.6,0,73,65,1,3,2,36.9,35.5,6.7,90,4.6,Yes,Yes,0,None,NotPlaced
8671,Female,IT,7.6,0,77,71,0,3,0,44.1,48.3,6.8,87,4.1,Yes,Yes,2,Tier3,Placed
8672,Male,Civil,8.3,0,74,79,1,2,0,56.0,45.9,5.0,72,3.9,Yes,Yes,2,Tier2,Placed
8673,Male,ECE,6.5,1,60,67,1,1,0,20.0,19.5,3.1,70,4.2,No,No,0,None,NotPlaced
8674,Male,Mechanical,8.2,0,83,85,0,3,2,59.0,43.7,6.2,76,4.7,Yes,Yes,0,None,NotPlaced
8675,Male,IT,6.5,2,55,70,1,1,0,20.0,32.9,2.2,77,4.2,No,Yes,0,None,NotPlaced
8676,Male,ECE,8.4,0,72,88,1,2,0,55.8,27.3,5.3,79,3.4,Yes,Yes,3,Tier2,Placed
8677,Male,Civil,6.6,0,65,62,1,1,0,20.0,24.5,1.8,71,3.0,No,No,0,None,NotPlaced
8678,Female,Mechanical,7.7,0,73,82,1,3,0,53.5,44.5,6.4,80,4.8,Yes,Yes,0,None,NotPlaced
8679,Male,ECE,7.9,2,79,80,2,3,1,50.3,40.5,6.2,75,4.5,Yes,Yes,0,None,NotPlaced
8680,Male,EEE,8.0,0,78,70,0,3,2,46.8,38.0,6.6,87,4.7,Yes,Yes,2,Tier3,Placed
8681,Male,CSE,7.6,0,55,68,1,1,1,43.3,37.0,2.7,79,4.1,No,Yes,4,Tier1,Placed
8682,Female,EEE,8.1,0,78,67,0,2,0,49.6,45.1,4.6,73,4.7,Yes,Yes,0,None,NotPlaced
8683,Male,ECE,8.6,0,72,83,1,2,0,60.4,42.0,4.9,68,3.9,Yes,Yes,2,Tier3,Placed
8684,Male,CSE,8.1,0,71,68,1,3,0,52.5,44.6,4.8,75,4.5,No,Yes,3,Tier2,Placed
8685,Male,CSE,8.6,0,77,82,2,3,2,75.7,63.9,6.5,90,4.8,Yes,Yes,2,Tier2,Placed
8686,Male,CSE,8.5,0,85,83,2,3,2,78.9,55.2,7.2,85,4.7,Yes,No,4,Tier1,Placed
8687,Male,ECE,8.6,0,81,77,2,2,1,81.2,67.9,3.3,78,4.0,Yes,Yes,0,None,NotPlaced
8688,Male,CSE,6.8,1,55,67,1,2,2,36.5,34.7,5.0,70,3.8,No,Yes,0,None,NotPlaced
8689,Male,ECE,7.2,0,58,69,0,1,0,20.0,13.9,1.4,70,3.5,No,No,0,None,NotPlaced
8690,Male,IT,8.7,0,84,77,1,2,2,62.5,41.8,6.8,84,4.8,Yes,Yes,3,Tier2,Placed
8691,Male,EEE,6.7,0,65,69,0,1,1,20.0,13.6,2.4,68,3.4,No,No,0,None,NotPlaced
8692,Female,EEE,7.8,0,78,83,2,3,2,55.8,48.2,5.2,90,4.5,Yes,Yes,4,Tier1,Placed
8693,Male,ECE,8.3,0,69,82,0,3,0,58.9,48.7,7.3,90,4.7,Yes,Yes,2,Tier2,Placed
8694,Male,ECE,7.7,0,73,78,1,2,0,43.2,48.4,4.7,78,4.6,Yes,Yes,3,Tier1,Placed
8695,Male,ECE,6.6,0,63,64,0,1,0,20.3,17.6,2.3,70,4.3,No,No,0,None,NotPlaced
8696,Male,IT,7.5,0,68,73,1,1,0,26.4,19.5,3.6,90,4.6,No,Yes,0,None,NotPlaced
8697,Female,Mechanical,6.8,1,60,77,2,1,0,23.8,28.8,2.7,77,4.0,No,No,0,None,NotPlaced
8698,Male,IT,8.4,2,55,84,0,3,2,51.7,34.6,6.8,69,4.5,Yes,Yes,1,Tier3,Placed
8699,Male,CSE,8.2,1,76,81,1,3,2,64.7,46.1,5.6,79,4.8,Yes,Yes,3,Tier2,Placed
8700,Male,EEE,7.8,1,86,73,2,2,1,45.3,33.0,4.9,84,4.0,No,Yes,0,None,NotPlaced
8701,Female,IT,8.7,0,85,86,2,3,2,83.5,42.6,7.5,90,4.8,Yes,Yes,3,Tier1,Placed
8702,Female,EEE,7.9,0,66,70,0,3,1,50.5,47.2,7.2,81,4.6,No,No,0,None,NotPlaced
8703,Male,IT,7.5,1,65,80,1,2,2,34.0,38.5,4.9,80,4.3,Yes,Yes,3,Tier2,Placed
8704,Male,EEE,6.5,0,61,66,0,1,0,20.0,26.9,2.3,62,4.6,No,No,0,None,NotPlaced
8705,Male,CSE,8.4,0,57,80,2,3,1,67.1,69.8,6.8,86,4.4,Yes,Yes,3,Tier2,Placed
8706,Male,ECE,6.6,0,64,73,1,1,1,20.0,32.2,2.1,68,3.5,No,No,2,Tier3,Placed
8707,Female,ECE,6.7,0,76,66,0,1,0,20.0,18.4,0.5,79,4.4,No,No,0,None,NotPlaced
8708,Male,Mechanical,6.7,1,55,65,2,1,2,20.0,29.3,2.3,71,4.0,No,Yes,0,None,NotPlaced
8709,Male,Civil,6.5,1,65,68,1,1,0,20.0,19.2,2.4,67,3.1,No,No,0,None,NotPlaced
8710,Female,IT,7.5,0,55,64,1,1,2,27.3,21.7,2.5,67,3.5,Yes,Yes,0,None,NotPlaced
8711,Female,EEE,8.5,0,83,79,1,2,2,46.4,33.1,4.6,74,4.0,No,Yes,0,None,NotPlaced
8712,Male,EEE,6.7,0,62,63,0,1,0,20.0,17.5,2.9,63,3.8,No,No,0,None,NotPlaced
8713,Female,Civil,8.2,0,70,66,1,1,1,53.5,46.2,3.4,68,3.9,No,Yes,1,Tier3,Placed
8714,Male,EEE,8.7,0,68,82,2,1,2,68.5,67.8,1.0,80,3.9,No,No,0,None,NotPlaced
8715,Female,CSE,8.4,0,79,86,2,3,2,65.5,59.5,7.7,87,4.7,Yes,Yes,3,Tier1,Placed
8716,Female,EEE,6.9,0,78,59,0,2,1,21.3,16.1,5.3,82,3.9,No,Yes,0,None,NotPlaced
8717,Male,ECE,7.1,0,77,67,0,1,0,23.6,14.5,1.6,70,4.4,No,No,0,None,NotPlaced
8718,Female,CSE,7.3,2,55,68,0,1,0,20.9,25.7,3.4,72,4.3,No,No,0,None,NotPlaced
8719,Female,CSE,8.3,0,78,83,1,1,1,49.5,48.4,1.3,73,4.1,No,No,0,None,NotPlaced
8720,Male,Civil,6.5,0,60,77,0,1,1,20.0,31.5,2.1,85,4.2,No,Yes,3,Tier2,Placed
8721,Male,Mechanical,8.6,0,67,84,2,2,2,62.6,48.5,3.3,76,4.7,Yes,No,2,Tier2,Placed
8722,Female,EEE,7.5,0,62,70,0,1,1,23.5,27.6,0.1,82,3.8,No,Yes,0,None,NotPlaced
8723,Male,Civil,7.0,0,71,72,0,1,0,22.8,29.0,1.4,69,4.4,Yes,Yes,2,Tier3,Placed
8724,Male,EEE,7.5,1,72,64,1,2,1,41.1,24.5,6.4,73,4.2,Yes,Yes,0,None,NotPlaced
8725,Female,CSE,8.3,0,74,84,2,3,2,76.4,63.8,6.2,90,4.6,Yes,No,3,Tier2,Placed
8726,Female,IT,6.5,0,55,70,2,1,0,20.6,28.4,1.2,75,4.0,No,No,0,None,NotPlaced
8727,Male,CSE,8.0,0,79,80,2,3,2,72.0,62.5,7.4,89,4.8,Yes,Yes,0,None,NotPlaced
8728,Male,CSE,7.5,0,62,67,1,1,0,37.1,32.3,1.3,77,4.0,No,Yes,0,None,NotPlaced
8729,Male,CSE,8.5,0,76,85,1,3,2,72.8,79.9,8.2,90,4.8,Yes,Yes,3,Tier2,Placed
8730,Male,IT,9.0,0,83,88,2,3,2,83.4,81.9,8.9,90,4.8,Yes,Yes,3,Tier1,Placed
8731,Male,Mechanical,6.6,1,73,69,1,2,1,38.0,32.7,2.8,67,4.1,Yes,Yes,0,None,NotPlaced
8732,Female,Mechanical,7.7,0,68,68,1,2,1,45.6,36.6,5.5,69,3.3,Yes,Yes,0,None,NotPlaced
8733,Male,ECE,8.0,0,77,85,2,3,2,54.1,51.6,4.9,90,4.8,Yes,Yes,2,Tier2,Placed
8734,Male,Civil,6.5,0,63,83,2,1,0,20.0,20.2,0.6,74,4.5,No,No,0,None,NotPlaced
8735,Male,ECE,6.5,0,63,57,1,3,0,24.1,34.3,6.5,81,3.8,No,Yes,0,None,NotPlaced
8736,Female,Mechanical,7.2,0,72,70,2,2,2,45.1,29.3,4.1,87,4.4,Yes,Yes,3,Tier2,Placed
8737,Male,IT,8.3,0,72,69,1,3,1,68.6,54.0,6.3,88,4.8,No,Yes,2,Tier2,Placed
8738,Male,IT,7.3,1,55,74,1,1,0,28.0,31.5,2.0,71,4.4,No,No,3,Tier2,Placed
8739,Male,Civil,7.3,0,55,59,1,1,0,24.6,32.2,0.4,77,4.0,No,Yes,0,None,NotPlaced
8740,Male,IT,7.9,0,82,88,2,3,2,62.7,40.1,7.7,90,4.8,Yes,Yes,1,Tier3,Placed
8741,Male,ECE,7.3,0,55,67,1,1,0,25.8,17.5,2.3,79,4.5,No,Yes,0,None,NotPlaced
8742,Male,IT,7.7,0,55,65,1,1,1,40.9,21.0,2.0,64,4.5,No,No,0,None,NotPlaced
8743,Male,ECE,7.5,0,59,58,1,1,1,35.8,24.4,1.4,70,3.3,No,No,0,None,NotPlaced
8744,Male,Civil,7.7,1,82,72,0,1,2,46.7,29.0,3.4,72,4.3,Yes,No,0,None,NotPlaced
8745,Male,CSE,7.6,0,55,66,0,1,1,27.8,31.0,0.7,80,3.9,No,No,0,None,NotPlaced
8746,Male,Mechanical,7.0,0,74,81,1,1,1,21.5,23.5,2.0,73,4.3,Yes,No,0,None,NotPlaced
8747,Male,CSE,6.5,1,75,69,0,3,0,23.2,21.5,7.3,72,4.2,Yes,Yes,0,None,NotPlaced
8748,Male,IT,8.0,0,80,88,2,3,2,63.4,52.7,8.0,90,4.8,Yes,Yes,3,Tier2,Placed
8749,Male,CSE,6.5,0,81,85,1,2,2,26.1,34.7,3.5,76,4.8,No,Yes,0,None,NotPlaced
8750,Male,EEE,7.5,0,67,71,0,2,0,34.6,22.0,4.5,68,4.0,No,Yes,1,Tier3,Placed
8751,Male,CSE,7.3,0,56,70,0,1,0,33.9,15.3,2.2,78,3.6,No,No,0,None,NotPlaced
8752,Male,ECE,7.5,0,59,62,2,2,1,48.9,46.0,4.4,68,3.7,No,No,0,None,NotPlaced
8753,Male,CSE,8.6,2,70,67,1,2,1,60.6,46.3,4.3,78,4.3,Yes,Yes,3,Tier2,Placed
8754,Male,CSE,8.6,0,64,83,2,3,2,72.3,49.8,6.9,82,4.4,Yes,Yes,2,Tier3,Placed
8755,Female,EEE,8.4,0,80,87,2,3,2,77.2,66.6,7.0,90,4.8,Yes,Yes,3,Tier2,Placed
8756,Female,CSE,7.5,0,71,69,2,1,0,38.1,17.1,4.5,69,4.5,Yes,No,0,None,NotPlaced
8757,Male,CSE,8.3,0,55,87,1,1,2,49.0,34.8,1.9,82,4.2,Yes,No,2,Tier3,Placed
8758,Male,CSE,8.4,0,56,63,0,2,0,51.0,23.0,3.6,71,3.8,Yes,Yes,0,None,NotPlaced
8759,Male,ECE,8.3,0,83,85,2,3,2,69.7,59.0,10.0,90,4.8,Yes,Yes,2,Tier2,Placed
8760,Male,EEE,6.5,0,72,67,1,1,0,20.0,32.6,2.3,67,4.3,No,Yes,0,None,NotPlaced
8761,Male,CSE,8.3,0,77,81,2,3,0,76.8,57.1,7.5,88,4.8,Yes,Yes,0,None,NotPlaced
8762,Female,CSE,7.7,0,83,85,1,3,2,56.6,40.3,7.6,78,4.4,Yes,No,0,None,NotPlaced
8763,Male,IT,8.1,0,76,66,1,2,0,52.1,58.6,5.8,87,4.3,Yes,Yes,0,None,NotPlaced
8764,Female,IT,7.9,0,58,78,1,2,0,48.1,45.6,5.9,77,3.8,Yes,Yes,0,None,NotPlaced
8765,Male,EEE,8.8,0,80,86,2,3,2,80.5,83.5,7.8,90,4.7,Yes,Yes,2,Tier2,Placed
8766,Female,Mechanical,7.4,0,79,70,1,2,1,39.0,35.4,6.1,76,4.4,Yes,Yes,0,None,NotPlaced
8767,Female,ECE,8.3,0,87,83,1,0,0,36.2,34.8,1.2,85,4.3,Yes,Yes,3,Tier2,Placed
8768,Male,ECE,6.5,0,78,61,0,3,0,20.0,32.5,7.1,77,4.2,No,No,0,None,NotPlaced
8769,Male,EEE,7.6,0,58,68,1,2,0,39.0,33.5,5.9,82,3.9,No,No,0,None,NotPlaced
8770,Male,EEE,8.3,0,88,73,1,3,2,64.4,55.2,7.2,90,4.8,Yes,Yes,1,Tier3,Placed
8771,Male,ECE,8.2,0,58,83,1,1,1,43.3,18.0,3.5,79,4.1,Yes,Yes,0,None,NotPlaced
8772,Male,Mechanical,6.8,0,56,67,1,2,0,31.1,42.9,4.4,80,4.5,Yes,Yes,3,Tier2,Placed
8773,Male,EEE,7.5,0,82,62,2,2,1,44.9,41.2,3.8,74,4.4,No,Yes,0,None,NotPlaced
8774,Male,ECE,7.6,0,59,64,0,1,0,39.4,33.1,2.4,71,3.9,No,No,0,None,NotPlaced
8775,Female,IT,8.4,0,57,68,1,2,1,56.2,53.3,3.6,74,4.3,No,No,0,None,NotPlaced
8776,Male,EEE,8.4,0,69,81,2,3,2,72.7,49.5,7.1,90,4.5,Yes,Yes,0,None,NotPlaced
8777,Female,CSE,8.2,0,68,82,2,3,0,66.6,50.3,7.3,90,4.8,Yes,Yes,4,Tier1,Placed
8778,Male,EEE,7.6,0,78,64,0,3,2,48.2,45.5,7.5,82,4.5,No,No,3,Tier2,Placed
8779,Female,Mechanical,6.9,1,62,67,0,1,0,21.3,22.4,2.1,79,4.8,Yes,No,0,None,NotPlaced
8780,Male,EEE,8.4,0,57,71,0,1,0,49.0,45.5,3.4,85,3.7,Yes,Yes,3,Tier1,Placed
8781,Male,ECE,7.4,0,56,70,1,2,1,28.8,28.8,3.4,74,4.3,No,No,0,None,NotPlaced
8782,Female,CSE,7.5,1,56,69,1,2,0,43.5,42.8,4.8,81,4.7,No,Yes,0,None,NotPlaced
8783,Male,CSE,8.4,0,55,65,0,1,0,40.9,26.2,2.8,90,4.8,No,Yes,3,Tier2,Placed
8784,Female,EEE,8.3,0,71,86,1,3,0,63.5,62.8,8.7,90,4.7,Yes,Yes,2,Tier2,Placed
8785,Male,Mechanical,7.9,0,64,69,1,1,2,44.4,33.7,2.6,72,4.8,Yes,No,3,Tier1,Placed
8786,Male,ECE,8.4,0,55,63,0,3,2,56.4,46.7,7.1,75,4.8,Yes,Yes,0,None,NotPlaced
8787,Male,CSE,7.7,0,61,65,0,1,1,37.8,29.3,2.8,85,4.4,No,Yes,1,Tier3,Placed
8788,Female,Civil,6.8,2,58,68,1,1,1,20.0,18.7,2.7,78,3.8,No,No,0,None,NotPlaced
8789,Male,Civil,8.6,0,74,88,2,3,2,86.9,70.8,4.5,90,4.6,Yes,Yes,3,Tier1,Placed
8790,Female,IT,7.7,1,66,80,2,3,0,58.3,54.0,6.3,81,4.7,Yes,Yes,3,Tier2,Placed
8791,Female,ECE,8.4,0,74,88,1,0,2,51.5,50.5,1.6,81,4.2,Yes,Yes,2,Tier2,Placed
8792,Male,Mechanical,6.5,1,57,79,1,1,1,20.0,24.3,2.8,76,4.8,Yes,No,0,None,NotPlaced
8793,Male,EEE,8.3,0,81,84,2,2,3,58.9,44.3,5.8,87,4.8,Yes,Yes,0,None,NotPlaced
8794,Female,Civil,7.3,0,60,65,2,1,0,27.5,29.7,4.0,83,3.7,Yes,Yes,2,Tier2,Placed
8795,Male,CSE,6.5,1,89,67,0,2,0,20.0,23.6,3.8,85,4.8,No,No,1,Tier3,Placed
8796,Male,ECE,8.2,0,72,83,1,2,2,52.1,44.1,5.6,80,4.4,Yes,Yes,3,Tier2,Placed
8797,Male,ECE,7.6,0,57,68,1,1,1,42.9,40.7,3.5,71,4.2,No,No,0,None,NotPlaced
8798,Male,EEE,8.5,1,55,81,2,2,2,64.8,42.5,6.0,82,4.5,Yes,Yes,0,None,NotPlaced
8799,Male,Mechanical,7.4,0,88,82,2,3,2,50.5,27.1,6.2,89,4.8,Yes,No,0,None,NotPlaced
8800,Male,Civil,7.0,0,90,80,2,3,2,37.0,43.5,6.8,90,4.8,Yes,Yes,1,Tier3,Placed
8801,Female,ECE,8.2,0,56,70,1,1,1,49.1,40.3,2.0,78,4.0,No,Yes,0,None,NotPlaced
8802,Male,Mechanical,6.9,0,73,83,1,3,2,31.1,32.3,6.1,80,4.6,Yes,Yes,1,Tier3,Placed
8803,Male,ECE,6.8,1,55,67,0,1,0,20.0,12.7,3.1,63,3.6,No,No,0,None,NotPlaced
8804,Female,IT,8.5,0,74,64,0,3,2,66.9,65.0,6.4,90,4.8,Yes,Yes,1,Tier3,Placed
8805,Female,CSE,8.2,0,71,83,1,3,2,59.3,52.4,5.9,90,4.8,No,Yes,2,Tier2,Placed
8806,Female,Mechanical,6.5,0,62,65,1,1,1,20.0,18.8,4.1,69,3.7,Yes,No,0,None,NotPlaced
8807,Male,Civil,7.4,0,64,71,1,1,0,29.6,29.7,1.5,74,4.5,No,No,2,Tier2,Placed
8808,Female,CSE,7.9,1,63,69,0,2,2,36.6,19.5,3.7,87,3.9,No,Yes,0,None,NotPlaced
8809,Male,CSE,8.1,2,76,80,2,3,2,73.7,62.3,7.3,86,4.7,Yes,Yes,4,Tier1,Placed
8810,Male,EEE,8.7,1,76,88,2,3,0,73.4,71.1,6.6,87,4.8,Yes,Yes,3,Tier2,Placed
8811,Male,ECE,7.5,0,61,71,1,2,0,43.5,40.0,6.5,78,4.4,Yes,Yes,0,None,NotPlaced
8812,Male,Civil,8.2,0,80,86,2,3,2,70.1,58.7,6.1,90,4.7,Yes,Yes,2,Tier2,Placed
8813,Female,CSE,7.8,0,74,74,1,3,0,56.9,44.1,4.7,76,4.4,Yes,Yes,0,None,NotPlaced
8814,Male,CSE,6.5,1,56,72,1,2,0,22.9,30.9,4.8,69,4.8,No,Yes,0,None,NotPlaced
8815,Female,ECE,8.1,0,57,83,1,2,2,48.1,50.5,4.6,78,4.7,Yes,Yes,0,None,NotPlaced
8816,Female,CSE,8.3,0,77,88,2,3,3,78.5,59.5,6.2,89,4.5,Yes,Yes,4,Tier1,Placed
8817,Male,CSE,8.0,0,83,68,1,3,0,63.8,54.7,7.4,80,4.0,Yes,Yes,0,None,NotPlaced
8818,Male,CSE,7.8,0,62,67,1,1,0,41.4,36.8,3.4,66,3.7,Yes,Yes,2,Tier2,Placed
8819,Male,IT,6.6,0,55,69,1,1,2,20.0,25.0,1.2,86,4.7,No,No,2,Tier3,Placed
8820,Male,CSE,6.8,0,58,63,1,3,0,30.1,22.4,7.2,83,4.4,No,Yes,0,None,NotPlaced
8821,Male,Civil,7.9,0,77,85,2,3,2,65.3,62.1,7.9,80,4.5,Yes,Yes,2,Tier2,Placed
8822,Female,IT,7.4,1,69,70,1,2,0,29.0,31.6,6.0,75,3.9,No,Yes,1,Tier3,Placed
8823,Male,IT,8.1,0,72,82,0,2,1,49.7,52.3,4.5,88,3.8,Yes,Yes,0,None,NotPlaced
8824,Male,Mechanical,8.2,0,80,83,2,3,2,61.3,41.4,7.2,82,4.4,Yes,Yes,4,Tier1,Placed
8825,Female,ECE,8.6,0,70,83,0,3,0,61.7,42.5,7.2,86,4.5,Yes,No,0,None,NotPlaced
8826,Male,ECE,8.2,0,84,86,2,3,0,60.9,67.1,6.7,89,4.4,Yes,Yes,0,None,NotPlaced
8827,Female,EEE,8.1,0,55,82,2,2,0,59.2,57.8,5.4,80,4.8,Yes,No,3,Tier2,Placed
8828,Male,Mechanical,7.4,1,81,73,1,3,1,52.6,37.9,7.5,84,4.5,Yes,Yes,1,Tier3,Placed
8829,Male,Mechanical,8.2,0,73,85,2,3,2,69.7,63.4,7.5,85,4.8,Yes,Yes,3,Tier1,Placed
8830,Male,ECE,8.3,0,74,88,1,3,2,67.3,51.3,6.7,88,4.8,Yes,Yes,3,Tier2,Placed
8831,Male,Mechanical,8.0,0,77,84,2,3,2,64.8,39.2,6.8,82,4.3,Yes,Yes,2,Tier2,Placed
8832,Male,ECE,6.5,0,56,71,1,2,1,24.4,6.5,3.4,69,3.8,No,Yes,0,None,NotPlaced
8833,Female,CSE,8.3,0,62,84,2,3,2,72.3,58.5,6.2,90,4.8,Yes,Yes,0,None,NotPlaced
8834,Male,Mechanical,6.5,0,58,66,1,2,0,20.0,33.3,3.9,76,4.3,No,No,0,None,NotPlaced
8835,Female,ECE,7.9,0,75,70,1,1,0,45.5,51.0,3.5,77,4.7,No,Yes,0,None,NotPlaced
8836,Male,Mechanical,8.0,0,75,83,2,3,2,68.0,65.8,9.0,90,4.8,Yes,Yes,2,Tier2,Placed
8837,Male,CSE,7.9,0,83,67,1,2,1,47.2,47.4,6.3,86,4.4,Yes,Yes,0,None,NotPlaced
8838,Male,ECE,6.5,1,55,72,1,1,0,20.0,22.7,1.5,69,3.5,No,Yes,0,None,NotPlaced
8839,Female,Civil,6.9,0,66,69,1,1,0,22.2,31.8,3.4,78,4.2,Yes,Yes,2,Tier3,Placed
8840,Male,CSE,7.9,0,78,83,1,3,2,58.6,33.0,5.0,90,4.8,Yes,No,0,None,NotPlaced
8841,Male,Civil,6.5,0,71,69,0,1,1,20.0,29.2,1.8,81,4.1,No,No,0,None,NotPlaced
8842,Female,Mechanical,8.7,0,71,84,2,3,2,78.9,54.4,6.6,90,4.8,Yes,Yes,3,Tier1,Placed
8843,Male,Mechanical,6.5,0,55,59,1,2,0,26.4,18.1,5.9,77,4.2,No,No,0,None,NotPlaced
8844,Female,EEE,7.4,1,77,72,1,2,2,51.0,48.6,5.3,82,4.3,Yes,Yes,0,None,NotPlaced
8845,Male,EEE,7.4,0,55,64,1,2,1,39.7,42.1,4.1,77,3.9,No,Yes,0,None,NotPlaced
8846,Female,Mechanical,7.6,0,55,59,1,1,1,36.7,27.7,1.9,76,3.4,No,No,0,None,NotPlaced
8847,Female,ECE,8.7,0,78,80,2,3,2,73.9,64.0,6.7,79,4.4,Yes,Yes,2,Tier2,Placed
8848,Female,EEE,6.5,0,67,70,0,1,0,20.0,25.1,2.5,73,3.6,No,No,0,None,NotPlaced
8849,Male,Civil,8.1,0,59,69,2,1,2,49.3,38.5,2.3,72,4.1,Yes,No,0,None,NotPlaced
8850,Male,ECE,8.6,0,78,85,1,3,2,76.9,63.2,7.5,90,4.8,Yes,Yes,4,Tier1,Placed
8851,Female,Civil,7.7,0,72,69,1,2,1,49.1,57.9,5.4,76,3.7,No,Yes,0,None,NotPlaced
8852,Male,CSE,8.4,0,83,80,2,3,2,81.6,62.9,7.1,89,4.1,Yes,Yes,2,Tier2,Placed
8853,Male,CSE,8.2,0,71,80,2,3,2,60.5,48.5,6.7,90,4.8,Yes,Yes,3,Tier2,Placed
8854,Female,IT,7.6,0,55,70,2,1,0,33.4,31.7,2.9,79,4.8,Yes,Yes,0,None,NotPlaced
8855,Male,IT,8.0,0,68,85,0,2,2,51.5,42.7,6.2,90,4.8,Yes,Yes,3,Tier2,Placed
8856,Male,ECE,8.6,0,55,74,1,3,0,78.2,68.4,6.1,82,4.5,No,Yes,0,None,NotPlaced
8857,Male,CSE,7.9,0,80,88,2,3,2,62.2,63.4,6.4,90,4.7,Yes,Yes,4,Tier1,Placed
8858,Male,Civil,6.7,0,62,64,1,1,0,20.0,19.2,2.8,80,3.8,No,Yes,0,None,NotPlaced
8859,Male,IT,7.4,0,55,65,1,1,0,27.3,18.2,1.3,66,4.4,No,No,0,None,NotPlaced
8860,Male,IT,7.8,0,69,81,1,2,1,48.7,56.5,4.8,74,4.8,Yes,Yes,0,None,NotPlaced
8861,Male,CSE,8.4,0,69,71,1,1,2,46.5,41.2,3.2,86,4.7,Yes,No,0,None,NotPlaced
8862,Female,ECE,8.0,0,80,87,2,3,2,64.9,39.8,6.2,89,4.6,Yes,Yes,3,Tier1,Placed
8863,Female,CSE,7.8,0,55,67,1,3,2,64.5,67.2,5.2,80,3.4,Yes,No,0,None,NotPlaced
8864,Male,CSE,7.4,0,57,71,1,1,0,38.1,42.8,2.4,79,3.6,No,Yes,0,None,NotPlaced
8865,Male,EEE,7.5,0,55,72,0,1,2,32.0,41.9,0.0,74,4.0,No,Yes,0,None,NotPlaced
8866,Female,CSE,7.7,0,87,88,2,3,2,57.7,60.0,6.1,90,4.8,Yes,Yes,4,Tier1,Placed
8867,Male,CSE,8.3,0,77,88,1,3,2,62.5,72.8,7.8,88,4.6,Yes,Yes,2,Tier2,Placed
8868,Male,EEE,8.0,0,77,81,2,3,3,67.8,46.8,7.4,85,4.8,Yes,Yes,0,None,NotPlaced
8869,Male,CSE,6.5,1,71,72,0,2,2,20.0,15.3,3.8,85,4.1,No,Yes,0,None,NotPlaced
8870,Male,IT,8.6,1,56,64,2,1,0,60.3,44.6,1.1,70,4.2,No,Yes,0,None,NotPlaced
8871,Female,CSE,8.2,0,69,77,2,3,2,60.2,45.4,6.6,83,4.6,Yes,Yes,3,Tier2,Placed
8872,Male,IT,7.6,0,55,61,2,2,2,44.4,37.5,4.6,60,4.4,No,No,0,None,NotPlaced
8873,Female,ECE,8.3,0,84,87,2,3,3,73.8,55.7,6.9,88,4.8,Yes,Yes,2,Tier2,Placed
8874,Male,CSE,8.1,0,75,86,2,3,2,60.5,40.9,5.8,90,4.8,Yes,Yes,1,Tier3,Placed
8875,Female,Mechanical,6.5,1,55,65,0,2,0,20.0,13.9,3.1,77,4.4,No,Yes,0,None,NotPlaced
8876,Male,Mechanical,7.8,0,82,85,0,1,2,36.1,29.0,1.6,68,4.5,No,No,3,Tier2,Placed
8877,Male,CSE,8.0,0,74,88,1,3,2,61.4,60.2,7.4,90,4.7,Yes,Yes,3,Tier2,Placed
8878,Male,Civil,8.2,0,66,84,1,3,2,65.8,49.6,7.1,90,4.8,Yes,Yes,3,Tier2,Placed
8879,Male,IT,7.9,0,89,86,1,3,2,60.1,55.6,5.8,78,4.3,Yes,Yes,2,Tier2,Placed
8880,Male,CSE,8.4,0,78,86,1,3,0,63.9,41.4,8.3,81,3.6,Yes,Yes,2,Tier2,Placed
8881,Male,CSE,7.7,0,84,85,1,2,2,37.7,8.2,3.3,82,4.7,No,Yes,0,None,NotPlaced
8882,Male,IT,7.8,0,58,70,1,2,1,42.6,35.1,4.4,70,3.9,No,Yes,0,None,NotPlaced
8883,Male,EEE,6.6,1,78,75,1,3,2,34.6,26.4,6.1,79,4.6,Yes,Yes,2,Tier2,Placed
8884,Male,IT,7.7,1,60,72,1,2,0,39.0,27.1,7.5,76,4.1,Yes,Yes,0,None,NotPlaced
8885,Female,EEE,7.7,0,60,63,1,1,1,31.8,22.0,3.3,86,4.3,No,Yes,0,None,NotPlaced
8886,Female,EEE,8.0,0,61,70,1,2,1,45.8,33.3,3.2,77,4.5,No,No,0,None,NotPlaced
8887,Female,IT,7.5,1,55,66,1,2,1,31.8,21.4,4.1,78,4.7,No,No,0,None,NotPlaced
8888,Female,EEE,8.3,0,75,81,1,2,2,51.3,36.4,4.0,85,4.6,Yes,Yes,2,Tier2,Placed
8889,Male,Mechanical,8.4,0,82,87,1,3,2,72.0,47.6,6.6,90,4.8,Yes,Yes,2,Tier3,Placed
8890,Male,CSE,7.6,0,64,63,0,2,1,34.4,14.0,5.4,77,4.4,Yes,Yes,2,Tier3,Placed
8891,Male,IT,7.5,0,81,70,1,2,2,32.3,12.8,5.8,87,3.9,Yes,Yes,0,None,NotPlaced
8892,Female,IT,8.3,0,73,77,2,3,0,67.4,75.0,5.8,90,4.7,Yes,Yes,3,Tier2,Placed
8893,Female,ECE,7.0,0,55,63,1,1,1,25.6,23.0,1.3,62,3.4,No,No,0,None,NotPlaced
8894,Male,ECE,7.9,0,81,86,2,3,2,52.8,57.3,7.9,90,4.8,Yes,Yes,1,Tier3,Placed
8895,Male,IT,8.4,0,84,87,2,3,2,76.8,60.3,8.3,88,4.8,Yes,Yes,3,Tier2,Placed
8896,Male,ECE,7.6,0,58,71,1,1,0,27.8,25.0,1.2,74,4.3,No,No,0,None,NotPlaced
8897,Male,ECE,8.2,0,76,82,1,3,2,61.0,53.3,8.0,90,4.3,Yes,Yes,4,Tier1,Placed
8898,Male,ECE,8.1,0,84,83,0,3,3,54.0,50.8,4.8,88,4.3,No,Yes,3,Tier2,Placed
8899,Male,CSE,8.6,0,59,70,1,2,2,60.2,37.9,3.7,64,4.0,No,No,0,None,NotPlaced
8900,Female,IT,7.7,0,55,64,1,1,0,36.7,29.6,0.9,77,3.7,No,No,0,None,NotPlaced
8901,Male,IT,8.3,0,83,86,2,3,2,73.9,62.1,6.6,88,4.8,Yes,Yes,3,Tier2,Placed
8902,Female,ECE,6.9,0,85,85,2,2,2,33.8,16.3,5.9,90,4.8,No,Yes,2,Tier3,Placed
8903,Female,Civil,7.4,0,72,85,1,1,2,28.0,38.1,2.9,90,4.3,Yes,Yes,2,Tier3,Placed
8904,Female,ECE,8.3,0,55,59,1,1,1,51.3,50.8,2.7,71,3.9,Yes,No,0,None,NotPlaced
8905,Male,CSE,7.5,0,55,65,1,2,0,42.0,19.6,4.4,78,3.4,Yes,Yes,0,None,NotPlaced
8906,Male,ECE,6.5,1,59,64,1,1,1,20.0,14.1,1.7,79,4.7,No,Yes,0,None,NotPlaced
8907,Male,EEE,7.5,2,64,68,1,2,1,41.2,36.8,3.2,79,4.5,No,Yes,0,None,NotPlaced
8908,Male,Mechanical,7.4,1,60,74,1,3,1,43.2,43.1,7.1,68,3.4,Yes,Yes,0,None,NotPlaced
8909,Male,IT,8.6,0,82,88,1,3,2,66.7,66.7,7.0,87,4.8,Yes,Yes,4,Tier1,Placed
8910,Female,CSE,8.1,0,76,85,2,3,2,70.0,50.0,6.5,68,4.5,Yes,Yes,0,None,NotPlaced
8911,Female,IT,7.7,0,80,82,1,3,0,55.2,63.7,5.5,71,4.2,No,Yes,0,None,NotPlaced
8912,Female,EEE,6.8,0,55,62,1,1,1,22.9,22.0,2.2,71,4.3,No,Yes,0,None,NotPlaced
8913,Female,Civil,8.2,0,70,85,1,2,2,58.2,47.0,4.3,90,4.8,Yes,No,0,None,NotPlaced
8914,Male,EEE,6.5,1,55,65,0,2,0,20.0,26.0,4.8,83,4.6,Yes,Yes,0,None,NotPlaced
8915,Male,ECE,7.6,0,59,62,1,1,1,40.0,37.2,1.5,75,3.6,No,Yes,0,None,NotPlaced
8916,Male,ECE,7.5,0,71,80,0,1,0,26.5,27.2,0.8,74,4.5,Yes,Yes,0,None,NotPlaced
8917,Male,ECE,6.6,0,74,64,1,2,0,27.6,42.3,5.9,78,4.1,Yes,No,0,None,NotPlaced
8918,Female,EEE,8.2,0,88,69,0,1,3,41.4,38.5,1.2,84,4.8,Yes,Yes,4,Tier1,Placed
8919,Male,ECE,7.4,0,55,84,2,3,1,53.6,36.7,4.2,78,4.7,No,Yes,0,None,NotPlaced
8920,Male,Civil,8.7,0,78,71,2,2,0,71.7,51.5,4.9,89,4.5,No,Yes,3,Tier2,Placed
8921,Male,IT,8.6,0,82,79,2,1,0,64.1,64.4,1.9,86,4.4,Yes,Yes,2,Tier2,Placed
8922,Male,CSE,8.5,0,79,82,1,3,2,60.8,56.0,4.9,89,4.6,Yes,Yes,0,None,NotPlaced
8923,Male,ECE,8.4,0,75,82,1,3,0,59.1,37.0,8.3,90,4.8,Yes,No,2,Tier3,Placed
8924,Female,CSE,8.2,0,81,88,0,2,3,53.4,32.6,4.4,90,4.8,Yes,Yes,4,Tier1,Placed
8925,Male,CSE,8.2,0,76,88,1,2,3,56.8,47.7,6.2,86,3.9,Yes,Yes,3,Tier2,Placed
8926,Male,IT,8.3,0,76,83,2,3,2,66.1,59.3,6.1,90,4.8,Yes,Yes,4,Tier1,Placed
8927,Male,Mechanical,7.4,0,55,66,1,1,0,32.8,24.0,1.4,72,4.2,Yes,Yes,2,Tier3,Placed
8928,Male,ECE,8.3,0,74,70,2,3,0,63.0,38.0,6.7,82,4.5,Yes,Yes,0,None,NotPlaced
8929,Male,CSE,8.5,0,66,86,2,1,1,74.3,50.0,1.8,78,4.4,Yes,Yes,3,Tier2,Placed
8930,Female,ECE,8.6,0,62,74,0,3,2,72.6,71.0,7.4,78,4.2,Yes,No,0,None,NotPlaced
8931,Male,IT,7.6,0,75,60,1,1,1,38.1,38.2,3.7,84,3.3,Yes,Yes,3,Tier2,Placed
8932,Male,Civil,7.4,0,82,71,0,2,2,34.4,39.6,5.9,83,4.5,Yes,Yes,0,None,NotPlaced
8933,Male,ECE,8.4,0,68,83,1,1,2,47.9,50.4,2.7,84,4.0,Yes,Yes,0,None,NotPlaced
8934,Female,EEE,7.2,0,59,65,1,1,0,20.4,15.8,3.4,73,3.8,No,No,0,None,NotPlaced
8935,Male,CSE,7.5,0,55,66,1,2,1,40.4,32.5,3.1,80,3.7,No,Yes,0,None,NotPlaced
8936,Male,Mechanical,6.9,0,70,68,0,2,0,20.0,19.6,4.1,77,4.2,No,No,0,None,NotPlaced
8937,Male,EEE,7.7,0,55,64,0,2,0,36.0,36.2,3.9,85,4.0,No,Yes,3,Tier2,Placed
8938,Female,Mechanical,8.5,0,55,74,1,2,2,53.9,53.8,7.0,82,4.0,Yes,No,3,Tier2,Placed
8939,Male,CSE,8.3,0,65,82,1,3,1,66.2,68.9,8.2,85,4.3,Yes,Yes,0,None,NotPlaced
8940,Male,IT,8.3,0,73,79,0,3,2,58.1,54.6,7.0,82,4.8,Yes,Yes,4,Tier1,Placed
8941,Male,ECE,7.6,0,64,68,1,2,1,45.7,46.3,5.2,86,4.4,Yes,Yes,1,Tier3,Placed
8942,Male,CSE,8.0,0,88,81,2,3,0,66.3,69.4,8.5,84,4.6,Yes,Yes,0,None,NotPlaced
8943,Female,ECE,7.0,0,66,71,1,1,0,24.1,21.9,1.2,74,4.3,No,Yes,0,None,NotPlaced
8944,Female,Civil,7.2,0,57,69,1,1,1,40.3,44.4,0.0,74,3.9,No,Yes,0,None,NotPlaced
8945,Male,ECE,6.7,0,58,66,1,1,0,21.1,26.1,1.0,75,3.7,No,No,0,None,NotPlaced
8946,Female,Civil,7.3,0,65,70,1,2,1,30.7,32.5,3.6,68,4.6,No,Yes,0,None,NotPlaced
8947,Female,CSE,8.0,0,80,71,1,3,0,61.3,48.5,8.4,81,4.3,Yes,Yes,0,None,NotPlaced
8948,Female,EEE,8.0,0,79,81,2,3,2,63.7,40.7,8.0,81,3.9,Yes,Yes,0,None,NotPlaced
8949,Male,ECE,7.6,0,78,66,1,1,1,28.3,29.0,2.0,72,4.6,No,Yes,0,None,NotPlaced
8950,Male,ECE,7.4,1,57,67,0,2,0,26.9,28.4,4.5,75,4.4,No,Yes,0,None,NotPlaced
8951,Male,Civil,8.4,0,83,84,2,3,2,74.3,54.9,6.3,83,4.7,Yes,Yes,2,Tier2,Placed
8952,Female,CSE,6.5,1,68,76,1,2,1,24.5,22.9,7.1,72,4.0,Yes,Yes,1,Tier3,Placed
8953,Male,Mechanical,8.2,0,84,64,2,3,2,62.8,44.2,8.2,81,4.8,Yes,Yes,0,None,NotPlaced
8954,Male,ECE,8.4,0,83,87,2,3,2,76.9,54.7,7.1,87,4.6,Yes,No,3,Tier2,Placed
8955,Male,CSE,8.6,0,83,88,2,3,2,77.4,58.4,6.9,90,4.7,Yes,Yes,3,Tier2,Placed
8956,Male,Mechanical,8.6,0,86,84,2,3,3,82.0,54.2,7.7,83,4.6,Yes,No,0,None,NotPlaced
8957,Male,IT,7.9,1,73,72,1,2,0,54.4,39.4,4.9,67,4.4,Yes,No,4,Tier1,Placed
8958,Female,EEE,8.3,0,66,83,2,3,2,69.2,62.1,5.2,88,4.8,Yes,Yes,3,Tier2,Placed
8959,Male,IT,7.7,0,55,62,1,1,1,45.2,49.9,3.5,74,4.5,No,No,0,None,NotPlaced
8960,Female,Mechanical,8.0,0,56,87,0,2,0,40.4,51.7,6.2,76,4.6,Yes,Yes,2,Tier2,Placed
8961,Male,ECE,7.9,0,71,84,1,3,3,69.0,52.3,7.4,80,4.1,Yes,Yes,3,Tier2,Placed
8962,Male,CSE,7.8,0,72,79,1,3,0,50.6,52.1,6.6,79,4.8,Yes,Yes,0,None,NotPlaced
8963,Male,ECE,8.5,0,55,61,1,2,0,60.8,51.8,4.0,73,4.2,No,Yes,0,None,NotPlaced
8964,Male,CSE,7.7,1,71,83,2,2,2,47.2,37.9,1.4,75,4.2,No,Yes,0,None,NotPlaced
8965,Male,IT,8.4,0,85,82,2,2,2,62.1,54.2,3.9,84,4.7,Yes,Yes,2,Tier2,Placed
8966,Female,CSE,7.5,0,75,80,1,3,0,63.6,60.8,8.8,83,4.2,Yes,Yes,0,None,NotPlaced
8967,Male,CSE,7.9,0,79,86,1,2,0,46.7,36.1,5.5,82,4.2,Yes,Yes,3,Tier2,Placed
8968,Female,IT,7.4,2,58,69,1,1,0,35.3,27.7,0.1,80,4.3,No,Yes,3,Tier2,Placed
8969,Male,ECE,6.9,0,61,59,1,1,1,20.0,17.2,1.2,72,3.6,No,No,0,None,NotPlaced
8970,Male,ECE,7.9,2,74,65,1,2,1,53.7,39.9,2.1,81,4.8,No,Yes,0,None,NotPlaced
8971,Male,ECE,8.4,0,82,79,2,3,2,69.3,66.2,6.2,90,4.8,Yes,Yes,2,Tier3,Placed
8972,Male,CSE,8.4,0,72,73,1,3,0,68.3,48.3,6.8,73,4.7,Yes,Yes,0,None,NotPlaced
8973,Male,ECE,7.8,0,75,86,1,3,2,58.1,44.1,8.6,90,4.8,Yes,Yes,2,Tier2,Placed
8974,Male,EEE,7.7,1,55,64,0,1,1,28.4,28.8,2.8,72,4.1,No,Yes,0,None,NotPlaced
8975,Male,IT,8.3,0,55,84,1,3,1,78.8,64.1,6.7,79,4.3,Yes,Yes,0,None,NotPlaced
8976,Male,EEE,8.5,0,74,68,1,3,2,72.4,54.6,6.7,80,4.6,Yes,Yes,2,Tier2,Placed
8977,Male,ECE,8.3,0,81,88,2,3,2,68.9,69.8,6.2,90,4.8,Yes,Yes,3,Tier2,Placed
8978,Female,EEE,7.5,0,90,80,1,3,1,45.5,33.3,8.1,72,4.2,Yes,No,0,None,NotPlaced
8979,Male,IT,6.5,1,73,67,1,3,2,29.5,26.2,7.2,77,4.5,No,Yes,2,Tier2,Placed
8980,Male,CSE,8.6,0,76,73,2,3,0,69.9,41.3,5.7,87,4.7,Yes,Yes,0,None,NotPlaced
8981,Female,Mechanical,6.9,0,77,86,1,2,2,37.9,31.0,3.3,77,4.2,Yes,Yes,0,None,NotPlaced
8982,Male,EEE,8.2,0,85,80,2,3,0,70.2,45.8,6.7,81,4.8,Yes,No,2,Tier2,Placed
8983,Male,CSE,8.2,0,71,83,2,3,2,67.6,46.8,6.8,76,4.8,Yes,No,0,None,NotPlaced
8984,Male,ECE,7.4,0,64,84,1,3,0,52.2,28.5,6.3,84,4.6,No,No,0,None,NotPlaced
8985,Male,ECE,8.4,0,62,64,0,3,2,58.4,41.2,5.3,83,4.0,Yes,No,3,Tier2,Placed
8986,Female,ECE,7.7,1,57,69,0,1,0,26.2,23.8,1.3,67,4.0,No,No,0,None,NotPlaced
8987,Male,Mechanical,8.1,2,85,60,1,2,0,52.3,42.1,3.9,83,3.9,No,No,0,None,NotPlaced
8988,Female,CSE,8.6,0,70,85,0,2,2,58.6,45.2,4.2,83,3.9,Yes,Yes,0,None,NotPlaced
8989,Female,IT,8.5,0,57,66,1,1,1,55.7,43.3,3.9,77,4.5,Yes,Yes,0,None,NotPlaced
8990,Male,CSE,8.2,0,85,88,2,3,2,60.6,46.5,8.9,90,4.8,Yes,Yes,3,Tier2,Placed
8991,Male,IT,8.2,0,82,88,2,3,2,65.7,53.8,6.5,90,4.8,Yes,Yes,2,Tier2,Placed
8992,Male,CSE,8.7,1,79,85,2,3,2,62.6,50.2,7.9,81,4.6,Yes,Yes,2,Tier3,Placed
8993,Male,Mechanical,7.3,0,70,88,2,3,2,44.1,40.1,5.6,78,4.7,No,Yes,0,None,NotPlaced
8994,Male,ECE,7.9,0,89,86,2,3,0,65.6,52.4,6.1,90,4.8,Yes,Yes,3,Tier2,Placed
8995,Male,EEE,7.9,0,62,64,1,1,0,45.8,35.2,1.3,73,4.0,No,Yes,0,None,NotPlaced
8996,Male,CSE,8.4,0,55,59,1,2,0,53.3,50.8,4.8,81,4.0,No,Yes,3,Tier2,Placed
8997,Male,IT,6.5,0,55,63,1,2,1,20.0,25.3,3.4,72,4.4,No,No,0,None,NotPlaced
8998,Female,CSE,7.5,1,55,67,1,2,0,41.1,33.9,3.6,60,3.6,No,Yes,0,None,NotPlaced
8999,Male,IT,7.8,0,85,86,0,2,2,47.4,50.6,3.9,87,4.6,Yes,Yes,3,Tier1,Placed
9000,Female,EEE,8.1,0,88,84,2,1,0,57.6,49.1,3.6,90,4.5,Yes,Yes,0,None,NotPlaced
9001,Female,IT,7.8,0,83,88,1,3,2,55.8,45.9,7.5,90,4.8,Yes,Yes,3,Tier2,Placed
9002,Male,CSE,7.5,0,79,72,1,1,0,31.7,28.6,3.5,77,4.6,No,No,0,None,NotPlaced
9003,Female,CSE,6.6,0,63,67,1,1,1,20.0,21.4,2.6,67,4.1,No,Yes,0,None,NotPlaced
9004,Male,CSE,6.9,0,57,63,1,1,0,21.5,14.4,2.4,74,4.5,No,Yes,0,None,NotPlaced
9005,Male,Mechanical,6.8,0,55,67,1,1,1,29.4,12.3,2.6,75,4.3,No,Yes,0,None,NotPlaced
9006,Male,IT,7.7,0,55,67,1,1,0,43.5,39.9,1.7,80,3.3,No,No,0,None,NotPlaced
9007,Male,EEE,7.5,0,68,69,1,3,2,49.9,48.6,6.1,78,4.8,No,Yes,0,None,NotPlaced
9008,Male,EEE,6.7,1,68,64,0,1,1,20.0,13.6,3.9,85,4.2,Yes,Yes,1,Tier3,Placed
9009,Male,CSE,6.5,0,60,64,1,3,1,25.6,33.3,5.2,75,4.5,No,No,0,None,NotPlaced
9010,Male,CSE,8.3,0,81,86,1,3,0,63.2,39.2,8.7,90,4.8,Yes,Yes,2,Tier2,Placed
9011,Male,ECE,8.6,1,82,81,2,3,2,76.7,57.3,7.6,90,4.8,Yes,Yes,1,Tier3,Placed
9012,Male,EEE,6.5,1,55,66,1,2,1,21.8,34.4,6.0,61,3.9,No,Yes,0,None,NotPlaced
9013,Male,ECE,6.8,0,64,64,1,1,0,24.1,26.6,1.8,77,4.2,Yes,Yes,0,None,NotPlaced
9014,Male,CSE,6.7,0,55,68,1,2,0,29.8,25.1,3.8,74,4.6,Yes,Yes,2,Tier2,Placed
9015,Male,CSE,7.6,0,55,68,1,1,0,37.6,35.6,2.4,81,4.1,No,Yes,0,None,NotPlaced
9016,Male,IT,8.4,0,78,82,2,3,2,67.0,64.5,7.1,89,4.5,Yes,Yes,4,Tier1,Placed
9017,Male,CSE,6.5,0,77,72,1,2,1,20.0,9.9,3.5,83,4.1,No,Yes,0,None,NotPlaced
9018,Female,CSE,8.4,0,76,83,2,3,0,67.6,66.0,5.7,90,4.7,Yes,No,2,Tier2,Placed
9019,Male,IT,8.2,0,55,70,1,2,0,56.2,42.7,3.7,81,4.8,No,Yes,0,None,NotPlaced
9020,Female,CSE,7.6,0,65,70,1,1,1,24.9,29.7,2.2,73,3.9,No,No,0,None,NotPlaced
9021,Male,CSE,7.5,0,62,72,1,1,0,33.0,25.6,0.7,82,4.5,No,Yes,0,None,NotPlaced
9022,Female,Mechanical,8.3,0,80,88,2,3,2,77.0,75.0,6.6,85,4.8,Yes,Yes,3,Tier2,Placed
9023,Male,EEE,6.5,0,56,70,1,2,1,24.3,23.6,5.4,76,4.1,Yes,No,0,None,NotPlaced
9024,Male,Mechanical,7.8,0,60,60,1,1,1,37.2,21.9,3.8,72,4.6,Yes,Yes,0,None,NotPlaced
9025,Male,ECE,6.8,1,72,66,1,1,0,20.0,24.3,1.7,73,3.1,No,Yes,0,None,NotPlaced
9026,Male,ECE,8.6,0,90,85,1,3,2,75.0,70.3,6.2,82,4.8,Yes,Yes,3,Tier2,Placed
9027,Male,CSE,7.8,1,79,66,1,2,1,48.5,50.9,4.1,83,4.6,No,Yes,2,Tier2,Placed
9028,Male,EEE,6.8,1,81,88,2,3,2,38.8,35.5,6.8,84,4.8,Yes,Yes,1,Tier3,Placed
9029,Female,CSE,8.0,0,86,75,1,3,0,56.1,53.4,5.5,85,4.8,Yes,Yes,0,None,NotPlaced
9030,Male,CSE,7.7,0,76,66,1,1,2,37.4,29.6,1.5,76,4.6,No,Yes,0,None,NotPlaced
9031,Male,Mechanical,8.6,0,81,84,2,3,2,74.5,63.7,6.4,76,4.2,Yes,Yes,2,Tier3,Placed
9032,Female,ECE,8.0,0,79,81,2,3,2,67.9,57.9,7.0,83,4.5,Yes,No,0,None,NotPlaced
9033,Male,Civil,7.3,0,55,65,1,1,0,35.2,8.4,1.3,77,3.7,No,No,0,None,NotPlaced
9034,Female,CSE,8.9,0,77,76,1,3,0,70.2,48.6,6.5,83,4.8,Yes,Yes,1,Tier3,Placed
9035,Male,IT,7.7,0,55,67,1,1,1,30.9,29.9,1.8,73,4.2,No,No,0,None,NotPlaced
9036,Female,IT,8.2,0,73,67,0,2,1,56.7,47.8,5.6,75,4.4,Yes,Yes,2,Tier2,Placed
9037,Male,EEE,6.9,0,55,73,1,1,1,21.8,22.6,3.1,84,4.7,Yes,No,0,None,NotPlaced
9038,Female,IT,8.8,0,73,85,1,3,2,69.3,57.2,9.7,89,4.5,Yes,Yes,3,Tier1,Placed
9039,Female,Civil,6.8,0,63,65,1,1,1,23.9,32.6,0.7,69,3.7,No,No,0,None,NotPlaced
9040,Male,CSE,6.5,0,55,73,1,2,0,22.7,26.2,4.9,83,4.6,No,Yes,0,None,NotPlaced
9041,Male,EEE,8.1,0,86,88,2,3,0,77.0,43.3,6.9,90,4.7,Yes,Yes,2,Tier2,Placed
9042,Male,IT,7.7,0,55,68,1,1,0,35.8,47.7,0.6,78,3.8,No,Yes,0,None,NotPlaced
9043,Female,CSE,8.6,0,79,85,1,3,3,76.5,46.2,6.6,88,4.6,Yes,Yes,3,Tier1,Placed
9044,Male,ECE,6.5,2,59,59,1,1,0,20.0,27.8,0.5,68,3.8,No,Yes,0,None,NotPlaced
9045,Male,ECE,7.9,0,68,82,2,3,2,69.0,42.9,7.1,79,4.3,Yes,No,1,Tier3,Placed
9046,Male,CSE,8.3,0,75,84,2,3,2,74.7,71.8,6.7,90,4.3,Yes,Yes,0,None,NotPlaced
9047,Male,IT,7.1,0,75,82,1,2,1,41.0,34.0,4.3,84,4.3,Yes,Yes,0,None,NotPlaced
9048,Male,ECE,6.5,0,57,66,1,2,0,26.6,29.3,3.9,84,4.6,Yes,Yes,0,None,NotPlaced
9049,Female,IT,7.8,0,59,84,0,1,2,33.5,14.2,3.0,74,4.3,No,Yes,0,None,NotPlaced
9050,Male,IT,8.3,0,79,80,2,3,2,64.1,58.5,6.8,87,4.7,Yes,Yes,3,Tier2,Placed
9051,Female,CSE,7.1,0,55,69,1,1,0,22.0,24.4,2.2,63,4.2,No,Yes,0,None,NotPlaced
9052,Male,CSE,8.3,0,68,82,1,3,2,56.2,52.4,7.2,90,4.5,Yes,Yes,2,Tier3,Placed
9053,Male,Civil,8.7,0,77,86,2,3,3,73.4,67.1,7.1,90,4.8,Yes,Yes,2,Tier2,Placed
9054,Male,Mechanical,8.5,0,63,72,1,2,1,63.1,51.5,3.7,66,3.9,No,Yes,0,None,NotPlaced
9055,Male,ECE,6.8,1,58,71,1,2,0,26.8,23.2,6.5,68,4.1,Yes,Yes,0,None,NotPlaced
9056,Female,Civil,7.4,0,61,65,0,1,0,24.9,18.1,5.2,79,4.2,Yes,Yes,0,None,NotPlaced
9057,Female,ECE,7.6,0,80,84,0,3,2,42.0,33.7,8.4,87,4.7,Yes,No,3,Tier2,Placed
9058,Male,CSE,7.5,0,58,65,1,2,1,32.1,38.5,4.0,71,4.1,No,Yes,0,None,NotPlaced
9059,Male,CSE,8.3,0,79,84,1,1,0,49.9,34.5,3.0,70,4.6,Yes,Yes,0,None,NotPlaced
9060,Male,Mechanical,9.1,0,74,82,2,3,2,87.9,54.9,8.1,90,4.8,Yes,Yes,3,Tier1,Placed
9061,Female,ECE,8.1,0,76,68,1,3,2,56.0,38.0,6.2,75,4.7,Yes,Yes,0,None,NotPlaced
9062,Female,EEE,7.6,0,81,83,0,2,0,35.3,37.2,6.7,85,4.2,Yes,Yes,1,Tier3,Placed
9063,Female,EEE,8.6,0,71,82,1,2,2,70.7,55.0,5.8,88,4.3,Yes,Yes,3,Tier1,Placed
9064,Male,IT,8.0,0,55,75,0,2,1,51.8,49.1,3.7,89,4.3,No,Yes,0,None,NotPlaced
9065,Male,CSE,7.5,0,55,67,1,2,0,33.6,13.3,4.3,64,3.8,No,No,0,None,NotPlaced
9066,Male,CSE,7.5,0,55,64,0,1,0,27.6,1.1,3.6,63,4.3,Yes,Yes,0,None,NotPlaced
9067,Male,CSE,7.3,0,67,68,0,2,0,39.3,36.0,3.6,71,3.5,No,Yes,0,None,NotPlaced
9068,Male,IT,7.0,1,87,81,0,3,3,32.9,37.9,8.0,76,4.5,Yes,Yes,2,Tier2,Placed
9069,Male,IT,7.5,0,59,69,1,1,1,31.7,14.8,3.3,70,4.4,No,No,0,None,NotPlaced
9070,Male,CSE,6.5,1,56,67,1,2,0,26.5,29.6,3.7,76,3.7,No,No,0,None,NotPlaced
9071,Female,CSE,8.3,0,63,80,1,2,0,61.9,59.8,4.5,77,3.8,Yes,Yes,0,None,NotPlaced
9072,Female,ECE,6.9,1,71,83,1,1,2,25.7,24.4,2.9,72,3.8,Yes,Yes,0,None,NotPlaced
9073,Male,IT,8.1,0,90,86,2,3,2,64.7,60.6,5.8,90,4.8,Yes,Yes,2,Tier3,Placed
9074,Male,IT,7.6,0,59,65,1,2,0,46.3,40.4,2.3,72,4.2,No,Yes,2,Tier3,Placed
9075,Male,ECE,6.8,1,55,66,1,1,0,26.5,23.1,1.6,74,4.3,No,Yes,0,None,NotPlaced
9076,Female,ECE,8.4,0,69,88,2,3,2,71.8,64.9,6.0,90,4.8,Yes,Yes,3,Tier2,Placed
9077,Female,Civil,7.0,0,55,80,1,2,0,29.0,42.2,5.8,73,4.5,No,Yes,0,None,NotPlaced
9078,Female,CSE,6.9,0,73,82,2,3,3,48.2,37.0,6.5,86,4.8,Yes,Yes,2,Tier2,Placed
9079,Female,CSE,7.3,0,71,71,1,1,1,39.2,33.9,2.5,80,3.8,No,No,0,None,NotPlaced
9080,Male,Mechanical,8.3,1,82,85,2,3,2,80.6,56.6,6.4,90,4.8,Yes,Yes,4,Tier1,Placed
9081,Male,ECE,6.9,0,73,62,1,1,0,20.0,22.3,4.8,78,3.9,Yes,Yes,0,None,NotPlaced
9082,Male,EEE,8.3,0,68,79,2,2,2,60.6,48.4,4.8,80,4.5,Yes,Yes,3,Tier2,Placed
9083,Male,IT,7.2,1,57,65,1,1,1,21.9,31.1,0.8,72,3.7,No,No,0,None,NotPlaced
9084,Female,EEE,8.1,0,64,82,2,2,2,58.6,60.5,5.7,90,3.7,Yes,Yes,2,Tier2,Placed
9085,Male,Mechanical,7.7,0,56,64,1,1,2,31.6,34.8,2.3,71,4.0,No,Yes,0,None,NotPlaced
9086,Male,ECE,8.4,0,89,86,2,3,2,69.4,65.1,8.2,90,4.7,Yes,Yes,2,Tier2,Placed
9087,Male,CSE,6.6,2,55,69,0,1,0,20.0,14.4,1.8,67,3.3,No,Yes,0,None,NotPlaced
9088,Female,Mechanical,6.8,0,74,82,2,1,2,25.9,17.2,3.1,75,4.6,Yes,Yes,0,None,NotPlaced
9089,Male,EEE,7.8,0,70,84,2,3,2,50.9,47.2,5.5,90,4.7,Yes,Yes,3,Tier2,Placed
9090,Male,Mechanical,6.9,0,74,63,1,2,0,36.9,32.6,5.8,73,4.2,Yes,Yes,0,None,NotPlaced
9091,Male,CSE,7.6,1,69,61,1,3,2,45.6,55.6,7.1,85,4.4,Yes,Yes,3,Tier2,Placed
9092,Male,Mechanical,6.5,2,71,60,0,1,1,20.0,5.8,1.9,80,3.2,No,No,0,None,NotPlaced
9093,Male,CSE,7.8,0,83,81,2,3,2,53.8,50.4,6.8,86,4.2,Yes,No,2,Tier2,Placed
9094,Female,CSE,7.6,1,61,83,2,1,1,36.7,37.2,2.7,74,3.8,Yes,Yes,0,None,NotPlaced
9095,Male,ECE,8.3,0,85,88,0,3,2,55.5,40.9,7.8,90,4.7,Yes,Yes,2,Tier3,Placed
9096,Female,IT,7.3,0,71,67,2,1,2,29.6,20.7,1.1,86,3.8,No,Yes,0,None,NotPlaced
9097,Male,ECE,7.8,1,75,82,2,2,2,39.7,33.0,5.7,88,4.3,Yes,Yes,0,None,NotPlaced
9098,Male,ECE,7.6,0,57,64,1,2,0,43.6,23.9,2.4,72,4.4,No,Yes,0,None,NotPlaced
9099,Female,CSE,7.8,0,55,67,1,3,1,56.2,58.1,4.1,79,3.7,No,No,0,None,NotPlaced
9100,Male,EEE,6.5,0,60,63,1,1,1,24.2,45.4,4.4,76,4.3,Yes,No,0,None,NotPlaced
9101,Male,Mechanical,7.5,0,58,85,0,1,0,30.4,25.9,1.0,82,4.4,No,Yes,0,None,NotPlaced
9102,Female,CSE,6.6,1,69,69,0,3,2,23.5,19.2,6.1,87,4.3,No,No,0,None,NotPlaced
9103,Male,EEE,6.9,1,84,67,2,1,0,20.0,10.1,1.7,73,4.0,No,Yes,0,None,NotPlaced
9104,Female,ECE,7.4,0,55,63,1,1,0,30.5,18.0,2.3,60,3.8,No,No,0,None,NotPlaced
9105,Male,IT,7.5,1,57,66,1,1,1,35.2,25.6,2.1,63,3.7,No,Yes,0,None,NotPlaced
9106,Male,IT,8.0,0,77,86,2,3,2,61.5,60.8,8.0,90,4.8,Yes,Yes,3,Tier2,Placed
9107,Male,IT,8.3,0,80,81,2,3,2,70.3,82.9,5.6,90,4.8,Yes,Yes,1,Tier3,Placed
9108,Female,CSE,8.5,0,74,85,2,2,2,75.5,55.2,5.7,90,4.4,Yes,Yes,2,Tier2,Placed
9109,Male,Civil,6.5,0,60,73,1,1,1,20.0,12.7,1.9,66,4.0,No,Yes,0,None,NotPlaced
9110,Female,ECE,8.6,0,75,84,1,3,2,61.6,41.2,5.5,82,4.6,Yes,Yes,3,Tier2,Placed
9111,Female,ECE,8.2,0,86,82,2,3,2,72.4,62.4,6.5,90,4.8,Yes,Yes,3,Tier2,Placed
9112,Male,ECE,6.7,1,82,83,1,2,1,26.6,28.5,2.4,79,3.9,No,Yes,0,None,NotPlaced
9113,Male,ECE,6.5,0,68,81,1,1,1,20.0,22.4,1.3,84,4.0,Yes,Yes,1,Tier3,Placed
9114,Male,IT,7.5,0,65,65,2,3,0,56.1,43.0,6.6,81,3.9,Yes,Yes,0,None,NotPlaced
9115,Male,IT,7.6,0,81,72,0,2,1,33.0,40.6,6.2,74,4.8,Yes,Yes,1,Tier3,Placed
9116,Male,IT,7.6,0,55,63,0,1,1,32.2,35.6,2.3,77,4.3,No,Yes,0,None,NotPlaced
9117,Male,CSE,7.5,0,56,67,1,1,1,42.5,42.4,3.3,77,4.6,No,No,0,None,NotPlaced
9118,Female,CSE,8.0,0,74,88,1,2,1,50.1,45.2,5.1,80,4.3,Yes,Yes,0,None,NotPlaced
9119,Female,ECE,8.2,0,78,85,2,3,2,73.4,58.0,8.5,90,4.6,Yes,Yes,1,Tier3,Placed
9120,Female,Mechanical,6.5,1,55,71,1,1,0,20.0,15.3,3.4,78,4.0,No,No,0,None,NotPlaced
9121,Female,CSE,7.0,1,55,70,1,1,0,20.0,25.4,1.1,81,3.6,No,Yes,0,None,NotPlaced
9122,Male,CSE,8.4,0,83,79,2,3,1,82.1,68.4,7.1,84,4.5,Yes,Yes,3,Tier2,Placed
9123,Female,CSE,8.4,0,72,82,2,1,0,57.5,52.9,2.3,90,4.6,Yes,Yes,0,None,NotPlaced
9124,Female,Civil,7.0,1,55,68,1,1,1,26.2,12.1,1.9,70,3.3,No,Yes,0,None,NotPlaced
9125,Male,EEE,8.7,0,75,68,1,2,2,70.8,59.2,6.7,77,4.5,Yes,Yes,2,Tier2,Placed
9126,Female,EEE,7.4,1,63,66,1,1,1,28.4,23.3,1.4,65,4.3,No,No,0,None,NotPlaced
9127,Male,Mechanical,7.9,0,73,87,1,2,1,53.1,37.9,3.8,86,3.8,Yes,Yes,0,None,NotPlaced
9128,Male,IT,8.1,0,78,75,1,3,1,64.4,58.3,5.9,82,4.6,Yes,Yes,1,Tier3,Placed
9129,Female,Civil,6.5,0,56,69,0,1,0,20.0,21.2,1.6,64,4.1,No,No,0,None,NotPlaced
9130,Female,IT,8.5,0,64,83,2,1,0,65.6,72.5,6.7,86,4.7,Yes,Yes,0,None,NotPlaced
9131,Male,CSE,8.2,0,77,83,1,3,2,69.5,60.5,8.5,89,4.8,Yes,Yes,1,Tier3,Placed
9132,Female,ECE,7.6,2,71,85,2,3,0,49.6,39.2,4.1,76,4.8,Yes,Yes,0,None,NotPlaced
9133,Male,IT,8.2,1,70,83,1,3,2,64.0,51.2,7.0,81,4.5,Yes,No,3,Tier2,Placed
9134,Male,ECE,7.6,1,57,63,1,1,1,33.8,20.4,1.4,68,4.0,No,No,0,None,NotPlaced
9135,Female,IT,8.3,0,74,79,0,2,2,59.1,57.7,6.0,72,4.0,Yes,Yes,0,None,NotPlaced
9136,Male,ECE,7.5,0,79,83,1,2,0,33.9,34.3,3.8,89,4.5,Yes,Yes,3,Tier2,Placed
9137,Female,CSE,8.0,0,78,85,2,3,0,82.0,68.2,6.0,90,4.4,Yes,Yes,4,Tier1,Placed
9138,Male,CSE,7.8,0,85,83,2,3,0,59.1,40.3,6.4,83,4.4,Yes,No,0,None,NotPlaced
9139,Male,Mechanical,8.6,0,76,85,2,3,2,79.7,69.9,6.3,88,4.8,Yes,Yes,2,Tier2,Placed
9140,Male,Mechanical,6.7,1,58,71,1,1,0,23.9,16.9,2.7,85,4.0,No,Yes,0,None,NotPlaced
9141,Male,Civil,7.6,1,76,69,0,1,0,29.0,23.3,1.7,83,3.7,No,No,0,None,NotPlaced
9142,Male,EEE,7.6,0,55,59,1,1,0,34.4,31.7,3.0,74,4.1,No,No,0,None,NotPlaced
9143,Female,ECE,7.7,1,75,85,1,3,3,50.5,38.6,6.2,88,4.8,Yes,No,0,None,NotPlaced
9144,Male,ECE,8.1,0,61,82,1,1,0,40.6,29.8,2.9,86,4.8,No,Yes,2,Tier2,Placed
9145,Female,CSE,7.8,0,86,66,1,2,0,48.4,40.9,3.8,82,3.9,Yes,Yes,0,None,NotPlaced
9146,Male,IT,7.4,2,79,68,1,1,0,30.3,36.7,3.6,82,4.5,Yes,Yes,0,None,NotPlaced
9147,Male,IT,7.7,0,58,65,1,1,1,34.5,38.0,1.5,74,4.3,No,Yes,0,None,NotPlaced
9148,Male,Mechanical,7.7,1,55,71,1,1,1,34.7,36.2,3.9,69,3.9,Yes,Yes,0,None,NotPlaced
9149,Male,CSE,6.8,0,77,64,1,2,2,29.9,32.3,2.6,83,4.5,Yes,Yes,3,Tier2,Placed
9150,Male,Civil,7.4,0,59,64,2,3,1,48.0,37.8,6.2,89,4.6,Yes,Yes,0,None,NotPlaced
9151,Male,ECE,6.5,1,55,68,1,2,1,20.0,29.2,6.2,69,4.1,Yes,No,0,None,NotPlaced
9152,Male,EEE,7.6,0,79,76,1,3,2,55.5,32.5,6.8,84,4.6,Yes,Yes,4,Tier1,Placed
9153,Male,CSE,6.5,0,84,83,2,2,2,27.2,30.2,3.3,85,4.4,Yes,Yes,4,Tier1,Placed
9154,Male,CSE,7.6,0,78,87,2,3,0,50.8,49.9,6.3,84,4.5,Yes,Yes,0,None,NotPlaced
9155,Male,Civil,7.3,0,74,84,0,1,2,23.9,23.7,3.4,85,4.7,Yes,Yes,1,Tier3,Placed
9156,Male,IT,6.6,0,83,72,1,2,0,25.2,17.7,3.2,65,4.2,No,No,0,None,NotPlaced
9157,Female,IT,8.0,0,82,83,2,2,2,60.9,50.2,6.2,87,4.8,Yes,No,4,Tier1,Placed
9158,Male,IT,6.6,2,72,65,0,2,0,20.0,14.5,6.1,73,4.8,Yes,Yes,0,None,NotPlaced
9159,Female,CSE,7.4,0,55,63,1,2,0,36.2,37.1,4.7,85,4.6,No,No,0,None,NotPlaced
9160,Male,CSE,7.5,0,60,71,1,2,0,37.5,39.4,5.0,62,4.4,No,No,0,None,NotPlaced
9161,Female,EEE,6.8,2,81,67,0,2,0,20.0,24.1,4.5,73,4.2,Yes,Yes,0,None,NotPlaced
9162,Male,IT,7.5,1,83,61,1,1,0,35.0,35.1,3.5,83,4.4,No,No,0,None,NotPlaced
9163,Female,ECE,8.3,0,79,83,2,3,2,73.0,65.1,8.1,88,4.8,Yes,No,0,None,NotPlaced
9164,Male,CSE,8.2,0,68,84,0,1,1,47.3,47.4,2.9,81,4.2,Yes,Yes,2,Tier3,Placed
9165,Female,EEE,8.2,0,77,67,1,3,0,62.5,45.1,5.4,84,4.1,Yes,Yes,2,Tier2,Placed
9166,Female,EEE,8.1,0,85,84,2,3,2,59.0,37.1,4.6,90,4.8,Yes,Yes,2,Tier3,Placed
9167,Female,CSE,8.3,0,71,85,1,2,1,60.3,52.4,5.0,88,4.2,No,Yes,2,Tier3,Placed
9168,Male,IT,7.6,0,89,85,0,3,2,46.8,46.6,5.4,72,4.6,Yes,Yes,0,None,NotPlaced
9169,Male,CSE,7.3,0,56,76,0,3,1,40.3,21.9,6.1,70,3.8,Yes,No,1,Tier3,Placed
9170,Male,EEE,7.6,0,69,65,2,2,0,41.6,36.6,4.5,77,4.5,No,Yes,0,None,NotPlaced
9171,Male,EEE,8.4,0,62,80,2,2,2,63.0,59.5,3.7,71,3.8,Yes,Yes,2,Tier3,Placed
9172,Female,Mechanical,7.9,0,75,60,0,2,0,38.0,33.0,7.4,82,4.2,Yes,Yes,2,Tier2,Placed
9173,Male,CSE,8.1,0,83,87,1,3,1,63.4,64.6,7.2,90,4.8,Yes,No,2,Tier3,Placed
9174,Male,IT,7.7,1,61,87,2,1,0,39.9,45.6,3.5,78,4.0,No,No,0,None,NotPlaced
9175,Male,CSE,8.1,0,76,88,0,1,2,37.4,31.6,4.0,77,4.6,Yes,Yes,3,Tier2,Placed
9176,Male,IT,7.8,0,68,86,1,3,2,47.3,37.6,4.5,83,4.5,Yes,Yes,2,Tier3,Placed
9177,Male,ECE,8.1,0,81,86,1,3,2,66.1,51.6,7.7,90,4.2,Yes,Yes,2,Tier2,Placed
9178,Female,CSE,8.3,0,82,85,2,3,2,68.7,57.3,7.0,90,4.8,Yes,Yes,3,Tier1,Placed
9179,Male,EEE,8.4,0,84,71,1,2,3,59.4,40.3,4.9,90,4.7,Yes,Yes,2,Tier3,Placed
9180,Male,ECE,7.9,0,60,69,1,1,0,37.3,23.3,2.0,90,4.1,No,Yes,2,Tier3,Placed
9181,Male,EEE,7.6,0,80,70,0,1,0,21.7,4.4,3.1,82,3.8,No,No,0,None,NotPlaced
9182,Male,CSE,7.6,1,55,57,1,1,0,32.3,28.9,3.6,72,4.5,No,No,0,None,NotPlaced
9183,Male,Mechanical,8.2,0,83,82,1,2,1,53.1,61.0,3.8,83,4.7,Yes,Yes,3,Tier1,Placed
9184,Female,Civil,8.2,0,61,63,0,1,0,43.5,21.1,3.1,73,4.1,Yes,No,0,None,NotPlaced
9185,Female,Civil,7.4,0,56,68,1,1,1,29.2,26.7,3.4,86,4.2,No,Yes,0,None,NotPlaced
9186,Female,Mechanical,6.7,0,63,61,0,1,0,20.0,19.0,1.8,75,4.6,No,Yes,0,None,NotPlaced
9187,Female,EEE,7.8,0,55,69,2,2,3,44.5,36.2,4.2,70,4.6,No,Yes,0,None,NotPlaced
9188,Male,ECE,8.2,0,78,66,2,3,2,68.2,65.5,7.2,86,4.4,Yes,Yes,1,Tier3,Placed
9189,Female,CSE,8.2,0,81,79,2,3,2,64.0,45.8,9.1,90,4.6,Yes,Yes,3,Tier1,Placed
9190,Female,ECE,8.5,0,74,86,2,3,2,80.6,48.4,7.7,84,4.5,Yes,Yes,3,Tier1,Placed
9191,Female,EEE,8.4,0,89,85,2,2,2,64.8,48.4,7.1,81,4.2,Yes,Yes,2,Tier3,Placed
9192,Male,Civil,7.7,0,70,79,1,1,1,39.8,29.1,4.7,73,4.2,Yes,Yes,0,None,NotPlaced
9193,Female,ECE,7.8,0,84,81,2,3,2,58.8,31.1,6.8,87,4.5,Yes,No,2,Tier2,Placed
9194,Female,CSE,8.6,0,68,79,2,3,2,77.0,63.2,6.3,81,4.8,No,Yes,3,Tier1,Placed
9195,Female,ECE,8.5,0,58,63,2,1,1,53.5,34.3,5.1,70,4.3,Yes,Yes,2,Tier3,Placed
9196,Male,Civil,8.4,0,81,88,1,3,2,61.1,50.2,5.9,90,4.8,Yes,Yes,0,None,NotPlaced
9197,Female,CSE,7.7,1,70,86,2,2,0,50.1,40.3,5.8,90,4.7,Yes,Yes,3,Tier2,Placed
9198,Female,IT,8.1,0,72,84,1,2,2,55.9,38.2,4.8,85,4.4,No,Yes,0,None,NotPlaced
9199,Female,ECE,8.4,0,85,82,1,3,2,57.3,55.3,6.7,90,4.8,Yes,Yes,3,Tier2,Placed
9200,Male,CSE,7.8,0,55,79,1,3,2,52.5,41.2,6.6,75,4.3,Yes,Yes,0,None,NotPlaced
9201,Female,CSE,7.7,0,75,86,2,3,0,67.2,55.6,6.8,90,4.6,Yes,Yes,0,None,NotPlaced
9202,Male,ECE,6.5,1,55,70,0,3,0,26.4,30.8,6.7,85,4.3,No,No,0,None,NotPlaced
9203,Male,Mechanical,7.6,0,55,67,1,2,0,50.7,44.0,5.5,69,4.2,No,Yes,0,None,NotPlaced
9204,Male,CSE,7.7,0,85,83,1,3,2,49.8,43.7,7.7,85,4.8,Yes,No,0,None,NotPlaced
9205,Female,IT,8.0,0,78,73,2,2,2,53.7,38.8,3.7,87,4.8,Yes,Yes,3,Tier2,Placed
9206,Male,EEE,7.6,0,55,61,1,1,1,39.8,25.5,3.5,73,4.5,No,No,0,None,NotPlaced
9207,Male,Civil,7.5,0,55,59,1,1,0,36.1,31.9,3.2,60,4.2,No,Yes,3,Tier2,Placed
9208,Female,Civil,7.0,0,68,74,1,2,0,30.5,20.1,4.8,72,4.6,Yes,Yes,2,Tier3,Placed
9209,Female,ECE,6.5,0,55,70,1,2,0,20.0,27.6,3.3,81,3.3,No,No,0,None,NotPlaced
9210,Male,Civil,7.5,0,66,85,1,2,0,46.8,38.7,4.1,78,4.0,Yes,Yes,0,None,NotPlaced
9211,Female,CSE,6.7,0,65,61,1,1,0,29.6,33.2,3.1,81,4.5,No,Yes,0,None,NotPlaced
9212,Female,EEE,8.4,1,83,85,0,3,2,54.1,38.1,5.1,90,4.8,Yes,Yes,2,Tier2,Placed
9213,Male,ECE,8.4,0,74,87,2,3,2,79.0,54.3,8.1,90,4.8,Yes,Yes,3,Tier2,Placed
9214,Male,CSE,7.7,2,71,82,1,2,0,42.7,50.8,4.5,83,4.6,Yes,Yes,0,None,NotPlaced
9215,Male,ECE,8.1,0,71,85,1,3,2,59.3,48.4,7.3,90,4.7,Yes,Yes,0,None,NotPlaced
9216,Male,CSE,7.6,0,76,77,0,1,0,31.3,36.2,0.0,78,4.3,Yes,Yes,4,Tier1,Placed
9217,Male,Mechanical,8.0,0,64,61,0,3,1,48.0,30.4,5.2,90,4.1,Yes,Yes,2,Tier2,Placed
9218,Female,IT,8.7,0,77,85,0,2,2,59.8,47.6,4.3,89,4.6,Yes,Yes,2,Tier2,Placed
9219,Female,ECE,8.4,0,60,69,2,1,1,47.9,50.9,1.1,77,4.4,No,Yes,0,None,NotPlaced
9220,Male,CSE,8.3,0,59,63,1,3,2,67.4,42.0,6.8,82,4.7,No,No,3,Tier2,Placed
9221,Male,CSE,7.5,0,55,64,0,1,1,39.2,51.4,2.3,64,4.3,No,Yes,0,None,NotPlaced
9222,Male,Civil,7.5,0,61,59,0,1,0,24.8,25.1,3.9,68,3.4,No,No,0,None,NotPlaced
9223,Male,EEE,7.6,0,56,69,1,1,0,34.2,24.4,3.5,78,3.6,Yes,Yes,0,None,NotPlaced
9224,Male,Civil,6.5,0,79,69,0,2,2,20.0,24.1,4.3,81,4.6,Yes,Yes,2,Tier2,Placed
9225,Female,IT,7.7,0,80,87,2,3,1,62.9,61.0,8.2,90,4.8,Yes,Yes,0,None,NotPlaced
9226,Female,CSE,7.7,0,81,75,1,2,2,47.0,33.8,4.5,83,3.9,Yes,Yes,0,None,NotPlaced
9227,Male,ECE,7.8,0,73,76,1,1,1,43.6,32.6,2.5,84,3.9,Yes,Yes,0,None,NotPlaced
9228,Female,ECE,7.7,0,55,70,1,1,0,34.5,33.1,2.0,77,4.0,No,Yes,0,None,NotPlaced
9229,Male,CSE,8.5,0,71,87,2,3,2,76.2,65.1,8.6,90,4.8,Yes,Yes,1,Tier3,Placed
9230,Female,EEE,8.1,0,55,63,2,1,1,33.2,29.5,3.1,87,3.8,No,Yes,0,None,NotPlaced
9231,Male,ECE,6.7,0,67,73,0,3,2,31.3,32.9,8.0,86,4.8,Yes,Yes,3,Tier2,Placed
9232,Male,CSE,8.0,0,73,85,1,3,1,52.9,51.2,9.0,82,4.4,Yes,Yes,0,None,NotPlaced
9233,Female,IT,7.6,0,56,66,0,1,0,28.4,28.7,3.0,83,3.8,No,Yes,0,None,NotPlaced
9234,Male,IT,8.5,1,70,84,1,3,0,72.7,53.3,4.8,88,4.6,No,Yes,3,Tier1,Placed
9235,Female,EEE,6.5,0,60,67,0,2,1,20.0,19.2,5.5,60,3.1,Yes,No,0,None,NotPlaced
9236,Male,ECE,8.4,0,75,81,0,1,1,51.4,57.7,4.6,85,4.8,Yes,Yes,3,Tier2,Placed
9237,Male,ECE,6.8,0,84,85,0,3,2,29.4,30.0,5.5,75,4.4,Yes,Yes,0,None,NotPlaced
9238,Male,CSE,6.6,0,63,83,2,3,2,43.3,48.3,7.0,90,4.8,Yes,Yes,2,Tier3,Placed
9239,Male,Civil,6.5,0,55,66,1,2,0,20.0,16.1,2.9,69,3.7,No,No,0,None,NotPlaced
9240,Female,Civil,6.7,0,71,87,1,2,0,20.0,23.5,5.1,82,4.7,Yes,Yes,3,Tier1,Placed
9241,Male,ECE,8.1,0,71,83,2,3,0,65.9,60.1,8.1,85,4.2,Yes,Yes,0,None,NotPlaced
9242,Female,CSE,8.1,0,74,81,2,3,2,68.9,68.1,8.3,88,4.8,Yes,Yes,1,Tier3,Placed
9243,Female,ECE,7.5,0,84,66,1,2,0,44.4,47.5,4.8,73,3.5,Yes,Yes,0,None,NotPlaced
9244,Female,EEE,7.2,0,71,74,1,2,0,29.3,18.9,5.7,82,3.6,Yes,Yes,1,Tier3,Placed
9245,Male,Civil,7.4,0,76,68,0,1,2,20.0,31.3,1.5,90,4.5,Yes,Yes,2,Tier2,Placed
9246,Female,Civil,8.0,0,69,86,2,3,2,62.4,65.3,5.3,90,4.8,Yes,Yes,3,Tier2,Placed
9247,Male,Mechanical,6.5,1,82,70,0,2,2,20.0,16.1,6.1,74,4.3,Yes,Yes,0,None,NotPlaced
9248,Male,CSE,7.8,0,56,68,0,1,0,36.3,24.8,0.0,73,4.4,No,No,3,Tier2,Placed
9249,Male,Civil,7.7,0,56,59,1,2,0,52.9,43.0,3.3,69,3.5,No,Yes,0,None,NotPlaced
9250,Male,ECE,7.6,0,65,69,1,1,2,33.1,31.7,3.7,79,4.4,Yes,Yes,3,Tier2,Placed
9251,Male,EEE,8.1,0,85,86,1,3,2,51.8,40.9,7.2,83,4.7,Yes,Yes,2,Tier2,Placed
9252,Male,ECE,6.5,2,81,64,1,2,1,27.0,16.5,2.2,79,4.2,Yes,Yes,1,Tier3,Placed
9253,Male,IT,6.5,0,80,69,1,2,0,22.0,33.4,4.5,69,4.7,No,Yes,0,None,NotPlaced
9254,Male,ECE,6.8,0,55,63,1,1,0,20.4,14.5,1.1,79,4.3,No,No,0,None,NotPlaced
9255,Female,CSE,8.0,0,83,88,1,3,3,62.8,47.7,7.1,87,4.6,Yes,No,4,Tier1,Placed
9256,Male,IT,7.7,2,57,65,0,1,0,38.3,34.3,2.4,73,4.3,Yes,Yes,2,Tier3,Placed
9257,Male,Mechanical,8.2,0,81,87,2,3,2,67.9,43.9,6.3,90,4.8,Yes,Yes,1,Tier3,Placed
9258,Male,CSE,6.5,1,57,65,1,2,1,26.9,12.9,2.2,72,3.5,No,No,0,None,NotPlaced
9259,Female,CSE,8.1,0,75,88,2,1,0,52.8,41.3,2.6,87,4.0,Yes,Yes,0,None,NotPlaced
9260,Male,CSE,8.6,0,74,81,0,3,1,62.7,58.1,8.2,85,4.6,Yes,Yes,2,Tier2,Placed
9261,Male,IT,7.6,1,68,66,1,2,1,41.8,38.1,4.6,82,4.3,Yes,No,0,None,NotPlaced
9262,Male,Civil,7.3,0,55,65,1,2,0,40.1,17.4,3.6,65,4.2,No,No,0,None,NotPlaced
9263,Female,CSE,7.8,0,63,65,1,1,0,35.5,42.3,1.3,70,4.2,No,Yes,0,None,NotPlaced
9264,Male,CSE,6.5,0,55,63,1,1,1,20.0,26.6,0.7,69,3.5,No,No,0,None,NotPlaced
9265,Female,Civil,6.9,0,72,86,2,3,0,42.8,38.5,6.0,78,4.2,Yes,Yes,2,Tier3,Placed
9266,Male,Mechanical,6.5,0,68,69,0,1,2,20.0,23.0,2.2,85,3.6,No,No,0,None,NotPlaced
9267,Male,CSE,8.6,0,66,83,2,3,3,83.2,71.7,9.5,90,4.8,Yes,Yes,2,Tier2,Placed
9268,Male,EEE,8.4,0,89,79,2,3,2,73.8,77.9,8.0,85,4.5,Yes,Yes,4,Tier1,Placed
9269,Male,ECE,8.2,0,76,84,1,1,0,47.4,46.8,2.6,73,4.5,No,Yes,0,None,NotPlaced
9270,Male,Mechanical,6.6,1,63,70,0,1,0,20.0,22.7,4.0,70,4.6,No,No,0,None,NotPlaced
9271,Male,ECE,7.7,0,81,71,1,1,1,36.3,23.1,2.5,83,4.1,No,No,0,None,NotPlaced
9272,Male,Civil,7.5,0,57,65,0,1,0,29.6,28.5,3.1,72,3.7,No,Yes,0,None,NotPlaced
9273,Female,CSE,8.3,0,81,85,1,3,1,71.8,64.4,7.2,88,4.8,Yes,Yes,2,Tier2,Placed
9274,Male,CSE,8.5,0,70,84,2,2,2,62.9,51.2,5.5,90,4.4,Yes,Yes,3,Tier1,Placed
9275,Female,IT,8.4,0,69,83,1,1,1,47.6,36.6,1.6,83,4.8,Yes,No,2,Tier2,Placed
9276,Male,IT,8.4,0,81,83,2,1,2,62.4,56.2,2.7,90,4.5,Yes,Yes,3,Tier2,Placed
9277,Male,Mechanical,7.7,0,83,83,2,3,2,55.2,37.5,6.4,75,4.4,Yes,No,3,Tier2,Placed
9278,Male,ECE,7.6,0,81,84,0,3,2,47.1,47.2,6.4,81,4.5,Yes,Yes,2,Tier2,Placed
9279,Male,CSE,7.8,0,84,86,1,3,2,52.0,40.8,6.3,88,4.3,Yes,Yes,2,Tier2,Placed
9280,Male,IT,7.8,0,55,66,0,2,0,33.6,12.9,5.4,71,4.4,No,Yes,0,None,NotPlaced
9281,Male,IT,8.2,0,70,85,1,1,2,48.0,36.7,1.6,75,4.3,No,Yes,2,Tier2,Placed
9282,Female,Civil,7.6,0,55,59,0,1,0,35.6,31.0,2.9,73,3.8,Yes,No,2,Tier2,Placed
9283,Female,IT,8.8,0,65,84,0,3,0,69.7,61.1,9.3,88,4.6,Yes,Yes,2,Tier2,Placed
9284,Male,ECE,8.7,0,76,82,2,3,2,70.6,60.4,7.8,83,4.8,Yes,Yes,2,Tier2,Placed
9285,Female,EEE,7.5,0,62,62,2,1,1,38.5,23.4,2.0,75,4.8,No,No,0,None,NotPlaced
9286,Female,EEE,7.6,0,80,69,1,1,2,31.2,30.9,4.1,90,4.8,Yes,Yes,0,None,NotPlaced
9287,Male,EEE,6.6,1,55,65,1,1,1,20.0,16.4,2.3,74,4.0,Yes,Yes,1,Tier3,Placed
9288,Female,CSE,8.0,0,75,88,2,3,2,63.6,49.7,6.6,90,4.8,Yes,Yes,3,Tier2,Placed
9289,Male,EEE,8.7,0,89,83,0,3,1,70.6,49.5,6.6,90,4.6,Yes,Yes,4,Tier1,Placed
9290,Male,Mechanical,7.4,0,80,76,1,1,0,36.9,33.3,2.2,87,3.7,No,Yes,0,None,NotPlaced
9291,Male,EEE,8.2,0,71,70,0,2,0,58.8,73.2,5.5,78,4.8,Yes,Yes,3,Tier1,Placed
9292,Male,Civil,8.7,0,70,84,1,3,0,76.3,76.3,6.1,89,4.5,Yes,Yes,3,Tier1,Placed
9293,Male,EEE,7.6,1,81,73,1,1,2,39.7,27.9,2.4,90,4.4,No,Yes,0,None,NotPlaced
9294,Male,Mechanical,7.4,2,61,65,0,1,0,20.0,21.5,2.6,77,4.4,No,No,0,None,NotPlaced
9295,Female,Civil,7.5,0,65,82,2,3,2,62.1,49.1,6.5,90,4.7,Yes,Yes,0,None,NotPlaced
9296,Female,CSE,8.3,0,78,66,1,2,2,63.3,53.3,4.8,87,4.7,Yes,Yes,0,None,NotPlaced
9297,Female,ECE,7.7,0,90,76,2,2,0,48.2,48.5,3.9,82,4.3,Yes,No,0,None,NotPlaced
9298,Female,ECE,8.0,0,74,75,0,2,1,49.4,39.6,3.5,67,4.1,Yes,Yes,0,None,NotPlaced
9299,Female,IT,6.7,1,56,70,1,1,1,20.0,14.7,1.9,71,3.8,Yes,No,0,None,NotPlaced
9300,Male,Mechanical,6.5,0,58,62,0,1,1,20.0,30.0,2.7,75,3.4,No,No,0,None,NotPlaced
9301,Male,EEE,7.5,0,55,63,1,2,0,40.2,26.1,4.5,87,3.9,No,No,0,None,NotPlaced
9302,Male,EEE,6.5,0,55,67,1,2,0,20.0,21.7,5.9,69,3.4,No,Yes,1,Tier3,Placed
9303,Female,Civil,8.2,0,81,83,1,3,2,60.6,38.6,7.0,90,4.8,Yes,Yes,2,Tier2,Placed
9304,Male,CSE,7.7,0,56,68,0,1,1,36.5,24.2,2.1,76,4.2,No,No,0,None,NotPlaced
9305,Female,Mechanical,6.5,0,55,71,1,1,1,20.0,26.9,2.3,77,4.2,No,Yes,0,None,NotPlaced
9306,Male,ECE,7.6,0,65,68,1,2,2,28.0,20.9,2.9,75,4.7,No,Yes,0,None,NotPlaced
9307,Male,IT,7.8,0,72,79,1,3,3,59.5,33.6,7.9,77,4.5,Yes,Yes,2,Tier3,Placed
9308,Female,CSE,8.3,0,80,82,1,3,2,66.4,48.3,7.4,85,4.8,Yes,Yes,3,Tier1,Placed
9309,Male,Mechanical,6.7,1,61,71,1,1,0,20.0,12.8,2.1,60,4.7,Yes,Yes,0,None,NotPlaced
9310,Male,EEE,6.7,0,55,63,1,1,0,20.0,9.3,2.4,60,3.7,No,No,0,None,NotPlaced
9311,Male,EEE,8.3,0,72,85,2,3,0,61.5,53.9,6.8,72,3.6,No,Yes,0,None,NotPlaced
9312,Male,ECE,7.3,0,59,62,1,1,1,25.8,12.0,0.7,70,3.9,No,No,0,None,NotPlaced
9313,Female,CSE,8.1,0,70,78,1,1,2,46.8,35.4,4.1,82,4.8,Yes,No,0,None,NotPlaced
9314,Male,CSE,8.5,0,77,86,2,3,2,71.1,58.9,6.5,90,4.7,Yes,Yes,2,Tier2,Placed
9315,Male,IT,8.5,0,70,86,1,3,0,73.5,56.4,3.9,86,4.8,Yes,Yes,4,Tier1,Placed
9316,Male,Civil,6.9,0,62,61,0,2,1,20.0,17.0,5.0,69,4.0,No,Yes,0,None,NotPlaced
9317,Female,CSE,8.4,0,88,84,1,3,2,64.4,47.4,8.3,90,4.8,Yes,Yes,3,Tier2,Placed
9318,Male,Civil,7.7,0,76,80,1,3,2,56.5,36.1,5.9,70,3.8,Yes,Yes,0,None,NotPlaced
9319,Male,Civil,6.5,0,55,72,0,2,1,20.0,15.3,2.3,71,3.8,No,Yes,0,None,NotPlaced
9320,Female,Civil,8.6,0,73,87,0,3,2,64.4,57.8,8.3,83,4.8,Yes,Yes,3,Tier2,Placed
9321,Male,IT,8.2,0,72,83,2,3,2,64.8,49.8,6.4,88,4.5,Yes,Yes,3,Tier2,Placed
9322,Female,Civil,7.8,0,60,72,1,1,0,34.9,32.6,4.3,76,4.6,Yes,Yes,0,None,NotPlaced
9323,Male,IT,7.9,0,81,87,2,3,2,63.8,61.7,5.2,90,4.8,Yes,Yes,2,Tier2,Placed
9324,Male,CSE,7.6,2,58,67,1,2,0,45.4,43.7,5.4,79,4.3,No,Yes,0,None,NotPlaced
9325,Male,CSE,8.4,0,72,69,1,1,3,52.1,34.4,4.1,90,4.5,Yes,Yes,2,Tier2,Placed
9326,Female,Civil,7.4,0,67,73,0,2,0,30.9,32.4,4.5,80,4.2,No,Yes,0,None,NotPlaced
9327,Female,CSE,8.3,0,80,81,1,2,3,56.0,54.5,2.0,77,4.1,No,Yes,2,Tier2,Placed
9328,Male,ECE,7.7,0,76,83,1,3,2,61.0,46.1,6.6,90,4.3,Yes,Yes,3,Tier2,Placed
9329,Male,CSE,7.5,1,58,70,1,2,1,33.9,17.2,5.0,68,4.8,No,No,0,None,NotPlaced
9330,Female,IT,6.7,0,66,58,1,2,2,34.4,27.9,2.3,82,3.2,No,No,3,Tier2,Placed
9331,Female,CSE,8.3,0,83,81,2,2,0,62.5,53.3,4.5,89,4.8,Yes,Yes,3,Tier2,Placed
9332,Female,Mechanical,6.7,0,60,69,1,2,1,24.1,28.6,4.4,78,4.4,No,Yes,0,None,NotPlaced
9333,Male,ECE,7.6,0,72,68,1,3,2,55.8,41.3,5.8,71,4.2,Yes,Yes,0,None,NotPlaced
9334,Female,Mechanical,7.9,0,79,63,0,2,0,33.7,14.1,5.3,75,4.3,No,No,0,None,NotPlaced
9335,Male,ECE,8.5,0,89,85,2,3,0,80.9,53.5,8.1,79,4.8,Yes,Yes,3,Tier1,Placed
9336,Male,Civil,8.2,0,63,88,1,3,2,72.3,61.2,7.2,86,4.7,Yes,Yes,2,Tier2,Placed
9337,Male,ECE,7.9,0,74,80,2,3,2,67.4,71.2,7.4,90,4.8,Yes,Yes,3,Tier2,Placed
9338,Female,ECE,8.0,0,86,85,2,3,1,53.5,45.4,6.5,90,4.8,Yes,Yes,3,Tier2,Placed
9339,Male,EEE,6.9,1,55,59,0,1,1,20.0,29.9,2.6,60,3.6,No,Yes,0,None,NotPlaced
9340,Male,ECE,7.6,0,56,62,0,1,0,38.2,24.0,1.4,63,3.7,No,No,0,None,NotPlaced
9341,Female,EEE,8.2,0,88,86,1,3,0,70.7,52.0,6.8,86,4.8,Yes,Yes,3,Tier2,Placed
9342,Male,EEE,6.5,2,61,70,1,1,2,20.0,1.4,2.5,68,3.8,Yes,No,0,None,NotPlaced
9343,Female,EEE,8.2,0,76,82,1,3,0,68.1,57.8,8.4,80,4.5,Yes,Yes,3,Tier1,Placed
9344,Female,Mechanical,6.8,0,68,65,1,1,1,28.0,18.5,3.2,67,4.4,No,No,0,None,NotPlaced
9345,Male,IT,6.6,0,60,69,1,2,0,23.1,28.1,3.0,79,3.9,No,Yes,0,None,NotPlaced
9346,Female,EEE,7.1,0,55,73,0,1,1,20.0,16.5,3.3,72,4.4,No,Yes,0,None,NotPlaced
9347,Female,CSE,7.7,0,55,64,1,3,2,57.1,62.8,6.2,74,4.5,Yes,Yes,0,None,NotPlaced
9348,Female,IT,8.6,0,82,82,2,3,2,81.3,79.4,8.9,90,4.8,Yes,Yes,0,None,NotPlaced
9349,Female,ECE,8.3,0,64,64,2,1,2,53.3,25.2,4.6,70,4.3,Yes,No,0,None,NotPlaced
9350,Female,Civil,7.8,0,86,82,2,3,2,54.0,50.6,9.2,90,4.8,Yes,Yes,2,Tier3,Placed
9351,Male,CSE,6.6,1,56,63,0,1,1,20.0,14.0,2.3,66,3.7,No,No,0,None,NotPlaced
9352,Male,CSE,7.6,0,59,61,0,2,0,34.2,35.6,3.7,72,4.4,No,No,2,Tier2,Placed
9353,Female,CSE,8.7,0,71,83,0,3,2,70.0,45.9,6.7,85,4.5,Yes,No,0,None,NotPlaced
9354,Male,IT,8.3,0,63,65,1,2,1,64.8,63.5,5.4,73,4.1,Yes,Yes,0,None,NotPlaced
9355,Male,EEE,8.8,0,71,79,2,2,2,63.7,60.9,4.0,90,4.7,Yes,No,4,Tier1,Placed
9356,Female,Mechanical,6.5,2,58,71,1,2,0,25.5,13.3,1.6,75,4.0,No,No,0,None,NotPlaced
9357,Female,EEE,7.5,0,55,63,0,2,1,35.0,28.8,3.6,64,3.7,No,No,0,None,NotPlaced
9358,Male,Mechanical,7.4,0,61,74,1,1,0,30.1,28.4,2.0,67,4.2,No,Yes,2,Tier3,Placed
9359,Female,CSE,8.6,0,75,80,1,3,2,73.6,65.0,7.6,86,4.4,Yes,Yes,3,Tier2,Placed
9360,Female,CSE,7.6,0,55,74,1,2,1,39.1,34.0,4.4,75,4.1,No,No,0,None,NotPlaced
9361,Male,CSE,8.0,0,76,86,2,3,0,58.1,55.1,7.1,90,4.8,Yes,Yes,2,Tier2,Placed
9362,Female,Mechanical,6.5,0,58,68,1,3,1,20.1,19.8,7.2,70,4.2,No,Yes,0,None,NotPlaced
9363,Male,Mechanical,6.6,0,55,69,1,1,0,21.2,26.0,2.1,70,4.6,Yes,No,0,None,NotPlaced
9364,Male,ECE,8.6,1,80,82,2,2,1,66.1,42.3,4.3,78,4.8,Yes,No,0,None,NotPlaced
9365,Male,ECE,6.5,0,55,59,1,1,0,20.0,19.6,4.1,64,3.7,No,No,0,None,NotPlaced
9366,Male,IT,8.4,0,79,88,2,3,2,69.6,66.0,3.8,90,4.8,Yes,Yes,4,Tier1,Placed
9367,Male,Civil,6.5,0,69,65,1,2,0,20.0,32.3,6.1,78,4.0,Yes,Yes,0,None,NotPlaced
9368,Female,CSE,8.1,0,74,84,1,3,0,64.3,54.5,7.6,90,4.8,Yes,Yes,2,Tier2,Placed
9369,Female,EEE,8.2,0,55,71,1,2,1,56.6,45.1,4.0,70,3.9,No,Yes,0,None,NotPlaced
9370,Male,IT,7.4,0,66,61,0,1,1,24.8,34.8,2.9,72,3.5,No,Yes,0,None,NotPlaced
9371,Female,CSE,7.5,1,69,72,1,1,1,34.5,31.2,2.7,87,4.8,No,Yes,3,Tier2,Placed
9372,Male,EEE,8.3,0,84,76,2,3,2,65.2,62.5,5.5,86,4.8,Yes,Yes,1,Tier3,Placed
9373,Male,IT,8.2,0,74,85,2,1,0,57.3,47.1,2.0,87,4.8,Yes,Yes,2,Tier2,Placed
9374,Female,EEE,6.5,0,55,73,1,1,1,20.0,20.7,1.5,71,4.3,No,Yes,0,None,NotPlaced
9375,Male,EEE,8.4,0,56,81,2,1,1,59.8,40.5,0.9,83,3.5,Yes,Yes,2,Tier3,Placed
9376,Male,ECE,7.7,0,57,74,1,1,1,35.1,21.2,2.0,74,3.7,No,Yes,0,None,NotPlaced
9377,Female,EEE,7.6,0,72,67,1,1,0,35.3,39.0,2.6,72,3.8,No,No,0,None,NotPlaced
9378,Male,IT,8.6,0,72,85,1,3,2,78.8,77.0,8.2,89,4.7,Yes,Yes,4,Tier1,Placed
9379,Female,IT,7.5,0,55,72,1,1,1,39.4,34.3,2.1,65,3.9,No,Yes,0,None,NotPlaced
9380,Male,EEE,7.6,1,57,68,1,1,1,45.0,36.7,2.3,72,4.5,Yes,Yes,0,None,NotPlaced
9381,Male,ECE,8.2,0,78,83,1,3,0,59.1,57.7,7.2,90,4.7,Yes,Yes,1,Tier3,Placed
9382,Male,CSE,7.5,0,55,62,0,1,0,23.6,25.3,1.9,68,3.8,No,Yes,0,None,NotPlaced
9383,Male,Mechanical,8.3,0,59,84,2,3,0,70.7,38.1,7.8,87,4.8,Yes,Yes,2,Tier2,Placed
9384,Male,ECE,6.9,2,66,62,0,1,1,20.0,28.6,2.0,74,4.8,No,Yes,0,None,NotPlaced
9385,Male,Mechanical,7.6,0,55,62,1,1,0,34.3,19.8,2.9,72,3.9,No,No,0,None,NotPlaced
9386,Female,Mechanical,7.3,0,55,70,1,2,0,35.1,30.8,3.7,70,3.8,No,No,0,None,NotPlaced
9387,Female,IT,8.1,0,72,84,2,3,2,72.3,55.1,8.3,89,4.8,Yes,Yes,2,Tier2,Placed
9388,Male,ECE,7.9,0,55,69,2,2,0,53.5,38.7,5.2,71,4.4,Yes,No,0,None,NotPlaced
9389,Male,ECE,7.2,0,63,71,1,1,0,20.9,20.9,1.4,65,3.7,No,No,0,None,NotPlaced
9390,Male,ECE,6.6,2,81,61,1,1,1,20.0,27.6,1.7,72,3.9,No,No,0,None,NotPlaced
9391,Female,Mechanical,8.5,0,82,88,1,1,2,54.2,46.3,3.7,90,4.6,Yes,Yes,3,Tier2,Placed
9392,Female,EEE,7.8,0,72,84,1,3,2,70.0,68.4,5.7,90,4.0,Yes,Yes,0,None,NotPlaced
9393,Male,CSE,6.8,0,59,62,0,1,1,20.0,32.3,1.9,67,3.5,No,No,0,None,NotPlaced
9394,Female,EEE,6.8,1,55,72,1,2,0,25.4,35.7,5.1,64,3.4,No,Yes,0,None,NotPlaced
9395,Male,Civil,7.7,0,90,84,0,2,3,52.0,42.6,5.5,74,4.0,Yes,Yes,0,None,NotPlaced
9396,Male,ECE,7.5,0,55,63,1,1,1,30.6,23.9,0.8,70,3.8,No,No,0,None,NotPlaced
9397,Male,EEE,7.6,0,70,71,0,2,0,40.3,34.8,5.3,76,4.1,Yes,Yes,2,Tier3,Placed
9398,Male,Mechanical,6.5,0,55,72,1,1,0,22.4,31.8,0.7,79,3.8,No,Yes,1,Tier3,Placed
9399,Male,IT,8.0,0,83,86,2,3,2,59.2,58.1,7.2,90,4.8,Yes,Yes,2,Tier2,Placed
9400,Male,IT,8.1,0,79,73,2,3,1,64.5,31.5,8.4,79,4.4,Yes,Yes,2,Tier2,Placed
9401,Female,EEE,7.7,0,75,82,1,2,0,42.6,40.2,5.1,88,4.8,Yes,Yes,2,Tier2,Placed
9402,Male,ECE,7.5,0,66,64,1,3,1,41.4,17.8,4.9,86,4.2,No,Yes,0,None,NotPlaced
9403,Male,EEE,6.8,2,79,86,2,3,2,47.8,41.0,6.8,86,4.5,Yes,Yes,0,None,NotPlaced
9404,Male,EEE,7.4,2,74,71,1,1,3,28.1,23.1,3.2,85,4.0,Yes,Yes,0,None,NotPlaced
9405,Male,EEE,7.5,0,57,87,1,2,0,36.6,25.3,5.1,71,4.7,No,No,0,None,NotPlaced
9406,Male,CSE,7.7,0,81,85,0,3,0,45.8,46.9,8.1,89,4.2,Yes,No,0,None,NotPlaced
9407,Male,CSE,7.0,0,66,61,0,1,0,22.6,18.3,0.9,85,4.4,No,Yes,0,None,NotPlaced
9408,Male,IT,7.7,2,63,65,0,1,0,32.6,29.0,1.7,69,4.1,No,No,0,None,NotPlaced
9409,Male,IT,8.8,0,55,66,0,3,0,66.0,44.9,7.4,68,4.1,Yes,Yes,0,None,NotPlaced
9410,Male,ECE,6.9,0,59,71,0,1,1,20.0,20.9,1.4,70,3.5,No,Yes,0,None,NotPlaced
9411,Male,IT,8.8,0,70,86,2,3,2,84.1,74.6,7.5,90,4.8,Yes,Yes,3,Tier2,Placed
9412,Female,CSE,6.8,0,70,82,2,2,0,31.9,21.5,3.7,69,4.8,Yes,No,0,None,NotPlaced
9413,Female,IT,8.6,0,65,67,2,2,0,66.8,58.8,4.3,77,3.5,No,Yes,0,None,NotPlaced
9414,Male,ECE,7.4,0,60,60,1,1,0,36.1,32.8,4.0,79,3.8,Yes,No,0,None,NotPlaced
9415,Male,ECE,6.8,0,59,69,1,1,0,20.0,20.4,3.1,67,4.7,Yes,Yes,2,Tier2,Placed
9416,Male,IT,8.6,0,77,82,2,3,1,84.0,63.4,7.2,82,4.5,Yes,Yes,3,Tier2,Placed
9417,Male,IT,8.3,0,82,87,2,3,2,66.2,59.7,7.8,80,4.3,Yes,Yes,2,Tier3,Placed
9418,Male,Mechanical,7.7,1,86,67,1,3,2,49.1,47.2,6.6,83,4.0,Yes,Yes,3,Tier2,Placed
9419,Male,IT,6.6,0,55,71,1,3,1,26.5,23.5,6.6,67,3.9,No,Yes,0,None,NotPlaced
9420,Male,ECE,8.1,0,58,67,1,0,1,35.8,34.1,1.0,82,3.4,Yes,No,0,None,NotPlaced
9421,Female,Civil,6.6,1,69,64,0,1,0,20.0,26.2,2.1,69,4.5,Yes,Yes,0,None,NotPlaced
9422,Male,ECE,7.8,1,65,67,1,2,1,40.4,39.5,5.9,77,4.2,Yes,Yes,0,None,NotPlaced
9423,Male,Mechanical,7.8,0,78,57,1,3,0,55.5,43.6,8.4,80,3.8,Yes,Yes,2,Tier2,Placed
9424,Male,CSE,7.7,0,59,59,1,2,1,47.8,49.0,5.2,69,4.2,No,No,0,None,NotPlaced
9425,Female,ECE,8.2,0,64,85,0,3,2,50.7,49.6,7.9,80,4.4,Yes,Yes,2,Tier2,Placed
9426,Female,IT,8.2,0,76,78,0,3,1,55.4,63.7,7.5,89,4.8,Yes,No,2,Tier3,Placed
9427,Male,CSE,7.4,0,61,82,1,2,1,41.8,23.2,5.4,72,4.4,Yes,Yes,2,Tier2,Placed
9428,Female,IT,7.7,0,66,77,1,1,1,31.6,34.2,2.9,72,4.0,Yes,Yes,2,Tier3,Placed
9429,Male,IT,8.3,0,79,82,1,3,2,63.4,61.7,6.3,90,4.8,Yes,Yes,3,Tier1,Placed
9430,Female,ECE,8.3,0,59,64,1,2,0,62.4,59.0,1.9,81,4.1,No,Yes,0,None,NotPlaced
9431,Female,Civil,7.2,0,55,75,1,1,0,36.0,28.6,0.4,60,3.2,No,Yes,0,None,NotPlaced
9432,Male,CSE,7.7,2,59,61,1,1,1,39.2,22.5,2.0,66,4.1,No,Yes,0,None,NotPlaced
9433,Female,IT,8.1,0,71,83,2,2,0,57.2,60.5,3.7,90,4.8,Yes,Yes,2,Tier2,Placed
9434,Male,ECE,6.5,2,60,62,0,1,0,20.0,17.7,2.4,84,4.1,No,Yes,0,None,NotPlaced
9435,Male,ECE,7.4,0,62,67,1,1,0,35.6,28.4,3.7,65,4.0,No,No,0,None,NotPlaced
9436,Male,Mechanical,6.5,2,55,68,2,1,0,23.7,39.7,0.0,73,4.0,No,No,0,None,NotPlaced
9437,Female,IT,8.1,0,83,86,2,1,2,44.2,28.8,2.0,89,4.8,Yes,Yes,3,Tier2,Placed
9438,Male,CSE,7.9,0,77,85,1,2,2,53.6,50.5,7.2,71,4.3,Yes,Yes,0,None,NotPlaced
9439,Male,EEE,8.5,0,71,84,2,1,2,55.0,40.2,3.8,86,4.4,Yes,Yes,3,Tier2,Placed
9440,Female,Mechanical,7.7,0,55,63,1,2,0,40.7,28.9,4.9,73,4.8,Yes,Yes,1,Tier3,Placed
9441,Male,ECE,7.9,0,81,69,2,2,0,53.2,45.2,4.5,74,4.4,Yes,Yes,0,None,NotPlaced
9442,Male,ECE,8.2,0,71,73,0,3,0,63.0,55.4,7.6,65,4.2,Yes,Yes,0,None,NotPlaced
9443,Male,CSE,8.0,0,71,87,2,3,2,65.5,61.6,8.0,90,4.8,Yes,Yes,3,Tier1,Placed
9444,Male,CSE,8.6,0,55,85,1,3,2,72.4,67.4,5.7,90,4.8,Yes,Yes,3,Tier2,Placed
9445,Male,CSE,8.5,0,88,88,1,2,2,62.8,46.0,6.5,85,4.8,Yes,Yes,3,Tier1,Placed
9446,Male,ECE,6.7,0,61,61,0,1,1,20.0,11.2,2.4,70,4.5,No,No,0,None,NotPlaced
9447,Female,Mechanical,8.4,0,76,87,2,3,1,71.4,55.3,7.9,90,4.8,Yes,Yes,1,Tier3,Placed
9448,Female,ECE,8.2,0,76,70,1,1,1,50.2,46.0,4.0,90,4.8,Yes,Yes,2,Tier2,Placed
9449,Male,IT,6.5,0,55,68,1,1,0,20.0,19.6,2.3,80,4.4,No,Yes,0,None,NotPlaced
9450,Male,CSE,8.4,0,76,86,2,3,2,75.3,31.8,7.4,90,4.8,Yes,Yes,3,Tier2,Placed
9451,Male,IT,8.6,0,80,82,2,3,2,80.3,49.7,7.5,90,4.8,Yes,Yes,4,Tier1,Placed
9452,Male,ECE,8.9,0,78,84,2,3,2,85.5,66.0,6.6,90,4.8,Yes,Yes,1,Tier3,Placed
9453,Male,ECE,7.4,0,63,71,0,1,3,29.8,33.6,2.6,66,3.3,No,Yes,0,None,NotPlaced
9454,Male,IT,8.4,0,88,84,0,1,0,48.3,34.0,2.7,83,4.6,Yes,Yes,0,None,NotPlaced
9455,Female,ECE,8.4,0,76,84,2,3,2,77.9,68.1,7.0,86,4.3,Yes,Yes,0,None,NotPlaced
9456,Male,CSE,8.2,0,66,88,1,3,2,51.6,32.3,8.6,90,4.8,Yes,Yes,3,Tier1,Placed
9457,Male,CSE,8.1,0,78,83,2,3,2,70.3,59.4,7.0,90,4.8,Yes,Yes,2,Tier2,Placed
9458,Female,CSE,8.3,0,79,80,2,3,2,79.9,65.1,7.4,79,4.6,Yes,No,0,None,NotPlaced
9459,Female,CSE,7.7,0,60,66,0,2,0,36.9,36.2,4.8,74,4.5,Yes,Yes,0,None,NotPlaced
9460,Male,CSE,7.7,0,55,67,1,1,1,33.3,21.7,1.6,72,3.9,No,Yes,0,None,NotPlaced
9461,Female,ECE,7.0,0,71,60,0,1,0,24.4,11.4,3.9,74,4.4,No,No,0,None,NotPlaced
9462,Male,EEE,8.2,0,70,70,2,2,1,55.4,52.4,3.5,87,4.5,Yes,Yes,0,None,NotPlaced
9463,Female,EEE,7.3,0,57,65,0,1,1,20.7,8.6,2.1,70,3.5,No,No,0,None,NotPlaced
9464,Male,EEE,7.4,0,64,86,1,2,0,39.8,28.9,2.8,80,4.1,No,Yes,0,None,NotPlaced
9465,Female,Mechanical,8.2,0,76,74,1,3,0,59.0,60.5,7.3,90,4.1,No,Yes,3,Tier2,Placed
9466,Female,IT,8.4,0,89,73,0,3,3,66.4,55.0,5.9,80,4.6,No,Yes,0,None,NotPlaced
9467,Female,Mechanical,6.8,0,73,62,0,1,1,20.0,23.7,1.5,75,4.3,No,No,0,None,NotPlaced
9468,Female,ECE,6.5,1,60,68,0,2,0,20.0,26.3,2.2,81,3.7,No,Yes,2,Tier3,Placed
9469,Male,IT,8.4,0,78,82,2,3,2,73.4,63.9,8.6,87,4.7,Yes,Yes,1,Tier3,Placed
9470,Male,IT,8.3,0,90,86,2,3,2,78.3,62.7,5.7,90,4.8,Yes,Yes,3,Tier1,Placed
9471,Male,CSE,8.1,0,71,87,1,3,2,66.8,47.6,7.5,90,4.8,Yes,Yes,2,Tier2,Placed
9472,Female,Civil,8.7,0,79,84,2,3,2,75.4,82.4,7.9,90,4.8,Yes,Yes,2,Tier2,Placed
9473,Female,CSE,7.9,0,76,83,1,3,0,50.7,40.5,9.2,82,4.4,Yes,Yes,3,Tier1,Placed
9474,Male,ECE,7.3,0,60,71,1,1,2,33.2,33.0,1.4,79,4.4,No,Yes,0,None,NotPlaced
9475,Female,IT,7.9,0,61,62,0,1,0,32.7,31.8,1.1,60,3.1,No,No,0,None,NotPlaced
9476,Female,CSE,7.5,1,55,66,1,1,1,31.3,23.0,1.6,60,3.4,No,Yes,0,None,NotPlaced
9477,Female,CSE,6.5,1,56,71,0,1,0,20.0,16.4,1.4,65,3.7,No,No,0,None,NotPlaced
9478,Female,CSE,7.3,0,55,65,1,1,1,32.4,40.2,0.1,62,4.0,No,Yes,0,None,NotPlaced
9479,Male,IT,7.5,0,55,62,1,1,0,29.8,21.7,3.6,75,3.8,No,Yes,0,None,NotPlaced
9480,Male,Mechanical,8.2,0,75,66,2,3,0,67.8,57.6,6.6,76,3.9,Yes,Yes,0,None,NotPlaced
9481,Male,IT,8.0,0,80,70,1,3,1,58.9,55.6,6.8,80,4.6,Yes,No,0,None,NotPlaced
9482,Male,CSE,7.9,0,75,70,1,2,2,49.9,40.2,5.6,78,3.9,Yes,Yes,0,None,NotPlaced
9483,Male,ECE,7.6,0,55,70,0,1,0,33.3,28.9,3.4,71,3.5,No,Yes,0,None,NotPlaced
9484,Female,Civil,7.8,0,81,81,0,3,2,48.8,49.9,5.8,90,4.8,Yes,No,3,Tier2,Placed
9485,Female,IT,6.5,0,74,69,0,3,0,20.3,20.1,7.4,78,4.2,Yes,Yes,0,None,NotPlaced
9486,Male,IT,6.6,0,71,84,0,2,1,20.0,4.5,3.8,79,4.2,Yes,Yes,0,None,NotPlaced
9487,Male,Civil,7.5,0,61,63,2,1,0,38.5,46.5,2.3,84,3.8,No,No,2,Tier2,Placed
9488,Male,CSE,6.9,1,55,65,1,1,1,20.2,12.5,3.3,68,4.4,Yes,Yes,0,None,NotPlaced
9489,Male,ECE,7.4,0,57,57,1,1,1,27.4,26.8,1.5,65,3.7,No,No,0,None,NotPlaced
9490,Male,CSE,8.2,0,74,66,2,3,0,68.3,44.5,7.2,80,4.3,Yes,Yes,0,None,NotPlaced
9491,Male,Civil,6.5,1,57,60,1,1,1,20.0,15.3,2.3,60,4.2,No,No,0,None,NotPlaced
9492,Male,Civil,7.5,0,66,66,0,3,1,49.6,38.2,6.9,78,4.7,Yes,Yes,3,Tier2,Placed
9493,Male,EEE,7.6,0,73,72,1,1,0,27.3,27.8,1.8,81,3.8,No,Yes,0,None,NotPlaced
9494,Male,CSE,8.5,0,81,76,2,3,2,72.2,51.6,5.6,90,4.6,Yes,Yes,4,Tier1,Placed
9495,Male,IT,8.5,0,78,88,1,3,2,73.8,75.6,5.9,90,4.8,Yes,Yes,3,Tier2,Placed
9496,Male,CSE,7.6,0,72,67,0,2,1,46.0,39.1,3.4,75,4.7,No,Yes,0,None,NotPlaced
9497,Male,Mechanical,7.8,0,79,77,1,3,2,50.9,50.8,6.0,90,4.8,Yes,No,0,None,NotPlaced
9498,Male,Civil,7.4,0,61,82,1,1,0,37.9,33.3,2.4,76,4.7,Yes,Yes,1,Tier3,Placed
9499,Female,ECE,7.0,0,81,61,1,2,0,24.2,32.2,3.9,81,4.5,No,Yes,0,None,NotPlaced
9500,Male,ECE,8.3,0,70,84,0,3,2,65.7,35.8,7.1,74,4.7,Yes,Yes,0,None,NotPlaced
9501,Male,CSE,7.6,1,80,80,2,3,2,54.6,40.0,7.6,82,4.8,Yes,Yes,2,Tier2,Placed
9502,Female,IT,8.0,0,73,85,2,3,2,71.8,54.2,7.2,90,4.6,Yes,Yes,2,Tier2,Placed
9503,Male,ECE,8.1,0,84,81,1,3,2,58.7,45.0,7.1,90,4.7,Yes,Yes,3,Tier2,Placed
9504,Female,ECE,6.8,1,55,68,1,2,1,25.5,28.5,5.5,72,4.3,Yes,Yes,0,None,NotPlaced
9505,Male,ECE,7.4,0,57,66,1,2,1,38.3,37.7,3.1,69,3.4,No,Yes,0,None,NotPlaced
9506,Male,CSE,7.8,0,77,85,1,2,2,39.3,35.0,4.2,90,4.8,Yes,Yes,2,Tier2,Placed
9507,Male,EEE,7.7,0,55,71,1,2,0,36.2,31.6,3.6,74,3.9,No,Yes,0,None,NotPlaced
9508,Male,Mechanical,7.5,1,55,84,2,3,0,56.6,66.9,6.3,86,4.8,Yes,No,2,Tier3,Placed
9509,Male,Civil,6.7,2,61,73,1,1,0,21.9,24.9,1.2,78,4.2,Yes,Yes,2,Tier3,Placed
9510,Male,EEE,7.6,0,55,65,1,1,1,38.0,15.5,2.6,74,4.5,No,No,0,None,NotPlaced
9511,Male,ECE,6.6,1,63,67,2,1,2,20.0,25.7,1.0,62,4.3,No,No,0,None,NotPlaced
9512,Male,CSE,8.2,0,80,74,1,3,1,65.4,57.7,8.8,83,4.8,Yes,Yes,1,Tier3,Placed
9513,Male,Civil,8.2,0,87,85,1,2,1,50.0,50.7,5.2,71,4.6,Yes,Yes,0,None,NotPlaced
9514,Female,ECE,8.3,1,70,70,1,3,1,67.0,59.4,4.5,86,4.3,No,Yes,2,Tier2,Placed
9515,Male,ECE,8.2,0,82,69,1,1,2,52.7,36.3,3.7,74,4.5,Yes,No,2,Tier2,Placed
9516,Male,ECE,8.4,0,76,82,2,3,2,73.8,66.8,7.0,89,4.5,Yes,Yes,0,None,NotPlaced
9517,Male,EEE,8.1,0,71,85,2,3,1,73.3,59.8,7.3,85,4.8,Yes,Yes,1,Tier3,Placed
9518,Female,CSE,7.8,0,57,63,1,2,0,46.3,48.2,3.5,83,3.5,No,No,0,None,NotPlaced
9519,Male,IT,7.1,1,62,86,2,2,2,36.9,45.7,4.1,83,4.8,Yes,Yes,2,Tier2,Placed
9520,Male,ECE,8.7,0,69,79,1,1,1,57.3,46.3,1.5,80,4.1,Yes,Yes,1,Tier3,Placed
9521,Male,Mechanical,8.1,0,55,69,1,1,0,38.3,41.1,0.7,81,4.7,No,Yes,0,None,NotPlaced
9522,Male,EEE,6.7,1,75,84,1,2,1,23.0,31.3,3.6,77,4.5,Yes,Yes,0,None,NotPlaced
9523,Female,IT,7.7,1,58,70,0,1,1,30.4,28.7,1.6,68,3.3,No,Yes,0,None,NotPlaced
9524,Female,IT,7.7,0,56,67,1,1,0,35.6,47.6,1.9,78,4.3,No,No,0,None,NotPlaced
9525,Male,Mechanical,7.3,0,55,66,1,1,1,30.3,37.2,0.5,85,4.8,No,Yes,3,Tier2,Placed
9526,Male,EEE,7.5,0,66,67,1,2,1,33.6,25.7,4.9,76,4.3,No,Yes,0,None,NotPlaced
9527,Female,ECE,7.6,2,55,73,0,1,0,24.3,26.3,2.1,80,4.2,No,No,0,None,NotPlaced
9528,Male,IT,6.8,0,55,63,1,2,1,32.7,36.8,6.4,78,4.4,No,No,0,None,NotPlaced
9529,Female,Mechanical,8.3,0,76,80,0,1,0,34.0,46.5,2.6,81,4.4,Yes,No,0,None,NotPlaced
9530,Female,ECE,7.6,1,55,69,0,1,1,33.1,34.3,4.2,69,3.9,No,No,0,None,NotPlaced
9531,Male,EEE,7.7,0,72,71,1,1,1,35.1,34.4,3.7,84,4.4,Yes,Yes,0,None,NotPlaced
9532,Female,CSE,8.1,0,90,85,1,3,2,61.8,61.5,5.0,90,4.8,Yes,Yes,4,Tier1,Placed
9533,Male,ECE,6.9,0,61,63,1,1,1,28.8,24.3,0.8,65,3.0,No,No,0,None,NotPlaced
9534,Female,Mechanical,8.4,0,81,68,2,3,2,71.3,49.7,7.3,86,4.2,Yes,Yes,3,Tier2,Placed
9535,Male,CSE,8.3,0,65,62,1,1,1,52.1,48.9,0.3,76,4.2,No,Yes,0,None,NotPlaced
9536,Male,ECE,7.8,0,66,86,1,2,2,47.3,36.9,4.1,76,4.7,Yes,Yes,1,Tier3,Placed
9537,Male,ECE,7.5,0,58,84,1,2,1,40.5,57.1,3.4,78,4.8,Yes,Yes,0,None,NotPlaced
9538,Female,EEE,8.0,0,72,64,1,1,1,41.8,37.6,4.1,70,4.0,No,Yes,0,None,NotPlaced
9539,Male,IT,7.8,0,71,67,1,2,1,50.5,47.2,6.1,69,4.5,Yes,No,0,None,NotPlaced
9540,Male,CSE,8.1,0,83,85,2,1,0,46.3,34.0,2.7,73,3.6,Yes,Yes,0,None,NotPlaced
9541,Male,Mechanical,8.3,0,78,81,2,3,2,64.3,63.1,8.5,89,4.8,Yes,Yes,2,Tier2,Placed
9542,Male,ECE,8.0,0,84,72,2,3,2,64.4,52.6,8.3,86,4.8,Yes,Yes,2,Tier2,Placed
9543,Male,CSE,8.4,0,79,86,2,3,2,73.0,58.2,8.3,90,4.8,Yes,Yes,3,Tier2,Placed
9544,Male,IT,7.4,0,69,83,1,3,0,37.9,33.6,6.4,88,4.8,Yes,Yes,2,Tier2,Placed
9545,Male,Civil,8.4,0,78,83,2,3,1,71.9,47.6,6.7,84,4.2,Yes,Yes,0,None,NotPlaced
9546,Male,CSE,7.6,0,57,67,1,1,1,28.9,24.5,0.9,70,3.8,No,Yes,0,None,NotPlaced
9547,Male,ECE,8.3,0,80,86,1,3,2,68.1,60.1,6.9,90,4.8,Yes,Yes,3,Tier2,Placed
9548,Male,IT,8.6,0,79,79,2,3,0,67.0,42.6,6.2,90,4.7,Yes,Yes,4,Tier1,Placed
9549,Male,Mechanical,7.4,0,55,72,1,1,0,40.6,44.0,0.9,82,3.8,No,Yes,1,Tier3,Placed
9550,Female,EEE,8.2,0,83,83,2,3,2,66.3,52.2,8.1,88,4.7,Yes,Yes,2,Tier2,Placed
9551,Male,ECE,8.1,0,83,79,2,1,0,45.7,41.6,3.7,85,4.1,Yes,Yes,2,Tier2,Placed
9552,Female,CSE,8.5,0,69,83,1,3,2,67.6,37.3,6.1,87,3.7,Yes,Yes,4,Tier1,Placed
9553,Female,Mechanical,6.6,0,62,82,1,1,0,20.0,22.5,2.9,75,4.4,No,No,0,None,NotPlaced
9554,Male,IT,7.6,2,62,64,2,3,1,60.5,41.0,6.3,78,3.8,No,Yes,0,None,NotPlaced
9555,Male,Mechanical,8.2,0,74,68,0,2,2,48.6,39.1,4.7,88,3.3,Yes,Yes,2,Tier3,Placed
9556,Female,ECE,7.5,1,88,86,2,3,0,46.8,28.3,8.6,90,4.7,Yes,No,3,Tier2,Placed
9557,Male,ECE,8.1,0,81,85,1,3,2,54.9,39.3,7.3,88,4.8,Yes,Yes,3,Tier2,Placed
9558,Male,CSE,8.5,0,80,87,1,3,0,70.4,54.6,8.8,74,4.3,Yes,Yes,0,None,NotPlaced
9559,Female,EEE,8.3,0,75,62,1,3,2,69.9,54.6,6.6,87,4.6,No,Yes,2,Tier3,Placed
9560,Male,IT,8.4,0,70,85,2,3,2,77.6,69.5,7.7,90,4.8,Yes,Yes,3,Tier1,Placed
9561,Female,IT,8.4,0,78,83,2,3,2,72.8,44.1,5.9,90,4.1,Yes,Yes,3,Tier1,Placed
9562,Male,CSE,6.8,0,55,63,1,1,2,23.8,22.0,1.4,64,3.5,No,No,0,None,NotPlaced
9563,Female,CSE,7.8,0,58,80,1,1,0,48.6,39.2,3.5,66,4.6,No,No,0,None,NotPlaced
9564,Male,IT,7.3,2,70,65,1,2,2,43.0,33.8,5.2,82,4.2,No,No,0,None,NotPlaced
9565,Male,CSE,8.5,0,72,83,1,3,2,73.6,52.3,6.6,90,4.4,Yes,Yes,0,None,NotPlaced
9566,Male,Mechanical,8.0,0,87,81,1,3,2,55.0,55.4,5.6,90,4.4,Yes,Yes,2,Tier2,Placed
9567,Male,ECE,7.4,0,55,68,2,1,1,40.8,51.7,4.7,75,4.4,Yes,Yes,0,None,NotPlaced
9568,Female,EEE,7.5,0,67,69,2,2,0,48.3,25.9,5.1,65,4.3,No,No,0,None,NotPlaced
9569,Male,CSE,7.6,0,81,81,1,1,0,38.3,26.7,1.9,81,4.2,Yes,Yes,0,None,NotPlaced
9570,Female,ECE,8.4,0,85,82,2,3,2,78.3,54.7,5.9,88,4.8,Yes,Yes,3,Tier2,Placed
9571,Male,ECE,6.5,0,59,69,1,1,1,20.0,17.7,3.8,66,3.6,No,No,0,None,NotPlaced
9572,Male,Civil,8.0,2,55,65,0,1,1,37.5,43.1,1.5,76,3.6,No,No,0,None,NotPlaced
9573,Male,EEE,7.8,0,56,73,0,2,0,36.7,37.7,3.5,86,4.3,No,Yes,0,None,NotPlaced
9574,Male,IT,7.6,0,58,72,0,1,0,28.5,26.1,1.3,82,3.9,No,Yes,0,None,NotPlaced
9575,Male,EEE,7.7,0,69,69,1,2,1,46.1,40.0,5.4,84,4.5,Yes,Yes,2,Tier2,Placed
9576,Male,IT,7.4,0,79,71,2,3,2,53.4,42.3,4.6,83,4.2,No,Yes,0,None,NotPlaced
9577,Female,EEE,7.3,2,90,88,1,2,0,38.2,40.2,5.2,84,3.9,Yes,Yes,1,Tier3,Placed
9578,Female,CSE,8.8,0,65,86,2,3,2,84.8,74.3,5.6,90,4.8,Yes,Yes,3,Tier2,Placed
9579,Male,CSE,8.6,0,70,83,1,3,2,75.3,65.4,5.6,88,4.8,Yes,Yes,1,Tier3,Placed
9580,Male,CSE,7.8,0,86,82,2,3,0,59.7,32.3,5.6,90,4.6,Yes,Yes,0,None,NotPlaced
9581,Male,EEE,8.0,2,80,68,2,3,2,59.8,49.7,5.7,86,4.8,Yes,No,0,None,NotPlaced
9582,Male,ECE,7.7,0,78,71,1,2,0,46.9,37.9,4.7,73,4.8,No,Yes,0,None,NotPlaced
9583,Male,EEE,8.4,0,78,87,1,3,2,78.2,70.3,7.7,85,4.4,Yes,Yes,3,Tier2,Placed
9584,Male,ECE,7.7,0,67,78,2,1,3,43.6,38.9,2.8,72,4.6,Yes,Yes,2,Tier2,Placed
9585,Female,CSE,8.7,0,76,83,2,3,2,76.5,65.1,6.4,79,4.4,Yes,Yes,4,Tier1,Placed
9586,Female,EEE,7.6,1,55,67,1,1,0,37.7,28.5,3.4,68,3.7,No,No,0,None,NotPlaced
9587,Male,Mechanical,6.7,0,79,65,0,3,0,31.0,37.3,7.7,90,4.3,Yes,Yes,3,Tier2,Placed
9588,Male,Mechanical,8.1,0,74,84,2,3,2,68.9,66.2,5.8,90,4.6,Yes,No,3,Tier2,Placed
9589,Male,ECE,8.2,0,77,83,2,3,0,74.9,46.9,7.4,83,4.5,Yes,Yes,3,Tier2,Placed
9590,Female,Mechanical,6.5,2,70,64,1,2,0,22.9,11.8,5.3,68,4.2,Yes,Yes,0,None,NotPlaced
9591,Male,ECE,8.5,0,78,82,1,3,0,75.6,67.1,7.7,90,4.8,Yes,Yes,3,Tier2,Placed
9592,Male,CSE,7.8,1,72,85,1,3,1,56.2,44.9,8.7,77,3.7,No,Yes,0,None,NotPlaced
9593,Female,CSE,7.5,0,70,84,1,3,2,56.6,55.8,6.2,88,4.5,Yes,Yes,1,Tier3,Placed
9594,Male,CSE,6.7,1,60,58,0,2,0,26.0,26.7,4.6,73,4.5,No,Yes,0,None,NotPlaced
9595,Male,IT,8.3,2,79,66,1,1,1,53.6,49.2,4.5,68,4.3,Yes,Yes,0,None,NotPlaced
9596,Male,ECE,7.0,0,59,68,1,3,1,42.9,31.3,8.7,80,4.8,Yes,Yes,2,Tier3,Placed
9597,Male,Civil,8.3,0,80,81,2,1,2,65.5,55.9,3.2,82,4.2,Yes,Yes,3,Tier2,Placed
9598,Male,IT,8.3,0,83,81,1,3,0,70.4,60.1,5.7,90,4.4,Yes,Yes,2,Tier2,Placed
9599,Male,EEE,6.5,1,56,68,1,1,0,20.0,15.9,0.2,82,4.4,No,Yes,0,None,NotPlaced
9600,Male,ECE,7.6,0,86,68,1,1,0,36.2,40.2,3.8,76,3.6,Yes,Yes,0,None,NotPlaced
9601,Male,CSE,8.5,0,80,83,2,3,2,72.7,43.8,7.3,90,4.8,Yes,Yes,4,Tier1,Placed
9602,Female,CSE,8.5,0,85,83,1,3,0,79.3,64.6,7.1,83,4.6,Yes,Yes,1,Tier3,Placed
9603,Male,ECE,8.0,0,86,88,2,3,2,70.3,47.0,7.3,90,4.8,Yes,Yes,2,Tier2,Placed
9604,Male,EEE,8.4,0,76,68,2,2,0,74.2,51.3,6.0,84,3.9,Yes,Yes,0,None,NotPlaced
9605,Female,Civil,8.4,0,78,69,2,3,2,68.2,63.3,7.5,85,4.1,Yes,No,3,Tier1,Placed
9606,Female,IT,7.5,1,58,66,1,1,1,38.5,24.3,3.4,68,4.6,Yes,Yes,0,None,NotPlaced
9607,Female,Mechanical,7.3,0,75,79,0,3,1,33.2,21.8,6.4,85,4.7,Yes,No,0,None,NotPlaced
9608,Male,IT,8.4,0,78,85,2,3,2,64.0,57.4,8.0,88,4.7,Yes,Yes,3,Tier2,Placed
9609,Male,EEE,6.5,1,57,81,2,2,0,24.0,15.4,4.4,83,4.1,Yes,Yes,0,None,NotPlaced
9610,Female,ECE,8.3,0,78,84,2,3,2,77.6,70.6,8.0,90,4.8,Yes,Yes,4,Tier1,Placed
9611,Female,CSE,8.2,0,87,83,2,3,2,63.0,57.4,6.6,90,4.8,Yes,Yes,2,Tier3,Placed
9612,Male,CSE,6.5,0,68,73,2,2,1,25.9,19.8,4.6,88,3.9,No,Yes,0,None,NotPlaced
9613,Female,CSE,7.6,0,55,70,0,1,0,35.9,40.0,3.8,78,3.2,No,Yes,0,None,NotPlaced
9614,Male,ECE,7.2,0,62,65,1,3,2,47.2,24.8,7.7,81,4.8,Yes,Yes,0,None,NotPlaced
9615,Female,EEE,8.3,0,83,82,1,3,0,76.1,65.1,8.4,90,4.8,Yes,Yes,2,Tier2,Placed
9616,Female,CSE,8.1,0,65,85,1,1,1,45.0,29.6,1.6,90,4.6,No,No,0,None,NotPlaced
9617,Female,EEE,7.4,0,90,88,1,2,1,36.8,29.0,4.1,83,4.1,No,Yes,0,None,NotPlaced
9618,Female,IT,7.4,0,62,64,0,3,0,36.5,29.0,5.6,79,3.3,No,Yes,0,None,NotPlaced
9619,Female,EEE,8.2,0,78,83,2,3,2,66.2,63.8,5.3,80,4.0,Yes,Yes,3,Tier2,Placed
9620,Male,Mechanical,7.4,0,55,71,2,1,2,30.5,22.9,3.1,62,4.7,No,No,0,None,NotPlaced
9621,Male,EEE,8.0,0,74,71,0,3,2,45.0,39.0,7.6,90,4.8,Yes,Yes,2,Tier2,Placed
9622,Male,ECE,8.2,0,79,86,2,3,2,77.8,59.1,7.5,90,4.8,Yes,Yes,2,Tier2,Placed
9623,Male,IT,7.6,0,74,79,1,1,1,35.2,24.2,4.2,83,4.5,Yes,Yes,0,None,NotPlaced
9624,Female,EEE,7.6,0,57,62,1,2,0,56.0,36.9,2.9,66,3.5,No,Yes,0,None,NotPlaced
9625,Male,IT,6.7,0,55,68,1,1,0,20.0,24.1,0.6,85,4.4,No,Yes,0,None,NotPlaced
9626,Male,IT,8.4,0,81,83,0,3,2,59.9,49.5,8.2,87,4.8,Yes,Yes,2,Tier3,Placed
9627,Male,CSE,7.6,0,68,79,2,2,2,44.1,45.0,4.9,89,4.6,Yes,Yes,3,Tier2,Placed
9628,Female,ECE,8.4,0,80,64,1,3,0,63.8,50.1,7.2,82,4.5,Yes,Yes,3,Tier2,Placed
9629,Male,ECE,8.4,0,55,67,0,3,2,66.4,52.9,5.5,90,4.8,Yes,Yes,2,Tier2,Placed
9630,Male,EEE,6.7,1,59,67,1,1,0,20.0,27.4,3.5,81,4.8,No,No,0,None,NotPlaced
9631,Male,ECE,6.5,2,55,65,1,1,0,20.0,17.2,2.7,69,4.0,No,Yes,0,None,NotPlaced
9632,Female,CSE,8.2,0,83,79,2,2,2,66.7,43.3,3.4,90,4.8,No,Yes,0,None,NotPlaced
9633,Male,Mechanical,8.3,0,88,84,2,1,1,59.5,56.5,5.1,90,4.6,Yes,Yes,0,None,NotPlaced
9634,Female,ECE,8.2,0,79,82,0,3,2,53.0,39.0,5.6,81,4.5,Yes,Yes,0,None,NotPlaced
9635,Male,IT,7.6,0,55,82,2,3,2,53.4,45.0,6.7,79,4.7,Yes,Yes,3,Tier1,Placed
9636,Male,ECE,7.7,2,70,86,2,2,2,50.6,38.5,6.0,90,4.7,Yes,Yes,2,Tier2,Placed
9637,Female,IT,6.5,0,74,62,1,3,0,47.6,33.0,8.2,83,4.3,Yes,Yes,0,None,NotPlaced
9638,Male,CSE,7.3,0,55,81,0,1,0,27.9,12.2,0.5,87,4.8,No,No,0,None,NotPlaced
9639,Male,IT,7.9,0,66,80,2,3,2,62.5,53.9,6.7,83,4.5,Yes,Yes,3,Tier2,Placed
9640,Male,CSE,8.7,0,81,86,2,3,2,81.4,37.9,7.7,90,4.8,Yes,Yes,2,Tier2,Placed
9641,Male,CSE,7.6,0,61,69,0,1,1,27.0,36.7,3.5,82,4.1,No,No,0,None,NotPlaced
9642,Male,Mechanical,6.8,2,75,67,1,3,0,36.3,40.9,7.4,80,4.4,No,Yes,0,None,NotPlaced
9643,Male,ECE,7.5,0,63,71,1,1,0,37.8,24.9,3.7,63,4.1,Yes,Yes,0,None,NotPlaced
9644,Male,ECE,6.6,1,66,67,0,2,2,20.0,34.3,4.1,84,3.8,No,No,0,None,NotPlaced
9645,Male,ECE,7.7,0,75,86,1,2,0,41.2,52.3,3.8,78,3.7,No,Yes,0,None,NotPlaced
9646,Female,Mechanical,8.5,0,71,85,1,3,2,68.6,53.9,7.5,90,4.3,Yes,Yes,2,Tier2,Placed
9647,Female,CSE,7.6,0,62,65,1,1,1,33.4,32.7,3.4,67,4.4,No,No,0,None,NotPlaced
9648,Male,Mechanical,7.3,0,66,62,1,3,0,38.2,34.8,5.8,77,4.2,No,No,0,None,NotPlaced
9649,Male,ECE,8.4,0,87,82,2,3,0,69.1,68.5,6.7,89,4.6,Yes,Yes,3,Tier1,Placed
9650,Male,CSE,7.4,1,55,68,1,2,1,32.0,18.2,5.1,77,3.6,No,No,0,None,NotPlaced
9651,Male,IT,8.4,0,77,81,2,3,2,65.8,51.4,8.1,80,4.7,Yes,Yes,3,Tier2,Placed
9652,Male,ECE,7.4,0,74,78,1,1,1,25.3,32.5,1.5,83,4.0,No,Yes,0,None,NotPlaced
9653,Male,EEE,6.7,0,55,84,2,1,2,26.8,32.9,1.7,85,3.5,Yes,Yes,0,None,NotPlaced
9654,Male,CSE,8.5,0,63,67,1,0,2,52.4,42.6,0.0,70,4.2,Yes,No,0,None,NotPlaced
9655,Male,ECE,7.7,0,71,73,2,2,2,42.3,47.9,4.1,80,4.4,No,Yes,2,Tier2,Placed
9656,Male,ECE,7.9,0,64,81,1,1,0,48.9,42.4,0.9,70,4.2,No,Yes,0,None,NotPlaced
9657,Female,IT,7.6,1,64,73,1,1,0,29.4,27.0,2.9,61,3.7,No,No,0,None,NotPlaced
9658,Male,Mechanical,8.2,0,83,69,1,3,1,66.7,59.9,4.3,85,4.4,No,Yes,0,None,NotPlaced
9659,Male,Mechanical,7.6,0,73,83,2,2,2,49.3,41.8,6.6,86,4.2,Yes,Yes,4,Tier1,Placed
9660,Female,IT,7.9,0,84,88,2,3,2,65.2,54.1,6.7,90,4.8,Yes,Yes,3,Tier1,Placed
9661,Male,Civil,8.3,0,55,73,0,1,0,38.2,27.8,2.2,82,4.1,Yes,Yes,3,Tier2,Placed
9662,Male,CSE,7.4,0,56,73,1,2,1,29.9,51.7,3.5,81,4.2,No,Yes,0,None,NotPlaced
9663,Male,CSE,7.4,1,55,71,0,1,0,22.0,17.0,1.1,60,3.4,No,No,0,None,NotPlaced
9664,Male,IT,8.3,0,79,84,2,3,2,72.1,64.4,8.5,90,4.8,Yes,Yes,3,Tier2,Placed
9665,Male,ECE,8.4,0,80,85,2,3,2,81.8,80.6,7.7,90,4.8,Yes,Yes,3,Tier2,Placed
9666,Female,ECE,8.5,0,69,63,0,1,0,42.9,25.9,3.1,73,4.6,Yes,Yes,0,None,NotPlaced
9667,Male,ECE,7.4,0,63,68,2,1,0,35.5,35.2,0.8,61,3.9,No,No,0,None,NotPlaced
9668,Male,CSE,7.6,2,70,83,2,2,0,44.3,38.9,4.9,86,4.6,Yes,Yes,0,None,NotPlaced
9669,Female,CSE,7.7,1,58,64,1,1,1,36.9,47.2,1.2,78,3.2,No,No,0,None,NotPlaced
9670,Female,Mechanical,7.7,0,55,84,1,3,2,43.3,29.7,4.4,74,4.2,Yes,Yes,0,None,NotPlaced
9671,Male,Mechanical,7.4,0,55,68,0,2,0,41.5,30.2,3.3,80,4.8,No,Yes,0,None,NotPlaced
9672,Female,EEE,6.8,2,61,74,2,1,0,24.1,23.4,3.6,77,3.8,Yes,Yes,1,Tier3,Placed
9673,Male,ECE,7.5,0,60,69,2,2,1,50.6,37.9,3.6,71,3.8,No,Yes,0,None,NotPlaced
9674,Male,ECE,8.2,0,71,84,2,2,3,58.8,45.0,3.9,84,3.9,No,Yes,0,None,NotPlaced
9675,Male,CSE,8.7,0,63,85,1,2,1,66.0,69.0,6.0,73,4.4,Yes,Yes,4,Tier1,Placed
9676,Male,ECE,6.9,0,58,84,1,2,0,34.6,33.2,5.9,88,4.6,Yes,Yes,0,None,NotPlaced
9677,Female,EEE,6.5,0,59,77,0,2,2,20.0,14.7,6.0,78,4.2,No,Yes,0,None,NotPlaced
9678,Male,ECE,7.4,0,79,76,1,1,0,31.8,25.3,0.0,68,3.9,No,Yes,0,None,NotPlaced
9679,Male,CSE,7.7,1,59,70,1,1,0,33.0,33.8,1.2,83,4.2,No,No,0,None,NotPlaced
9680,Male,Civil,6.9,0,55,70,0,1,1,20.0,24.4,2.9,86,3.8,No,Yes,1,Tier3,Placed
9681,Male,EEE,8.1,0,79,81,2,3,2,60.9,45.8,6.4,86,4.8,No,Yes,2,Tier3,Placed
9682,Male,CSE,7.6,0,61,61,1,1,0,31.3,15.5,2.1,74,4.2,No,Yes,0,None,NotPlaced
9683,Male,ECE,7.6,0,55,62,1,2,1,49.3,40.7,3.4,73,3.7,No,Yes,0,None,NotPlaced
9684,Female,Mechanical,8.2,0,68,86,2,3,2,77.0,61.4,7.2,90,4.8,Yes,Yes,4,Tier1,Placed
9685,Male,CSE,6.5,0,88,66,0,1,0,20.0,16.0,2.2,80,3.6,No,No,0,None,NotPlaced
9686,Male,ECE,7.3,0,56,74,1,1,0,31.0,38.7,0.1,75,3.7,No,Yes,0,None,NotPlaced
9687,Male,IT,8.4,0,72,82,2,1,0,54.4,50.8,3.2,90,4.4,Yes,Yes,2,Tier2,Placed
9688,Male,IT,7.7,1,55,61,1,1,1,44.0,39.3,1.5,82,4.0,No,No,0,None,NotPlaced
9689,Male,EEE,7.5,0,61,62,1,1,1,33.7,27.6,2.8,77,3.7,No,Yes,0,None,NotPlaced
9690,Female,ECE,6.5,1,55,60,0,1,0,20.0,34.6,2.3,75,3.9,No,No,0,None,NotPlaced
9691,Female,CSE,8.1,0,85,66,0,1,1,36.3,22.6,4.0,71,4.4,No,No,0,None,NotPlaced
9692,Male,CSE,7.6,0,74,81,0,2,1,30.3,24.9,5.0,85,4.3,Yes,Yes,2,Tier2,Placed
9693,Male,CSE,8.8,0,82,88,2,3,2,83.8,63.1,5.9,90,4.8,Yes,Yes,4,Tier1,Placed
9694,Female,IT,7.5,0,57,72,1,1,0,34.8,33.2,0.0,72,4.2,No,No,0,None,NotPlaced
9695,Male,EEE,8.1,0,83,86,0,3,2,57.9,53.9,6.1,90,4.8,Yes,Yes,2,Tier2,Placed
9696,Male,CSE,7.8,0,55,68,1,1,0,36.0,22.2,2.4,85,4.1,No,Yes,0,None,NotPlaced
9697,Male,ECE,7.7,1,55,65,1,1,0,36.3,27.2,2.6,81,3.9,No,No,0,None,NotPlaced
9698,Female,ECE,8.0,0,77,82,2,3,3,68.0,58.9,6.4,86,4.8,Yes,Yes,3,Tier1,Placed
9699,Male,IT,6.7,2,55,70,1,1,1,21.9,15.4,1.6,60,4.1,No,Yes,0,None,NotPlaced
9700,Female,ECE,8.2,0,81,84,1,3,2,57.1,44.4,7.1,85,4.4,Yes,Yes,4,Tier1,Placed
9701,Female,ECE,7.9,0,55,65,0,2,0,40.8,36.2,4.4,69,4.1,No,No,0,None,NotPlaced
9702,Male,IT,8.3,0,79,84,2,3,2,63.1,44.4,8.0,90,4.8,Yes,Yes,3,Tier2,Placed
9703,Female,IT,7.6,0,68,87,1,3,0,52.0,46.7,6.4,90,4.8,Yes,Yes,2,Tier2,Placed
9704,Female,ECE,7.6,1,67,68,0,2,0,42.4,41.3,4.3,75,3.8,Yes,Yes,0,None,NotPlaced
9705,Male,Civil,8.1,0,76,83,1,3,0,59.6,49.3,9.0,81,3.8,Yes,Yes,2,Tier2,Placed
9706,Male,IT,8.2,0,74,82,1,2,1,51.7,54.7,6.8,79,4.2,Yes,Yes,2,Tier2,Placed
9707,Male,IT,7.6,0,56,61,1,2,1,41.3,40.7,3.5,66,4.4,No,Yes,0,None,NotPlaced
9708,Male,IT,8.4,0,83,87,2,3,2,83.5,66.2,8.1,90,4.3,Yes,No,0,None,NotPlaced
9709,Male,CSE,8.3,2,83,88,2,3,2,76.0,58.3,9.2,85,4.8,Yes,No,0,None,NotPlaced
9710,Male,ECE,8.2,0,75,69,1,1,2,50.7,56.9,4.3,82,4.6,Yes,No,2,Tier2,Placed
9711,Male,IT,7.3,0,63,66,1,1,0,30.6,23.1,1.2,77,4.0,No,No,0,None,NotPlaced
9712,Female,CSE,8.1,0,74,62,2,3,1,65.9,51.3,6.1,82,4.2,No,No,0,None,NotPlaced
9713,Male,ECE,7.0,1,64,65,1,1,0,20.0,16.8,0.2,68,3.9,No,Yes,0,None,NotPlaced
9714,Male,CSE,8.2,0,80,85,2,3,2,62.7,55.2,6.0,90,4.8,Yes,Yes,2,Tier2,Placed
9715,Male,ECE,7.4,1,61,61,1,1,0,28.2,43.8,2.0,67,3.7,No,Yes,0,None,NotPlaced
9716,Male,CSE,7.4,1,55,67,1,2,1,34.2,32.0,4.2,68,3.3,No,No,0,None,NotPlaced
9717,Male,CSE,8.0,0,70,85,0,3,1,51.0,40.5,6.3,82,4.8,Yes,Yes,0,None,NotPlaced
9718,Male,EEE,8.7,0,66,65,0,1,1,51.5,44.8,0.0,81,4.8,No,No,0,None,NotPlaced
9719,Male,Mechanical,7.6,0,79,85,1,1,0,34.9,21.0,2.2,79,4.2,No,Yes,0,None,NotPlaced
9720,Female,IT,6.6,0,83,88,1,2,1,20.0,19.2,4.7,74,4.1,No,Yes,3,Tier2,Placed
9721,Female,ECE,7.7,0,83,83,2,3,2,60.5,64.1,7.8,90,4.8,Yes,Yes,2,Tier2,Placed
9722,Male,IT,7.0,0,85,83,2,3,2,43.1,43.6,6.8,90,4.6,Yes,Yes,1,Tier3,Placed
9723,Female,ECE,8.6,0,71,65,0,1,0,51.1,53.0,1.9,82,4.6,No,No,0,None,NotPlaced
9724,Female,IT,8.1,0,76,88,1,3,1,57.3,56.2,7.2,89,4.4,Yes,Yes,3,Tier2,Placed
9725,Male,CSE,7.7,1,61,68,1,1,0,40.5,29.2,2.4,72,4.1,No,No,0,None,NotPlaced
9726,Female,EEE,7.7,1,68,61,1,1,1,34.3,44.8,1.9,61,3.9,No,No,0,None,NotPlaced
9727,Female,CSE,8.0,0,86,87,2,3,0,72.0,43.8,4.7,85,4.8,Yes,No,0,None,NotPlaced
9728,Male,CSE,7.6,0,67,66,0,1,0,28.9,30.6,4.4,86,4.0,Yes,No,0,None,NotPlaced
9729,Male,Mechanical,6.5,0,61,63,1,1,2,20.0,4.8,1.5,81,3.8,No,No,0,None,NotPlaced
9730,Male,EEE,6.6,0,58,70,1,2,0,26.0,12.0,2.8,83,4.0,No,Yes,0,None,NotPlaced
9731,Male,ECE,7.5,2,55,66,1,2,0,45.1,46.6,3.6,84,4.5,No,No,0,None,NotPlaced
9732,Female,ECE,6.5,0,63,63,0,2,1,20.6,14.8,5.1,66,4.5,Yes,No,0,None,NotPlaced
9733,Male,ECE,8.4,0,74,81,1,3,1,75.9,70.3,6.4,80,4.6,Yes,Yes,3,Tier2,Placed
9734,Female,ECE,7.0,0,55,68,1,1,1,26.3,7.5,1.5,72,3.8,No,No,0,None,NotPlaced
9735,Female,IT,7.8,0,60,69,1,2,0,46.7,39.2,4.7,80,4.5,Yes,Yes,2,Tier2,Placed
9736,Male,ECE,6.5,1,74,82,1,3,2,26.4,16.4,7.4,85,4.8,Yes,Yes,0,None,NotPlaced
9737,Female,ECE,8.2,0,64,67,1,1,1,46.3,36.4,2.2,74,4.6,Yes,No,0,None,NotPlaced
9738,Male,EEE,7.0,0,77,65,0,2,1,33.4,41.5,5.3,64,4.1,Yes,Yes,3,Tier2,Placed
9739,Male,EEE,6.6,1,77,71,1,1,0,20.0,35.2,1.6,76,4.8,Yes,Yes,0,None,NotPlaced
9740,Male,IT,8.3,0,84,86,2,3,0,65.9,58.3,9.0,90,4.8,Yes,Yes,3,Tier2,Placed
9741,Male,ECE,6.5,1,57,70,1,1,1,20.0,6.8,3.1,62,3.9,No,No,0,None,NotPlaced
9742,Male,IT,7.9,1,90,81,2,3,3,57.8,38.1,6.7,81,4.4,Yes,No,1,Tier3,Placed
9743,Female,ECE,6.5,1,55,65,1,1,1,20.0,21.3,2.3,67,3.6,No,No,0,None,NotPlaced
9744,Female,IT,7.5,0,55,65,1,1,1,42.0,29.7,0.8,75,3.9,No,No,0,None,NotPlaced
9745,Male,EEE,8.9,0,61,83,2,3,1,80.5,69.7,7.6,90,4.3,Yes,Yes,3,Tier2,Placed
9746,Female,ECE,8.9,0,80,85,0,3,0,74.1,72.7,7.8,83,4.8,Yes,Yes,3,Tier2,Placed
9747,Female,Mechanical,7.3,0,59,67,0,1,1,20.0,12.6,2.3,72,3.6,No,Yes,0,None,NotPlaced
9748,Male,EEE,8.4,0,81,87,1,2,2,53.5,38.0,5.9,86,4.8,Yes,Yes,3,Tier1,Placed
9749,Male,Civil,7.4,1,65,66,1,1,0,35.7,21.4,2.0,65,3.7,No,No,0,None,NotPlaced
9750,Female,EEE,7.3,0,63,62,1,2,0,45.3,36.6,4.9,77,3.9,Yes,Yes,0,None,NotPlaced
9751,Male,Civil,7.5,1,55,72,1,1,0,34.1,30.5,1.3,69,3.9,No,Yes,0,None,NotPlaced
9752,Male,CSE,7.7,0,55,84,1,1,0,35.5,32.4,3.6,82,4.6,Yes,No,0,None,NotPlaced
9753,Male,CSE,7.5,1,66,78,1,2,2,43.5,44.7,4.2,78,4.5,Yes,Yes,0,None,NotPlaced
9754,Female,EEE,6.7,0,78,68,1,1,0,20.0,23.1,2.4,66,4.4,No,No,0,None,NotPlaced
9755,Male,Civil,7.6,0,64,70,0,1,0,31.1,27.6,2.3,70,3.5,No,Yes,0,None,NotPlaced
9756,Male,ECE,6.5,0,77,73,1,3,1,23.8,23.4,8.3,71,4.0,Yes,Yes,0,None,NotPlaced
9757,Male,CSE,7.6,2,64,76,1,1,1,39.0,34.6,2.6,73,3.9,No,Yes,0,None,NotPlaced
9758,Female,ECE,7.5,0,81,66,0,3,2,33.0,30.7,5.2,90,4.8,Yes,No,2,Tier2,Placed
9759,Male,ECE,8.2,0,58,77,1,3,0,59.9,43.6,6.3,79,4.3,Yes,No,0,None,NotPlaced
9760,Male,IT,7.7,0,60,73,0,2,1,39.8,24.6,4.3,71,4.3,Yes,Yes,0,None,NotPlaced
9761,Female,EEE,6.6,2,64,60,1,1,1,20.0,20.9,1.3,64,4.4,No,No,0,None,NotPlaced
9762,Male,Civil,7.9,0,66,74,1,3,0,55.1,41.9,8.0,81,4.5,Yes,Yes,0,None,NotPlaced
9763,Female,Mechanical,7.6,0,55,70,1,1,1,39.5,38.4,0.0,73,4.7,No,No,0,None,NotPlaced
9764,Female,IT,7.7,0,65,86,2,1,3,41.9,36.8,4.4,77,3.9,Yes,Yes,0,None,NotPlaced
9765,Female,IT,6.7,1,55,64,1,2,0,20.3,21.3,6.0,78,3.7,Yes,No,0,None,NotPlaced
9766,Male,IT,8.3,0,85,88,2,3,2,74.7,68.3,7.2,90,4.8,Yes,Yes,3,Tier2,Placed
9767,Male,IT,7.5,0,58,64,1,1,2,34.3,19.5,3.3,75,4.0,Yes,Yes,0,None,NotPlaced
9768,Female,CSE,8.3,0,55,68,1,1,1,50.5,55.4,2.1,65,4.2,No,No,0,None,NotPlaced
9769,Female,EEE,8.1,0,81,88,1,3,2,56.5,30.2,7.2,90,4.6,Yes,Yes,3,Tier2,Placed
9770,Male,IT,7.7,0,68,67,0,2,1,27.3,36.7,6.1,66,4.3,Yes,Yes,0,None,NotPlaced
9771,Female,Mechanical,8.1,0,76,86,1,3,2,56.5,49.3,6.8,90,4.6,Yes,Yes,0,None,NotPlaced
9772,Male,Mechanical,8.3,0,63,81,1,3,0,60.0,45.3,6.6,83,4.7,No,No,0,None,NotPlaced
9773,Male,CSE,8.2,0,81,70,1,2,1,51.9,32.7,4.1,90,4.7,Yes,Yes,0,None,NotPlaced
9774,Male,Civil,8.2,0,72,88,2,3,2,63.8,48.0,7.5,90,4.8,Yes,Yes,4,Tier1,Placed
9775,Female,EEE,8.0,0,90,80,1,0,2,35.6,31.6,0.7,89,4.8,Yes,Yes,2,Tier2,Placed
9776,Male,ECE,6.6,2,55,66,1,1,1,20.0,23.2,2.4,85,3.4,No,No,3,Tier2,Placed
9777,Male,IT,8.0,0,77,84,1,3,0,64.4,64.7,6.1,90,4.8,Yes,No,2,Tier3,Placed
9778,Female,IT,8.6,0,77,72,1,3,2,75.2,60.9,7.4,85,4.8,Yes,Yes,1,Tier3,Placed
9779,Male,IT,7.9,0,82,80,1,3,2,52.5,47.4,7.0,90,4.8,Yes,Yes,2,Tier2,Placed
9780,Male,EEE,7.2,0,55,59,0,1,1,22.3,24.3,3.6,65,3.8,No,Yes,0,None,NotPlaced
9781,Male,CSE,6.5,1,66,83,0,3,1,31.8,25.7,7.3,67,4.1,Yes,Yes,0,None,NotPlaced
9782,Male,ECE,7.5,2,55,63,1,1,0,25.1,21.4,2.5,60,3.7,No,No,0,None,NotPlaced
9783,Female,CSE,7.5,0,57,64,1,1,0,39.7,34.2,2.6,81,4.7,Yes,Yes,3,Tier2,Placed
9784,Female,CSE,8.4,0,72,83,1,2,2,54.0,50.3,5.3,83,4.2,Yes,Yes,4,Tier1,Placed
9785,Male,IT,8.5,0,76,84,2,2,2,67.5,47.9,5.5,88,4.8,Yes,Yes,4,Tier1,Placed
9786,Female,EEE,7.2,0,58,68,1,2,1,37.1,29.1,3.6,80,4.1,No,Yes,0,None,NotPlaced
9787,Male,ECE,7.4,0,55,61,1,1,1,31.9,31.0,1.6,65,3.6,No,No,0,None,NotPlaced
9788,Male,CSE,8.0,0,86,86,2,3,2,75.1,52.1,6.2,90,4.8,Yes,Yes,3,Tier1,Placed
9789,Male,EEE,8.5,0,73,83,1,3,0,67.5,55.4,6.9,81,4.8,Yes,Yes,3,Tier2,Placed
9790,Male,EEE,7.4,0,60,70,0,1,0,20.0,16.9,1.3,81,3.9,No,Yes,0,None,NotPlaced
9791,Male,CSE,8.5,0,76,86,2,3,2,75.8,65.2,7.3,90,4.8,Yes,Yes,4,Tier1,Placed
9792,Male,IT,8.5,0,71,82,1,3,0,68.1,65.0,6.2,70,3.7,Yes,Yes,0,None,NotPlaced
9793,Male,ECE,8.0,0,77,87,1,3,2,61.8,45.4,6.9,72,4.4,Yes,Yes,1,Tier3,Placed
9794,Male,CSE,8.3,0,60,79,0,2,0,56.4,52.5,4.1,77,4.1,Yes,No,0,None,NotPlaced
9795,Male,ECE,7.8,1,74,67,0,2,0,41.8,38.2,6.1,82,4.3,Yes,Yes,0,None,NotPlaced
9796,Male,EEE,8.1,0,75,82,2,3,2,68.2,52.8,7.0,90,4.8,Yes,Yes,3,Tier2,Placed
9797,Female,Mechanical,6.6,2,55,69,1,1,1,20.0,19.8,3.0,64,4.1,Yes,No,0,None,NotPlaced
9798,Male,CSE,7.5,0,58,69,1,1,1,42.0,46.3,2.6,72,4.8,No,No,0,None,NotPlaced
9799,Male,Mechanical,6.6,1,64,62,0,3,0,24.1,23.1,8.8,85,4.0,Yes,No,1,Tier3,Placed
9800,Female,ECE,6.5,1,56,67,2,1,0,20.0,31.5,2.1,78,3.1,No,No,0,None,NotPlaced
9801,Female,Mechanical,7.5,0,55,73,1,2,1,45.4,37.3,2.5,72,4.8,No,Yes,0,None,NotPlaced
9802,Male,CSE,6.8,0,81,79,2,3,2,35.4,21.6,8.2,90,4.3,Yes,Yes,0,None,NotPlaced
9803,Male,ECE,7.3,0,77,63,1,2,0,39.0,32.8,2.6,74,3.6,No,Yes,0,None,NotPlaced
9804,Female,ECE,7.5,0,59,64,0,1,1,27.2,13.5,1.5,71,3.6,No,Yes,0,None,NotPlaced
9805,Male,CSE,8.7,0,69,86,1,3,2,72.5,56.2,8.2,89,4.6,Yes,Yes,2,Tier2,Placed
9806,Female,EEE,8.2,0,58,85,1,3,1,75.2,56.8,5.7,78,4.0,No,Yes,2,Tier3,Placed
9807,Female,ECE,8.1,0,78,78,2,3,2,72.2,72.0,6.4,77,4.8,Yes,No,0,None,NotPlaced
9808,Male,CSE,7.7,0,68,76,1,2,0,50.1,54.4,4.3,72,4.2,No,Yes,0,None,NotPlaced
9809,Female,ECE,7.8,1,76,66,1,2,0,49.7,42.2,4.0,75,4.1,No,No,0,None,NotPlaced
9810,Male,ECE,8.0,0,84,83,2,3,2,60.5,60.1,6.3,90,4.8,Yes,Yes,2,Tier2,Placed
9811,Male,CSE,7.6,0,74,68,1,2,1,44.3,34.6,5.9,75,4.7,Yes,Yes,0,None,NotPlaced
9812,Female,Civil,8.2,0,75,80,2,3,0,70.9,45.1,8.2,77,3.5,Yes,Yes,0,None,NotPlaced
9813,Male,Mechanical,7.5,1,55,64,0,1,1,29.0,30.3,3.4,64,3.3,No,Yes,0,None,NotPlaced
9814,Female,CSE,8.9,0,75,84,2,3,2,82.5,68.3,7.6,85,4.6,Yes,Yes,2,Tier2,Placed
9815,Female,ECE,7.4,0,66,60,0,2,1,32.0,22.2,4.3,81,4.0,Yes,No,0,None,NotPlaced
9816,Female,IT,6.5,1,55,64,1,2,0,22.4,15.4,2.7,76,4.2,No,Yes,0,None,NotPlaced
9817,Male,Mechanical,6.5,0,79,64,0,3,2,21.4,30.3,4.7,87,4.8,Yes,No,0,None,NotPlaced
9818,Male,Mechanical,8.2,0,89,84,2,2,2,63.5,39.1,6.0,90,4.8,Yes,Yes,3,Tier2,Placed
9819,Male,IT,8.1,0,68,77,1,3,0,50.9,48.0,7.2,88,3.8,Yes,Yes,0,None,NotPlaced
9820,Male,Mechanical,7.2,0,55,71,1,2,0,41.8,33.0,4.6,70,3.6,Yes,Yes,0,None,NotPlaced
9821,Male,ECE,8.2,0,81,83,1,3,2,56.4,52.1,5.1,90,4.8,Yes,Yes,4,Tier1,Placed
9822,Female,IT,8.6,0,68,86,2,3,3,70.7,65.4,4.8,89,4.7,No,Yes,4,Tier1,Placed
9823,Female,Mechanical,7.5,0,56,66,1,1,0,35.0,24.3,0.2,75,4.3,No,Yes,0,None,NotPlaced
9824,Male,ECE,7.4,0,55,67,1,1,0,33.7,21.0,3.4,73,4.1,No,Yes,0,None,NotPlaced
9825,Male,ECE,6.6,0,59,78,1,1,1,25.4,36.2,2.6,74,3.6,No,No,0,None,NotPlaced
9826,Female,ECE,7.7,0,78,81,1,3,3,54.5,44.9,5.7,80,4.1,Yes,Yes,0,None,NotPlaced
9827,Male,CSE,7.5,0,55,59,1,1,1,32.8,31.3,3.6,64,4.6,No,Yes,0,None,NotPlaced
9828,Male,IT,7.4,0,74,83,1,3,2,48.0,48.1,6.3,80,4.7,Yes,Yes,1,Tier3,Placed
9829,Female,Mechanical,7.5,0,68,65,0,2,0,44.0,29.8,4.3,74,4.0,No,Yes,0,None,NotPlaced
9830,Female,ECE,8.4,0,78,84,2,3,2,84.1,74.2,7.4,90,4.5,Yes,Yes,0,None,NotPlaced
9831,Male,Mechanical,6.8,0,56,70,1,1,1,20.0,27.1,1.9,89,4.6,No,Yes,0,None,NotPlaced
9832,Female,CSE,8.0,0,68,85,1,2,2,53.7,56.3,4.7,77,4.7,Yes,Yes,1,Tier3,Placed
9833,Male,ECE,8.3,0,76,74,2,3,2,69.6,68.4,6.0,90,3.8,No,No,0,None,NotPlaced
9834,Female,Civil,8.3,0,55,73,2,1,1,53.5,45.5,2.7,84,3.5,Yes,Yes,0,None,NotPlaced
9835,Male,IT,7.6,0,71,67,2,3,3,65.4,59.2,7.2,82,4.5,Yes,Yes,2,Tier2,Placed
9836,Male,CSE,7.7,0,59,69,0,2,0,35.4,31.5,5.3,71,4.8,Yes,Yes,0,None,NotPlaced
9837,Female,ECE,8.3,0,78,88,1,3,2,53.3,46.6,6.5,90,4.8,Yes,Yes,2,Tier2,Placed
9838,Male,IT,8.7,0,60,65,2,1,1,63.6,41.2,4.1,63,4.0,Yes,Yes,0,None,NotPlaced
9839,Female,CSE,7.6,1,55,68,0,1,1,36.0,29.7,1.2,70,4.1,No,Yes,0,None,NotPlaced
9840,Female,Mechanical,6.8,1,55,69,0,2,0,23.1,8.1,5.4,70,4.2,Yes,No,0,None,NotPlaced
9841,Female,Civil,6.5,1,55,65,1,1,2,20.0,20.6,2.7,85,4.6,Yes,Yes,3,Tier2,Placed
9842,Female,ECE,8.0,0,81,78,0,3,1,57.8,58.0,6.1,78,4.5,Yes,Yes,0,None,NotPlaced
9843,Male,EEE,7.7,0,57,83,2,3,2,58.6,55.1,6.7,87,4.8,Yes,Yes,0,None,NotPlaced
9844,Female,Mechanical,8.0,0,77,82,2,3,2,66.8,55.3,6.3,85,4.8,Yes,No,3,Tier2,Placed
9845,Male,EEE,8.3,0,84,83,2,3,2,72.7,57.4,7.7,90,4.7,Yes,Yes,1,Tier3,Placed
9846,Male,CSE,8.0,0,81,88,2,3,2,54.2,41.7,6.9,90,4.8,Yes,Yes,3,Tier2,Placed
9847,Female,CSE,8.3,0,57,68,2,2,0,62.6,43.1,6.4,74,4.8,Yes,Yes,3,Tier2,Placed
9848,Male,CSE,7.6,0,55,70,1,1,1,27.1,32.9,1.0,82,3.9,No,Yes,0,None,NotPlaced
9849,Male,CSE,7.5,0,59,67,1,2,0,40.8,22.3,1.8,67,4.1,No,No,0,None,NotPlaced
9850,Male,IT,6.8,0,72,82,2,2,2,29.5,15.4,5.4,80,4.5,Yes,Yes,2,Tier2,Placed
9851,Male,IT,8.0,0,69,76,1,2,1,56.2,53.5,6.7,77,4.6,Yes,Yes,0,None,NotPlaced
9852,Female,CSE,8.3,0,67,88,2,3,2,71.2,59.6,7.5,90,4.8,Yes,Yes,1,Tier3,Placed
9853,Male,CSE,7.3,0,57,69,1,1,0,31.4,29.1,1.1,75,3.2,No,No,0,None,NotPlaced
9854,Male,ECE,8.2,0,75,84,2,3,2,67.0,56.7,6.0,90,4.6,Yes,Yes,1,Tier3,Placed
9855,Female,IT,6.8,0,55,72,1,1,1,24.3,40.7,4.0,85,4.5,No,Yes,0,None,NotPlaced
9856,Male,ECE,8.5,0,75,67,1,2,1,53.0,44.7,4.6,80,4.0,Yes,Yes,0,None,NotPlaced
9857,Male,CSE,7.9,0,55,62,0,1,0,31.5,31.5,1.0,79,4.2,No,No,0,None,NotPlaced
9858,Male,EEE,7.8,0,75,86,2,3,2,66.4,70.8,8.2,87,4.5,Yes,Yes,0,None,NotPlaced
9859,Male,Civil,7.5,0,74,85,1,3,2,46.8,40.4,6.9,90,4.8,Yes,Yes,0,None,NotPlaced
9860,Male,EEE,6.5,0,79,67,1,1,0,20.0,34.0,0.0,69,3.7,No,Yes,0,None,NotPlaced
9861,Female,EEE,8.3,0,79,84,2,2,1,69.3,38.9,7.1,80,4.8,Yes,Yes,2,Tier2,Placed
9862,Male,Mechanical,7.5,0,55,84,0,1,1,33.4,21.0,3.6,77,4.4,Yes,Yes,3,Tier2,Placed
9863,Female,CSE,7.8,0,74,82,2,3,0,63.6,46.9,5.5,86,4.8,Yes,No,1,Tier3,Placed
9864,Female,Civil,8.4,0,55,66,1,2,1,59.5,53.8,5.4,83,3.7,No,Yes,0,None,NotPlaced
9865,Female,ECE,8.5,1,74,86,0,3,2,72.3,72.9,6.0,90,4.8,Yes,Yes,3,Tier1,Placed
9866,Male,EEE,6.5,1,57,68,0,1,1,20.0,16.1,0.9,76,4.2,No,Yes,0,None,NotPlaced
9867,Male,IT,8.4,0,57,64,1,1,0,58.7,55.4,1.1,72,3.5,No,No,0,None,NotPlaced
9868,Male,ECE,6.5,1,73,82,0,1,2,20.0,38.8,3.9,77,3.6,No,Yes,2,Tier3,Placed
9869,Female,ECE,7.6,0,55,81,1,2,0,43.6,51.1,7.0,90,4.8,Yes,Yes,0,None,NotPlaced
9870,Male,ECE,8.5,0,73,84,0,3,1,62.0,47.8,6.5,85,3.8,Yes,Yes,4,Tier1,Placed
9871,Male,EEE,7.5,0,81,69,0,2,0,29.7,33.3,5.7,62,4.3,No,Yes,0,None,NotPlaced
9872,Male,CSE,7.4,0,55,72,0,1,1,28.5,30.1,0.0,83,3.8,No,No,0,None,NotPlaced
9873,Male,IT,7.5,0,77,84,1,2,1,43.9,32.1,5.9,74,3.8,Yes,Yes,0,None,NotPlaced
9874,Male,IT,8.5,0,76,84,2,2,0,64.3,55.9,5.4,83,4.7,No,Yes,0,None,NotPlaced
9875,Male,CSE,8.2,0,83,88,2,3,2,71.1,54.1,8.5,90,4.6,Yes,Yes,4,Tier1,Placed
9876,Male,CSE,6.5,2,58,65,1,2,0,20.0,21.1,4.1,68,3.7,No,Yes,0,None,NotPlaced
9877,Male,CSE,7.4,0,77,87,2,3,0,56.3,35.6,7.6,80,4.5,Yes,Yes,3,Tier2,Placed
9878,Male,IT,7.5,0,86,83,2,3,2,49.6,28.4,6.3,87,4.7,Yes,Yes,3,Tier2,Placed
9879,Female,ECE,7.6,0,67,85,2,3,1,50.7,40.3,6.0,79,4.8,No,Yes,1,Tier3,Placed
9880,Male,CSE,7.8,0,85,69,1,3,2,53.8,47.6,5.8,82,4.2,No,Yes,2,Tier2,Placed
9881,Male,Mechanical,7.6,0,55,68,1,2,0,47.1,30.3,3.8,71,4.6,No,Yes,0,None,NotPlaced
9882,Male,EEE,7.5,2,57,66,1,1,0,27.2,30.4,3.1,79,3.2,No,No,0,None,NotPlaced
9883,Male,EEE,8.0,0,76,78,1,3,2,64.2,52.8,7.2,84,4.3,Yes,Yes,3,Tier1,Placed
9884,Female,CSE,8.4,1,60,84,2,3,2,63.8,57.4,8.7,84,4.8,Yes,Yes,3,Tier2,Placed
9885,Male,EEE,6.7,0,60,67,1,1,0,20.0,28.4,3.2,76,3.8,Yes,Yes,0,None,NotPlaced
9886,Female,ECE,7.8,0,66,75,1,1,0,31.9,40.1,4.2,78,4.0,No,No,0,None,NotPlaced
9887,Female,Civil,6.8,0,63,66,0,2,2,20.0,26.0,5.2,80,4.5,No,Yes,0,None,NotPlaced
9888,Female,EEE,8.2,0,55,86,0,2,2,51.8,41.0,4.9,79,4.5,Yes,Yes,0,None,NotPlaced
9889,Male,ECE,7.8,0,63,67,1,2,0,46.1,40.4,4.2,73,3.5,No,Yes,0,None,NotPlaced
9890,Male,Mechanical,8.2,0,76,85,0,3,2,51.0,62.4,6.2,90,4.7,Yes,Yes,2,Tier2,Placed
9891,Female,CSE,7.4,1,56,68,1,2,1,36.4,40.1,4.2,75,4.0,No,Yes,0,None,NotPlaced
9892,Male,CSE,7.7,0,67,85,1,3,1,55.2,45.7,6.0,72,4.5,Yes,Yes,4,Tier1,Placed
9893,Female,EEE,6.5,0,55,87,1,2,0,20.0,19.7,5.3,77,4.0,No,Yes,0,None,NotPlaced
9894,Female,CSE,8.3,0,71,62,1,2,0,56.0,40.3,4.7,65,4.1,Yes,Yes,2,Tier2,Placed
9895,Female,CSE,7.8,0,74,69,2,3,0,58.0,39.0,6.4,88,4.5,No,Yes,3,Tier2,Placed
9896,Male,EEE,8.1,0,62,67,1,1,1,42.1,49.4,0.0,70,4.6,No,No,0,None,NotPlaced
9897,Female,CSE,8.4,0,81,87,2,3,1,69.0,59.7,6.7,84,4.3,Yes,Yes,0,None,NotPlaced
9898,Female,EEE,6.5,0,56,63,1,1,0,20.0,9.7,1.6,65,3.6,No,Yes,0,None,NotPlaced
9899,Female,Mechanical,7.5,0,56,62,0,1,1,24.2,22.5,3.9,73,4.6,Yes,Yes,0,None,NotPlaced
9900,Male,IT,8.1,0,81,86,0,1,2,34.9,41.8,3.5,80,4.3,Yes,Yes,0,None,NotPlaced
9901,Male,CSE,7.6,0,64,68,1,2,2,41.1,32.3,5.0,79,4.2,No,Yes,0,None,NotPlaced
9902,Male,CSE,6.5,1,55,65,1,1,1,20.0,14.3,2.4,76,4.0,No,No,0,None,NotPlaced
9903,Male,CSE,8.3,0,80,84,2,3,2,64.6,56.2,8.2,90,4.8,Yes,Yes,3,Tier2,Placed
9904,Male,CSE,7.6,0,55,67,1,2,0,46.8,44.9,4.4,76,4.0,No,Yes,0,None,NotPlaced
9905,Female,CSE,8.7,0,84,68,2,1,2,68.2,51.8,1.6,85,4.8,Yes,Yes,4,Tier1,Placed
9906,Male,IT,8.1,0,71,83,1,2,0,53.0,39.3,4.9,78,4.3,Yes,Yes,0,None,NotPlaced
9907,Female,IT,8.1,0,74,82,2,3,2,66.3,58.2,7.0,90,4.7,Yes,Yes,3,Tier2,Placed
9908,Male,EEE,8.2,0,70,88,1,3,2,59.5,39.0,3.7,70,4.6,Yes,Yes,3,Tier2,Placed
9909,Male,EEE,8.5,0,73,84,1,3,2,74.3,55.6,6.0,88,4.6,Yes,Yes,0,None,NotPlaced
9910,Male,ECE,8.5,0,80,83,1,3,0,77.7,61.5,9.0,90,4.3,Yes,Yes,3,Tier2,Placed
9911,Male,ECE,8.4,0,72,83,1,3,2,66.2,59.6,6.7,82,4.6,Yes,Yes,2,Tier2,Placed
9912,Female,CSE,7.9,0,70,69,2,3,0,59.4,45.7,5.9,84,4.7,No,Yes,0,None,NotPlaced
9913,Male,ECE,8.7,0,88,80,2,3,2,79.7,67.8,4.8,83,4.8,Yes,Yes,0,None,NotPlaced
9914,Male,IT,7.6,0,70,87,2,1,2,40.6,45.7,1.7,88,4.6,Yes,Yes,4,Tier1,Placed
9915,Male,CSE,8.3,0,75,86,2,2,2,59.5,45.7,5.5,90,4.6,Yes,Yes,0,None,NotPlaced
9916,Female,Mechanical,6.6,0,80,82,0,1,0,20.0,46.4,2.5,74,4.3,Yes,No,2,Tier2,Placed
9917,Male,IT,8.3,0,84,84,2,3,3,74.7,71.7,5.9,90,4.8,Yes,Yes,3,Tier1,Placed
9918,Male,IT,7.4,0,55,71,1,2,0,35.1,33.0,5.3,70,4.3,No,Yes,0,None,NotPlaced
9919,Male,Mechanical,7.6,0,55,82,1,2,0,55.7,44.5,4.3,77,4.2,Yes,Yes,0,None,NotPlaced
9920,Male,Mechanical,7.5,0,76,59,2,1,1,30.3,24.1,0.7,82,4.7,No,Yes,4,Tier1,Placed
9921,Male,ECE,7.3,0,72,84,1,3,2,40.7,48.5,7.0,75,4.2,Yes,Yes,0,None,NotPlaced
9922,Female,IT,7.5,0,62,63,1,1,0,34.2,31.4,2.2,64,3.8,Yes,No,0,None,NotPlaced
9923,Male,ECE,7.9,0,81,64,1,1,1,52.2,32.1,2.2,79,4.0,Yes,Yes,0,None,NotPlaced
9924,Male,Mechanical,7.3,1,63,67,0,2,1,29.2,13.0,3.9,69,4.1,No,Yes,0,None,NotPlaced
9925,Male,CSE,8.3,0,63,69,0,1,1,38.7,35.2,2.4,80,4.3,Yes,No,0,None,NotPlaced
9926,Male,ECE,7.6,0,72,81,1,3,1,53.7,45.3,5.3,74,4.0,Yes,Yes,0,None,NotPlaced
9927,Male,Civil,8.2,0,55,85,1,3,1,61.8,42.1,6.6,69,3.8,No,Yes,0,None,NotPlaced
9928,Female,IT,6.5,2,64,65,1,1,0,20.0,9.3,2.9,82,4.1,No,Yes,0,None,NotPlaced
9929,Female,Mechanical,8.3,0,82,84,2,3,2,69.6,41.1,6.7,90,4.8,Yes,Yes,3,Tier2,Placed
9930,Female,Mechanical,8.5,0,84,83,1,3,2,64.7,46.7,7.6,83,4.4,Yes,Yes,4,Tier1,Placed
9931,Female,IT,7.4,0,58,63,1,1,0,42.7,34.0,1.6,78,3.9,No,Yes,0,None,NotPlaced
9932,Male,EEE,7.9,2,78,75,1,2,0,34.2,36.9,2.1,83,4.5,No,Yes,2,Tier2,Placed
9933,Male,CSE,8.7,0,80,84,0,3,0,77.1,60.6,7.9,85,4.8,Yes,Yes,2,Tier2,Placed
9934,Male,EEE,7.6,0,58,64,1,2,0,47.7,47.8,3.9,65,3.3,No,Yes,0,None,NotPlaced
9935,Male,Mechanical,6.6,0,69,68,1,2,0,20.0,25.2,5.2,71,4.4,Yes,Yes,0,None,NotPlaced
9936,Male,CSE,7.8,0,86,83,1,2,0,56.4,50.8,4.9,80,4.8,Yes,Yes,2,Tier2,Placed
9937,Male,EEE,8.2,0,71,83,1,3,2,56.1,54.8,6.8,85,4.6,Yes,Yes,4,Tier1,Placed
9938,Female,Mechanical,6.5,2,55,61,1,2,1,26.0,12.8,4.1,63,3.0,No,No,0,None,NotPlaced
9939,Female,ECE,7.4,0,57,70,1,1,2,20.6,16.3,2.2,69,4.5,No,Yes,0,None,NotPlaced
9940,Female,CSE,8.4,0,68,81,1,2,2,53.3,63.8,6.3,81,4.6,Yes,Yes,0,None,NotPlaced
9941,Female,CSE,8.6,0,69,84,1,1,1,49.3,26.3,3.4,78,4.3,Yes,Yes,0,None,NotPlaced
9942,Male,ECE,7.8,0,62,68,1,1,1,35.2,28.6,3.2,71,3.8,No,Yes,0,None,NotPlaced
9943,Male,Civil,8.1,0,80,70,2,2,2,58.1,52.6,6.5,90,4.8,Yes,Yes,4,Tier1,Placed
9944,Female,EEE,8.2,0,57,62,2,3,1,63.9,37.2,4.4,83,4.3,No,Yes,3,Tier2,Placed
9945,Male,ECE,7.0,1,56,64,1,2,1,20.8,14.6,5.3,67,3.4,No,Yes,0,None,NotPlaced
9946,Male,ECE,6.6,0,56,75,1,1,1,20.0,36.3,3.7,70,4.1,Yes,Yes,0,None,NotPlaced
9947,Male,CSE,7.5,0,55,65,0,1,1,28.2,27.2,3.5,68,3.6,Yes,Yes,0,None,NotPlaced
9948,Male,CSE,7.7,0,71,70,0,2,1,42.0,30.6,6.0,64,4.4,Yes,Yes,0,None,NotPlaced
9949,Male,ECE,7.8,1,60,67,1,1,1,39.9,36.6,1.7,78,3.7,No,Yes,0,None,NotPlaced
9950,Male,ECE,6.9,0,55,70,1,1,0,25.8,19.8,2.6,71,3.8,No,Yes,0,None,NotPlaced
9951,Male,ECE,8.0,0,73,64,1,2,2,50.6,57.2,3.9,90,4.3,Yes,Yes,2,Tier2,Placed
9952,Female,Civil,6.8,0,55,78,1,1,1,24.1,14.9,0.6,66,4.1,No,No,0,None,NotPlaced
9953,Male,ECE,8.1,0,74,86,2,3,2,62.1,47.4,7.5,90,4.8,Yes,Yes,3,Tier1,Placed
9954,Male,ECE,8.4,0,79,85,2,3,2,68.4,44.0,6.9,90,4.8,Yes,Yes,3,Tier2,Placed
9955,Male,CSE,6.5,1,72,64,0,1,0,20.0,18.3,3.0,74,4.4,Yes,Yes,0,None,NotPlaced
9956,Male,Civil,8.1,0,63,66,2,1,0,56.8,45.8,1.2,83,4.1,No,No,0,None,NotPlaced
9957,Female,EEE,8.0,0,84,79,1,3,1,61.9,60.0,7.4,79,3.9,Yes,Yes,2,Tier3,Placed
9958,Female,Mechanical,7.5,1,64,64,1,1,0,28.6,18.5,2.6,73,4.4,Yes,Yes,0,None,NotPlaced
9959,Female,IT,8.2,0,73,85,2,3,2,63.2,56.2,7.0,90,4.4,Yes,Yes,2,Tier2,Placed
9960,Male,ECE,7.7,0,73,60,0,1,1,38.6,33.5,2.5,64,4.4,Yes,Yes,0,None,NotPlaced
9961,Male,ECE,8.3,0,69,76,1,1,0,55.4,29.9,1.2,70,4.1,No,Yes,0,None,NotPlaced
9962,Male,IT,6.9,0,56,86,1,3,0,36.7,26.5,5.8,73,4.5,No,No,0,None,NotPlaced
9963,Male,EEE,7.3,0,58,60,1,1,0,40.7,27.8,3.2,60,4.5,No,No,0,None,NotPlaced
9964,Male,Mechanical,6.5,0,55,70,2,1,0,20.3,33.5,1.5,65,3.3,No,No,0,None,NotPlaced
9965,Male,CSE,7.5,0,57,84,1,3,1,43.5,42.6,6.9,87,4.5,Yes,Yes,3,Tier1,Placed
9966,Male,CSE,6.8,0,55,87,0,2,1,20.6,23.7,3.7,90,4.8,No,Yes,0,None,NotPlaced
9967,Female,EEE,8.3,0,82,84,1,3,2,65.0,19.2,6.4,90,4.8,Yes,Yes,2,Tier2,Placed
9968,Male,CSE,7.8,1,75,81,0,3,2,50.4,27.7,8.2,85,4.6,Yes,Yes,0,None,NotPlaced
9969,Female,ECE,8.2,0,59,72,1,2,2,61.3,56.1,3.6,82,4.3,Yes,Yes,0,None,NotPlaced
9970,Male,ECE,8.5,0,79,85,1,3,0,64.2,58.8,6.9,85,4.2,Yes,No,0,None,NotPlaced
9971,Male,IT,8.2,0,76,77,0,3,1,51.3,38.1,6.2,90,3.8,Yes,Yes,0,None,NotPlaced
9972,Female,Mechanical,7.1,1,64,69,0,1,0,23.0,23.2,2.6,76,3.9,No,No,0,None,NotPlaced
9973,Female,ECE,8.4,0,85,87,2,3,2,69.5,56.4,7.1,90,4.8,Yes,Yes,2,Tier2,Placed
9974,Male,Mechanical,7.7,2,55,85,1,2,1,57.1,47.4,5.2,68,4.2,No,Yes,0,None,NotPlaced
9975,Male,EEE,7.6,0,55,68,2,1,1,44.7,34.2,2.7,65,4.4,No,Yes,0,None,NotPlaced
9976,Male,Mechanical,7.9,0,83,80,2,3,2,59.4,56.2,7.1,90,4.6,Yes,Yes,1,Tier3,Placed
9977,Male,CSE,8.0,0,71,83,2,3,2,70.1,65.8,7.7,88,4.8,Yes,Yes,3,Tier2,Placed
9978,Female,CSE,8.3,0,82,88,2,3,2,73.7,52.0,7.8,90,4.8,Yes,Yes,1,Tier3,Placed
9979,Female,CSE,7.2,0,80,79,1,2,2,38.2,24.7,4.1,84,4.8,Yes,Yes,4,Tier1,Placed
9980,Male,IT,8.3,0,79,73,2,3,2,69.4,50.3,7.8,90,4.7,Yes,Yes,2,Tier2,Placed
9981,Male,EEE,8.6,0,69,69,1,2,0,65.1,53.8,5.3,87,4.3,Yes,Yes,0,None,NotPlaced
9982,Male,IT,7.8,0,57,64,1,1,0,28.5,29.6,2.5,76,3.9,No,Yes,0,None,NotPlaced
9983,Male,EEE,7.7,1,60,87,0,2,2,46.6,47.0,4.6,90,4.8,Yes,Yes,4,Tier1,Placed
9984,Female,IT,6.6,1,61,66,2,1,0,20.0,27.2,2.1,60,4.1,Yes,No,0,None,NotPlaced
9985,Female,CSE,8.5,0,81,84,1,3,2,66.8,57.8,6.0,90,4.8,Yes,Yes,4,Tier1,Placed
9986,Male,EEE,8.5,0,81,80,2,3,2,66.0,56.1,3.6,90,4.8,Yes,Yes,2,Tier3,Placed
9987,Male,IT,7.5,0,55,61,0,2,1,33.5,42.6,3.3,66,3.9,No,Yes,0,None,NotPlaced
9988,Male,EEE,7.7,0,84,70,1,2,0,44.6,38.6,7.4,82,4.2,Yes,Yes,3,Tier2,Placed
9989,Male,IT,7.3,0,64,85,1,2,1,31.0,33.7,4.8,81,4.0,No,Yes,0,None,NotPlaced
9990,Female,Mechanical,8.3,0,78,79,2,3,0,56.1,49.9,7.3,90,4.6,Yes,No,1,Tier3,Placed
9991,Male,EEE,7.4,0,82,68,0,3,1,43.0,36.8,7.0,90,3.8,No,Yes,0,None,NotPlaced
9992,Male,EEE,8.4,0,84,87,2,3,1,82.4,63.9,6.7,84,4.5,Yes,Yes,3,Tier2,Placed
9993,Male,CSE,8.0,0,75,72,2,1,2,46.2,49.9,2.6,78,4.4,Yes,Yes,3,Tier2,Placed
9994,Female,ECE,6.6,0,55,73,1,1,1,20.0,19.7,1.7,71,4.5,No,Yes,0,None,NotPlaced
9995,Male,Mechanical,7.8,0,79,69,2,2,2,59.5,46.0,4.3,80,4.8,Yes,Yes,0,None,NotPlaced
9996,Female,Mechanical,7.5,2,85,66,1,1,2,23.5,17.0,2.3,72,3.9,Yes,No,0,None,NotPlaced
9997,Female,CSE,7.4,0,84,67,0,1,0,23.7,28.1,2.0,90,4.8,No,No,1,Tier3,Placed
9998,Female,IT,8.4,0,79,81,1,3,0,60.6,44.6,7.1,70,4.8,Yes,Yes,2,Tier2,Placed
9999,Male,IT,8.9,0,71,85,0,3,2,68.0,58.1,8.3,87,4.8,Yes,Yes,2,Tier2,Placed
10000,Male,CSE,8.4,0,62,66,0,1,1,54.5,45.5,3.0,66,3.8,No,No,0,None,NotPlaced
