Gender,Branch,CGPA,Backlogs,SSC_Marks,HSC_Marks,Internships,Projects,Workshops/Certifications,TechnicalSkillScore,CodingPlatformScore,GitHubScore,AptitudeTestScore,SoftSkillsRating,ExtracurricularActivities,PlacementTraining,InterviewRoundsCleared,CompanyTier,PlacementStatus,HasPortfolio,WillingToRelocate,PreferredRoleCategory,ExpectedCTC
0,6,7.6,2,58,71,1,3,3,42.4,48.9,7.9,66.1,4.8,1,0,0,0,0,0,0,0,6.2
1,3,8.4,0,71,81,1,1,0,52.8,48.7,3.0,78.0,4.8,1,0,0,0,0,0,1,8,7.7
1,10,8.4,0,83,85,1,3,1,70.5,53.3,5.3,78.9,4.4,1,1,3,2,1,0,1,8,7.9
0,6,7.5,2,73,58,2,0,0,46.5,51.7,1.6,70.8,3.4,1,1,1,0,0,0,2,2,7.5
1,11,8.6,0,62,78,0,3,0,75.3,68.9,7.1,84.7,4.8,1,1,3,1,1,1,1,8,8.7
0,8,7.2,1,79,82,2,2,0,48.1,47.9,4.3,84.2,4.8,0,1,0,0,0,0,1,8,5.5
1,10,8.2,1,66,72,2,1,0,38.4,39.8,0.7,76.2,4.3,0,0,0,0,0,0,1,8,6.4
0,4,8.6,0,77,72,1,3,2,75.2,60.9,7.4,85.0,4.8,1,1,1,3,1,1,2,7,10.0
0,8,8.3,0,66,69,1,2,2,60.1,45.3,6.8,67.3,3.7,1,1,1,0,0,1,1,8,8.1
1,5,7.7,0,80,83,2,3,2,48.3,57.7,7.1,82.0,4.8,1,1,1,3,1,1,2,8,6.2
1,6,6.5,2,76,61,1,1,3,25.4,25.8,2.4,69.9,3.5,0,0,1,0,0,0,2,0,4.1
1,1,8.6,0,57,82,1,1,2,53.8,35.9,0.9,84.0,4.3,1,1,2,3,1,0,1,9,6.7
1,8,7.5,0,63,71,2,1,1,35.6,36.7,2.5,68.3,4.3,1,1,1,1,0,0,1,2,4.8
1,0,7.5,1,60,68,1,1,0,41.0,18.8,3.5,66.0,3.7,0,0,0,0,0,0,1,1,4.0
0,9,6.6,1,81,64,0,2,1,20.4,23.7,2.5,75.9,4.7,1,0,0,0,0,0,0,8,2.7
1,2,6.5,0,69,71,1,2,0,27.5,34.2,3.5,83.0,4.5,0,0,0,0,0,0,1,9,3.7
1,8,7.7,1,80,83,1,1,2,21.8,17.1,1.9,85.0,4.7,1,1,1,0,0,0,1,1,4.6
1,4,8.4,0,76,71,1,2,2,55.9,40.8,5.2,84.0,4.7,1,1,0,0,0,1,2,6,6.8
1,4,6.5,0,55,63,1,2,1,20.0,25.3,3.4,72.0,4.4,0,0,0,0,0,0,0,9,3.1
1,2,8.3,0,83,87,1,3,1,58.8,52.4,9.4,90.0,4.8,1,1,2,3,1,1,1,0,7.3
1,3,8.4,0,81,84,2,3,2,75.4,54.6,6.3,84.0,4.2,1,1,1,3,1,0,0,8,7.8
1,1,6.6,0,55,68,0,1,1,20.0,7.4,0.3,69.0,4.2,0,0,0,0,0,0,1,8,2.0
0,4,6.6,0,79,85,2,3,2,42.9,33.0,6.5,85.0,4.8,1,1,3,2,1,0,2,6,4.8
0,4,8.1,0,75,81,1,3,0,68.6,62.0,6.9,90.0,4.8,1,1,2,2,1,0,1,4,7.3
1,4,8.5,0,73,83,2,3,2,71.9,65.8,6.6,85.0,4.8,1,1,4,1,1,0,1,5,8.9
0,11,7.5,0,79,62,2,2,0,49.3,38.5,4.4,80.6,4.0,0,1,1,0,0,1,1,9,6.5
1,2,6.6,2,81,61,1,1,1,20.0,27.6,1.7,72.0,3.9,0,0,0,0,0,0,1,9,3.2
1,2,6.5,0,78,61,0,3,0,20.0,32.5,7.1,77.0,4.2,0,0,0,0,0,1,2,2,4.1
0,5,7.2,0,64,84,1,3,1,45.5,58.9,6.6,75.0,4.2,1,1,0,0,0,1,0,0,5.7
0,5,7.8,1,60,86,1,3,0,48.2,43.9,7.4,82.0,4.2,1,0,3,2,1,0,2,8,5.7
1,2,8.3,0,78,86,1,2,2,64.9,52.0,5.6,88.0,4.4,1,1,2,2,1,0,1,1,7.0
0,3,6.5,0,67,70,0,1,0,20.0,25.1,2.5,73.0,3.6,0,0,0,0,0,0,2,7,3.2
0,6,6.6,0,60,75,1,3,0,34.4,22.1,6.8,79.2,3.6,1,0,0,0,0,1,0,2,3.4
1,2,7.4,0,68,73,1,1,0,36.8,36.5,2.7,85.0,3.5,0,0,0,0,0,0,1,8,4.4
1,5,6.5,2,75,68,1,2,0,26.6,19.6,5.6,61.0,4.5,0,0,0,0,0,0,0,7,3.4
1,2,7.7,0,69,85,0,2,1,38.5,26.8,6.0,81.0,4.1,1,1,0,0,0,1,2,6,5.8
0,0,8.3,0,73,88,1,3,0,63.0,55.9,7.6,76.0,4.3,1,1,0,0,0,1,1,6,7.1
1,8,7.3,0,58,73,1,1,1,33.4,24.6,2.7,79.0,3.8,0,1,0,1,0,0,1,8,3.7
1,3,7.6,0,55,63,1,1,0,37.6,47.3,3.1,66.0,3.2,0,0,0,0,0,1,2,4,7.0
0,2,6.7,0,55,68,1,2,1,20.0,23.5,3.7,64.0,3.1,0,1,0,0,0,0,1,8,2.3
0,0,7.0,1,55,70,1,1,0,20.0,25.4,1.1,81.0,3.6,0,1,0,0,0,0,1,2,2.0
0,3,8.1,0,85,84,2,3,2,59.0,37.1,4.6,90.0,4.8,1,1,2,3,1,0,2,8,6.6
0,5,6.5,0,58,68,1,3,1,20.1,19.8,7.2,70.0,4.2,0,1,0,0,0,0,0,8,2.0
1,7,8.5,0,74,83,0,1,0,43.3,37.3,3.7,89.1,4.7,1,1,4,1,1,1,2,0,6.3
0,5,8.6,0,81,87,1,3,1,67.3,60.7,7.4,83.0,4.7,1,1,2,2,1,0,2,2,8.2
0,10,7.3,2,55,74,1,2,1,41.8,47.4,4.3,64.5,4.4,0,0,0,0,0,0,2,2,4.9
1,3,6.7,0,64,61,1,1,1,20.0,21.8,1.0,65.0,4.0,0,1,0,0,0,0,2,3,2.0
1,0,7.6,0,55,65,0,1,0,33.3,27.6,1.2,83.0,3.2,0,0,0,0,0,0,1,5,4.1
1,6,8.4,0,74,82,2,2,2,72.1,56.8,8.2,90.0,4.6,1,1,0,0,0,1,1,2,6.1
1,8,6.6,2,58,72,2,0,0,20.0,22.8,1.8,68.2,4.6,0,0,0,0,0,0,0,1,2.2
1,2,8.3,0,71,81,2,3,2,73.3,64.0,6.6,90.0,4.2,1,1,1,3,1,1,2,7,8.8
0,7,7.9,0,59,85,0,3,1,51.3,52.6,3.5,83.1,3.6,0,0,0,0,0,1,0,7,7.9
1,2,7.6,0,65,68,1,2,2,28.0,20.9,2.9,75.0,4.7,0,1,0,0,0,0,2,6,6.5
1,7,7.7,0,88,84,0,3,2,48.1,46.2,4.9,75.5,4.5,1,1,0,0,0,0,0,0,6.1
1,1,7.7,0,66,66,1,2,0,39.1,28.7,2.1,78.0,3.8,0,1,0,0,0,0,0,8,5.5
1,9,7.6,2,71,69,1,2,2,38.9,28.6,4.8,82.7,3.9,1,1,4,2,1,0,0,0,4.1
1,8,7.6,0,90,84,0,3,3,46.7,38.1,5.7,73.8,4.0,1,1,0,1,0,1,1,8,6.0
1,0,6.5,2,58,65,1,2,0,20.0,21.1,4.1,68.0,3.7,0,1,0,0,0,0,0,5,2.0
1,0,6.5,1,55,71,0,1,1,20.0,23.2,2.0,82.0,4.5,0,0,0,0,0,0,0,0,2.0
1,7,8.5,0,77,77,1,3,2,77.3,58.6,6.5,78.1,4.1,1,1,2,2,1,1,0,4,9.7
1,8,7.9,0,77,60,2,3,2,58.9,48.4,6.0,89.3,4.7,1,0,3,1,1,0,1,9,6.8
1,3,7.6,1,62,83,2,2,0,46.3,40.4,3.6,74.0,4.0,0,1,4,1,1,0,2,8,4.7
1,8,8.2,0,83,78,2,3,1,64.4,43.7,6.2,89.6,4.7,1,1,1,3,1,1,1,1,7.5
1,3,8.3,0,77,85,0,3,2,59.5,50.5,7.6,90.0,4.3,1,1,2,2,1,0,1,8,6.7
1,8,6.8,1,62,67,2,1,0,20.0,18.4,0.3,75.0,3.8,0,1,1,1,0,0,0,7,2.6
1,5,8.3,1,72,84,2,3,2,64.2,37.8,7.7,90.0,4.8,1,1,0,0,0,1,0,8,7.7
0,2,7.7,0,73,67,1,3,0,52.2,53.9,6.3,74.0,4.7,0,1,1,3,1,1,1,2,5.9
1,4,7.9,1,63,70,2,1,0,50.2,43.5,3.0,83.0,4.0,1,1,0,0,0,1,0,6,7.5
1,4,7.8,1,82,79,2,3,2,50.7,53.6,6.8,90.0,4.8,1,0,1,3,1,1,0,5,6.3
1,0,6.6,1,58,68,0,1,0,20.0,23.9,3.6,73.0,4.3,1,1,0,0,0,0,0,0,3.6
1,0,6.5,0,68,73,2,2,1,25.9,19.8,4.6,88.0,3.9,0,1,0,0,0,1,1,7,2.5
1,2,7.5,0,71,63,2,1,0,31.4,40.9,1.2,82.0,4.3,0,1,0,0,0,0,2,9,5.4
1,3,6.9,0,59,70,1,3,1,48.2,38.4,6.4,78.0,4.5,1,1,2,3,1,0,0,2,3.5
1,1,8.2,0,85,80,2,3,2,67.8,54.1,8.3,90.0,4.8,1,1,2,3,1,1,2,8,7.1
1,0,7.8,0,90,78,2,3,2,61.2,32.4,7.5,90.0,4.8,1,1,2,2,1,1,1,5,5.1
0,6,7.6,2,55,71,2,0,2,32.8,25.4,1.8,80.0,4.3,0,1,1,0,0,0,2,9,5.6
0,9,7.8,2,57,82,2,2,1,38.1,43.7,5.9,80.2,4.2,1,1,0,0,0,1,0,3,6.5
1,0,7.0,1,74,65,1,1,0,24.6,37.1,1.1,72.0,4.4,0,1,0,0,0,0,2,0,4.3
0,7,6.5,1,61,69,2,1,1,32.9,38.3,2.3,84.1,4.8,0,0,0,0,0,0,2,4,3.0
0,6,7.6,1,55,66,2,0,0,32.9,29.0,2.6,79.1,4.0,0,1,1,0,0,0,2,2,4.4
0,11,8.0,0,83,81,0,2,1,58.4,51.1,5.3,72.5,4.3,1,1,0,1,0,0,2,8,7.5
1,10,7.5,0,60,71,0,1,2,33.7,33.0,1.4,79.0,4.4,0,1,1,0,0,0,0,8,5.6
0,2,6.5,0,70,65,0,1,1,20.0,31.2,2.2,70.0,4.2,0,0,0,0,0,0,2,8,2.9
1,0,8.2,0,69,67,0,1,2,47.5,30.9,4.2,81.0,4.2,1,1,0,0,0,1,2,5,6.2
1,1,8.0,2,55,65,0,1,1,37.5,43.1,1.5,76.0,3.6,0,0,0,0,0,1,0,3,6.7
0,8,7.0,0,62,57,1,2,2,20.0,20.1,2.8,73.6,4.3,1,1,0,1,0,1,0,9,3.6
1,11,7.3,1,83,81,1,2,1,36.6,32.2,3.8,79.3,3.8,0,1,0,0,0,0,2,6,5.5
1,2,8.0,0,83,71,0,3,0,57.6,54.9,5.0,76.0,3.6,1,1,0,0,0,1,0,7,6.9
0,8,6.7,0,66,68,0,0,2,20.0,17.3,2.1,78.0,4.3,0,0,0,1,0,0,2,9,2.8
1,2,8.2,0,76,88,0,3,2,62.7,55.7,7.1,90.0,4.7,1,1,4,1,1,1,1,8,6.7
1,8,7.4,1,67,68,0,1,2,29.7,38.4,4.5,76.7,4.7,0,1,1,0,0,1,2,0,5.3
0,3,8.0,0,77,82,2,3,2,59.7,36.5,4.8,90.0,4.8,1,1,3,1,1,0,0,8,6.3
1,10,7.4,1,58,59,1,1,1,22.4,20.3,1.6,67.7,3.8,0,1,0,0,0,0,2,7,3.2
1,5,7.9,0,76,80,1,2,0,52.9,41.8,4.8,90.0,4.8,1,1,3,2,1,1,1,8,5.1
1,4,7.5,0,77,84,1,2,1,43.9,32.1,5.9,74.0,3.8,1,1,0,0,0,1,2,4,5.2
1,2,6.5,1,87,67,2,3,0,30.5,29.2,5.8,77.0,4.3,0,1,0,0,0,0,0,0,3.7
1,2,6.6,0,80,66,0,1,1,20.0,13.8,1.5,72.0,3.5,0,1,0,0,0,0,0,8,3.7
1,7,8.0,0,84,84,2,3,2,65.4,58.2,6.7,90.0,4.8,1,1,4,2,1,1,1,6,8.1
1,3,8.3,0,73,84,2,3,2,56.0,57.7,7.5,90.0,4.8,1,1,3,2,1,1,0,3,7.7
0,4,6.9,0,62,62,0,1,0,20.0,15.2,2.1,73.0,3.0,0,0,0,0,0,0,2,4,3.5
1,0,7.4,0,61,63,1,1,3,29.6,29.3,2.0,74.0,4.1,0,1,0,0,0,0,0,1,5.1
0,6,8.5,0,66,70,1,2,3,68.6,64.8,4.4,78.2,4.5,1,1,4,2,1,0,1,7,7.9
1,5,8.5,0,75,86,1,3,2,63.9,59.9,6.3,90.0,4.8,1,1,0,0,0,1,2,8,8.4
0,3,6.7,0,55,84,2,2,1,27.7,34.1,5.8,76.0,3.9,1,1,3,2,1,0,1,7,3.1
1,0,7.6,1,80,80,2,3,2,54.6,40.0,7.6,82.0,4.8,1,1,2,2,1,0,1,0,6.3
0,0,8.5,0,70,62,1,1,1,57.1,39.0,2.0,81.0,4.5,1,1,0,0,0,0,1,1,7.2
0,10,7.8,0,77,86,2,3,2,56.1,43.4,8.3,87.2,4.8,1,1,1,3,1,1,1,8,5.3
0,0,8.3,0,85,83,2,3,2,69.4,53.0,7.9,90.0,4.8,1,0,3,2,1,1,2,5,7.8
1,9,7.4,1,61,83,1,1,1,38.8,33.2,2.2,75.4,4.7,1,1,0,3,1,1,1,8,4.6
1,7,7.5,0,55,70,0,2,2,39.0,39.1,3.0,73.2,4.4,0,1,1,0,0,0,1,1,7.3
1,5,8.2,0,73,87,0,3,2,52.0,32.8,7.5,87.0,4.8,1,1,2,2,1,1,1,6,6.1
0,2,7.5,0,61,70,1,3,2,48.6,39.0,6.1,89.0,4.8,1,1,0,0,0,1,2,6,6.1
0,3,7.5,0,57,69,1,2,0,42.4,36.1,5.7,80.0,3.6,0,0,0,0,0,1,1,8,5.4
1,6,8.6,0,85,84,2,2,2,80.0,68.8,7.6,90.0,4.6,1,1,3,2,1,1,2,2,8.7
1,1,8.5,0,59,82,0,2,2,58.0,47.6,6.9,85.0,4.1,1,1,4,1,1,1,1,8,6.8
0,9,6.6,0,65,67,0,1,0,20.0,21.5,2.0,68.2,3.8,0,0,0,0,0,0,1,7,2.3
1,3,7.3,0,73,74,0,3,0,40.9,42.4,7.1,83.0,4.3,1,0,0,0,0,0,2,1,5.8
1,5,6.6,0,55,64,0,1,0,20.0,38.6,2.8,79.0,4.4,0,1,0,0,0,0,0,8,3.5
0,0,8.5,0,70,86,0,3,2,58.8,61.6,7.1,90.0,4.7,1,1,3,1,1,1,1,2,8.0
0,2,7.4,0,59,73,1,3,0,47.7,42.8,6.0,88.0,4.1,1,1,0,0,0,0,0,8,5.3
0,2,8.3,0,84,87,2,3,3,73.8,55.7,6.9,88.0,4.8,1,1,2,2,1,1,2,8,7.8
0,6,8.1,0,69,64,0,3,1,58.6,47.4,7.6,79.2,3.9,1,0,0,1,0,1,1,2,7.1
0,9,7.3,0,60,67,0,1,0,23.5,18.2,4.1,69.8,3.7,1,1,0,0,0,1,1,1,2.9
1,1,7.7,0,76,80,1,3,2,56.5,36.1,5.9,70.0,3.8,1,1,0,0,0,1,0,8,5.4
1,2,8.5,0,86,70,0,3,3,70.5,52.0,6.0,84.0,4.6,0,1,0,0,0,1,2,6,8.3
1,2,7.7,1,56,68,0,1,1,28.3,22.7,2.3,77.0,3.3,0,0,0,0,0,0,1,8,5.0
1,7,6.6,0,61,64,2,3,0,40.0,32.6,5.3,88.0,4.4,0,0,0,1,0,1,0,7,3.3
1,4,7.7,0,55,74,1,2,0,42.8,38.0,3.8,74.0,4.7,0,1,1,3,1,1,0,7,6.1
1,5,6.5,0,55,71,1,3,2,26.2,25.8,6.5,84.0,4.6,0,1,1,3,1,1,1,8,2.8
0,7,6.5,1,61,65,0,0,2,22.7,13.9,1.5,70.5,4.1,0,0,0,0,0,0,0,4,2.0
1,5,8.6,0,85,82,2,3,2,76.6,66.2,7.1,90.0,4.8,1,1,4,1,1,1,2,7,9.3
1,5,7.7,0,78,84,0,3,2,56.1,36.5,6.5,86.0,4.7,1,1,2,2,1,0,2,6,8.0
0,3,8.2,0,78,83,2,2,2,64.9,48.8,5.8,81.0,4.8,1,1,2,2,1,1,0,1,6.3
1,11,6.8,0,77,68,2,2,0,23.5,17.8,3.4,68.0,4.5,0,1,0,0,0,0,1,7,2.9
1,0,7.6,0,64,71,2,1,1,45.7,41.2,2.8,66.0,3.7,0,0,0,0,0,0,0,4,7.7
1,4,7.4,0,58,70,1,3,2,37.5,28.6,6.4,70.0,4.4,0,0,0,0,0,1,0,0,4.9
1,2,7.7,2,70,86,2,2,2,50.6,38.5,6.0,90.0,4.7,1,1,2,2,1,0,1,8,6.2
1,0,8.5,0,59,83,1,1,1,55.9,41.4,4.0,71.0,4.0,1,1,0,0,0,0,0,0,8.0
0,10,7.0,1,64,64,0,2,0,21.7,12.4,1.4,68.4,3.3,0,0,0,1,0,0,2,8,2.2
0,10,7.5,1,63,61,1,2,0,38.9,19.7,4.6,75.9,3.6,0,1,0,0,0,1,1,1,3.3
1,4,7.8,0,55,74,0,1,1,21.5,14.5,2.6,71.0,3.9,0,0,0,0,0,0,0,5,4.8
1,3,6.5,1,58,67,0,1,0,20.0,20.5,2.5,76.0,4.0,0,0,0,0,0,0,2,9,3.4
1,2,7.7,0,79,88,2,3,2,59.0,54.3,6.4,90.0,4.7,1,1,3,2,1,0,1,0,6.2
1,1,8.3,0,69,87,1,3,2,65.0,52.5,5.3,83.0,4.6,1,0,1,3,1,1,0,8,8.2
1,5,8.2,0,65,82,1,3,1,56.1,44.8,6.4,86.0,4.5,0,1,2,3,1,1,1,8,6.7
1,2,7.8,0,55,70,1,1,0,40.2,26.8,2.4,79.0,4.0,0,1,0,0,0,0,2,8,4.7
0,8,7.5,1,58,70,1,1,3,26.2,31.4,4.4,68.7,3.7,1,1,0,0,0,0,1,8,4.9
0,0,6.5,1,62,68,1,2,0,23.4,21.7,4.6,76.0,3.8,0,1,0,0,0,0,1,0,3.7
0,0,7.8,0,83,76,0,3,2,49.8,42.4,5.7,77.0,4.2,1,1,0,0,0,1,1,1,6.8
1,3,8.5,0,82,87,2,3,2,72.1,49.9,6.4,88.0,4.8,1,1,2,3,1,1,1,2,8.2
1,2,7.6,0,61,67,0,1,2,30.1,12.2,1.3,71.0,3.9,0,1,0,0,0,0,0,6,2.8
1,5,6.5,0,76,67,2,1,1,20.0,19.6,2.4,83.0,3.6,1,1,0,0,0,0,1,8,3.3
1,4,8.0,0,79,80,2,3,1,68.1,49.5,6.0,78.0,4.5,1,1,2,2,1,1,2,4,6.6
0,2,7.6,0,62,72,1,1,0,32.1,18.3,1.8,68.0,4.0,0,0,0,0,0,0,2,8,4.1
1,1,7.4,0,55,69,0,1,1,21.4,15.1,1.2,82.0,4.5,0,1,0,0,0,1,0,8,4.7
1,9,7.5,0,65,67,2,3,0,53.3,34.9,5.4,70.9,4.2,0,1,0,1,0,0,1,8,6.2
0,5,7.5,2,56,63,1,1,1,29.1,35.7,3.0,83.0,4.4,0,1,0,0,0,0,0,7,4.8
0,9,7.3,0,67,65,2,0,0,31.1,27.7,3.2,74.5,4.5,0,0,0,0,0,0,1,9,5.0
1,3,7.3,0,68,71,1,2,1,38.5,45.2,3.2,83.0,3.2,0,1,0,0,0,0,1,6,5.6
0,3,8.0,0,84,85,1,3,2,68.2,55.1,7.2,86.0,4.8,1,0,3,2,1,0,1,7,8.4
1,1,6.5,1,56,64,1,1,0,20.0,28.4,3.2,67.0,3.8,0,0,0,0,0,1,2,8,2.5
1,3,6.8,2,79,86,2,3,2,47.8,41.0,6.8,86.0,4.5,1,1,0,0,0,0,1,0,5.6
1,5,6.5,0,68,66,0,3,1,27.7,23.1,8.0,70.0,3.3,1,1,1,3,1,1,1,8,3.4
1,2,7.5,0,75,82,1,3,0,53.5,48.7,6.2,78.0,4.5,1,1,0,0,0,1,2,8,6.3
1,4,7.6,0,67,61,1,2,0,40.0,47.6,4.6,73.0,3.7,0,1,0,0,0,0,1,6,7.0
1,2,7.9,0,55,69,2,2,0,53.5,38.7,5.2,71.0,4.4,1,0,0,0,0,1,2,1,7.3
1,3,7.6,0,62,69,0,1,0,39.7,26.8,2.6,88.0,4.7,1,1,2,2,1,0,2,3,4.2
1,0,8.3,0,85,82,2,3,2,69.1,59.1,8.7,90.0,4.8,1,1,3,2,1,1,1,3,9.2
1,2,8.5,0,73,88,2,3,2,70.0,47.9,5.7,90.0,4.8,1,1,2,2,1,1,1,0,7.6
1,4,8.4,0,78,83,2,3,2,72.2,57.4,6.9,90.0,4.7,1,1,3,2,1,0,1,1,7.6
0,7,7.7,1,73,83,2,3,1,62.2,59.5,6.6,82.8,4.8,1,1,3,2,1,1,2,2,5.8
1,0,7.6,0,74,87,2,3,0,57.8,37.0,7.9,78.0,4.8,1,1,1,3,1,1,0,7,5.7
1,7,7.8,1,81,83,1,3,3,50.4,28.4,3.9,80.3,4.3,0,0,0,0,0,1,2,0,4.6
1,9,7.5,2,55,68,1,1,1,39.3,37.5,5.4,62.0,3.4,0,1,0,0,0,0,1,7,5.8
1,2,8.5,0,74,88,2,3,0,77.8,48.7,8.0,90.0,4.8,1,0,2,2,1,1,2,2,7.4
1,2,6.7,2,55,62,1,1,1,20.5,18.0,2.1,65.0,3.8,0,0,0,0,0,1,1,8,2.3
0,10,8.3,0,84,85,2,3,3,67.0,64.9,6.7,90.0,4.8,1,1,3,2,1,1,2,8,8.7
1,0,7.8,0,62,67,1,1,0,41.4,36.8,3.4,66.0,3.7,1,1,2,2,1,0,0,5,5.9
0,7,7.9,1,76,86,1,2,1,44.9,43.6,3.5,72.5,4.7,1,1,3,1,1,0,1,8,5.2
0,4,8.5,0,85,82,2,3,2,79.0,55.2,4.8,84.0,4.6,1,1,2,3,1,0,2,4,9.0
1,11,7.1,1,79,72,0,2,1,36.2,45.9,4.4,73.2,3.9,0,1,3,1,1,0,1,7,5.4
1,0,8.1,0,88,87,2,3,2,64.4,44.5,6.9,90.0,4.8,1,1,3,2,1,0,1,0,6.5
0,0,8.3,0,73,74,0,3,0,52.2,42.2,4.5,88.0,4.7,1,1,3,1,1,0,2,0,6.5
1,0,7.5,0,55,75,1,2,1,41.2,32.1,5.0,76.0,3.8,0,1,0,0,0,1,2,1,3.9
1,0,8.2,2,76,84,1,3,0,74.6,47.9,6.7,82.0,4.7,1,1,0,0,0,0,0,7,7.3
1,4,8.6,0,77,86,2,3,2,73.0,59.9,6.2,86.0,4.3,1,1,4,1,1,1,1,0,8.3
1,10,7.6,0,83,69,2,1,3,34.8,31.9,1.2,77.5,4.0,0,1,0,0,0,0,0,2,4.5
1,2,7.5,0,81,62,1,3,1,50.0,28.7,5.5,84.0,4.6,0,0,0,0,0,1,0,8,4.5
1,2,7.6,2,61,69,0,1,0,33.1,27.6,4.0,66.0,4.0,0,0,0,0,0,0,1,8,4.0
1,11,7.3,0,55,68,0,0,0,35.2,32.7,1.9,87.6,4.1,0,0,0,0,0,0,0,2,7.4
1,3,6.5,0,56,68,1,1,1,20.0,17.8,2.2,79.0,4.6,1,1,0,0,0,0,1,8,2.0
0,6,7.4,1,58,82,0,2,3,40.3,39.9,6.3,85.6,4.7,1,1,1,3,1,1,1,1,4.3
1,7,8.2,0,62,68,0,3,1,48.4,41.8,4.9,71.1,4.3,1,1,2,2,1,1,2,4,6.5
1,3,7.9,0,79,66,2,1,0,41.6,38.8,2.4,81.0,3.7,1,1,3,1,1,0,1,7,5.8
0,0,7.5,0,69,67,1,1,2,30.4,30.8,1.2,75.0,3.5,0,1,0,0,0,0,0,3,5.1
1,9,7.5,1,56,64,0,2,0,42.5,35.5,3.1,79.4,4.3,0,0,2,3,1,1,2,9,4.9
1,3,7.4,0,63,72,0,1,0,29.5,11.6,2.3,73.0,4.1,0,0,0,0,0,0,2,6,4.6
1,4,8.5,0,65,84,2,1,2,63.0,54.8,4.5,83.0,4.3,1,1,0,0,0,0,0,5,9.5
1,2,8.3,0,66,84,2,3,2,69.2,48.4,6.0,89.0,4.4,1,1,4,1,1,1,2,8,8.6
0,2,7.5,0,58,69,0,1,0,27.4,21.0,3.1,82.0,4.1,1,1,0,0,0,0,0,7,4.2
1,0,8.4,2,55,60,2,1,0,58.5,49.8,3.5,77.0,4.6,0,1,0,0,0,0,1,6,7.7
1,9,7.7,0,79,77,1,2,3,51.5,50.9,6.0,90.0,4.8,1,0,0,0,0,0,1,8,6.0
1,0,7.2,1,72,68,2,1,3,24.9,17.9,3.1,84.0,3.9,0,1,0,0,0,0,0,2,3.6
0,3,8.3,1,55,71,2,2,2,60.8,45.9,4.2,76.0,4.6,0,1,3,1,1,1,2,8,6.5
1,10,8.4,1,73,70,2,3,2,68.7,50.2,6.3,88.2,4.8,0,1,3,1,1,1,1,3,9.0
1,4,7.8,0,64,88,0,3,2,51.0,50.9,6.8,90.0,4.8,1,1,0,0,0,1,2,5,6.0
0,7,7.8,1,55,69,0,2,0,45.5,31.7,3.4,77.5,4.2,0,1,1,0,0,1,0,4,6.7
1,3,8.6,0,79,82,2,3,2,72.9,51.9,8.6,90.0,4.8,1,1,2,2,1,1,0,6,7.7
1,8,7.4,0,55,61,0,2,2,27.4,26.6,2.4,60.4,4.6,0,1,0,0,0,1,1,2,2.6
1,5,8.3,0,83,80,2,3,2,71.1,63.3,7.1,90.0,4.7,1,0,4,1,1,1,0,8,9.2
0,0,8.2,0,60,61,1,1,1,44.9,40.6,3.6,74.0,3.7,0,1,3,2,1,0,2,4,6.2
0,6,8.3,0,65,63,1,2,2,69.3,60.2,2.6,79.2,4.0,0,0,0,0,0,0,2,1,8.5
0,8,8.2,0,82,85,1,3,3,59.8,51.7,7.9,89.8,4.4,1,1,0,1,0,1,2,8,7.9
1,5,7.6,0,56,66,1,1,0,31.2,28.3,0.8,73.0,4.2,0,0,0,0,0,0,2,8,5.6
0,7,8.3,0,85,84,1,3,3,72.4,54.6,7.5,90.0,4.8,1,0,2,2,1,1,1,1,7.5
1,0,7.8,0,82,64,1,2,0,46.1,38.9,5.3,71.0,3.7,1,1,2,2,1,0,0,4,5.9
1,2,8.2,0,75,83,1,2,1,58.1,49.2,3.3,77.0,3.7,1,1,3,2,1,1,1,6,7.0
1,9,6.5,1,58,72,2,0,1,23.3,15.8,0.7,73.3,4.2,0,1,0,0,0,0,2,8,2.2
1,8,7.3,1,55,64,0,1,1,29.6,4.0,1.3,77.2,3.7,0,0,0,0,0,0,1,6,3.0
1,4,7.5,0,86,74,2,2,0,48.6,37.1,5.3,73.0,4.4,1,1,3,2,1,1,0,4,4.9
1,3,6.5,0,60,68,1,1,1,20.0,26.4,1.2,76.0,3.8,0,1,0,0,0,0,1,7,2.0
1,6,7.5,1,59,72,1,1,1,47.5,47.3,3.6,90.0,3.4,0,1,0,0,0,0,0,6,6.4
1,0,8.4,0,73,88,2,3,2,68.6,49.4,8.4,90.0,4.7,1,1,2,3,1,1,1,4,6.9
1,11,7.6,0,66,68,0,2,2,42.8,47.9,2.5,78.9,4.2,1,1,0,0,0,0,0,4,6.5
1,0,7.6,0,57,69,1,3,1,47.2,32.4,7.0,77.0,4.6,1,1,1,3,1,1,1,3,5.1
1,0,7.4,0,82,69,1,2,1,35.5,42.8,4.2,72.0,3.5,0,1,1,3,1,0,1,1,5.1
1,8,6.7,0,56,67,0,1,0,21.0,28.1,1.8,73.7,4.1,0,1,0,0,0,1,2,2,3.3
0,3,8.3,0,82,80,2,3,0,72.6,61.5,5.8,82.0,3.5,1,0,0,0,0,1,2,9,9.1
1,1,7.4,1,55,67,1,2,1,34.9,17.1,4.0,63.0,3.9,0,0,0,0,0,0,0,8,4.9
0,6,6.5,0,58,65,0,2,1,23.1,36.7,3.1,78.0,4.3,0,0,0,1,0,1,2,8,4.5
0,10,6.9,0,81,64,1,2,2,20.0,21.8,2.5,67.2,4.7,0,1,3,3,1,1,2,8,2.4
1,0,8.2,0,82,69,1,3,3,61.0,58.9,6.4,88.0,4.8,0,1,2,2,1,1,1,2,8.3
0,4,7.3,0,55,66,1,1,1,28.6,18.0,1.2,74.0,4.8,0,0,0,0,0,0,2,4,3.5
1,2,6.7,0,55,58,0,1,0,20.0,15.9,1.1,60.0,3.9,0,1,0,0,0,0,2,9,3.8
1,6,8.3,1,84,88,1,2,2,72.2,66.2,7.1,90.0,4.8,1,1,2,3,1,0,1,2,9.7
1,2,8.5,0,83,86,2,3,2,74.9,43.5,6.4,90.0,4.8,1,1,2,2,1,0,1,0,7.9
0,2,7.5,0,58,70,1,1,2,28.8,11.9,4.0,78.0,4.3,1,0,1,3,1,0,1,5,4.0
1,4,8.3,0,80,85,2,3,2,69.7,48.5,5.2,85.0,4.7,1,0,2,3,1,0,1,2,6.9
1,6,6.6,0,59,69,0,2,0,24.0,28.1,4.3,75.1,4.3,1,1,0,0,0,1,2,2,3.5
0,1,8.4,0,77,83,1,3,3,59.2,55.0,7.2,78.0,4.7,1,1,0,0,0,1,1,8,8.0
1,2,8.4,0,81,87,2,3,2,74.0,68.8,7.3,83.0,4.6,1,1,2,2,1,0,1,4,9.9
1,9,7.2,0,81,80,0,3,3,43.4,41.4,8.9,90.0,4.1,1,1,3,2,1,0,2,8,7.2
1,5,8.3,0,71,86,1,3,2,64.9,45.9,9.0,85.0,4.7,1,1,0,0,0,1,1,9,7.0
0,0,8.0,0,70,85,1,3,2,59.8,38.6,7.2,87.0,4.8,1,1,0,0,0,1,0,9,7.4
1,0,7.8,1,55,66,1,1,2,34.9,39.7,0.0,65.0,4.1,0,0,0,0,0,0,2,1,6.0
1,5,6.6,1,55,74,2,1,0,24.1,30.3,1.2,67.0,3.9,0,0,0,0,0,0,1,8,2.7
0,0,8.3,0,55,66,0,3,1,59.2,58.1,6.9,87.0,3.8,1,1,3,1,1,1,1,5,8.3
0,6,7.7,0,82,87,0,3,0,58.2,46.3,7.0,84.3,4.1,0,1,2,1,1,1,1,1,7.0
1,8,6.9,1,71,70,0,1,1,20.0,26.4,3.8,77.7,4.1,0,1,0,1,0,0,2,7,3.8
1,2,8.3,0,74,64,1,2,1,47.1,40.1,3.6,78.0,4.7,0,1,0,0,0,0,0,1,7.2
0,6,7.8,0,56,66,1,0,1,47.0,35.3,3.9,79.9,4.4,1,0,0,0,0,0,1,2,7.4
0,6,7.8,0,77,88,1,2,0,47.5,46.1,9.2,90.0,4.8,1,1,3,3,1,0,1,8,6.0
1,0,7.5,0,84,88,2,2,0,50.4,44.2,5.4,86.0,3.9,1,1,0,0,0,1,2,9,7.4
1,2,7.4,1,55,67,1,1,0,28.4,24.4,1.2,70.0,4.0,0,1,0,0,0,0,0,7,2.8
0,9,8.1,0,82,72,2,1,2,48.6,35.7,1.9,89.9,4.8,1,1,4,1,1,1,1,9,4.6
1,8,8.2,1,87,85,2,2,2,46.4,46.0,5.2,71.9,4.6,1,1,0,0,0,0,2,2,8.1
1,0,7.7,0,57,83,0,2,1,40.3,49.5,6.0,68.0,4.0,1,1,3,2,1,0,2,4,4.7
0,8,8.4,1,58,81,1,3,0,56.7,52.9,6.7,86.8,4.3,1,1,0,0,0,1,1,7,7.6
1,5,7.4,1,55,63,1,2,0,31.8,8.8,2.7,69.0,3.6,0,1,0,0,0,1,1,1,3.5
1,10,8.0,0,62,66,0,2,0,36.1,35.5,3.1,69.9,3.7,0,1,1,0,0,0,1,8,5.9
1,1,7.3,0,56,69,2,2,1,45.2,39.0,3.8,85.0,4.8,0,0,0,0,0,1,1,8,4.7
0,7,8.2,1,83,84,2,2,2,56.8,41.2,5.4,90.0,4.8,1,1,3,1,1,0,1,5,8.0
1,2,7.3,0,55,67,1,1,0,25.8,17.5,2.3,79.0,4.5,0,1,0,0,0,0,2,3,2.8
0,2,8.3,0,55,68,1,1,0,52.9,33.8,0.9,75.0,4.0,0,0,0,0,0,1,0,6,7.2
0,4,7.1,2,55,65,1,1,1,25.2,19.7,3.6,72.0,4.3,0,1,0,0,0,0,2,4,3.0
1,5,7.6,0,67,68,0,1,0,28.4,12.0,2.2,75.0,4.0,0,0,0,0,0,1,0,7,4.8
1,7,7.7,0,83,67,2,2,2,40.4,22.4,2.1,90.0,3.9,0,1,1,3,1,0,2,3,4.2
1,5,7.4,0,68,66,1,1,1,33.7,31.5,3.3,71.0,4.4,1,1,0,0,0,1,0,4,5.8
1,6,7.8,0,55,69,0,1,1,34.5,30.4,3.7,77.9,4.2,1,0,0,0,0,1,0,1,5.6
1,6,8.6,1,77,84,1,1,2,56.3,54.3,2.8,90.0,4.7,1,1,4,3,1,1,0,1,7.4
1,9,7.9,0,62,64,0,0,0,34.9,35.7,3.0,69.3,3.7,0,1,0,0,0,1,0,8,6.4
0,2,8.2,1,55,68,1,1,0,45.9,48.0,3.6,73.0,4.5,0,1,0,0,0,1,1,1,6.5
1,7,7.8,0,56,67,0,3,1,51.7,53.4,4.8,83.6,3.9,1,1,0,0,0,1,1,1,6.8
1,3,7.6,0,76,64,1,2,0,33.0,22.3,4.4,73.0,3.8,0,1,0,0,0,0,2,8,5.6
1,4,8.1,0,78,75,1,3,1,64.4,58.3,5.9,82.0,4.6,1,1,1,3,1,0,1,7,7.7
0,0,8.5,0,71,86,1,1,0,57.5,55.2,1.0,85.0,4.4,1,1,3,2,1,0,1,3,9.0
1,11,6.9,0,55,64,2,1,1,22.8,30.0,2.0,67.9,3.8,0,0,1,0,0,0,1,1,3.9
1,5,8.2,0,81,88,2,3,2,74.8,63.8,8.2,90.0,4.8,1,1,2,2,1,1,2,8,7.8
0,6,8.2,1,69,76,1,0,0,44.6,28.4,2.3,89.4,4.8,0,1,4,2,1,0,0,4,5.8
1,0,7.7,0,55,63,1,2,1,40.8,34.5,5.1,61.0,3.7,0,1,0,0,0,0,1,0,6.3
1,8,6.5,0,55,66,0,3,0,20.0,11.0,2.9,69.1,3.7,0,0,0,0,0,1,0,7,2.0
0,2,6.5,1,55,60,0,1,0,20.0,34.6,2.3,75.0,3.9,0,0,0,0,0,0,0,5,5.5
1,0,8.3,0,81,86,1,3,0,63.2,39.2,8.7,90.0,4.8,1,1,2,2,1,1,1,5,6.8
0,2,8.0,0,83,66,2,3,0,67.8,60.9,8.1,84.0,4.1,1,0,2,3,1,1,0,2,8.8
0,7,6.6,0,63,59,0,3,1,32.3,29.7,4.2,82.1,4.1,0,0,0,0,0,0,0,7,2.0
1,4,8.0,0,74,88,0,3,1,50.7,42.4,8.0,90.0,4.8,1,1,0,0,0,1,2,5,7.7
1,0,8.5,0,83,68,2,1,1,52.3,39.7,2.1,80.0,3.6,1,0,0,0,0,1,0,8,8.3
1,0,7.8,0,63,61,0,1,1,36.5,42.9,1.4,78.0,4.7,0,1,3,2,1,0,1,9,4.7
1,6,6.9,0,55,65,1,2,2,24.2,20.4,4.9,77.6,4.4,0,0,1,0,0,0,1,2,4.7
1,4,8.3,0,58,87,2,3,1,73.1,71.7,6.9,88.0,3.8,1,1,3,2,1,1,2,0,9.0
1,8,8.0,0,74,87,1,2,1,56.2,22.0,6.2,90.0,4.8,1,1,0,0,0,0,1,9,6.8
0,2,6.5,1,62,72,1,2,1,23.5,25.4,3.6,74.0,4.6,1,1,0,0,0,1,0,8,3.4
1,0,8.0,0,77,61,2,1,2,45.8,28.5,3.3,80.0,4.6,1,0,1,3,1,0,2,1,6.0
1,3,8.0,0,62,66,2,1,2,52.3,63.5,3.1,88.0,4.7,1,1,3,2,1,1,1,8,7.2
1,9,8.3,0,83,80,2,3,3,71.0,63.8,7.1,90.0,4.7,1,0,4,0,1,0,1,7,10.8
1,3,8.2,0,81,74,0,1,1,44.1,46.1,4.0,89.0,4.7,1,1,0,0,0,0,1,7,7.2
1,7,7.6,0,65,68,2,2,3,41.8,32.8,4.5,81.9,4.2,0,1,0,0,0,0,2,8,7.7
1,2,6.6,0,63,64,0,1,0,20.3,17.6,2.3,70.0,4.3,0,0,0,0,0,0,1,6,3.4
0,6,7.8,1,71,66,2,1,1,50.7,34.6,2.1,72.5,3.5,0,0,0,1,0,0,1,1,6.6
1,4,7.3,0,55,72,1,2,1,36.4,32.4,3.2,80.0,4.3,1,1,2,2,1,0,0,3,4.6
1,4,8.2,0,79,61,2,3,0,59.4,49.8,7.2,81.0,4.7,1,0,0,0,0,0,1,5,7.2
1,1,7.7,0,78,86,1,3,2,49.7,33.6,10.0,87.0,4.8,1,1,1,3,1,1,2,6,3.9
1,11,7.7,0,56,65,1,0,2,32.6,37.9,1.8,78.7,3.9,0,1,0,0,0,0,1,4,6.7
0,2,7.5,0,81,86,1,3,1,44.8,22.2,5.3,87.0,4.6,1,1,1,3,1,0,2,8,4.2
1,5,7.8,0,64,70,1,3,0,59.2,45.7,5.2,81.0,4.3,0,0,0,0,0,0,0,8,7.3
1,0,7.7,0,55,71,1,2,0,48.2,38.2,4.9,78.0,3.6,1,1,3,2,1,1,2,8,5.0
1,6,8.3,2,65,69,1,2,3,71.1,65.7,8.4,84.0,4.7,1,1,2,2,1,1,2,2,8.1
1,5,7.9,0,77,82,2,3,2,64.2,54.5,5.5,85.0,4.4,1,1,3,2,1,1,2,9,6.6
1,7,8.1,0,55,63,2,2,3,59.5,46.9,4.0,87.8,4.6,1,1,1,0,0,1,0,4,7.8
1,5,7.6,0,55,67,2,2,0,46.5,30.7,4.3,86.0,4.0,1,1,3,2,1,1,1,8,4.4
0,1,6.8,1,56,82,1,2,1,31.5,17.2,4.2,81.0,4.0,1,1,0,0,0,0,0,4,4.3
0,0,8.2,0,78,82,0,2,2,47.1,34.3,4.6,83.0,4.8,1,1,1,3,1,1,1,2,7.1
0,4,7.6,0,77,71,0,3,0,44.1,48.3,6.8,87.0,4.1,1,1,2,3,1,1,2,3,4.9
1,2,8.5,0,80,86,2,2,0,66.6,49.3,5.5,86.0,4.3,1,1,3,1,1,1,1,6,8.7
1,3,8.7,0,75,87,1,2,2,70.6,67.1,5.3,74.0,4.1,1,1,2,3,1,1,0,8,8.5
0,2,7.8,0,64,67,1,2,1,59.4,59.3,4.2,66.0,3.7,1,1,0,0,0,1,0,0,7.1
1,3,8.2,0,76,66,2,2,2,61.8,41.4,4.7,76.0,4.3,1,1,3,2,1,1,1,8,6.6
1,11,8.7,0,71,57,1,0,0,66.2,57.4,4.4,74.8,4.4,1,0,0,0,0,0,1,8,7.8
0,8,6.6,1,66,73,1,1,0,20.0,10.7,1.9,73.0,4.6,0,0,0,0,0,0,0,8,2.9
0,11,7.7,0,74,85,0,3,3,43.0,39.9,5.7,85.4,4.8,1,1,4,1,1,0,2,8,4.9
1,2,8.1,0,84,81,2,3,2,65.7,63.1,7.8,86.0,4.5,1,1,3,1,1,0,0,8,8.2
1,2,7.3,0,59,57,1,2,0,41.0,47.0,4.9,68.0,3.8,0,1,0,0,0,0,1,0,4.8
0,10,6.7,0,59,69,2,1,2,20.0,19.0,2.6,78.6,3.8,0,1,1,0,0,0,1,8,2.0
1,7,8.5,0,84,88,1,2,3,74.0,57.3,7.6,83.1,4.8,1,1,2,1,1,1,0,2,7.8
1,2,7.0,0,65,57,1,1,0,21.4,17.3,2.3,69.0,4.1,0,0,0,0,0,0,1,5,3.2
0,0,7.7,0,81,73,1,1,0,33.5,19.9,0.0,67.0,4.4,0,1,0,0,0,0,1,4,4.0
0,4,8.0,0,76,84,2,3,2,63.5,69.8,7.6,90.0,4.7,1,1,0,0,0,0,1,4,8.1
0,10,7.7,0,62,62,2,1,0,39.1,42.2,4.2,65.1,4.2,0,1,1,0,0,0,2,8,5.6
1,5,6.5,0,66,67,1,1,2,20.0,7.6,5.8,74.0,4.7,1,1,0,0,0,0,1,1,2.0
1,10,6.9,0,71,73,1,0,1,20.2,24.4,1.4,66.8,4.2,0,0,0,0,0,0,1,8,4.9
0,6,8.3,1,81,85,0,3,1,74.3,67.9,7.4,90.0,4.8,1,1,1,2,1,1,2,4,9.2
1,0,7.9,2,57,72,1,3,0,52.8,33.5,7.5,82.0,4.7,1,0,0,0,0,1,2,1,6.8
1,9,6.5,1,64,85,0,2,1,20.0,11.5,4.0,69.7,4.1,1,1,1,0,0,0,0,4,2.9
0,10,7.9,0,60,64,0,1,0,43.7,42.0,4.7,71.7,3.6,1,1,0,1,0,0,2,3,6.1
1,8,7.6,0,55,71,1,2,2,38.7,47.6,2.0,75.7,4.1,0,0,1,0,0,1,2,8,5.5
1,3,8.2,0,82,85,2,3,2,76.4,63.9,6.5,85.0,4.4,1,1,2,2,1,1,0,6,10.0
0,0,8.3,0,63,88,0,3,2,63.8,44.5,6.6,90.0,4.3,1,1,4,1,1,1,1,1,7.5
0,0,8.2,0,81,79,2,3,2,64.0,45.8,9.1,90.0,4.6,1,1,3,1,1,1,0,4,7.1
1,0,8.1,0,78,85,1,3,1,57.6,48.1,7.4,89.0,4.7,1,1,3,1,1,1,1,3,7.5
1,8,7.3,0,60,83,1,2,0,33.0,29.2,2.6,76.0,4.7,1,1,0,3,1,0,2,2,3.8
0,7,8.3,0,80,85,1,2,1,67.7,43.0,6.9,90.0,4.4,1,1,3,2,1,1,1,4,7.3
1,3,7.8,1,86,73,2,2,1,45.3,33.0,4.9,84.0,4.0,0,1,0,0,0,0,1,6,5.6
0,6,8.2,1,83,79,2,2,2,70.4,48.2,4.0,90.0,4.8,0,1,1,0,0,0,0,9,7.9
1,3,6.9,0,55,64,0,2,1,25.2,13.1,3.8,76.0,3.7,0,0,0,0,0,0,1,3,2.5
1,3,7.2,0,76,84,1,3,3,43.5,23.2,6.3,88.0,4.6,0,1,2,3,1,0,2,9,4.3
1,4,8.2,0,82,63,1,2,1,49.2,51.1,6.0,90.0,4.8,1,0,0,0,0,0,0,8,8.8
1,6,7.6,2,55,82,1,1,2,47.6,35.5,5.2,89.5,3.9,0,0,2,2,1,0,1,9,5.8
1,10,6.6,2,59,62,0,2,0,20.3,20.8,2.2,83.5,4.1,0,1,0,0,0,0,1,8,2.0
1,11,7.4,0,58,73,1,2,1,40.5,32.3,2.7,79.1,3.8,0,1,0,0,0,0,2,4,4.7
1,2,7.0,0,62,81,0,1,3,20.0,36.9,1.3,86.0,4.2,0,1,0,0,0,1,1,7,4.7
1,0,6.5,0,55,68,1,1,0,20.0,26.0,1.8,69.0,4.3,0,1,0,0,0,0,1,9,3.4
0,8,7.7,0,55,70,1,1,0,26.7,6.9,1.8,86.2,4.1,0,1,0,0,0,0,1,9,5.2
1,7,8.2,0,83,64,1,3,1,63.9,39.8,5.9,86.3,4.3,1,0,0,0,0,1,1,8,7.9
0,4,6.8,2,59,68,0,1,1,20.0,18.1,2.8,67.0,3.4,0,1,0,0,0,0,1,7,3.4
1,5,7.3,0,66,62,1,3,0,38.2,34.8,5.8,77.0,4.2,0,0,0,0,0,0,1,8,4.8
1,0,6.5,0,72,72,0,1,2,20.0,28.4,1.9,89.0,3.8,0,0,2,2,1,0,1,1,2.4
1,0,6.5,0,65,65,1,1,1,20.0,25.0,1.8,82.0,4.1,0,0,0,0,0,0,2,7,3.5
1,11,7.7,0,57,62,2,2,3,39.2,27.4,3.0,67.1,4.0,0,1,1,0,0,0,0,7,6.5
1,0,7.8,0,88,80,2,3,2,63.7,42.9,8.8,90.0,4.8,1,1,1,3,1,1,0,2,6.3
1,0,7.5,2,72,62,1,1,0,39.4,32.2,2.8,85.0,4.2,0,1,0,0,0,0,2,0,5.5
0,11,8.6,0,70,83,0,2,0,63.7,43.3,7.3,85.4,4.5,1,0,0,1,0,0,0,7,9.0
1,4,6.8,1,56,70,1,1,0,20.5,18.9,2.7,79.0,4.3,0,1,1,3,1,1,2,0,2.7
1,5,7.8,0,61,69,0,1,1,41.1,37.7,1.6,72.0,4.0,0,0,0,0,0,1,1,8,6.2
1,2,7.6,0,73,78,1,3,0,44.8,27.6,8.1,80.0,4.8,1,1,3,2,1,1,2,8,5.5
1,5,6.8,0,59,67,1,1,0,23.2,33.6,1.0,74.0,4.3,0,1,3,2,1,0,1,3,4.0
1,8,7.7,0,63,61,0,2,0,49.2,39.9,7.7,74.1,4.5,1,1,0,0,0,1,2,7,6.1
1,4,8.2,0,78,65,1,3,2,62.1,39.5,5.9,79.0,4.1,1,1,4,1,1,0,2,3,7.6
0,2,7.4,0,63,73,0,1,0,30.5,33.1,1.2,66.0,4.2,0,0,0,0,0,0,1,8,4.7
1,3,8.5,0,80,58,1,3,0,70.6,43.9,5.5,74.0,4.0,1,1,0,0,0,1,1,8,9.2
1,6,7.6,0,55,63,0,3,2,44.5,22.1,6.9,72.2,4.1,1,0,0,0,0,0,0,2,5.9
1,2,7.2,0,55,74,0,1,0,20.0,21.3,2.5,75.0,3.5,0,0,0,0,0,0,0,2,5.6
0,5,8.1,0,80,87,1,2,0,47.4,49.2,5.4,77.0,4.8,1,1,2,2,1,1,2,8,7.4
0,0,6.8,1,57,88,0,2,0,28.5,18.3,4.4,78.0,4.1,0,1,0,0,0,0,0,1,3.8
0,5,8.3,0,76,82,1,3,0,61.6,58.8,6.9,78.0,4.7,1,1,0,0,0,1,2,5,8.1
0,0,7.7,1,58,72,1,1,2,33.3,29.5,1.1,85.0,3.6,0,0,2,2,1,1,1,5,5.7
0,0,7.7,0,71,72,0,2,0,34.8,25.7,4.6,77.0,4.6,1,1,0,0,0,1,1,6,5.8
1,2,7.4,0,57,67,1,1,0,20.0,25.7,4.0,85.0,3.7,0,0,0,0,0,0,2,8,2.8
0,0,6.6,0,63,67,1,1,1,20.0,21.4,2.6,67.0,4.1,0,1,0,0,0,0,0,0,2.4
1,4,7.1,0,75,82,1,2,1,41.0,34.0,4.3,84.0,4.3,1,1,0,0,0,0,1,4,4.5
1,11,8.2,1,80,87,1,3,2,61.1,55.1,5.8,89.8,4.8,1,1,3,2,1,0,1,6,8.2
1,0,8.5,1,71,84,1,3,2,72.6,49.5,6.8,85.0,4.6,1,1,4,1,1,1,0,2,7.5
0,6,7.8,1,74,69,2,2,1,61.4,44.5,6.9,89.9,4.5,0,1,4,2,1,0,1,6,5.2
1,2,7.5,0,55,70,1,1,0,34.5,34.0,1.8,71.0,4.1,1,1,0,0,0,0,1,6,5.0
0,6,7.8,0,59,71,0,2,0,41.4,38.1,5.2,86.9,3.8,1,1,0,1,0,0,0,2,4.7
0,1,6.8,2,58,68,1,1,1,20.0,18.7,2.7,78.0,3.8,0,0,0,0,0,0,2,8,2.7
0,2,8.1,0,75,85,2,2,2,56.6,40.8,5.0,87.0,4.8,1,1,3,2,1,0,1,8,6.7
0,0,7.2,0,78,75,1,2,2,36.0,28.9,3.5,66.0,4.1,1,1,2,3,1,0,0,3,3.1
0,0,8.0,0,82,82,2,1,2,49.0,29.6,2.4,88.0,3.8,1,0,0,0,0,0,1,4,5.6
1,8,7.4,0,56,69,0,1,1,31.3,31.6,4.7,89.4,4.3,0,1,0,0,0,1,0,1,5.3
0,0,8.2,0,90,66,2,3,2,62.8,46.6,7.5,87.0,4.7,1,0,3,2,1,0,2,4,7.3
1,4,8.5,0,75,88,2,3,2,77.2,78.3,6.9,90.0,4.8,1,1,4,1,1,1,1,7,9.8
1,2,7.5,2,55,63,1,1,0,25.1,21.4,2.5,60.0,3.7,0,0,0,0,0,1,0,8,5.4
0,5,8.4,0,76,69,1,1,2,55.2,41.4,3.8,67.0,3.8,1,1,0,0,0,0,1,4,7.3
0,1,8.4,0,85,68,1,3,2,60.7,52.7,5.8,90.0,4.8,1,1,2,2,1,0,1,5,8.5
0,4,7.9,0,79,70,1,2,3,57.3,47.5,4.5,84.0,4.5,1,0,0,0,0,1,1,1,7.3
1,2,7.6,0,61,68,1,2,0,37.9,21.4,3.6,75.0,3.8,0,1,0,0,0,0,0,7,5.9
1,2,8.2,0,73,70,1,2,2,54.1,41.4,4.6,89.0,4.8,1,1,2,2,1,0,0,4,7.0
1,2,7.5,0,55,71,1,1,0,41.6,41.1,1.1,78.0,4.0,0,0,0,0,0,0,1,8,5.6
1,2,8.5,0,81,84,2,2,2,56.2,49.3,5.0,84.0,4.5,1,1,3,2,1,1,2,7,8.8
1,2,6.5,2,60,62,0,1,0,20.0,17.7,2.4,84.0,4.1,0,1,0,0,0,0,1,8,2.0
0,0,8.1,0,68,66,0,2,1,42.0,26.9,2.5,79.0,4.4,0,0,1,3,1,1,1,6,5.1
1,2,8.0,0,72,84,1,3,2,64.0,42.0,6.6,90.0,4.7,1,1,0,0,0,0,0,7,8.2
0,8,6.5,1,68,67,0,0,1,20.0,14.4,1.5,65.8,4.1,0,0,0,0,0,0,1,8,3.2
1,4,7.9,0,76,88,0,3,1,57.3,30.9,7.1,86.0,4.6,1,1,3,2,1,1,0,0,5.0
1,0,8.1,2,83,88,2,3,3,67.0,48.1,6.7,90.0,4.5,1,1,2,2,1,0,1,1,6.8
0,2,8.7,0,72,68,1,2,2,67.8,55.7,3.5,73.0,4.4,0,1,0,0,0,0,1,8,9.3
1,5,6.5,0,63,67,1,1,1,20.0,23.1,0.9,76.0,4.2,0,1,0,0,0,0,0,8,2.0
0,7,7.7,1,76,88,0,1,0,42.6,26.4,2.6,90.0,4.6,0,0,2,3,1,0,1,6,3.7
1,8,7.5,1,58,70,0,0,1,29.5,32.7,2.6,74.8,4.6,0,1,0,1,0,1,0,4,5.0
1,0,7.7,0,87,86,1,2,2,44.0,58.5,5.0,85.0,4.8,1,1,2,2,1,0,1,0,6.9
0,2,8.0,0,83,85,2,1,0,49.0,54.6,3.8,90.0,4.7,1,1,3,2,1,0,0,0,7.8
1,4,7.6,0,74,66,1,2,1,39.8,30.2,2.4,81.0,3.9,0,0,0,0,0,0,1,4,5.1
1,5,8.6,0,71,79,2,3,0,80.5,52.7,7.4,79.0,4.7,1,0,0,0,0,1,1,8,9.7
1,0,7.6,1,69,61,1,3,2,45.6,55.6,7.1,85.0,4.4,1,1,3,2,1,0,0,0,6.5
0,3,8.9,0,82,81,1,3,2,76.0,56.8,7.4,81.0,4.8,1,0,3,2,1,1,1,6,8.5
1,10,8.5,0,83,85,0,3,1,58.9,43.1,9.5,90.0,4.8,1,1,1,3,1,1,2,8,7.7
0,7,8.5,1,85,84,0,2,3,72.9,57.5,7.0,90.0,4.7,0,1,0,1,0,1,2,1,9.4
1,6,8.6,0,60,70,0,1,0,40.1,33.0,1.2,79.1,4.1,0,1,0,0,0,0,0,2,6.8
1,3,7.8,0,88,83,1,3,2,48.3,44.1,6.8,83.0,4.8,1,1,3,2,1,1,1,6,5.5
1,9,8.3,0,82,85,2,3,1,74.1,54.7,6.2,82.6,4.7,1,1,3,1,1,0,1,8,8.5
1,7,8.9,1,72,83,1,2,1,85.5,50.3,6.7,90.0,4.8,1,1,4,2,1,1,2,6,8.2
1,5,8.4,0,74,84,2,3,2,68.1,54.8,7.2,90.0,4.7,1,1,4,1,1,1,1,8,7.8
1,4,7.5,0,76,68,2,1,1,42.5,44.9,1.8,82.0,4.7,0,0,0,0,0,1,1,3,6.2
1,2,7.8,0,55,66,0,1,0,35.5,19.9,3.4,71.0,4.3,0,0,0,0,0,1,2,8,5.0
1,8,6.7,0,55,67,1,2,2,30.3,13.1,4.3,70.9,4.4,0,0,0,0,0,0,0,4,2.0
1,0,7.6,0,77,79,0,1,0,30.4,44.4,2.4,90.0,4.1,0,1,0,0,0,0,1,9,5.6
0,7,6.6,1,81,83,1,1,0,22.7,22.0,1.7,87.9,4.1,1,1,0,0,0,0,1,4,4.3
0,2,7.4,0,62,60,1,2,0,37.6,17.6,4.6,76.0,3.5,0,1,0,0,0,0,1,4,2.9
1,2,7.7,0,55,62,1,3,0,51.1,50.3,7.2,78.0,4.4,1,0,0,0,0,1,2,8,6.5
1,1,7.1,0,65,66,0,1,1,20.5,14.8,1.2,69.0,4.8,0,0,0,0,0,0,1,8,3.2
0,6,7.3,0,70,71,0,1,1,41.5,39.0,3.1,82.2,3.8,0,0,1,0,0,0,1,1,5.1
1,7,8.1,0,84,87,2,2,2,67.3,58.8,5.3,90.0,4.8,1,1,4,2,1,0,1,0,8.3
0,6,6.6,1,75,73,2,3,0,48.8,47.8,7.8,74.1,4.5,1,1,0,1,0,0,0,1,5.2
1,0,7.5,0,75,70,1,1,1,39.6,31.0,2.8,60.0,4.8,1,1,0,0,0,0,2,4,4.3
1,2,7.7,0,75,71,1,1,1,32.3,13.3,1.4,90.0,4.1,0,1,2,2,1,1,2,9,3.4
1,7,7.5,1,55,72,0,2,1,38.4,46.0,2.2,81.5,4.7,1,1,1,1,0,1,2,9,6.4
0,8,8.2,0,81,86,2,3,2,74.2,59.1,7.1,87.2,4.6,1,1,4,3,1,1,2,4,9.0
1,3,6.9,1,60,65,1,1,0,20.0,17.9,2.3,77.0,3.4,0,0,0,0,0,0,0,8,3.4
1,0,8.0,0,78,79,2,1,0,55.3,43.4,2.2,74.0,4.6,1,1,4,1,1,0,1,1,5.9
1,10,8.1,2,57,67,2,2,0,49.6,51.6,1.6,84.5,4.7,0,1,0,0,0,0,1,8,8.1
1,5,7.4,0,75,68,1,1,0,31.4,39.3,1.3,80.0,4.1,0,1,0,0,0,0,0,6,4.4
1,3,7.6,0,55,57,1,1,0,40.7,46.7,2.2,75.0,4.0,0,0,0,0,0,1,1,6,5.6
0,11,8.1,0,82,84,2,3,0,67.6,67.8,7.6,74.0,4.3,1,1,1,0,0,0,1,8,8.3
1,0,8.3,0,83,86,2,3,2,60.8,50.1,5.7,87.0,4.8,1,1,2,2,1,1,0,5,6.3
1,5,8.2,0,83,87,2,2,2,70.2,53.6,5.8,73.0,4.6,1,1,0,0,0,1,2,8,7.1
1,4,8.3,0,72,69,1,3,1,68.6,54.0,6.3,88.0,4.8,0,1,2,2,1,1,0,1,7.6
0,3,8.4,0,72,68,0,2,1,51.8,47.4,4.6,87.0,4.4,0,1,3,1,1,0,1,8,7.9
1,3,7.8,0,75,86,2,3,2,66.4,70.8,8.2,87.0,4.5,1,1,0,0,0,1,2,8,8.3
1,1,6.6,2,57,72,1,1,0,20.0,27.5,1.5,68.0,4.6,0,0,0,0,0,1,1,8,4.4
1,2,6.5,1,55,66,1,1,0,20.0,35.8,2.0,77.0,4.3,0,0,0,0,0,0,0,8,3.4
0,4,6.9,2,78,85,1,2,1,29.6,28.8,3.3,90.0,3.9,1,1,0,0,0,1,1,9,3.9
0,10,8.3,0,57,66,1,1,0,43.9,35.9,0.0,71.0,4.0,0,1,0,0,0,0,2,7,5.7
0,9,7.6,0,80,71,0,3,0,50.5,36.5,6.4,90.0,4.6,1,1,3,2,1,0,2,4,4.0
1,3,7.9,0,76,72,1,3,0,63.3,68.5,6.0,82.0,4.5,1,1,0,0,0,1,1,8,8.9
1,6,8.3,0,69,87,1,1,2,52.7,49.6,7.2,82.8,4.4,1,0,3,1,1,1,0,2,7.4
0,4,7.5,0,87,70,0,1,0,28.1,35.2,1.7,67.0,4.5,0,0,0,0,0,0,1,1,4.8
0,6,8.3,0,76,85,2,2,1,64.1,49.1,6.0,84.8,4.4,1,1,3,2,1,0,1,9,7.1
1,7,7.4,0,76,88,1,2,2,42.9,33.4,5.7,82.9,3.9,0,1,1,3,1,1,2,0,5.1
0,0,8.5,0,77,88,1,3,2,76.3,48.4,6.9,89.0,4.8,1,1,4,1,1,1,2,4,8.2
0,3,7.7,0,89,87,2,1,1,47.0,20.5,3.2,79.0,4.6,1,1,2,2,1,0,2,6,5.1
1,8,8.7,0,78,83,1,3,0,74.6,50.4,7.3,81.8,4.8,1,1,3,2,1,1,2,7,9.1
1,7,6.6,2,56,64,1,1,0,25.4,19.6,0.0,62.9,4.0,0,0,1,0,0,0,1,4,3.0
0,6,8.6,0,55,71,1,1,0,58.8,47.7,3.8,68.5,4.4,0,1,0,1,0,0,2,3,9.7
0,4,8.2,0,60,74,2,2,0,62.0,41.2,4.3,74.0,4.1,0,0,0,0,0,1,1,0,7.9
0,4,8.6,0,73,87,2,3,2,73.0,69.4,6.3,89.0,4.8,1,1,4,1,1,1,0,0,8.0
1,2,6.7,1,55,65,1,1,1,25.7,20.6,2.3,82.0,4.3,0,1,0,0,0,0,2,8,3.2
0,2,6.5,1,55,75,1,1,1,20.0,0.0,1.4,70.0,4.3,0,0,0,0,0,0,1,1,2.0
0,3,7.8,0,55,63,0,1,0,30.5,36.9,2.6,74.0,4.0,0,0,0,0,0,0,2,8,5.8
0,9,7.8,1,72,80,2,3,2,57.2,26.7,7.3,89.4,4.6,1,1,3,1,1,1,1,0,4.8
0,0,7.4,2,60,73,1,1,0,20.0,22.0,1.9,67.0,4.1,0,1,0,0,0,0,1,2,3.2
0,2,6.8,0,62,63,1,1,1,27.4,11.3,1.4,60.0,3.9,0,0,0,0,0,0,2,1,2.3
1,2,7.6,1,58,66,0,1,1,24.4,29.1,2.6,76.0,3.8,0,0,0,0,0,0,0,7,3.7
1,5,8.0,0,58,63,1,1,1,40.2,25.6,1.3,70.0,4.6,0,1,0,0,0,1,1,8,6.0
1,8,7.4,1,81,71,0,1,2,30.5,35.4,5.9,82.9,4.5,1,1,0,0,0,1,1,4,5.7
0,2,7.6,0,75,88,1,2,1,44.6,27.6,6.5,81.0,4.4,1,1,1,3,1,1,0,6,6.1
0,7,7.3,0,61,73,1,0,0,43.4,37.6,1.2,67.4,3.3,0,1,1,0,0,0,0,6,5.6
0,11,6.5,0,59,57,1,2,0,23.9,22.4,1.8,77.3,4.1,0,0,0,1,0,0,2,1,2.7
1,7,8.2,1,64,83,1,2,1,74.2,60.9,6.2,90.0,4.8,1,1,3,3,1,1,0,6,9.3
0,5,7.6,2,59,73,1,3,0,47.8,39.6,7.0,70.0,4.8,0,1,0,0,0,0,2,9,5.8
1,3,7.7,0,55,67,1,1,0,31.1,25.4,1.5,70.0,3.9,0,1,0,0,0,0,2,6,5.7
1,2,8.2,0,80,83,0,3,2,48.7,32.4,6.6,80.0,4.8,1,1,3,2,1,1,1,0,4.0
1,7,8.0,0,66,85,1,3,1,64.5,26.3,4.8,90.0,4.3,1,1,4,3,1,1,1,0,5.8
1,0,7.9,0,74,79,2,1,2,43.6,38.9,2.3,90.0,4.5,1,0,0,0,0,0,0,0,6.0
1,5,7.7,1,65,72,1,1,1,36.2,41.9,2.5,78.0,4.8,0,0,0,0,0,0,2,8,7.0
0,3,8.7,0,74,83,1,3,3,70.7,60.6,5.9,89.0,4.8,1,1,0,0,0,1,0,9,9.2
0,1,6.8,0,60,62,1,1,1,20.0,12.1,4.7,71.0,4.3,0,1,0,0,0,0,1,6,3.8
1,11,7.6,1,55,69,1,2,1,37.9,53.2,3.8,78.5,4.0,1,1,0,0,0,0,2,0,6.4
1,11,7.3,0,65,71,0,3,1,42.4,19.6,6.6,72.1,4.4,0,0,0,0,0,1,1,4,3.6
1,2,7.4,0,55,66,0,1,0,25.4,20.1,2.7,79.0,4.0,0,1,0,0,0,0,0,8,5.0
1,0,7.8,0,79,65,1,1,2,39.6,39.5,1.8,81.0,4.8,1,1,2,3,1,0,2,5,6.2
1,3,6.5,0,68,68,1,2,2,23.9,22.9,2.5,70.0,4.1,0,0,0,0,0,0,0,0,2.4
0,6,8.0,0,64,88,1,1,1,45.2,37.5,3.4,83.5,4.6,1,1,0,0,0,0,0,9,6.4
1,1,8.0,0,81,88,0,3,2,64.7,54.1,8.4,86.0,4.3,1,1,2,3,1,1,1,8,6.7
1,3,7.5,0,56,74,1,1,0,36.6,36.4,1.6,79.0,4.5,0,0,0,0,0,0,2,8,4.8
1,5,7.6,0,69,69,0,1,1,28.3,15.9,1.4,70.0,4.0,0,0,0,0,0,0,2,8,4.2
1,1,6.9,0,78,82,0,1,2,20.0,25.5,3.3,76.0,4.8,1,0,2,3,1,0,2,8,3.3
0,11,7.9,1,77,69,0,1,1,40.4,31.4,3.8,82.5,4.8,1,1,0,0,0,0,2,9,6.6
1,3,7.4,0,68,83,1,1,1,26.8,28.6,2.8,75.0,3.5,0,0,0,0,0,0,0,7,3.8
1,8,7.4,0,61,63,1,0,2,31.7,14.9,1.8,73.5,3.6,0,1,1,0,0,0,1,8,3.1
0,0,8.2,0,81,85,0,3,2,58.4,41.6,7.5,90.0,4.5,1,1,2,3,1,1,0,5,6.0
0,0,7.5,0,55,67,0,3,1,42.4,39.5,6.5,79.0,4.4,1,1,0,0,0,0,2,1,6.6
1,11,7.9,0,56,71,0,3,2,64.0,52.4,4.3,78.2,3.6,0,0,1,0,0,0,2,9,7.4
0,11,8.7,0,85,72,0,3,1,76.1,56.5,6.2,71.6,4.7,1,1,0,3,1,0,1,7,9.1
1,3,7.0,0,75,67,0,2,1,20.3,25.9,5.8,67.0,3.8,1,0,0,0,0,0,2,8,4.6
0,6,6.6,2,62,64,1,1,0,24.2,27.1,3.0,76.8,4.8,0,0,1,0,0,0,1,1,4.1
1,2,6.5,2,59,59,1,1,0,20.0,27.8,0.5,68.0,3.8,0,1,0,0,0,0,0,8,4.5
1,9,6.6,2,55,71,2,2,0,20.9,22.4,3.1,76.9,3.9,0,0,0,0,0,0,1,8,2.0
1,10,7.6,1,58,81,2,1,1,27.8,24.1,3.0,83.2,4.7,1,0,1,0,0,0,2,9,5.1
1,5,7.5,0,55,64,1,1,0,34.7,41.2,3.4,75.0,3.9,0,1,0,0,0,0,1,8,5.6
1,0,8.3,0,78,80,1,2,1,55.3,41.7,5.7,76.0,4.2,1,1,0,0,0,1,0,1,6.4
1,2,8.0,0,64,83,0,3,0,59.5,43.0,7.9,68.0,4.2,1,0,2,2,1,1,2,0,4.8
0,0,7.5,0,89,86,0,3,2,43.4,39.9,6.0,90.0,4.3,0,1,2,2,1,0,1,1,4.8
0,4,8.1,0,57,63,1,1,0,43.1,26.7,3.5,77.0,4.8,1,0,2,2,1,1,1,1,4.3
1,9,7.4,1,58,66,2,1,2,37.6,37.3,4.2,79.1,4.8,1,0,0,0,0,1,2,7,5.0
1,4,8.1,0,73,81,2,3,0,63.4,57.9,7.4,86.0,4.3,1,1,1,3,1,1,1,0,7.2
0,7,8.7,0,81,87,2,3,3,66.8,46.3,5.8,90.0,4.8,1,1,3,2,1,1,1,6,8.7
1,1,7.4,0,55,67,1,1,1,34.7,34.2,1.3,66.0,4.0,0,1,0,0,0,0,0,9,4.9
0,5,6.5,1,55,71,1,1,0,20.0,15.3,3.4,78.0,4.0,0,0,0,0,0,0,2,8,2.0
0,0,8.2,0,72,81,1,2,2,51.4,45.0,4.9,74.0,4.4,1,1,3,2,1,1,1,5,5.7
1,3,8.6,0,83,68,0,3,2,65.0,49.3,6.2,89.0,4.3,1,1,4,1,1,0,1,4,8.3
1,2,7.5,0,64,72,1,1,1,39.1,46.5,2.2,73.0,4.2,1,1,0,0,0,0,2,0,5.5
1,10,7.6,1,56,66,1,0,0,39.6,39.4,2.5,64.1,3.4,0,0,1,0,0,0,0,7,6.2
1,0,7.7,0,56,68,0,1,1,36.5,24.2,2.1,76.0,4.2,0,0,0,0,0,1,2,1,4.3
1,0,9.0,0,79,85,1,3,2,73.9,65.9,6.3,78.0,4.8,1,1,3,2,1,1,2,1,9.6
0,6,6.5,2,55,61,1,2,2,25.0,28.2,2.2,73.5,3.3,0,1,0,0,0,1,2,0,3.7
1,3,7.4,0,55,64,1,2,1,39.7,42.1,4.1,77.0,3.9,0,1,0,0,0,0,0,1,5.9
1,7,7.7,0,67,76,1,2,0,54.0,55.1,3.9,75.4,4.2,0,1,0,0,0,0,1,7,6.8
0,0,6.5,0,69,66,1,1,0,20.0,35.9,3.6,68.0,4.0,1,0,0,0,0,0,1,2,3.8
1,5,6.5,2,77,73,2,3,0,29.8,21.5,7.7,89.0,4.4,1,1,2,3,1,0,2,2,2.6
1,6,8.1,0,80,83,2,3,3,72.4,73.1,7.5,90.0,4.8,1,1,3,3,1,1,2,9,8.6
1,2,8.2,0,78,66,2,3,2,68.2,65.5,7.2,86.0,4.4,1,1,1,3,1,1,1,5,8.3
1,2,7.7,0,88,78,2,3,0,60.2,62.3,5.6,90.0,4.7,1,0,0,0,0,0,1,7,7.5
1,6,6.5,1,72,64,0,1,0,24.9,23.5,3.4,76.4,4.4,1,1,0,1,0,0,0,2,2.0
1,5,8.3,0,80,83,2,3,2,75.6,56.9,7.3,90.0,4.7,1,1,2,3,1,1,2,1,6.7
1,6,7.9,0,82,83,1,3,3,71.5,72.5,7.1,77.2,4.6,0,1,3,2,1,1,2,2,7.0
1,3,7.4,0,80,75,1,1,2,27.2,46.3,2.8,84.0,4.7,1,1,1,3,1,1,2,8,4.8
0,8,7.0,1,61,58,0,1,0,20.0,31.7,2.6,71.1,4.0,0,0,1,0,0,0,1,2,4.2
0,3,8.1,0,75,88,1,3,2,68.0,44.0,6.3,78.0,4.7,1,1,0,0,0,1,2,6,8.3
1,0,8.5,0,70,85,2,3,2,89.8,65.7,6.8,84.0,4.8,1,1,2,2,1,1,0,9,9.3
1,0,8.4,0,78,73,1,3,2,67.7,45.3,6.3,78.0,4.5,1,1,1,3,1,0,1,2,7.5
0,7,7.5,0,58,65,0,2,0,34.6,23.9,2.9,71.1,3.8,0,1,0,1,0,0,1,7,5.4
1,0,8.4,0,87,83,2,3,0,71.7,55.6,7.3,90.0,4.5,1,1,3,1,1,1,1,2,8.5
0,7,8.2,0,73,72,0,2,2,59.3,40.2,3.7,86.3,4.7,0,1,2,2,1,0,2,1,6.8
1,4,8.1,0,64,80,1,3,2,51.9,42.8,5.0,79.0,4.6,0,1,2,2,1,0,1,2,7.6
1,9,7.5,2,60,64,2,0,0,32.6,39.9,3.3,81.0,3.8,1,1,1,0,0,1,0,1,5.9
1,4,7.6,0,59,65,1,2,0,46.3,40.4,2.3,72.0,4.2,0,1,2,3,1,0,0,0,5.7
0,2,7.8,0,81,84,2,3,2,60.4,51.7,7.1,90.0,4.8,1,1,3,1,1,1,1,8,7.9
0,4,8.1,0,76,88,2,3,2,63.5,62.8,7.2,90.0,4.7,1,1,2,2,1,1,2,4,7.8
0,4,6.5,0,56,82,0,1,0,20.0,10.6,0.9,90.0,4.5,1,1,0,0,0,0,1,2,2.0
1,11,8.1,1,80,85,1,3,1,66.0,38.6,7.8,89.9,4.8,1,1,0,2,1,1,1,7,7.8
1,2,7.7,0,55,60,1,1,1,39.3,33.8,1.8,69.0,4.5,0,1,0,0,0,0,0,6,4.7
0,7,8.1,0,68,85,0,1,3,45.7,24.0,1.0,89.9,4.3,1,0,0,0,0,1,2,0,5.3
1,5,6.5,1,61,65,0,2,2,20.0,18.2,5.5,66.0,4.0,1,1,0,0,0,1,1,9,2.0
0,4,8.6,0,86,87,2,3,0,77.4,52.9,5.7,84.0,4.8,1,1,3,2,1,0,1,4,7.6
1,2,8.5,0,55,70,1,2,0,70.6,67.1,4.2,87.0,4.7,0,1,2,2,1,1,1,0,8.9
0,2,8.1,0,67,84,0,2,0,49.5,56.9,5.7,88.0,4.0,0,1,3,2,1,1,1,8,7.2
0,2,8.6,0,79,87,2,3,2,76.1,54.1,5.6,90.0,4.8,1,1,2,2,1,1,1,1,7.2
0,1,8.2,0,70,86,2,3,2,68.2,61.8,5.4,90.0,4.8,1,1,0,0,0,1,0,4,8.1
0,1,8.7,0,74,87,1,1,2,60.0,48.9,1.6,82.0,4.2,1,1,0,0,0,0,1,8,8.6
0,1,7.4,1,71,66,1,2,0,33.9,38.8,3.3,78.0,4.1,0,1,0,0,0,0,0,8,4.4
0,6,7.7,0,80,83,0,2,2,52.7,43.9,4.5,82.8,4.5,1,1,0,1,0,1,1,0,5.9
1,4,8.3,0,71,84,1,2,1,57.6,44.3,4.8,80.0,4.3,1,1,4,1,1,1,2,9,7.1
0,2,8.3,0,73,84,2,3,2,62.3,38.3,7.6,84.0,4.5,1,0,3,2,1,0,1,7,7.0
0,2,6.9,2,62,66,1,1,1,23.4,16.8,3.1,67.0,3.9,0,1,0,0,0,0,1,5,2.0
1,0,6.9,0,59,66,1,2,1,25.1,17.6,4.5,74.0,4.0,1,1,0,0,0,0,1,3,3.9
1,7,8.5,0,83,83,0,3,1,73.4,54.8,6.2,84.0,4.4,1,1,0,0,0,1,1,8,9.0
0,4,8.1,0,82,85,1,3,1,58.2,51.8,7.0,74.0,4.6,1,0,0,0,0,0,0,9,8.0
0,0,8.4,0,74,80,2,3,2,75.9,69.2,6.3,90.0,4.6,1,1,0,0,0,1,2,5,10.9
1,0,7.6,0,68,80,2,3,0,54.2,51.0,8.0,81.0,3.9,1,1,3,2,1,1,1,7,5.9
1,0,8.1,0,69,84,0,3,2,50.8,48.7,6.7,90.0,4.8,1,1,0,0,0,1,2,9,7.4
0,7,6.7,0,79,87,2,1,1,21.8,16.8,3.5,90.0,4.2,1,0,1,0,0,0,2,6,2.2
1,3,7.7,0,64,61,1,1,0,22.9,24.2,3.5,67.0,4.0,1,0,0,0,0,0,0,6,3.9
0,4,8.3,0,74,88,2,3,2,66.7,55.9,6.9,90.0,4.8,1,1,2,3,1,1,1,2,8.9
0,5,6.6,2,55,69,1,1,1,20.0,19.8,3.0,64.0,4.1,1,0,0,0,0,0,0,8,2.3
1,11,7.5,0,55,81,0,0,0,34.9,41.2,2.5,80.2,4.7,0,0,2,3,1,0,1,7,6.2
1,9,7.6,0,61,59,1,1,1,37.8,25.4,3.0,74.2,4.3,1,1,0,0,0,0,2,8,3.8
1,5,8.4,0,55,66,1,2,1,54.1,61.7,5.4,85.0,4.8,1,1,3,2,1,0,0,8,7.6
0,10,6.7,0,88,83,1,3,1,30.7,40.8,7.5,87.9,4.8,1,1,1,3,1,0,2,8,3.8
1,2,7.7,0,81,71,1,1,1,36.3,23.1,2.5,83.0,4.1,0,0,0,0,0,0,1,8,5.4
1,6,7.8,1,79,69,2,3,0,73.3,62.2,7.0,84.8,4.6,1,1,3,3,1,1,1,7,7.7
0,0,8.2,0,76,88,1,3,2,58.6,42.8,6.2,85.0,4.4,1,1,3,2,1,1,0,3,5.2
0,7,8.4,0,69,88,2,3,0,72.9,51.7,6.1,90.0,4.8,1,1,1,3,1,1,1,4,8.6
1,4,8.3,0,73,81,0,3,0,60.5,41.2,6.3,82.0,4.5,1,1,2,2,1,1,1,2,6.7
0,10,6.7,0,65,69,1,2,0,20.0,11.6,1.2,74.0,3.5,0,1,1,0,0,0,0,8,2.0
1,5,7.2,0,55,61,1,2,2,25.2,26.1,4.5,82.0,4.5,1,0,0,0,0,0,1,8,4.2
1,6,7.6,0,78,88,2,3,3,60.5,45.3,7.4,90.0,4.8,1,1,4,1,1,1,0,0,5.0
0,2,7.3,0,55,67,1,1,0,24.7,20.0,2.8,61.0,3.3,0,0,0,0,0,1,2,8,4.4
1,4,7.3,0,64,85,1,2,1,31.0,33.7,4.8,81.0,4.0,0,1,0,0,0,0,1,5,5.3
0,2,8.2,1,68,87,1,2,2,53.4,44.2,4.7,80.0,4.4,1,1,4,1,1,1,1,0,7.6
0,6,7.8,1,56,66,1,1,0,48.3,48.7,4.1,88.0,4.6,0,1,1,1,0,1,2,9,7.1
1,5,8.0,0,79,87,2,3,2,68.8,78.2,6.3,83.0,4.5,1,1,2,2,1,0,2,7,8.3
1,2,8.0,0,81,81,1,2,2,50.0,47.2,6.5,89.0,4.5,1,1,2,2,1,1,2,5,6.2
0,2,8.1,0,87,88,2,3,2,65.2,70.8,6.7,89.0,4.5,1,1,3,2,1,1,2,2,8.8
0,0,7.3,0,74,75,2,1,1,38.9,35.3,1.1,80.0,4.6,0,1,0,0,0,0,0,2,4.9
1,4,7.5,0,82,64,1,3,0,50.5,30.2,5.6,77.0,4.5,1,0,0,0,0,1,1,2,5.3
1,6,7.6,0,63,62,1,2,0,47.2,38.2,5.1,70.2,3.9,0,1,1,0,0,1,1,1,6.9
1,2,8.5,0,83,85,2,3,2,75.7,56.6,6.5,90.0,4.8,1,1,3,2,1,1,0,4,8.2
1,4,8.1,0,67,76,2,3,2,64.0,42.9,7.0,90.0,4.7,0,0,0,0,0,1,2,6,7.3
1,0,8.3,0,78,80,2,3,2,73.0,52.6,4.4,90.0,4.8,1,1,3,2,1,0,0,1,8.9
1,0,7.3,0,55,62,0,1,0,20.0,25.4,3.3,60.0,3.2,0,0,0,0,0,0,2,5,3.5
1,8,7.7,1,57,71,0,0,0,24.8,23.1,4.9,67.9,4.3,1,1,0,0,0,0,2,2,4.6
0,7,8.4,0,76,68,2,3,1,55.9,40.6,3.1,89.0,4.7,0,1,0,0,0,0,1,7,7.6
1,11,7.7,2,55,63,0,0,1,23.8,18.4,0.4,77.9,3.7,1,1,0,0,0,0,1,5,5.1
1,4,8.4,0,80,70,1,3,0,67.6,63.7,6.3,86.0,4.7,1,1,2,2,1,0,2,4,7.4
1,4,8.0,0,70,83,2,2,2,57.5,68.8,4.2,87.0,4.6,1,1,0,0,0,0,2,1,8.0
1,9,6.6,2,61,67,0,1,0,20.0,11.1,2.8,79.7,4.2,0,0,0,1,0,0,2,2,2.9
1,5,6.6,2,57,62,1,1,0,20.0,11.3,2.1,76.0,4.4,0,0,0,0,0,0,2,8,2.9
0,4,8.3,0,62,82,1,2,1,50.9,35.6,6.6,84.0,4.4,0,1,0,0,0,1,0,2,6.7
1,5,8.7,0,76,85,0,3,2,73.5,51.2,9.0,87.0,4.2,1,1,3,1,1,1,0,8,8.0
1,6,8.0,0,73,81,1,1,1,42.5,40.0,2.4,90.0,4.5,1,1,1,3,1,0,1,1,5.2
1,4,8.0,0,69,81,1,2,0,50.5,29.4,5.9,85.0,4.3,1,1,0,0,0,0,1,7,5.9
1,4,7.7,1,56,65,0,1,1,34.6,36.2,3.9,75.0,3.6,1,1,0,0,0,0,1,4,5.4
0,6,7.7,2,73,80,1,3,0,44.8,32.9,4.6,79.2,4.3,1,1,3,3,1,0,1,7,4.2
0,3,7.8,0,78,80,2,1,0,39.5,24.5,3.4,86.0,4.3,0,1,3,2,1,0,2,1,3.3
1,9,8.3,0,77,87,1,2,1,69.7,56.0,6.1,83.2,4.7,1,0,4,2,1,1,0,8,7.8
1,4,6.8,0,64,69,0,1,0,20.0,19.1,2.9,77.0,3.3,0,0,0,0,0,0,2,5,3.8
1,5,6.6,0,56,66,1,2,1,20.0,41.1,3.2,68.0,4.7,0,0,0,0,0,0,1,7,3.7
1,7,8.4,1,72,85,2,2,3,70.8,59.0,7.5,90.0,4.8,1,0,2,2,1,1,1,1,7.6
1,2,6.5,0,61,61,0,1,1,20.0,19.4,1.0,67.0,3.1,0,0,0,0,0,0,0,5,3.9
0,2,7.7,1,71,63,1,1,0,35.4,24.1,3.8,84.0,4.7,1,1,1,3,1,1,2,7,4.1
0,4,7.6,0,62,80,1,2,0,38.9,35.5,5.4,88.0,4.8,1,1,0,0,0,0,2,5,6.0
0,2,7.7,0,69,86,1,3,2,46.3,54.1,8.6,90.0,4.4,1,1,2,2,1,1,1,8,5.7
1,0,7.5,2,67,64,0,2,1,28.9,25.4,5.9,72.0,4.5,1,0,0,0,0,0,1,4,5.4
1,2,8.2,0,89,82,2,3,2,76.0,67.5,7.6,90.0,4.8,1,1,2,2,1,1,1,0,8.5
1,2,6.6,0,64,73,1,1,1,20.0,32.2,2.1,68.0,3.5,0,0,2,3,1,0,1,6,2.5
0,6,7.6,1,60,67,0,2,2,43.2,40.8,4.2,69.3,4.6,0,1,0,0,0,0,1,2,6.9
0,0,8.2,0,55,80,1,2,0,49.5,42.7,3.8,78.0,3.8,0,1,0,0,0,0,1,2,7.1
1,2,7.4,0,57,66,1,2,1,38.3,37.7,3.1,69.0,3.4,0,1,0,0,0,1,2,8,6.2
1,4,6.5,0,59,67,0,1,0,20.0,27.1,2.7,71.0,3.4,0,1,0,0,0,0,2,3,3.1
0,0,7.5,0,59,59,1,1,1,35.1,40.1,3.8,76.0,4.5,1,0,0,0,0,0,0,3,4.2
0,4,7.4,1,55,58,1,1,0,25.8,16.0,3.2,66.0,4.1,0,0,0,0,0,0,2,1,6.2
0,6,8.2,1,65,85,2,2,2,66.7,51.9,8.9,90.0,4.7,1,1,1,2,1,0,1,1,8.0
1,2,8.4,0,76,85,0,3,2,55.1,58.8,7.6,88.0,3.7,1,1,1,3,1,1,2,6,7.1
0,10,8.7,1,80,77,0,0,2,49.7,49.9,5.5,85.2,4.7,1,1,3,1,1,1,1,8,8.3
0,11,8.2,0,87,82,2,2,2,60.2,43.3,7.2,90.0,4.8,1,1,0,3,1,1,0,4,6.3
1,1,7.2,0,55,78,1,1,2,28.7,38.5,1.3,74.0,4.7,0,0,0,0,0,1,2,8,3.7
0,0,7.3,0,79,80,1,2,2,45.3,38.7,4.0,82.0,4.8,1,0,0,0,0,0,0,1,4.8
1,11,6.7,2,57,65,2,0,2,22.2,31.4,2.4,71.5,4.0,0,1,0,1,0,0,2,0,3.4
1,7,8.6,0,74,87,1,3,2,81.4,79.0,6.6,90.0,4.8,1,1,4,1,1,1,2,9,9.8
0,3,8.6,0,81,79,2,3,2,77.9,68.9,8.2,90.0,4.8,1,1,3,1,1,0,2,8,9.0
0,6,8.0,1,57,70,1,1,0,40.4,22.1,1.2,61.9,4.0,0,0,0,1,0,0,1,3,4.8
0,4,7.7,0,82,81,1,3,2,48.1,52.4,6.7,87.0,4.5,1,1,1,3,1,0,1,4,5.4
0,6,8.1,0,69,77,0,2,3,58.8,54.5,8.2,90.0,4.6,1,1,2,3,1,1,1,1,7.3
0,11,8.7,0,80,66,1,1,1,62.8,51.5,3.0,88.2,3.9,0,1,0,3,1,1,0,0,9.4
1,4,8.0,0,86,81,2,3,2,56.5,60.3,8.7,89.0,4.8,1,1,3,2,1,1,2,0,6.8
0,3,6.5,0,55,73,1,1,1,20.0,20.7,1.5,71.0,4.3,0,1,0,0,0,0,1,8,2.1
0,3,8.0,0,79,81,2,3,2,63.7,40.7,8.0,81.0,3.9,1,1,0,0,0,1,1,8,7.5
1,6,7.5,0,65,87,0,3,2,55.2,60.6,8.3,74.9,4.5,1,1,0,0,0,1,0,1,7.0
1,6,7.5,1,81,81,1,2,0,54.7,54.6,7.8,89.3,4.6,1,0,2,2,1,1,2,0,6.9
1,7,7.8,0,80,64,2,3,3,58.7,48.0,7.2,90.0,3.9,1,1,1,1,0,1,2,6,6.9
1,0,8.1,0,61,69,1,2,0,58.4,55.9,5.1,74.0,4.7,1,1,0,0,0,1,1,5,7.3
1,0,8.5,0,78,87,2,3,2,77.3,54.4,8.1,90.0,4.8,1,1,2,2,1,0,1,1,9.2
1,2,8.4,0,77,87,2,3,2,65.0,76.4,8.3,90.0,4.8,1,1,2,3,1,1,2,6,9.0
1,2,8.2,0,76,82,1,3,2,61.0,53.3,8.0,90.0,4.3,1,1,4,1,1,1,1,8,6.2
1,3,8.0,0,62,83,2,3,2,63.9,38.3,6.2,86.0,4.8,1,1,3,2,1,0,2,8,6.6
1,5,7.7,0,57,73,1,1,0,30.9,20.9,2.1,74.0,3.3,0,1,0,0,0,0,2,8,5.3
1,9,8.3,0,75,85,0,3,2,67.2,65.7,8.5,90.0,4.8,1,1,1,2,1,0,2,8,7.5
0,6,7.8,0,74,72,1,3,1,51.9,36.5,6.9,89.0,4.3,1,1,1,1,1,1,0,2,4.6
0,0,8.5,0,81,88,2,3,2,84.3,73.0,7.3,90.0,4.8,1,1,4,1,1,1,2,2,9.4
1,3,7.5,1,74,85,1,3,1,61.3,46.1,6.3,90.0,4.8,1,1,2,3,1,1,2,8,5.5
1,0,6.6,2,57,65,0,2,0,20.0,13.2,3.8,64.0,3.3,0,1,0,0,0,0,1,0,2.8
1,0,8.1,0,77,84,2,3,2,70.9,58.0,6.6,90.0,4.7,1,1,3,2,1,0,2,1,8.9
1,11,8.5,1,88,84,2,2,1,81.4,68.9,6.3,88.0,4.4,1,1,2,3,1,1,1,9,9.3
1,5,7.8,0,65,66,1,1,1,40.5,32.3,3.7,74.0,3.4,1,1,0,0,0,1,2,8,4.3
1,5,8.7,0,81,82,2,3,2,82.7,66.1,6.7,90.0,4.6,1,1,3,1,1,1,1,9,9.7
0,11,6.5,0,55,61,0,3,0,24.5,32.2,3.1,71.2,4.4,0,0,0,0,0,0,0,8,4.6
0,0,8.1,0,86,83,1,3,1,58.7,48.5,5.7,90.0,4.8,1,1,1,3,1,0,1,0,7.5
1,0,6.5,1,71,73,1,2,1,20.0,17.3,5.8,76.0,4.4,1,1,2,3,1,0,0,5,2.0
1,6,8.1,1,85,76,2,2,2,71.2,65.8,6.8,86.2,4.8,1,0,0,0,0,1,1,1,8.9
1,0,8.0,0,76,84,1,3,2,59.5,38.5,6.0,90.0,4.8,1,1,1,3,1,1,2,5,7.4
1,8,7.5,0,63,71,1,2,1,36.6,36.9,2.5,68.0,4.3,1,1,0,0,0,1,0,1,5.3
1,6,8.3,0,55,80,2,3,2,65.6,50.8,8.2,90.0,4.6,1,1,4,0,1,1,2,7,7.0
1,4,8.5,0,55,65,1,3,1,67.3,56.5,5.3,72.0,3.8,0,1,3,2,1,0,0,4,6.7
0,3,6.5,0,57,71,1,2,1,21.5,4.9,6.5,79.0,3.9,0,1,0,0,0,0,1,7,2.2
1,0,7.7,0,73,66,1,3,2,47.0,48.7,6.5,81.0,4.7,1,1,0,0,0,0,2,4,6.2
1,1,8.3,0,77,84,1,2,1,55.7,57.9,6.0,82.0,4.7,1,1,0,0,0,1,1,8,7.5
0,1,7.4,0,55,67,1,1,1,33.7,44.4,1.2,68.0,4.1,1,1,0,0,0,0,2,8,5.6
1,8,6.6,1,59,77,0,1,2,20.0,25.9,2.0,84.7,4.2,0,1,4,2,1,0,2,7,2.4
0,2,8.0,0,87,81,1,3,2,57.8,57.7,9.1,86.0,4.6,1,1,3,2,1,1,1,8,6.9
1,1,6.6,1,74,76,1,1,0,21.1,24.3,4.7,83.0,3.7,1,1,2,3,1,0,2,5,2.0
0,6,7.4,0,57,64,0,2,1,54.1,39.7,6.1,84.1,3.9,0,1,0,0,0,1,0,5,5.0
0,0,7.4,0,63,66,1,1,1,29.1,29.4,3.2,69.0,3.9,1,1,0,0,0,1,1,2,4.0
1,7,7.6,0,57,65,0,2,2,38.8,39.6,5.1,83.7,4.1,1,0,0,0,0,1,1,7,5.8
1,7,6.8,0,76,64,2,3,3,33.8,31.7,2.2,86.1,4.5,1,1,2,2,1,0,2,6,3.5
1,2,6.5,0,83,87,2,2,2,31.4,18.9,6.3,79.0,4.5,1,1,2,3,1,0,2,6,2.4
0,9,8.2,0,81,86,2,3,1,76.2,62.6,7.2,87.0,4.6,1,1,4,3,1,1,1,9,9.5
0,10,6.7,1,61,73,1,0,1,20.0,16.1,3.3,76.4,3.7,1,1,0,0,0,0,2,7,2.9
1,0,8.0,0,73,84,1,0,2,31.1,42.0,0.8,79.0,4.4,1,1,2,2,1,0,0,7,4.3
0,7,8.3,2,69,67,2,2,2,63.2,49.1,3.6,77.4,3.8,0,1,1,0,0,0,2,7,8.7
1,6,7.6,1,79,82,2,3,0,58.3,51.7,7.8,82.6,4.7,1,1,2,2,1,1,0,1,7.2
0,1,7.4,0,87,84,2,3,2,51.8,36.6,6.4,79.0,4.7,1,0,1,3,1,1,1,8,5.7
0,8,7.4,0,71,72,1,3,2,31.7,22.2,4.2,71.0,4.7,0,1,0,0,0,0,1,1,4.2
1,7,8.4,0,76,85,2,2,1,85.2,76.0,8.7,90.0,4.8,1,1,3,1,1,1,1,3,10.4
1,5,7.4,0,62,79,1,2,0,32.8,28.9,4.7,80.0,4.2,1,1,0,0,0,0,1,8,4.3
1,5,8.6,0,80,72,1,3,0,72.5,45.8,7.3,89.0,4.5,1,1,3,2,1,0,2,4,9.1
0,6,7.7,0,69,65,1,3,0,52.4,35.9,5.0,81.4,4.1,0,1,3,1,1,0,2,2,6.9
0,3,8.3,0,68,81,2,3,2,67.8,38.0,8.7,90.0,4.8,1,1,0,0,0,1,0,2,7.3
1,0,8.3,0,79,82,0,1,1,49.4,38.8,1.8,77.0,4.7,1,1,3,2,1,0,0,7,4.9
1,8,8.0,1,68,82,2,2,1,43.5,24.7,5.0,84.7,4.8,1,1,2,2,1,0,0,0,5.2
1,1,8.2,0,77,87,1,3,2,61.9,33.6,6.1,90.0,4.3,1,1,4,1,1,1,1,8,7.0
1,5,8.6,1,56,87,0,2,1,58.9,53.4,5.7,90.0,4.6,1,1,3,1,1,1,0,6,6.9
1,7,7.4,0,86,83,1,1,0,39.3,28.3,6.5,81.3,4.7,1,1,1,0,0,1,1,1,4.8
1,5,7.7,0,56,62,0,1,0,36.6,30.2,2.3,69.0,3.9,0,1,0,0,0,1,2,7,5.0
0,0,6.8,2,55,62,1,1,1,20.0,37.7,1.7,65.0,4.5,0,1,0,0,0,0,2,4,3.6
0,4,6.5,0,55,72,1,1,0,20.0,7.8,4.3,74.0,3.9,1,1,0,0,0,0,2,0,2.3
1,2,7.7,0,80,86,1,3,2,56.5,55.7,7.1,90.0,4.0,1,1,3,2,1,1,0,9,7.1
1,0,8.1,0,59,83,1,3,0,62.2,56.5,5.1,90.0,4.5,0,1,0,0,0,0,1,4,7.7
1,1,6.5,0,63,62,1,1,0,20.0,10.4,1.2,79.0,3.7,0,0,0,0,0,0,0,2,2.4
1,6,6.7,0,60,65,1,2,1,42.0,37.7,6.0,88.2,4.4,0,0,0,1,0,1,1,2,3.0
0,9,6.5,1,74,67,0,0,0,20.6,22.4,0.8,87.8,4.7,1,1,3,2,1,0,1,6,2.2
1,11,7.0,0,63,67,0,1,0,26.8,31.6,3.3,68.9,4.5,1,0,1,0,0,0,2,8,4.0
1,4,8.3,0,82,87,2,3,2,66.2,59.7,7.8,80.0,4.3,1,1,2,3,1,1,1,7,8.5
1,4,6.7,2,55,70,1,1,1,21.9,15.4,1.6,60.0,4.1,0,1,0,0,0,0,0,5,2.3
1,2,8.1,0,71,88,2,3,0,64.7,58.8,8.3,84.0,4.8,1,1,1,3,1,0,1,0,7.8
0,11,7.4,0,76,68,2,1,2,42.8,34.2,2.0,69.5,4.3,0,1,0,0,0,0,2,8,5.7
1,9,6.9,2,64,63,0,2,1,20.0,26.9,5.6,78.6,4.1,0,1,0,0,0,1,0,5,4.2
1,3,7.6,0,66,73,1,2,0,51.3,34.2,2.8,77.0,4.0,0,1,0,0,0,0,2,8,4.9
1,3,7.0,0,77,65,0,2,1,33.4,41.5,5.3,64.0,4.1,1,1,3,2,1,1,1,8,3.7
1,5,7.1,0,78,65,1,3,2,46.6,27.7,7.8,88.0,4.0,1,1,2,2,1,0,0,0,3.2
0,0,7.8,0,58,80,1,1,0,48.6,39.2,3.5,66.0,4.6,0,0,0,0,0,0,2,5,6.8
0,0,8.5,0,83,82,2,3,2,67.0,55.6,5.7,90.0,4.8,1,1,3,2,1,1,0,5,8.4
1,0,8.7,0,69,82,1,3,2,78.0,55.9,6.2,87.0,4.8,1,1,4,1,1,1,2,1,9.1
1,7,7.0,0,63,63,1,2,2,22.4,27.1,3.4,78.9,4.2,0,0,0,0,0,1,0,4,3.7
0,0,7.8,0,80,87,2,3,0,64.2,57.9,6.6,83.0,4.2,1,1,3,2,1,0,1,3,8.3
0,2,7.6,0,63,69,0,2,0,42.4,42.0,5.3,70.0,3.8,0,1,0,0,0,1,1,0,6.2
1,11,8.5,0,88,84,2,2,1,77.3,59.4,8.8,83.7,4.4,1,1,1,1,1,1,2,7,8.9
1,8,7.8,0,71,87,2,2,0,49.5,34.9,3.9,85.9,3.8,1,1,0,0,0,1,2,4,6.3
1,1,7.6,2,70,69,1,2,1,41.2,28.9,4.9,83.0,3.9,1,1,3,2,1,1,2,9,3.6
0,0,8.5,0,57,84,1,3,1,66.1,49.0,6.7,72.0,4.5,1,1,0,0,0,1,1,0,8.2
0,0,8.3,0,81,85,1,3,1,71.8,64.4,7.2,88.0,4.8,1,1,2,2,1,1,0,6,8.1
0,0,8.2,0,77,68,1,1,0,49.1,38.9,3.2,71.0,4.4,1,1,0,0,0,1,1,4,6.9
0,2,7.5,0,55,69,0,1,2,29.8,21.5,3.2,72.0,4.4,0,1,0,0,0,1,1,5,4.6
0,4,7.0,0,71,65,1,1,0,28.7,39.0,1.3,72.0,4.5,0,1,0,0,0,1,0,0,5.7
1,11,6.5,0,55,68,2,1,0,22.6,39.9,1.9,69.2,4.3,0,0,0,0,0,0,2,8,4.9
1,5,6.7,1,55,69,1,1,1,20.0,19.6,1.8,63.0,4.6,0,0,0,0,0,1,1,8,2.1
1,10,7.6,1,55,73,1,2,0,48.3,36.3,4.7,70.5,4.2,0,1,3,2,1,0,0,0,5.2
0,10,7.4,0,74,70,0,2,1,40.5,33.1,3.3,75.6,4.2,1,1,1,3,1,1,2,8,3.7
0,7,8.1,0,90,80,0,3,1,64.5,56.7,8.1,90.0,4.4,1,1,2,2,1,1,1,8,7.2
1,2,8.2,0,58,77,1,3,0,59.9,43.6,6.3,79.0,4.3,1,0,0,0,0,1,2,1,6.7
1,8,7.8,1,79,84,1,3,2,50.9,31.9,6.5,85.0,4.7,1,1,3,3,1,1,0,9,4.6
1,5,7.4,2,55,62,0,1,0,25.3,14.8,2.2,65.0,3.4,0,0,0,0,0,1,1,8,3.1
0,9,8.6,1,86,86,1,2,1,62.1,52.9,2.5,77.8,4.6,1,1,1,2,1,1,1,8,7.9
1,4,6.6,0,58,86,0,1,0,20.0,10.8,2.3,81.0,4.5,1,1,0,0,0,0,0,6,4.3
0,5,8.3,0,56,67,0,2,0,58.6,58.8,4.6,85.0,4.2,0,0,0,0,0,1,1,2,6.6
1,5,6.7,0,86,82,1,3,2,32.9,37.8,6.9,86.0,4.1,1,1,3,2,1,0,1,9,3.3
1,1,6.5,0,61,69,1,2,0,29.8,25.9,4.5,70.0,3.7,1,1,0,0,0,0,0,8,2.8
1,6,8.2,0,55,65,1,3,1,63.2,53.1,6.4,84.3,3.9,1,1,1,0,0,1,0,4,7.1
0,3,8.2,0,55,82,1,3,2,68.7,54.5,8.3,85.0,4.8,1,1,0,0,0,1,1,0,8.3
1,0,8.2,0,89,84,2,3,2,62.0,55.6,7.1,90.0,4.8,1,1,4,1,1,0,1,9,7.0
1,1,9.0,0,76,83,2,3,2,80.4,75.2,5.5,90.0,4.8,1,1,3,1,1,0,2,8,10.3
0,8,7.6,0,55,62,1,1,0,34.4,24.0,0.3,72.4,3.1,0,1,0,1,0,0,1,0,6.1
1,3,7.3,0,58,70,1,3,0,43.4,32.3,6.3,71.0,4.5,0,0,0,0,0,1,0,8,3.2
0,2,7.5,0,80,65,1,1,3,27.3,34.8,1.6,74.0,4.6,1,1,2,2,1,0,1,2,3.2
1,0,8.2,0,85,88,2,3,2,60.6,46.5,8.9,90.0,4.8,1,1,3,2,1,1,1,0,6.3
0,2,8.0,0,79,83,1,2,1,51.2,55.6,5.6,78.0,3.6,1,1,0,0,0,0,1,1,7.6
0,11,8.2,0,81,65,1,3,3,51.3,35.2,7.2,79.0,3.9,0,1,0,0,0,1,2,8,7.3
1,2,6.5,0,55,67,0,1,0,20.0,17.5,3.5,67.0,3.5,0,1,0,0,0,0,2,8,3.1
1,0,8.5,0,82,70,2,3,0,71.2,71.7,5.6,89.0,4.8,1,1,4,1,1,0,1,3,8.7
1,0,8.7,0,83,85,2,3,2,73.0,54.7,6.8,90.0,4.8,1,1,2,2,1,1,1,5,7.9
1,2,7.5,0,68,68,0,2,1,35.9,20.5,4.9,87.0,4.1,1,1,0,0,0,0,0,5,4.8
0,5,8.1,0,73,87,1,1,1,50.7,51.7,1.8,77.0,4.6,1,1,0,0,0,0,2,8,6.5
1,4,7.2,0,57,77,1,1,0,33.5,33.9,2.2,61.0,4.4,0,1,0,0,0,1,1,5,5.0
1,7,7.8,1,79,87,2,2,0,65.2,36.0,7.2,80.0,4.8,1,1,0,0,0,1,1,6,7.2
1,5,6.8,0,86,81,2,3,0,43.9,33.0,7.3,82.0,4.7,1,1,2,2,1,1,2,3,4.5
1,10,7.2,0,55,66,0,2,1,31.8,39.1,5.6,72.0,4.2,1,0,0,0,0,0,1,8,5.7
0,4,8.1,0,78,74,0,1,2,40.4,41.0,2.3,90.0,4.7,1,1,3,2,1,1,2,5,7.4
0,11,7.6,1,55,59,1,1,2,39.6,30.5,1.9,75.0,3.4,0,0,1,0,0,1,1,1,5.8
1,6,8.2,0,75,78,0,3,2,66.6,45.2,7.3,88.8,4.7,1,1,3,2,1,1,1,2,6.4
1,6,7.9,1,63,57,0,2,1,52.1,48.2,2.4,64.2,3.9,0,0,1,0,0,1,0,4,7.0
1,11,6.6,1,67,82,0,0,2,23.9,11.7,2.5,74.3,4.5,1,1,0,0,0,0,1,2,3.2
1,8,8.6,0,71,82,1,3,0,71.2,69.1,7.5,82.4,4.3,1,1,1,3,1,1,1,1,7.5
1,2,6.5,0,56,71,1,2,1,24.4,6.5,3.4,69.0,3.8,0,1,0,0,0,0,1,8,2.0
1,3,6.7,0,71,68,1,2,1,33.3,19.0,6.9,76.0,4.6,1,1,0,0,0,0,1,6,3.0
1,2,8.1,0,80,86,2,3,2,64.7,59.2,7.9,86.0,4.5,1,1,0,0,0,0,1,3,8.5
1,0,6.5,1,56,67,1,2,0,26.5,29.6,3.7,76.0,3.7,0,0,0,0,0,1,1,7,3.3
1,5,6.5,0,55,64,1,1,0,20.0,5.3,1.8,64.0,4.5,0,1,0,0,0,0,1,8,2.0
1,4,6.8,1,80,65,0,1,0,20.0,20.1,2.8,72.0,4.0,1,1,3,2,1,0,1,2,2.0
1,0,7.5,0,55,70,1,1,0,34.9,33.1,1.3,85.0,4.5,0,0,0,0,0,1,2,7,4.4
0,6,8.3,1,78,86,2,3,2,86.6,55.4,7.8,85.4,4.0,1,1,1,0,0,1,0,1,8.6
1,7,7.5,1,83,64,0,3,0,54.1,30.3,5.4,79.5,4.5,1,0,0,1,0,0,2,4,4.2
1,4,8.2,0,72,72,1,2,2,55.8,49.8,4.3,77.0,4.2,0,1,3,2,1,1,0,4,5.5
1,2,7.2,0,65,58,1,2,0,37.1,30.5,3.9,80.0,4.6,0,1,0,0,0,0,0,7,5.3
1,7,6.8,0,88,67,1,2,0,30.9,26.1,6.2,72.9,4.7,1,0,1,0,0,0,1,2,5.2
0,8,6.6,1,55,69,1,1,1,20.0,24.4,1.8,79.8,4.0,0,1,1,1,0,0,0,8,2.3
1,3,7.3,0,57,58,1,1,1,32.9,26.3,3.0,67.0,4.4,0,1,0,0,0,0,0,7,3.3
1,0,7.7,0,68,76,1,2,0,50.1,54.4,4.3,72.0,4.2,0,1,0,0,0,1,0,1,6.7
1,11,8.5,0,72,88,2,3,3,72.3,61.9,8.4,90.0,4.8,1,1,3,2,1,1,2,6,7.2
1,4,8.3,0,72,63,1,2,0,58.7,60.1,2.8,80.0,3.6,0,1,0,0,0,1,1,4,8.7
1,3,8.4,0,84,71,1,2,3,59.4,40.3,4.9,90.0,4.7,1,1,2,3,1,0,0,7,8.1
1,3,7.3,0,55,75,1,2,1,34.2,26.9,3.9,75.0,4.6,0,1,0,0,0,0,1,8,4.9
1,0,8.0,1,71,88,0,3,2,56.3,54.8,6.4,90.0,4.7,1,1,3,1,1,1,1,9,7.0
1,4,8.3,0,69,85,2,1,2,62.8,51.0,4.1,84.0,4.8,1,1,3,1,1,1,2,2,6.7
0,2,7.4,0,78,83,1,2,2,28.6,34.1,4.0,74.0,4.5,1,1,0,0,0,0,0,2,4.4
1,0,7.4,0,55,70,1,1,1,32.7,29.0,0.4,79.0,4.0,1,0,2,2,1,1,1,9,4.1
0,2,6.7,0,76,88,0,3,2,34.4,29.8,7.3,90.0,4.8,1,1,2,3,1,1,1,0,3.0
1,8,6.8,0,55,64,0,1,0,20.0,26.7,4.6,80.4,4.3,1,0,3,3,1,0,1,7,2.0
1,3,6.8,0,59,68,1,3,0,34.1,23.6,7.6,61.0,4.3,0,0,0,0,0,1,2,2,3.7
1,11,8.3,0,59,61,1,3,2,74.1,54.8,5.7,78.6,3.9,1,1,2,3,1,1,1,1,7.1
1,2,8.3,0,60,63,2,3,1,68.0,58.8,7.7,83.0,4.5,1,1,1,3,1,1,2,8,7.8
1,2,7.9,0,81,64,1,1,1,52.2,32.1,2.2,79.0,4.0,1,1,0,0,0,0,1,1,5.5
0,0,7.6,0,70,86,0,2,0,22.0,22.5,5.0,84.0,4.0,1,1,4,1,1,0,1,9,3.9
1,7,8.4,1,73,83,1,2,2,71.9,62.8,4.9,80.0,4.5,1,1,0,0,0,1,1,6,8.8
1,9,6.6,2,55,59,0,1,0,20.0,33.2,2.4,69.8,4.2,0,0,0,0,0,0,0,8,3.3
0,6,7.2,0,76,62,2,0,0,34.2,27.6,1.6,90.0,4.6,1,0,1,0,0,0,0,2,4.5
0,11,8.4,1,80,85,0,3,1,59.0,50.7,9.5,90.0,4.8,1,1,2,2,1,1,0,7,7.5
1,3,8.7,0,74,86,2,1,0,56.4,53.4,2.2,90.0,4.7,1,1,4,1,1,1,2,6,8.7
1,5,6.9,0,85,79,0,3,2,40.9,48.3,5.7,82.0,4.8,1,1,1,3,1,0,2,7,3.8
1,4,7.5,0,55,63,1,2,0,37.8,32.5,3.7,74.0,4.2,0,0,0,0,0,1,0,4,5.2
0,4,7.3,0,55,66,1,1,1,30.0,19.9,1.6,75.0,3.6,0,1,0,0,0,0,1,1,4.2
0,9,8.2,1,72,88,2,3,2,70.3,51.7,7.8,90.0,4.8,1,1,0,3,1,0,2,8,6.5
1,5,6.7,1,55,68,1,1,0,23.6,31.8,2.0,74.0,4.1,0,1,0,0,0,1,1,8,5.1
1,2,7.4,0,57,57,1,1,1,27.4,26.8,1.5,65.0,3.7,0,0,0,0,0,1,1,8,4.9
0,4,6.7,0,63,59,1,2,1,28.1,29.6,4.5,80.0,4.1,0,0,0,0,0,0,2,7,2.8
0,4,8.2,0,70,84,2,3,2,73.7,46.5,7.7,90.0,4.8,1,1,1,3,1,1,1,9,9.5
1,4,7.9,0,89,86,1,3,2,60.1,55.6,5.8,78.0,4.3,1,1,2,2,1,1,1,2,7.0
0,6,8.1,0,55,62,1,2,1,45.9,48.0,2.5,77.9,4.2,0,1,1,1,0,0,0,1,5.7
1,10,7.7,0,64,72,1,1,1,38.6,47.6,2.1,73.2,4.2,1,1,1,0,0,0,0,1,5.8
1,11,7.7,0,80,83,0,3,0,62.4,46.0,7.7,90.0,4.6,1,1,1,2,1,1,2,8,6.0
0,6,7.6,0,75,69,2,1,0,44.1,36.8,2.7,73.9,4.2,0,1,1,0,0,0,1,9,4.8
0,2,8.5,0,57,71,1,0,0,56.1,41.9,2.1,81.0,4.1,0,0,0,0,0,1,2,8,6.6
1,4,8.3,0,70,88,1,2,2,59.6,46.1,3.9,90.0,4.8,1,1,3,2,1,1,0,2,6.5
1,7,7.5,0,60,72,0,0,0,24.8,14.4,3.6,74.5,4.1,0,0,0,0,0,0,2,6,3.6
0,2,8.4,0,74,88,1,0,2,51.5,50.5,1.6,81.0,4.2,1,1,2,2,1,1,2,8,7.8
1,8,6.5,0,64,67,0,0,0,20.0,10.3,0.3,67.3,3.7,0,0,0,0,0,0,1,1,3.0
1,2,7.6,1,74,85,2,3,0,50.3,43.8,6.0,90.0,4.8,1,0,0,0,0,0,2,7,6.1
0,2,8.2,0,78,84,2,3,2,66.7,38.7,9.3,90.0,4.7,1,1,4,1,1,1,2,8,6.7
1,0,8.2,0,81,87,2,3,2,58.6,36.7,6.9,90.0,4.7,1,0,3,1,1,1,2,4,6.9
1,5,6.6,0,58,63,1,1,1,20.0,27.3,4.0,72.0,4.0,0,0,0,0,0,0,2,8,3.2
1,7,7.7,0,61,65,0,1,2,41.3,30.7,2.5,88.1,4.4,0,1,2,3,1,0,1,5,4.6
0,5,6.7,0,63,62,0,2,1,23.3,21.6,4.1,73.0,4.2,0,1,0,0,0,0,1,2,3.6
0,7,8.1,0,66,61,2,2,0,69.0,56.4,5.9,86.6,3.8,1,0,3,1,1,1,2,7,7.3
0,4,8.1,0,79,82,0,1,0,40.3,43.4,3.5,85.0,4.5,1,1,2,2,1,0,2,1,5.8
1,0,7.5,2,64,66,1,1,0,27.7,31.0,3.2,69.0,4.5,0,0,0,0,0,0,0,6,5.0
0,3,6.5,1,63,69,1,1,0,20.0,21.3,0.7,77.0,3.7,0,1,0,0,0,0,1,7,3.4
1,3,8.1,0,55,75,1,3,0,64.4,61.1,5.9,81.0,3.7,0,1,0,0,0,0,0,9,8.9
0,4,8.1,0,75,67,2,3,2,69.9,54.6,6.3,85.0,4.5,1,1,0,0,0,1,2,7,8.8
0,6,7.4,0,82,70,1,3,0,46.6,45.4,7.5,86.2,4.2,1,1,1,2,1,0,1,2,4.6
1,0,7.5,0,55,69,0,1,1,36.5,33.1,0.3,70.0,3.9,0,1,0,0,0,0,1,0,5.7
1,4,8.4,0,55,85,0,1,0,35.8,28.3,3.6,76.0,4.2,1,1,2,2,1,0,1,0,6.7
0,2,7.8,1,55,64,1,1,1,37.7,40.1,3.5,65.0,3.7,0,0,0,0,0,0,0,0,5.3
1,0,7.6,0,56,63,0,1,1,24.1,8.7,4.6,60.0,3.2,0,0,0,0,0,1,2,1,4.3
1,2,6.5,1,85,64,0,1,1,20.0,35.8,1.3,73.0,3.5,0,0,0,0,0,0,1,8,3.6
1,4,8.4,0,72,85,2,3,2,69.1,58.6,7.7,90.0,4.8,1,0,2,2,1,1,1,6,7.8
1,2,8.3,0,75,79,1,3,0,59.8,45.6,7.5,86.0,4.4,1,1,2,2,1,1,1,0,8.1
1,8,8.7,0,76,85,0,2,2,68.3,47.1,9.2,87.8,4.2,1,1,4,1,1,1,2,9,9.0
0,4,6.5,0,58,72,1,2,0,21.8,28.9,5.0,70.0,3.4,0,0,0,0,0,0,1,6,3.2
1,6,7.8,0,80,84,1,2,1,53.7,31.7,4.5,78.7,4.3,0,0,1,1,0,1,1,3,4.4
0,5,7.9,0,75,60,0,2,0,38.0,33.0,7.4,82.0,4.2,1,1,2,2,1,0,1,8,5.4
1,2,8.4,0,79,85,2,3,2,68.4,44.0,6.9,90.0,4.8,1,1,3,2,1,1,2,6,8.1
1,2,7.8,2,60,81,1,1,2,38.9,55.8,2.0,74.0,3.8,0,1,0,0,0,0,2,8,7.3
1,0,7.6,0,57,73,1,3,0,45.1,37.8,6.1,84.0,4.1,0,0,0,0,0,1,2,0,5.9
0,7,7.1,0,83,83,2,2,0,42.3,32.1,7.1,70.4,4.4,0,0,0,0,0,1,1,2,4.7
1,6,7.4,1,55,62,1,1,2,37.9,34.8,1.2,65.8,4.0,0,0,1,1,0,0,2,2,6.8
1,6,7.9,0,85,88,0,2,2,64.5,62.5,8.8,90.0,4.8,1,0,3,1,1,0,2,0,6.3
1,0,7.5,0,67,62,1,2,0,44.8,36.9,7.2,78.0,4.4,1,1,4,1,1,1,1,3,3.1
0,2,8.1,0,86,80,1,3,2,58.6,46.2,8.8,90.0,4.8,1,1,4,1,1,1,2,3,6.2
1,8,7.6,0,55,84,2,3,0,54.2,61.4,6.1,86.4,4.8,1,0,2,3,1,0,2,8,7.0
1,1,8.6,0,71,82,1,3,0,75.6,73.7,7.3,82.0,4.3,1,1,1,3,1,0,2,8,8.5
0,10,7.9,1,69,86,1,2,2,44.5,53.4,8.6,90.0,4.4,1,1,3,2,1,1,2,8,6.5
1,4,7.8,0,72,88,0,3,2,53.2,29.5,8.1,89.0,4.7,1,1,2,2,1,1,1,1,5.2
1,5,6.5,1,55,62,1,1,0,20.3,18.3,0.0,65.0,3.7,0,0,0,0,0,0,1,9,2.9
1,4,8.4,0,75,84,1,2,1,61.1,38.3,4.4,73.0,4.5,0,1,0,0,0,0,0,6,6.7
1,4,6.5,0,58,62,0,1,0,20.0,14.0,1.8,75.0,3.7,0,0,0,0,0,0,1,3,2.3
1,2,8.1,0,78,84,2,3,2,70.0,52.2,7.4,90.0,4.7,1,1,2,2,1,1,1,8,7.1
1,2,7.8,0,79,87,2,3,2,69.8,55.7,6.0,90.0,4.8,1,1,3,2,1,1,1,7,7.0
1,4,6.7,0,59,73,1,2,0,21.2,32.2,3.6,80.0,3.5,0,0,0,0,0,0,2,2,2.8
0,4,7.5,0,64,82,1,2,1,39.7,33.8,5.6,74.0,4.0,0,1,2,3,1,0,0,7,4.7
0,4,7.8,1,71,81,1,2,0,50.9,46.9,4.2,79.0,4.4,1,1,0,0,0,0,2,3,6.3
1,2,8.3,0,69,82,0,3,0,58.9,48.7,7.3,90.0,4.7,1,1,2,2,1,1,1,8,5.8
0,0,6.6,0,58,61,1,1,1,20.0,35.0,3.2,69.0,4.3,0,0,0,0,0,0,0,9,4.8
1,4,7.9,0,82,84,1,3,2,67.9,67.6,6.5,75.0,4.6,0,1,2,2,1,0,0,0,8.2
0,5,7.6,0,61,72,1,1,1,26.9,25.6,4.4,71.0,4.5,1,0,3,2,1,1,1,8,4.0
0,7,8.0,1,82,81,2,1,1,51.6,30.4,2.1,90.0,3.8,1,0,1,0,0,0,1,5,6.5
1,9,7.7,0,80,83,1,3,3,48.9,57.2,7.3,82.3,4.8,1,1,2,2,1,1,1,3,7.3
0,4,8.8,0,65,84,0,3,0,69.7,61.1,9.3,88.0,4.6,1,1,2,2,1,1,1,4,8.8
1,4,7.6,0,87,71,1,3,2,48.2,40.6,6.9,90.0,4.5,1,0,3,1,1,0,1,5,5.3
0,4,7.5,0,72,88,1,3,0,40.2,38.4,7.3,82.0,4.7,1,1,0,0,0,1,0,4,4.6
0,6,8.0,0,84,82,2,1,2,63.4,54.1,6.8,88.4,4.8,1,0,4,1,1,1,1,0,6.9
0,2,8.3,0,82,68,1,3,0,58.9,63.6,10.0,90.0,4.8,1,1,2,2,1,1,0,0,6.1
1,2,8.4,0,57,68,0,1,0,53.0,38.9,1.6,86.0,3.8,0,1,0,0,0,0,0,7,6.6
0,8,7.3,0,55,85,2,2,1,43.4,45.6,7.9,89.6,4.4,0,1,0,3,1,1,1,7,5.4
0,2,8.2,0,80,86,2,3,3,71.9,55.1,7.1,90.0,4.5,1,1,0,0,0,1,1,2,8.2
1,5,7.2,0,83,63,1,2,0,27.2,28.3,5.1,81.0,4.3,1,1,0,0,0,0,1,8,3.8
0,2,8.4,0,76,84,2,3,2,77.9,68.1,7.0,86.0,4.3,1,1,0,0,0,1,2,0,9.1
1,2,6.5,0,57,71,1,2,0,22.4,32.0,5.2,85.0,3.4,0,1,0,0,0,1,2,8,2.6
1,11,8.2,0,77,84,2,2,2,62.6,42.2,4.6,78.8,4.4,1,1,3,1,1,1,1,8,7.1
1,10,7.9,1,84,84,2,2,2,53.6,39.4,6.4,74.2,4.4,1,0,2,2,1,1,1,8,7.2
0,10,6.8,0,60,70,0,2,0,34.0,33.2,4.2,78.3,4.4,0,0,0,0,0,1,0,8,4.7
1,2,8.7,0,79,88,1,3,2,75.5,52.4,7.9,90.0,4.8,1,1,0,0,0,1,1,8,9.0
1,0,8.6,0,71,88,0,3,2,63.0,62.2,6.0,90.0,4.7,1,1,4,1,1,0,1,4,7.7
0,2,7.0,0,55,68,1,1,1,26.3,7.5,1.5,72.0,3.8,0,0,0,0,0,0,0,8,3.6
1,0,8.4,0,75,86,2,3,2,64.6,68.8,6.1,90.0,4.5,1,0,2,3,1,0,2,2,9.8
0,0,7.4,0,60,71,0,1,1,32.2,36.9,2.5,69.0,4.0,0,1,0,0,0,0,0,5,4.8
1,2,7.7,0,74,79,0,0,2,20.0,17.2,1.0,89.0,4.1,1,1,0,0,0,1,0,8,3.1
1,4,8.4,0,87,80,2,3,2,69.1,63.3,5.9,90.0,4.8,1,1,3,2,1,0,2,2,7.8
0,6,7.7,1,55,68,1,2,1,48.8,42.7,4.5,76.7,4.5,0,0,0,0,0,0,1,1,6.1
0,6,7.6,0,66,68,2,1,1,42.4,39.1,2.6,70.1,4.3,0,1,0,0,0,0,1,4,5.4
1,6,7.6,1,72,65,0,2,1,39.8,36.8,4.1,86.6,4.6,0,1,2,2,1,1,0,4,4.6
1,4,7.6,0,56,59,1,3,1,50.3,41.7,5.8,65.0,3.7,0,0,0,0,0,1,1,5,6.4
1,9,8.3,1,74,69,0,2,2,51.4,45.5,3.7,76.0,4.5,0,1,2,2,1,0,2,7,6.2
1,7,7.6,0,55,64,0,1,0,36.9,32.6,1.9,63.5,4.0,0,0,0,0,0,0,1,3,5.9
1,5,8.1,0,69,82,1,2,1,48.8,40.2,4.7,76.0,3.7,0,1,0,0,0,1,1,8,7.1
0,6,7.9,0,80,71,1,1,3,59.9,51.5,4.9,86.2,4.5,1,0,1,0,0,1,1,1,7.1
1,3,6.5,2,57,70,1,1,0,20.0,14.2,1.3,82.0,4.3,0,1,0,0,0,0,1,7,2.0
1,4,7.4,0,69,83,1,3,0,37.9,33.6,6.4,88.0,4.8,1,1,2,2,1,0,1,1,5.0
0,11,8.1,1,76,84,2,3,0,73.8,53.0,7.4,87.9,4.5,1,0,3,2,1,1,1,4,8.1
1,10,7.9,0,79,83,1,2,0,55.3,52.1,7.6,84.9,4.8,1,1,4,0,1,1,0,7,6.5
1,0,7.4,0,55,68,0,1,2,26.9,14.1,3.0,79.0,4.4,1,0,2,3,1,1,2,4,3.9
1,10,8.2,0,77,83,0,3,0,63.6,48.3,7.4,86.9,4.5,1,1,3,2,1,1,2,7,7.0
1,2,6.5,0,69,71,1,2,1,27.7,33.9,4.8,68.0,4.5,1,1,0,0,0,0,2,8,3.6
1,4,7.8,0,55,85,1,2,0,45.5,46.7,5.1,83.0,4.7,0,1,0,0,0,0,2,3,6.0
1,3,6.8,0,57,61,1,1,0,20.0,7.8,3.6,67.0,4.1,0,0,0,0,0,0,1,6,2.8
0,5,7.4,0,68,85,1,1,2,34.3,24.8,3.4,81.0,4.6,1,1,3,2,1,0,2,8,4.3
1,2,8.4,0,76,80,0,2,2,42.6,43.1,6.2,80.0,3.9,1,1,2,2,1,0,2,6,6.6
1,5,6.5,0,62,71,0,3,0,27.0,19.1,7.4,77.0,4.0,1,0,0,0,0,0,0,8,2.6
1,11,7.5,1,60,67,1,2,0,41.4,28.9,5.4,81.3,4.6,1,1,0,0,0,0,1,2,5.1
0,3,7.6,1,55,67,1,1,0,37.7,28.5,3.4,68.0,3.7,0,0,0,0,0,1,0,9,4.4
0,3,7.7,0,71,59,1,1,1,41.6,31.9,0.3,71.0,4.2,0,0,0,0,0,1,2,8,5.7
1,2,7.8,0,64,72,0,2,2,40.4,14.3,4.2,77.0,3.6,0,1,3,2,1,1,2,4,5.3
1,2,7.3,0,73,79,0,1,2,21.6,15.1,2.3,75.0,4.5,1,1,2,3,1,0,2,8,2.9
1,10,8.2,0,90,85,0,3,0,57.8,51.4,6.9,87.0,3.7,1,1,2,3,1,1,1,8,6.3
1,6,7.1,0,77,69,2,2,0,30.0,21.7,7.1,90.0,4.7,0,0,0,0,0,0,2,2,3.8
1,0,7.8,0,55,70,1,1,1,40.5,31.7,3.0,65.0,3.9,0,0,0,0,0,0,0,2,4.8
1,11,6.7,0,60,68,1,0,1,23.7,24.1,1.5,71.2,4.1,0,0,1,0,0,0,0,9,2.6
1,4,8.5,0,79,83,2,3,2,75.6,59.7,5.0,90.0,4.8,1,1,2,2,1,1,1,1,7.9
1,10,7.6,1,61,69,1,2,0,37.5,35.4,4.2,75.9,4.4,0,1,0,0,0,1,2,9,5.1
1,6,7.7,2,57,71,1,0,0,29.0,21.6,2.3,70.1,4.0,0,1,0,0,0,1,2,2,4.2
1,10,7.5,2,65,66,1,1,1,42.6,31.2,2.5,75.7,4.4,1,0,0,0,0,0,1,0,4.4
1,6,8.4,1,77,71,1,2,2,59.6,45.0,5.6,86.6,4.7,1,1,0,0,0,0,1,2,8.5
0,5,8.4,0,76,87,2,3,1,71.4,55.3,7.9,90.0,4.8,1,1,1,3,1,1,1,1,6.8
0,7,7.1,0,61,85,1,3,1,49.4,46.5,7.8,88.7,4.8,1,1,0,0,0,1,0,1,5.8
1,4,8.5,0,84,87,1,3,2,71.0,55.9,7.8,80.0,4.8,1,1,3,1,1,1,2,4,9.7
1,5,6.9,0,68,64,1,2,1,31.0,22.3,4.5,78.0,4.5,0,1,2,2,1,0,1,2,3.6
1,3,6.5,0,61,57,1,2,0,20.0,24.8,4.9,79.0,4.5,0,0,0,0,0,0,0,2,2.6
0,9,8.7,0,75,87,2,0,3,62.8,49.2,1.7,82.6,4.2,1,1,1,1,0,0,1,0,8.0
1,4,8.5,0,70,86,2,3,2,73.3,68.1,7.7,90.0,4.8,1,1,3,1,1,1,2,6,9.2
0,11,7.3,1,56,74,0,1,1,25.6,28.6,7.3,69.4,3.7,1,1,1,2,1,0,2,8,5.1
1,11,6.6,1,64,59,1,1,0,25.7,26.7,2.3,77.2,4.2,0,0,0,0,0,1,0,4,3.4
1,0,7.6,0,76,77,0,1,0,31.3,36.2,0.0,78.0,4.3,1,1,4,1,1,0,0,4,4.4
0,3,8.2,0,79,85,1,3,2,59.5,60.9,6.1,90.0,4.4,1,1,0,0,0,1,2,3,8.2
1,6,7.8,0,84,84,1,1,0,47.6,47.0,3.4,90.0,4.8,1,1,0,0,0,1,1,2,6.6
1,3,8.3,0,78,79,2,3,2,73.1,70.8,7.3,90.0,4.6,1,1,1,3,1,0,1,8,9.1
1,0,8.0,0,66,68,1,1,1,49.6,37.8,2.4,78.0,4.4,0,0,0,0,0,1,0,3,6.4
0,4,8.4,0,69,76,1,1,1,48.0,52.4,4.3,74.0,3.8,1,0,0,0,0,0,2,0,6.6
1,4,8.2,0,82,84,2,3,2,69.1,55.8,7.2,90.0,4.8,1,1,3,2,1,1,2,0,8.9
1,7,7.3,1,62,65,0,1,0,35.0,31.4,1.5,82.5,3.5,0,1,0,0,0,0,0,3,5.2
1,1,6.7,0,82,64,1,2,1,26.0,28.9,4.2,64.0,3.8,0,1,0,0,0,0,0,3,3.4
0,2,8.6,0,75,84,1,3,2,61.6,41.2,5.5,82.0,4.6,1,1,3,2,1,0,1,8,8.3
1,7,8.3,0,84,87,2,3,2,85.0,58.5,4.8,90.0,4.8,1,1,3,2,1,0,1,7,9.4
0,0,7.5,1,55,67,1,2,0,41.1,33.9,3.6,60.0,3.6,0,1,0,0,0,0,0,4,3.9
1,5,6.6,0,71,85,1,1,2,20.0,32.5,4.0,76.0,4.0,1,1,0,0,0,0,0,8,2.6
0,4,7.5,0,55,60,0,2,1,38.6,45.0,4.1,69.0,4.5,0,1,0,0,0,1,0,5,4.5
1,2,8.5,0,81,85,2,3,2,78.8,68.9,6.8,90.0,4.8,1,1,4,1,1,1,1,2,9.5
1,4,7.5,0,77,82,1,1,2,34.1,42.5,2.5,69.0,4.3,1,0,0,0,0,1,1,2,5.0
0,0,8.5,0,76,80,2,3,2,71.8,66.1,5.3,86.0,4.7,1,0,0,0,0,0,1,6,9.5
0,0,8.1,0,74,88,2,3,1,75.0,67.1,7.2,90.0,4.7,1,1,0,0,0,0,2,2,8.9
1,0,8.1,0,83,87,1,3,1,63.4,64.6,7.2,90.0,4.8,1,0,2,3,1,0,1,2,6.9
1,6,8.3,1,86,75,2,2,2,70.4,53.1,7.6,90.0,4.8,1,1,1,3,1,1,2,9,8.6
1,2,8.6,0,55,74,1,3,0,78.2,68.4,6.1,82.0,4.5,0,1,0,0,0,1,2,6,11.3
1,11,8.1,0,85,87,2,3,1,66.2,47.4,9.2,89.9,4.6,1,1,4,1,1,1,2,8,7.3
1,2,6.5,0,60,72,1,2,0,20.0,32.1,3.7,88.0,4.4,0,1,3,2,1,0,0,2,2.4
1,4,8.4,0,88,84,0,1,0,48.3,34.0,2.7,83.0,4.6,1,1,0,0,0,0,0,2,6.4
0,0,7.6,1,61,75,1,2,2,39.6,32.8,5.7,73.0,4.7,1,1,0,0,0,1,1,4,5.0
1,0,6.7,2,55,72,1,2,0,34.1,37.1,3.6,72.0,4.3,0,1,0,0,0,1,0,8,4.8
1,0,7.6,0,68,79,2,2,2,44.1,45.0,4.9,89.0,4.6,1,1,3,2,1,0,0,2,5.0
1,3,8.3,0,75,82,2,3,2,69.0,56.9,8.0,90.0,4.3,1,1,0,0,0,1,0,7,6.6
1,8,7.9,0,78,88,2,3,2,64.4,42.6,6.5,70.3,4.5,1,0,0,0,0,0,1,8,6.2
0,4,8.3,0,70,80,1,1,2,51.4,32.6,0.4,88.0,4.1,1,0,2,2,1,1,2,4,7.5
1,0,8.0,0,78,86,1,3,2,63.0,49.7,5.5,90.0,4.0,0,1,3,2,1,1,1,7,6.8
1,3,6.5,0,60,66,0,1,1,20.0,47.6,2.5,80.0,3.4,1,1,0,0,0,0,2,0,4.9
1,7,7.5,0,79,73,0,1,0,25.8,26.0,2.5,74.8,4.4,1,1,1,1,0,0,2,0,3.6
1,2,7.0,0,74,72,1,3,2,29.2,34.9,7.1,85.0,4.3,0,1,2,3,1,1,0,8,5.4
1,2,7.9,0,82,82,0,2,1,42.3,36.4,4.3,76.0,4.7,1,1,0,0,0,1,1,3,7.3
1,11,7.9,1,56,65,0,1,0,40.4,34.2,3.2,67.8,4.1,0,1,1,0,0,0,0,8,5.6
1,5,8.3,0,78,86,2,3,2,71.9,67.9,5.9,86.0,4.8,1,1,3,2,1,1,2,9,8.7
0,7,8.0,0,61,63,1,2,1,53.0,42.4,3.7,75.3,4.6,1,0,0,0,0,0,2,2,6.5
1,8,8.3,0,65,64,2,0,1,46.0,49.1,3.7,80.7,4.5,1,1,1,1,0,0,1,8,7.2
0,7,8.5,0,76,84,2,2,2,78.7,45.7,3.9,90.0,4.8,1,1,1,0,0,1,1,5,8.7
1,6,7.7,0,57,80,1,0,2,40.3,46.6,1.6,80.7,4.6,1,1,3,1,1,0,1,2,6.7
1,9,7.5,0,65,66,1,2,0,24.6,34.6,2.8,74.7,4.0,0,1,1,0,0,0,2,8,6.2
0,6,7.6,0,64,65,2,2,0,43.2,52.4,4.9,75.1,4.8,0,1,0,0,0,0,2,2,6.3
1,10,8.4,1,78,85,1,2,1,68.5,45.3,4.6,89.9,4.7,1,1,4,0,1,0,2,1,8.1
0,10,7.6,0,57,65,2,3,2,42.4,42.5,4.6,66.7,4.2,0,1,0,1,0,0,1,0,5.4
0,0,7.3,2,55,68,0,1,0,20.9,25.7,3.4,72.0,4.3,0,0,0,0,0,0,0,4,5.2
0,2,7.9,0,81,85,0,1,0,33.3,35.6,2.5,89.0,4.8,1,1,2,2,1,1,0,7,4.4
1,0,7.6,0,78,81,0,1,2,29.3,18.3,3.8,83.0,4.8,1,1,2,2,1,0,0,0,3.0
1,5,6.5,0,69,69,2,2,0,20.0,22.6,4.3,68.0,4.0,1,0,0,0,0,0,1,8,2.0
0,2,8.4,0,77,85,0,1,2,40.8,43.6,2.1,76.0,3.4,0,1,3,1,1,1,2,8,7.7
0,6,7.8,1,60,84,0,1,2,36.6,18.6,3.7,75.8,4.3,0,1,0,0,0,0,2,5,5.2
1,0,8.1,0,81,87,1,3,0,62.8,50.5,4.1,88.0,4.0,0,1,3,2,1,0,0,3,7.4
1,2,7.6,0,56,68,0,1,1,22.0,17.6,2.3,85.0,4.1,0,1,3,2,1,0,1,9,4.1
0,0,7.5,0,64,64,1,1,1,35.7,33.3,2.5,61.0,4.2,1,0,0,0,0,0,0,1,3.6
1,4,8.4,0,75,87,2,3,2,67.6,46.0,7.7,90.0,4.7,1,1,4,1,1,0,2,3,7.9
1,5,8.1,0,78,79,2,1,3,45.4,40.2,3.9,79.0,4.0,1,1,3,1,1,1,2,9,6.5
0,10,8.0,1,82,85,2,3,2,51.5,28.4,7.7,90.0,4.8,1,1,4,0,1,0,1,7,5.0
1,3,6.7,0,55,67,0,2,1,32.1,33.1,4.3,71.0,3.7,0,0,0,0,0,0,1,7,3.6
0,4,8.1,0,84,88,1,3,2,63.4,47.9,7.0,90.0,4.8,1,1,3,1,1,1,1,0,6.5
1,8,6.5,0,55,67,1,1,0,20.0,24.4,5.0,86.7,4.4,1,1,0,0,0,1,0,1,3.6
1,9,7.5,0,81,79,1,2,0,46.4,47.5,2.1,71.6,4.0,0,1,0,0,0,0,0,7,6.9
0,4,7.6,0,55,67,1,1,0,35.8,30.8,2.1,80.0,3.6,0,0,0,0,0,0,1,5,5.9
1,4,8.2,0,79,68,1,3,0,65.3,52.7,5.6,80.0,4.3,1,1,2,2,1,1,1,0,7.9
1,2,6.9,0,55,70,1,1,0,25.8,19.8,2.6,71.0,3.8,0,1,0,0,0,0,1,6,2.0
1,11,7.3,1,70,73,1,2,0,38.6,35.1,2.6,75.7,4.0,0,1,1,1,0,1,1,4,5.4
0,0,7.3,0,69,72,1,1,1,25.8,13.5,1.6,78.0,4.2,1,1,0,0,0,0,2,0,4.0
1,5,7.5,0,76,71,1,2,1,36.4,39.1,4.6,73.0,4.2,1,1,0,0,0,0,1,8,5.0
1,10,7.7,0,64,57,1,1,0,32.0,26.9,3.3,82.4,4.0,0,0,1,0,0,0,1,8,4.7
0,5,8.3,0,76,88,2,3,2,72.6,63.1,7.4,90.0,4.7,1,1,2,2,1,0,2,1,6.7
1,0,7.6,0,76,82,2,3,2,60.0,55.1,6.8,87.0,4.3,1,1,2,2,1,1,1,1,6.3
0,4,8.8,0,87,81,2,2,2,72.7,52.3,4.5,77.0,3.9,1,0,0,0,0,0,1,6,10.2
1,11,7.7,1,78,70,1,3,2,58.6,54.4,6.2,88.2,4.5,1,1,0,0,0,1,0,4,7.0
1,6,8.1,0,90,86,2,3,2,69.1,64.4,6.5,90.0,4.8,1,1,3,3,1,1,2,6,7.5
1,0,6.5,0,77,72,1,2,1,20.0,9.9,3.5,83.0,4.1,0,1,0,0,0,0,1,5,2.8
1,7,6.8,1,62,68,1,1,0,30.4,15.1,2.2,76.2,4.3,0,1,0,0,0,0,0,4,3.8
1,0,7.2,0,58,62,1,1,1,30.7,22.2,1.8,69.0,4.3,0,0,0,0,0,0,0,4,3.6
1,4,8.4,0,55,84,1,2,1,72.5,44.8,5.0,76.0,4.0,1,1,2,2,1,1,2,5,7.3
1,2,7.7,0,90,84,2,2,2,61.6,55.3,3.2,90.0,4.8,1,1,2,2,1,1,1,8,6.2
1,7,6.6,1,62,83,2,2,1,44.5,49.3,6.4,90.0,4.8,1,1,3,3,1,0,1,7,4.4
0,3,8.0,0,70,69,1,2,2,47.6,30.0,4.1,87.0,4.6,1,1,4,1,1,0,1,9,6.5
0,0,8.3,0,80,87,2,3,2,75.2,83.5,5.3,90.0,4.8,1,1,3,2,1,1,1,4,8.7
0,9,6.5,0,81,64,0,1,1,20.5,23.5,2.3,75.8,4.7,1,0,0,1,0,0,1,5,3.4
1,9,7.3,0,68,82,0,0,0,22.5,26.9,2.6,78.9,4.0,0,1,0,0,0,0,0,8,4.4
0,5,6.6,0,55,61,1,1,0,20.0,24.3,2.2,73.0,3.9,0,1,0,0,0,0,1,8,3.3
1,4,7.6,0,72,84,0,3,0,47.3,32.8,5.6,78.0,4.5,1,1,0,0,0,0,1,0,4.1
1,8,8.1,0,63,69,0,1,1,43.7,52.3,1.0,68.2,4.8,0,0,0,0,0,0,2,9,7.1
0,0,7.6,2,57,75,0,3,0,41.8,33.9,6.6,71.0,3.9,1,1,0,0,0,0,1,3,5.7
0,2,6.5,0,57,68,1,1,1,20.0,27.6,3.6,67.0,4.3,1,1,0,0,0,0,1,8,2.1
0,6,8.3,1,66,88,0,3,3,60.5,55.9,8.5,88.0,4.7,1,1,3,2,1,0,2,2,7.8
0,0,8.2,0,76,78,0,3,1,55.4,54.6,4.9,78.0,4.2,0,0,0,0,0,1,2,2,7.9
1,0,6.5,0,55,67,2,1,0,21.3,24.9,1.9,67.0,3.7,0,0,0,0,0,0,0,7,3.0
1,11,8.3,0,81,87,2,3,3,79.0,58.2,5.6,89.9,4.8,1,1,2,2,1,1,2,8,7.0
1,8,7.7,0,56,63,1,2,0,49.4,34.7,3.1,87.5,4.1,1,1,1,0,0,0,0,1,5.2
1,0,7.6,0,59,62,1,1,0,36.7,35.5,1.8,76.0,4.6,0,1,0,0,0,0,2,8,5.8
1,3,7.7,0,74,74,1,2,0,48.5,38.9,5.7,82.0,4.1,0,1,0,0,0,0,0,8,6.3
1,4,8.4,0,75,78,2,1,1,57.8,46.5,2.3,87.0,4.8,0,1,0,0,0,0,1,5,6.8
1,2,7.5,0,73,66,1,1,0,31.9,27.0,0.8,64.0,4.0,0,0,0,0,0,0,2,0,4.2
0,6,8.0,1,81,71,0,3,0,65.7,52.9,9.1,83.0,4.3,1,1,1,0,0,1,0,1,7.4
1,3,7.0,0,71,79,1,1,0,22.5,23.0,4.1,82.0,4.6,1,0,0,0,0,0,2,8,3.4
0,0,7.5,0,55,73,1,1,1,29.5,26.5,1.7,79.0,3.9,0,0,0,0,0,0,1,5,4.6
1,0,7.0,0,56,62,0,1,2,21.1,24.4,0.2,72.0,4.0,1,1,0,0,0,0,0,1,3.4
1,7,7.5,1,58,66,0,2,0,49.2,40.4,2.5,74.1,4.8,0,1,1,0,0,1,2,7,4.2
0,0,8.4,0,72,73,1,3,2,66.5,47.6,6.9,80.0,4.5,1,1,3,2,1,1,1,8,6.6
1,4,7.6,0,55,71,1,1,1,43.6,30.6,2.0,68.0,4.1,0,0,0,0,0,0,2,5,4.9
0,11,6.7,2,60,88,1,3,0,22.4,25.3,4.5,77.5,4.3,0,0,1,0,0,0,2,8,4.3
1,7,7.5,1,57,73,0,1,0,33.7,31.0,2.1,77.5,3.4,0,1,0,0,0,0,0,6,5.2
1,10,7.7,0,60,68,0,2,0,25.0,30.8,3.3,72.9,3.5,0,1,4,3,1,1,1,1,4.7
1,5,7.6,0,70,63,0,2,1,44.1,44.8,5.0,81.0,4.4,1,1,2,2,1,1,1,8,5.2
1,8,8.3,0,55,66,1,2,2,47.5,39.3,4.3,74.0,4.1,1,1,0,1,0,1,1,7,7.7
0,5,6.5,2,61,65,1,1,0,20.0,15.7,0.0,71.0,4.5,0,0,0,0,0,0,0,8,3.5
1,4,8.3,0,87,88,1,3,2,65.0,60.3,6.2,90.0,4.8,1,1,3,1,1,0,1,9,6.7
1,2,8.3,0,80,86,2,3,2,77.0,77.5,8.5,90.0,4.8,1,1,2,2,1,1,2,5,10.1
1,0,7.9,0,89,86,1,3,2,54.4,39.7,6.8,80.0,4.8,1,1,3,2,1,0,0,6,5.1
1,4,6.5,2,55,66,1,1,0,20.0,4.8,0.6,72.0,4.5,0,0,0,0,0,0,1,5,2.8
1,6,7.6,2,56,86,2,3,2,58.6,54.6,7.5,90.0,4.3,1,1,1,2,1,1,1,1,6.4
1,9,7.9,0,77,84,2,2,3,65.7,63.4,7.9,80.2,4.5,1,1,2,1,1,1,0,6,7.2
1,1,6.5,1,58,69,1,1,0,27.4,27.6,0.0,65.0,4.3,0,0,0,0,0,0,0,8,3.6
0,3,6.6,0,55,61,1,1,0,20.0,15.4,2.3,72.0,4.2,0,0,0,0,0,0,0,3,2.0
1,0,8.4,0,62,81,0,2,1,55.6,42.8,4.6,85.0,4.3,1,1,4,1,1,0,1,0,6.7
1,4,8.1,1,80,83,2,3,2,65.1,50.0,10.0,90.0,4.8,1,1,2,3,1,1,0,2,6.7
1,4,7.0,0,55,70,1,1,0,20.0,4.9,2.0,79.0,4.3,0,0,0,0,0,0,2,4,2.0
1,0,8.6,0,77,82,2,3,2,68.9,67.4,8.4,87.0,4.8,1,1,2,2,1,1,2,2,7.6
0,3,7.8,0,57,72,2,1,1,46.3,56.1,2.6,74.0,3.6,1,1,0,0,0,0,0,6,6.4
1,1,8.2,0,81,83,2,3,2,70.2,66.3,7.2,81.0,4.8,1,1,1,3,1,1,2,8,8.1
0,4,8.7,0,84,86,2,3,2,73.2,58.0,6.8,90.0,4.3,1,1,3,2,1,1,2,5,9.6
1,4,8.0,0,70,79,0,3,2,56.0,52.8,7.7,80.0,4.1,1,1,2,2,1,1,0,5,6.4
1,5,7.4,0,82,67,1,1,0,34.2,29.8,3.2,78.0,4.0,1,1,3,2,1,0,2,8,3.8
1,2,7.4,0,63,60,2,0,0,27.6,18.4,1.3,69.0,4.4,1,0,0,0,0,0,0,5,4.4
1,8,7.4,1,56,74,1,2,0,36.5,46.9,3.7,65.2,3.5,0,1,0,0,0,0,1,2,4.6
1,6,7.6,0,64,63,0,2,2,36.7,17.4,6.0,78.7,4.4,1,1,2,3,1,0,0,2,3.9
1,3,7.4,0,72,66,1,2,1,48.7,39.7,5.6,68.0,4.2,1,1,0,0,0,1,2,9,6.7
0,3,7.6,0,59,62,2,2,1,55.8,38.6,4.0,73.0,4.7,0,0,0,0,0,1,2,8,6.1
0,3,7.3,2,55,74,1,2,1,39.5,36.4,5.0,66.0,3.7,0,0,0,0,0,0,2,5,3.9
0,5,8.3,0,79,84,1,2,2,54.5,47.6,4.2,89.0,4.6,1,1,3,2,1,0,2,7,6.6
1,3,8.8,0,75,82,1,3,2,76.2,60.7,6.6,90.0,4.8,1,1,3,1,1,1,0,8,10.3
1,0,8.6,0,77,80,1,3,2,70.9,60.7,6.9,90.0,4.7,1,1,3,2,1,0,1,1,6.5
1,3,6.5,0,71,75,1,2,0,25.5,15.7,4.0,79.0,4.6,1,0,2,3,1,0,1,1,3.0
1,5,6.5,0,87,81,1,3,0,21.2,27.3,6.8,83.0,4.8,1,0,0,0,0,1,0,8,3.4
1,0,8.2,0,68,84,0,1,1,47.3,47.4,2.9,81.0,4.2,1,1,2,3,1,0,0,5,5.5
1,4,7.4,0,58,69,0,1,1,24.1,29.8,2.3,65.0,4.1,0,1,0,0,0,0,2,3,5.8
1,4,6.5,0,55,61,1,1,1,20.0,29.3,1.4,85.0,4.8,0,1,0,0,0,0,1,6,2.0
1,8,8.0,1,57,63,0,2,2,36.5,21.5,1.4,70.6,4.6,0,1,0,0,0,0,0,8,3.9
1,0,8.5,0,80,84,2,3,2,76.8,52.8,8.2,90.0,4.7,1,1,3,2,1,1,2,3,8.7
1,9,7.9,0,71,84,2,3,3,61.3,47.4,6.5,85.9,4.8,1,1,0,1,0,0,2,1,7.1
0,7,8.6,0,77,83,2,2,1,78.4,64.2,5.8,81.9,4.4,1,1,4,1,1,0,1,2,10.4
0,3,8.2,0,84,86,2,3,2,61.8,48.1,10.0,89.0,4.8,1,1,2,2,1,0,1,6,7.0
1,0,7.5,0,75,63,1,3,1,43.3,42.9,5.6,73.0,4.6,1,1,2,3,1,0,2,1,4.8
1,0,7.8,0,72,85,0,2,0,38.5,43.4,5.2,86.0,3.5,0,1,0,0,0,0,1,1,5.9
1,7,7.6,0,56,68,1,0,0,40.3,35.7,1.8,84.3,4.1,0,1,1,0,0,0,1,0,5.2
0,2,7.3,0,60,70,2,2,0,46.4,50.6,5.5,66.0,4.1,1,1,0,0,0,0,1,1,6.3
1,2,6.6,2,65,71,0,1,1,20.0,14.0,2.1,67.0,4.5,0,0,0,0,0,0,0,6,2.9
0,4,8.1,0,57,69,0,1,1,35.3,19.8,1.2,70.0,3.7,0,1,0,0,0,0,1,1,4.6
0,1,7.7,0,85,67,0,2,2,42.9,36.9,4.6,72.0,4.8,1,0,0,0,0,1,1,8,5.1
0,2,6.5,0,55,62,2,3,0,42.8,22.2,5.6,81.0,3.5,0,1,0,0,0,0,1,0,2.5
1,6,8.2,1,77,85,1,3,2,62.6,46.6,6.9,90.0,4.8,1,1,2,2,1,1,1,5,7.6
1,2,7.0,0,56,65,1,1,1,23.7,28.8,2.0,70.0,4.0,0,1,0,0,0,0,1,8,4.2
1,3,7.5,1,62,63,1,1,1,28.6,32.5,1.2,72.0,4.6,1,0,0,0,0,0,1,4,4.9
1,7,7.4,0,55,62,2,1,0,32.4,21.3,3.1,78.2,3.8,0,1,1,0,0,0,1,3,4.8
0,0,7.2,0,55,63,0,2,1,33.5,15.6,6.4,77.0,4.6,1,1,0,0,0,1,0,2,4.9
1,4,8.5,0,57,81,2,2,2,76.1,72.3,3.4,65.0,4.4,1,1,0,0,0,0,2,9,9.7
0,11,8.2,0,77,65,0,1,1,56.5,34.5,3.3,69.5,4.2,0,1,0,1,0,0,0,7,6.6
1,6,8.2,0,59,70,0,1,0,49.4,42.8,2.6,82.5,4.3,1,1,2,1,1,1,1,4,7.5
1,3,7.7,0,75,65,1,2,0,45.5,49.4,2.6,78.0,4.5,0,1,0,0,0,1,0,8,5.8
0,11,6.5,1,56,70,2,0,0,22.6,16.8,3.5,78.8,4.0,0,0,0,0,0,0,1,9,2.6
0,5,6.9,1,55,72,1,1,0,22.5,24.9,2.7,78.0,4.3,1,1,0,0,0,0,1,8,4.5
0,10,7.7,0,61,58,0,2,0,40.3,33.6,4.5,69.2,3.6,0,0,1,0,0,0,1,8,5.5
1,10,8.2,0,55,66,1,0,3,45.6,42.8,1.3,75.2,4.0,0,0,0,0,0,1,2,2,8.4
1,4,7.9,0,73,68,1,1,0,38.6,48.1,2.4,70.0,4.3,1,1,0,0,0,0,2,1,6.4
0,3,8.6,0,80,82,2,3,2,78.8,62.5,8.2,90.0,4.8,1,1,4,1,1,1,1,8,8.4
0,7,6.5,1,56,61,1,1,0,23.7,11.8,2.1,64.9,4.0,0,0,0,1,0,0,1,6,2.0
1,2,8.5,0,79,82,2,3,2,71.2,52.0,8.2,90.0,4.8,1,1,4,1,1,0,2,4,8.4
0,11,8.6,1,77,84,0,2,1,64.0,49.0,7.2,90.0,4.8,1,1,2,2,1,1,2,8,8.2
1,0,8.2,0,77,83,2,3,2,69.9,47.7,6.4,90.0,4.8,1,1,4,1,1,1,2,4,7.7
1,0,7.7,0,81,85,0,3,0,45.8,46.9,8.1,89.0,4.2,1,0,0,0,0,1,2,3,6.7
0,2,8.7,0,74,74,1,3,2,73.4,56.8,6.7,81.0,4.7,1,1,4,1,1,1,2,2,9.1
1,7,6.5,0,59,71,1,1,0,23.7,19.3,1.4,73.8,4.0,0,1,1,0,0,0,2,0,2.0
0,3,8.1,0,86,81,2,3,2,63.7,56.4,9.0,90.0,4.7,1,1,1,3,1,0,0,7,7.6
0,3,8.7,0,82,79,0,2,1,67.9,42.8,3.5,80.0,4.8,1,1,3,2,1,1,2,6,9.1
1,7,7.7,1,56,73,1,1,0,37.0,31.7,3.6,73.3,4.8,1,1,1,0,0,1,1,7,5.4
1,4,8.6,0,82,79,2,1,0,64.1,64.4,1.9,86.0,4.4,1,1,2,2,1,0,1,0,7.3
1,0,8.6,0,76,73,2,3,0,69.9,41.3,5.7,87.0,4.7,1,1,0,0,0,1,1,1,8.7
1,11,7.7,0,86,67,1,3,1,50.8,49.2,6.7,83.6,4.0,1,1,4,2,1,0,1,0,6.0
0,6,8.2,1,69,87,1,1,2,43.8,26.8,1.9,88.7,4.3,1,0,0,0,0,0,2,1,6.3
0,0,8.6,0,75,80,1,3,2,73.6,65.0,7.6,86.0,4.4,1,1,3,2,1,1,1,4,8.3
0,3,7.2,0,55,63,0,2,0,23.5,15.6,5.8,77.0,3.7,0,1,0,0,0,0,0,8,3.4
0,11,8.1,0,82,85,1,3,2,66.6,50.5,8.8,83.4,4.8,1,1,1,0,0,1,1,6,6.5
1,4,6.7,0,64,62,2,1,1,24.5,29.6,5.2,77.0,4.5,1,1,0,0,0,0,0,1,4.7
1,0,6.5,1,57,65,1,2,1,26.9,12.9,2.2,72.0,3.5,0,0,0,0,0,0,1,9,3.1
1,0,7.5,0,80,63,1,3,2,46.4,54.1,5.1,75.0,4.5,1,1,2,2,1,0,1,0,6.8
1,10,8.2,0,83,83,2,3,0,57.5,59.2,7.2,89.9,4.7,1,1,0,0,0,0,1,0,8.6
1,2,8.1,0,78,86,0,2,0,42.8,45.8,7.0,70.0,4.8,1,1,3,2,1,0,0,7,4.7
1,4,8.6,0,73,84,2,3,2,84.7,67.7,8.1,88.0,4.7,1,1,0,0,0,0,0,8,10.9
1,4,8.2,0,70,85,1,1,2,48.0,36.7,1.6,75.0,4.3,0,1,2,2,1,0,1,6,5.6
1,0,8.2,0,79,82,1,1,2,57.3,52.7,2.4,85.0,4.8,1,1,3,2,1,0,1,3,7.4
1,7,8.7,0,78,81,1,3,3,76.8,50.2,6.5,90.0,4.7,1,1,3,2,1,1,2,9,8.2
1,10,7.7,0,56,70,1,1,0,42.4,29.2,0.6,69.4,3.7,0,1,0,0,0,0,2,8,4.0
0,5,7.7,1,58,66,1,1,1,35.6,37.9,0.0,64.0,3.9,0,0,0,0,0,0,2,8,6.5
0,7,8.5,0,73,82,2,3,3,65.0,46.5,7.9,90.0,4.2,1,0,2,3,1,1,1,7,6.3
1,11,7.4,0,61,69,1,2,0,41.5,38.4,4.0,76.6,4.4,0,1,1,0,0,0,0,8,4.9
1,0,7.5,1,68,83,0,3,0,41.4,24.1,6.9,73.0,4.5,1,0,0,0,0,1,2,2,6.7
1,0,7.5,0,80,63,0,2,1,35.5,38.9,4.8,70.0,3.7,0,0,0,0,0,1,1,1,5.8
1,7,7.5,0,60,70,1,2,1,47.4,38.4,3.1,82.6,4.5,0,1,0,0,0,0,0,4,4.9
1,6,7.4,0,55,66,1,2,1,43.3,37.4,6.1,78.0,4.3,0,1,1,0,0,1,1,0,5.2
1,0,7.4,0,55,61,1,1,0,29.1,23.6,2.6,74.0,4.0,0,1,0,0,0,0,1,7,4.6
1,0,6.5,0,55,63,1,1,1,20.0,26.6,0.7,69.0,3.5,0,0,0,0,0,0,1,9,2.8
0,8,8.0,0,68,86,2,2,2,57.6,60.2,5.3,90.0,4.8,1,1,4,3,1,0,0,8,6.9
1,2,8.8,0,69,72,1,3,0,82.1,48.3,6.3,86.0,4.6,0,1,3,1,1,1,1,8,9.2
1,5,7.3,0,56,68,1,1,1,22.9,19.4,0.8,83.0,3.8,0,1,0,0,0,0,0,8,3.0
1,2,6.6,1,64,71,0,1,1,20.0,27.7,1.7,64.0,4.6,1,1,0,0,0,0,1,8,3.6
0,3,8.0,0,83,86,0,3,2,60.2,50.1,6.9,85.0,4.7,1,1,2,2,1,0,2,3,6.0
1,9,8.4,1,75,72,0,3,2,69.1,59.9,6.5,77.0,4.5,1,1,0,0,0,1,2,5,9.4
0,0,8.3,0,78,66,1,2,2,63.3,53.3,4.8,87.0,4.7,1,1,0,0,0,0,1,2,8.6
0,2,6.7,1,72,69,1,2,3,24.8,14.4,4.4,69.0,4.6,1,0,0,0,0,1,0,8,4.9
0,0,8.4,0,68,81,1,2,2,53.3,63.8,6.3,81.0,4.6,1,1,0,0,0,0,1,2,7.8
0,5,7.3,1,67,73,1,2,1,37.1,47.7,4.6,76.0,4.7,0,1,0,0,0,1,0,1,5.7
1,1,6.5,0,71,69,0,1,1,20.0,29.2,1.8,81.0,4.1,0,0,0,0,0,0,2,8,3.0
1,0,7.4,0,55,70,1,2,1,42.8,42.4,6.1,72.0,4.4,0,1,0,0,0,0,1,0,6.1
0,0,7.6,0,55,74,1,1,1,38.8,34.6,1.7,77.0,4.0,0,1,3,2,1,1,1,4,4.9
1,4,8.1,0,74,83,2,3,1,67.0,50.4,7.4,81.0,4.8,1,1,0,0,0,1,2,3,8.7
1,8,8.2,0,86,88,1,2,3,60.1,40.8,9.0,90.0,4.6,1,1,3,2,1,1,1,8,6.5
0,3,7.2,0,59,65,1,1,0,20.4,15.8,3.4,73.0,3.8,0,0,0,0,0,0,1,1,2.8
1,5,8.6,0,74,85,0,3,1,57.0,60.7,6.9,81.0,4.6,1,1,2,2,1,0,2,1,7.8
1,8,7.6,1,75,85,2,2,2,37.1,21.0,3.4,89.5,3.8,1,1,0,0,0,1,0,2,4.3
0,2,8.0,0,76,83,2,3,0,60.5,47.1,6.6,84.0,4.6,1,1,2,3,1,1,1,8,7.3
1,2,7.4,1,61,61,1,1,0,28.2,43.8,2.0,67.0,3.7,0,1,0,0,0,0,2,4,4.9
1,3,8.0,0,61,79,2,1,0,53.2,41.5,3.9,82.0,4.6,1,1,2,3,1,1,1,8,7.0
1,3,8.2,0,74,83,1,2,3,57.3,72.6,4.7,82.0,4.6,1,1,0,0,0,1,1,8,8.1
0,1,7.3,0,56,66,1,2,0,36.0,26.6,4.6,72.0,4.3,0,1,0,0,0,0,0,2,5.3
1,6,8.4,1,72,69,2,0,3,56.0,38.2,4.7,90.0,4.5,1,1,3,2,1,0,1,4,7.7
1,0,6.9,2,61,67,0,1,1,20.0,28.7,3.3,76.0,3.8,0,0,0,0,0,0,1,0,2.8
1,11,7.3,0,67,72,2,0,1,41.4,45.3,0.8,69.8,4.5,0,1,0,0,0,0,1,1,5.7
0,4,6.7,0,56,82,0,1,1,20.0,12.2,1.3,84.0,4.3,0,1,0,0,0,1,0,8,2.7
1,7,7.6,0,57,68,1,1,3,32.9,36.5,1.6,69.7,3.8,0,1,3,2,1,0,1,7,4.1
1,2,7.9,0,73,82,1,3,0,61.0,48.0,7.1,77.0,4.1,1,1,0,0,0,0,1,6,6.4
1,0,6.6,1,64,83,1,2,2,20.0,17.2,2.4,73.0,3.3,1,1,4,1,1,0,2,3,2.0
0,2,7.5,0,71,70,0,1,0,31.7,28.0,3.6,63.0,3.6,1,0,0,0,0,0,1,5,4.4
1,4,6.5,0,72,83,0,2,2,20.0,26.9,2.9,77.0,4.6,0,1,0,0,0,0,1,1,3.0
1,7,7.6,1,69,67,0,1,0,33.0,26.7,1.3,77.2,4.5,0,1,0,1,0,0,2,2,4.9
0,11,7.4,0,73,83,1,3,0,45.4,45.3,7.1,86.4,4.4,1,1,2,1,1,1,0,0,5.5
0,0,8.2,0,61,60,1,1,1,42.3,40.5,4.7,84.0,3.9,1,1,2,3,1,1,1,0,6.5
1,4,7.9,0,81,87,2,3,2,63.8,61.7,5.2,90.0,4.8,1,1,2,2,1,1,0,1,7.4
1,7,7.5,1,75,71,2,3,1,52.4,33.3,4.1,89.3,4.6,1,1,3,2,1,1,1,8,5.3
0,0,8.3,0,78,83,2,3,2,78.2,52.7,6.7,90.0,4.8,1,1,4,1,1,1,2,5,8.5
1,4,7.7,0,67,64,1,2,1,48.5,38.7,3.8,74.0,4.1,0,1,0,0,0,1,1,0,6.7
0,5,7.3,0,59,67,0,1,1,20.0,12.6,2.3,72.0,3.6,0,1,0,0,0,1,2,1,3.6
0,4,8.2,0,78,72,0,3,0,50.8,40.9,7.2,86.0,4.3,1,0,3,2,1,1,0,3,6.7
0,5,8.3,0,84,83,2,3,2,63.7,38.3,7.0,90.0,4.5,1,1,1,3,1,1,1,8,5.7
1,3,7.5,0,71,69,1,1,0,37.8,12.8,2.4,72.0,4.3,0,1,0,0,0,0,1,4,3.3
1,2,8.2,0,74,83,1,1,3,45.6,38.4,4.6,83.0,4.0,1,1,2,2,1,1,1,8,7.0
1,2,8.0,0,77,85,2,3,2,54.1,51.6,4.9,90.0,4.8,1,1,2,2,1,0,1,0,6.2
1,9,7.8,2,56,85,1,1,1,55.0,46.6,5.2,67.7,4.2,0,1,0,0,0,1,1,8,6.1
0,6,8.8,0,74,79,1,1,2,87.0,67.1,6.2,79.6,4.3,1,1,4,1,1,1,1,2,8.8
0,4,8.1,0,61,63,1,1,1,50.6,42.5,4.2,72.0,4.6,1,0,0,0,0,0,2,3,6.9
0,2,7.6,0,78,73,2,1,0,52.4,49.9,2.9,73.0,4.6,1,1,0,0,0,0,2,7,5.2
1,4,8.1,1,76,85,1,2,2,50.4,32.2,4.7,86.0,4.8,1,1,4,1,1,0,1,0,6.8
1,0,7.6,2,58,67,1,2,0,45.4,43.7,5.4,79.0,4.3,0,1,0,0,0,0,2,8,7.4
1,0,8.6,0,64,83,2,3,2,72.3,49.8,6.9,82.0,4.4,1,1,2,3,1,0,0,0,7.9
1,6,6.6,0,71,87,1,3,2,33.9,41.3,7.4,90.0,4.5,1,1,3,3,1,1,1,6,4.5
1,2,6.7,0,72,73,1,1,1,20.0,23.2,1.2,67.0,4.2,0,0,0,0,0,0,1,3,3.4
1,3,8.4,0,64,65,0,1,1,54.3,54.8,3.3,64.0,3.6,1,1,0,0,0,0,1,3,8.3
1,8,7.4,0,61,75,0,3,1,39.8,37.6,7.2,68.1,3.4,1,1,1,0,0,1,1,8,4.4
1,8,7.5,0,73,84,2,2,2,43.1,36.6,7.0,90.0,4.8,1,1,0,0,0,0,1,9,5.3
1,4,8.5,1,68,83,0,1,0,49.5,27.9,2.3,74.0,4.3,0,1,0,0,0,0,2,0,6.2
1,1,7.5,0,66,85,1,2,0,46.8,38.7,4.1,78.0,4.0,1,1,0,0,0,0,0,8,6.3
0,4,7.5,0,55,67,1,2,3,33.1,29.6,1.8,76.0,3.7,0,1,0,0,0,0,2,2,6.1
1,8,7.5,0,61,82,0,0,0,32.4,26.5,2.3,76.4,4.7,1,1,1,2,1,0,1,2,3.8
1,1,7.4,0,55,71,1,1,0,38.0,39.9,2.6,72.0,3.6,0,0,0,0,0,1,1,6,7.0
1,10,8.4,0,70,84,0,3,2,64.8,46.1,6.6,74.3,4.1,1,1,0,1,0,1,1,8,7.1
1,9,7.5,0,55,72,1,3,0,49.7,34.6,4.5,69.4,4.2,0,1,2,3,1,0,1,8,4.6
1,2,8.5,0,79,82,0,3,0,65.1,43.6,7.0,90.0,4.8,1,1,1,3,1,1,1,8,7.0
1,8,7.7,0,55,72,2,0,1,25.5,22.0,1.4,65.0,3.9,0,0,0,1,0,0,2,2,5.2
1,1,8.2,0,83,85,2,3,2,67.6,50.7,7.0,90.0,4.8,1,1,1,3,1,1,1,8,7.4
1,4,7.5,0,67,88,1,3,2,50.7,30.0,8.1,90.0,4.8,1,1,4,1,1,0,0,1,5.2
1,4,8.7,0,85,75,2,3,2,76.9,57.5,7.0,78.0,4.8,1,1,3,1,1,0,2,4,8.3
0,0,7.4,0,58,71,1,2,1,41.9,39.0,4.0,66.0,4.5,0,0,0,0,0,0,1,5,6.1
0,6,8.4,0,80,82,0,3,0,63.8,48.1,7.6,71.9,4.8,1,1,1,2,1,1,2,4,7.6
1,2,7.6,0,89,84,2,3,2,58.9,40.3,5.7,90.0,4.8,1,1,3,1,1,1,1,4,7.9
1,4,7.7,0,55,61,1,1,1,38.7,39.2,2.6,79.0,3.9,0,1,0,0,0,0,1,4,6.3
1,11,7.8,0,83,87,1,2,1,66.8,58.0,7.5,90.0,4.8,1,1,2,2,1,1,1,8,5.4
0,5,6.5,0,55,72,1,1,1,20.0,12.6,3.0,82.0,3.4,0,0,0,0,0,0,1,8,2.0
1,3,7.7,0,65,75,1,2,0,44.7,34.1,4.2,73.0,4.0,0,1,2,2,1,0,1,8,4.3
0,8,8.2,0,61,84,1,1,0,44.0,38.2,2.7,80.0,3.9,1,1,1,1,0,1,0,8,8.6
1,4,8.5,0,72,83,1,3,2,77.9,60.3,6.0,88.0,4.8,1,1,2,2,1,1,2,0,8.1
1,4,7.4,2,79,68,1,1,0,30.3,36.7,3.6,82.0,4.5,1,1,0,0,0,1,2,0,3.8
0,6,8.6,0,65,73,2,1,1,78.8,64.4,5.5,85.6,4.0,1,1,1,1,0,0,1,1,10.8
1,8,7.8,1,78,84,2,3,1,47.2,50.1,6.9,89.4,4.8,1,1,3,3,1,0,1,8,4.8
1,8,8.0,0,73,79,1,2,2,38.6,31.5,4.4,80.1,4.7,1,0,1,1,0,1,1,1,6.4
0,11,6.5,1,55,66,0,0,1,23.6,11.7,2.3,78.3,3.5,0,1,0,1,0,0,0,8,2.7
0,11,8.3,0,55,66,0,3,1,62.1,60.3,7.2,87.2,3.8,1,1,4,0,1,1,1,2,6.9
1,6,6.9,1,55,66,1,1,1,27.3,32.1,3.0,64.1,3.5,0,0,0,1,0,0,0,5,4.8
0,4,7.3,0,80,87,2,3,2,50.0,51.3,8.3,90.0,4.6,1,1,3,2,1,0,0,4,5.6
1,3,8.6,0,69,79,2,3,2,75.3,62.9,7.1,89.0,4.7,1,1,3,1,1,1,0,2,8.4
1,3,8.5,0,73,83,1,3,0,67.5,55.4,6.9,81.0,4.8,1,1,3,2,1,1,2,8,8.3
1,5,8.3,0,58,70,1,1,1,49.4,50.9,3.5,70.0,4.3,0,0,0,0,0,0,0,8,8.2
0,4,7.4,0,63,70,1,2,0,43.3,41.6,5.8,71.0,3.9,0,1,0,0,0,1,2,5,5.4
1,9,6.5,1,73,83,0,3,2,27.8,20.0,6.5,80.8,4.5,0,0,2,3,1,0,2,8,2.9
1,0,8.7,0,77,65,0,3,0,71.8,60.0,6.2,85.0,4.5,1,1,2,2,1,1,0,6,8.9
0,0,8.1,0,82,86,1,2,0,58.8,34.0,5.0,88.0,4.6,1,1,3,2,1,1,2,0,5.4
1,4,8.8,0,74,74,1,3,0,80.4,53.0,6.6,72.0,4.1,1,1,3,2,1,1,1,3,8.1
0,0,8.0,0,83,85,1,3,2,61.6,51.9,7.6,79.0,4.8,1,1,2,2,1,1,2,8,6.6
1,5,7.7,0,83,83,2,3,2,55.2,37.5,6.4,75.0,4.4,1,0,3,2,1,1,1,8,6.7
1,2,6.5,0,55,70,1,2,0,22.3,25.4,3.3,72.0,4.1,0,0,0,0,0,1,1,8,3.7
1,11,6.5,2,60,65,0,2,0,26.6,38.1,3.4,60.0,3.5,0,0,0,0,0,0,1,2,3.2
1,6,7.5,0,62,63,2,3,1,47.5,35.5,7.3,80.7,3.8,1,1,3,1,1,1,2,2,5.3
0,2,6.5,2,74,84,0,3,2,30.8,31.6,6.2,73.0,4.5,1,1,2,3,1,1,1,8,3.7
0,4,7.6,1,60,69,0,1,0,21.5,17.7,0.0,67.0,3.8,0,0,0,0,0,1,2,4,4.8
1,2,7.6,0,55,68,1,1,0,40.0,36.8,2.4,74.0,4.4,1,1,2,2,1,0,1,1,5.7
1,0,6.5,1,58,73,1,1,0,20.0,31.2,1.2,78.0,3.5,0,1,0,0,0,0,1,4,3.5
1,7,8.0,0,83,87,1,3,0,66.3,65.0,6.7,90.0,4.8,1,0,2,3,1,1,1,4,7.6
0,8,8.2,1,75,84,2,2,2,58.6,64.5,8.2,90.0,4.6,1,1,1,3,1,1,0,1,6.9
1,0,7.6,0,59,61,0,2,0,34.2,35.6,3.7,72.0,4.4,0,0,2,2,1,0,0,4,5.4
0,8,6.8,2,58,65,1,2,0,20.0,15.6,2.1,77.8,4.4,0,1,1,0,0,0,1,8,2.4
1,6,6.8,1,57,63,0,0,2,23.1,26.3,0.5,79.1,3.6,0,1,0,0,0,1,2,2,3.4
0,8,6.5,0,62,65,2,0,1,20.0,31.7,2.4,61.2,3.6,0,1,1,0,0,1,2,8,3.0
0,3,8.7,0,80,85,2,2,2,70.1,65.5,4.6,90.0,4.8,1,1,3,2,1,1,1,8,9.4
0,5,6.8,0,74,82,2,1,2,25.9,17.2,3.1,75.0,4.6,1,1,0,0,0,0,1,0,3.3
1,6,8.6,1,80,88,0,3,0,77.6,73.2,9.1,88.4,4.7,1,1,3,1,1,1,0,2,10.7
0,2,7.8,0,63,88,1,2,0,51.1,27.3,6.4,76.0,4.0,1,1,0,0,0,0,2,8,5.3
1,6,7.3,0,82,87,0,2,3,47.1,37.9,5.6,86.1,4.3,1,1,0,0,0,0,2,6,6.2
1,0,8.3,0,80,72,2,2,0,56.0,67.6,5.1,90.0,4.8,1,1,2,2,1,0,2,5,8.6
1,4,8.0,0,74,87,2,3,2,64.2,51.1,8.5,90.0,4.7,1,1,0,0,0,1,2,9,8.4
1,2,8.4,0,71,83,0,3,0,60.5,46.3,6.0,90.0,4.5,1,1,4,1,1,0,1,4,7.1
1,1,7.7,0,90,88,1,3,0,45.9,36.2,6.3,82.0,4.2,1,1,1,3,1,1,1,9,5.7
1,3,6.5,0,56,70,1,2,1,24.3,23.6,5.4,76.0,4.1,1,0,0,0,0,0,2,8,2.0
1,0,7.6,1,55,58,1,1,1,39.0,29.3,1.4,65.0,3.5,0,0,0,0,0,0,0,1,4.5
1,3,6.9,1,70,61,0,1,1,20.0,21.3,2.0,65.0,4.1,1,1,3,2,1,0,0,7,3.8
1,0,7.6,0,82,64,1,1,1,32.2,20.1,1.7,77.0,4.5,0,0,0,0,0,0,1,0,3.8
1,7,8.6,1,77,83,2,3,3,75.0,65.0,5.5,90.0,4.8,1,1,4,1,1,0,2,6,8.7
1,1,8.1,0,63,66,2,1,0,56.8,45.8,1.2,83.0,4.1,0,0,0,0,0,1,1,3,6.5
0,4,7.5,0,55,68,2,2,1,48.2,43.0,5.3,63.0,4.0,1,1,0,0,0,0,2,5,6.9
0,3,7.2,0,70,65,1,2,0,37.9,31.5,4.0,74.0,4.1,0,0,0,0,0,0,1,8,4.5
0,3,6.9,0,80,66,1,1,1,25.8,30.9,1.0,85.0,4.2,0,1,0,0,0,0,0,8,3.7
0,6,7.6,1,84,64,0,3,1,45.8,41.0,6.5,83.9,4.7,1,1,0,0,0,0,1,1,6.7
1,0,8.9,0,73,83,2,3,2,91.0,73.1,8.3,88.0,4.8,1,1,0,0,0,1,2,2,11.8
1,4,6.5,0,55,70,1,1,0,20.0,25.0,1.6,68.0,4.3,0,1,0,0,0,0,0,2,2.1
1,2,8.3,0,81,88,1,2,2,54.7,51.3,6.7,87.0,4.3,1,1,2,2,1,1,2,5,7.6
1,3,7.4,0,74,64,1,2,1,35.9,25.5,3.2,71.0,3.5,0,0,0,0,0,1,1,8,5.9
1,6,7.3,0,55,70,0,0,0,38.6,19.9,2.9,80.2,3.6,0,0,1,0,0,0,2,1,3.9
0,4,8.1,1,61,82,2,3,1,71.8,61.2,8.1,74.0,4.0,1,0,0,0,0,1,2,7,7.9
1,11,8.4,0,74,85,1,3,0,72.3,50.0,6.8,81.9,4.1,0,1,1,0,0,1,1,8,8.6
1,5,7.4,0,61,69,1,2,0,37.7,36.3,4.0,76.0,4.4,0,1,0,0,0,0,2,8,5.8
1,2,7.9,0,79,85,0,3,2,51.8,40.9,6.3,80.0,4.2,1,1,3,2,1,1,1,4,6.4
1,8,7.2,0,68,73,1,1,2,34.9,39.1,0.8,69.8,4.5,0,1,0,0,0,0,2,4,5.5
1,2,7.2,0,65,68,1,1,0,34.7,32.7,0.3,76.0,4.0,0,1,0,0,0,0,2,7,3.9
1,5,6.9,0,55,64,1,1,0,20.0,28.1,2.0,68.0,3.7,0,0,0,0,0,0,1,8,3.6
1,11,7.8,1,70,82,1,3,1,57.2,51.9,5.0,82.6,4.6,0,1,4,1,1,0,1,2,6.3
1,6,7.4,0,61,66,2,2,0,33.8,34.7,4.5,68.2,3.8,1,1,0,0,0,0,2,1,4.7
0,4,8.6,0,76,57,1,2,0,54.4,52.6,3.1,72.0,4.4,0,1,0,0,0,0,2,4,8.1
1,3,8.1,0,79,81,2,3,2,60.9,45.8,6.4,86.0,4.8,0,1,2,3,1,1,1,7,6.4
1,6,6.5,0,55,63,0,2,0,23.3,30.6,1.2,70.4,3.4,0,0,0,0,0,0,2,6,4.3
1,1,7.6,0,64,71,1,1,1,39.6,41.5,2.5,68.0,4.3,1,1,0,0,0,0,1,1,5.1
1,5,7.4,0,79,71,1,2,0,45.6,37.9,3.8,79.0,4.2,0,1,2,2,1,0,1,8,5.5
1,4,6.6,1,58,62,1,2,0,27.1,12.7,3.4,76.0,3.8,0,0,0,0,0,0,1,4,2.7
0,6,7.9,0,79,80,0,2,1,39.2,31.8,1.6,75.3,4.1,0,1,0,0,0,0,0,5,6.8
1,6,7.9,1,84,86,1,2,3,66.7,48.4,8.5,84.3,4.6,1,1,2,2,1,1,1,1,7.9
0,5,8.2,0,81,65,0,3,2,48.3,32.5,7.1,79.0,3.9,0,1,0,0,0,1,1,0,6.9
1,0,7.7,0,56,61,0,1,2,21.8,27.5,0.7,83.0,4.4,1,1,3,2,1,0,0,5,4.8
1,9,6.5,0,65,67,2,1,2,20.0,8.7,5.9,73.5,4.7,1,1,0,1,0,0,0,8,2.0
1,1,6.6,0,55,73,0,1,1,20.0,34.4,1.6,78.0,4.4,0,1,0,0,0,1,2,8,2.7
0,6,8.0,1,74,71,0,3,2,65.0,60.5,7.6,76.4,4.5,1,1,3,2,1,1,2,1,8.2
1,3,7.8,0,62,68,0,2,0,41.7,19.2,2.9,83.0,4.8,0,0,0,0,0,0,2,9,4.6
1,5,6.8,0,59,60,0,1,0,20.0,13.6,1.1,73.0,4.5,0,0,0,0,0,0,0,8,2.6
1,3,7.7,0,55,68,0,1,0,36.4,28.6,2.6,78.0,4.3,1,0,0,0,0,1,2,7,4.3
1,2,7.3,0,66,66,1,1,0,25.1,26.6,2.5,73.0,4.0,0,1,0,0,0,0,0,4,3.7
0,0,8.1,0,83,88,2,3,2,62.9,50.0,8.8,84.0,4.6,1,1,4,1,1,1,0,8,6.3
0,7,7.8,2,72,84,1,3,2,64.6,60.6,8.9,90.0,4.8,1,1,3,2,1,1,2,0,5.6
0,0,8.0,0,81,68,2,3,1,71.4,49.9,7.2,73.0,4.4,1,1,0,0,0,0,1,2,7.7
1,5,7.5,0,61,69,0,1,0,21.8,8.2,2.2,77.0,4.3,0,1,0,0,0,0,2,8,3.4
0,10,7.7,0,63,64,0,2,0,34.0,49.0,3.8,78.8,4.4,0,1,0,0,0,0,1,5,5.9
1,6,8.4,0,76,79,2,3,1,75.6,54.4,7.9,81.8,4.7,1,1,0,1,0,1,0,0,10.2
1,3,8.0,0,77,86,2,3,2,60.4,40.5,6.7,90.0,4.8,1,1,4,1,1,1,1,1,6.7
1,4,6.9,0,59,68,1,2,1,24.2,23.9,4.9,81.0,4.3,0,1,0,0,0,0,0,5,2.3
1,7,7.4,0,60,71,1,0,1,27.1,24.1,1.1,75.1,3.6,0,0,0,0,0,0,0,6,4.1
0,0,7.7,1,73,80,1,2,0,40.4,28.0,4.1,77.0,4.3,1,1,3,2,1,0,0,1,4.6
0,4,7.8,0,60,69,1,2,0,46.7,39.2,4.7,80.0,4.5,1,1,2,2,1,0,1,3,6.3
1,11,8.3,0,77,85,2,2,2,74.3,62.3,8.1,79.3,4.4,1,1,0,0,0,1,2,1,8.4
1,11,7.8,1,72,63,1,1,1,46.1,38.9,2.6,73.2,4.1,1,1,1,0,0,1,0,8,6.3
1,2,7.9,0,70,86,2,3,2,61.7,49.9,7.5,90.0,4.8,1,1,2,2,1,1,1,8,7.1
1,11,7.8,0,69,67,0,3,2,62.7,62.2,6.2,86.2,4.5,1,1,1,1,1,1,1,8,7.0
0,11,8.1,1,73,87,1,0,0,54.5,45.3,3.1,78.3,4.4,1,1,1,0,0,1,1,5,6.4
0,7,7.7,0,76,86,1,3,1,72.3,56.1,6.5,90.0,4.6,1,1,0,0,0,0,1,2,8.1
0,7,7.8,0,55,61,2,2,0,51.4,49.4,4.7,86.6,4.5,0,0,0,0,0,0,1,0,8.0
1,2,8.1,0,75,74,2,2,1,53.3,47.4,3.7,76.0,4.0,0,1,4,1,1,0,2,8,6.5
1,4,8.2,0,73,88,2,3,2,74.0,75.8,5.4,90.0,4.8,1,1,1,3,1,1,0,7,8.3
1,6,8.3,0,78,85,1,3,0,69.1,53.9,8.3,85.2,4.8,1,1,0,3,1,1,2,4,8.4
0,6,8.6,0,81,87,2,3,2,74.0,47.4,7.1,72.2,4.3,1,1,3,3,1,0,0,2,8.0
1,2,8.2,0,73,80,2,2,2,60.2,54.2,4.3,90.0,4.3,1,1,2,2,1,1,1,5,6.3
1,9,7.6,0,65,70,0,0,0,32.4,26.3,2.6,69.4,3.5,0,1,1,0,0,0,1,9,5.4
0,5,6.5,0,64,63,0,1,0,20.0,16.2,2.0,64.0,4.3,1,1,0,0,0,0,0,8,2.4
1,4,6.5,0,77,72,1,2,1,25.5,27.9,4.9,84.0,4.7,1,1,0,0,0,0,0,0,3.9
0,7,7.7,0,80,82,0,3,0,57.2,64.0,5.3,73.8,4.2,0,1,0,0,0,1,0,4,8.4
1,5,7.5,0,55,73,1,1,0,41.2,51.6,3.7,65.0,3.5,0,1,0,0,0,1,0,1,6.0
1,2,7.6,0,55,64,1,1,0,34.3,38.7,3.0,73.0,3.7,0,1,0,0,0,0,1,0,4.4
1,0,7.5,0,55,65,1,2,0,42.0,19.6,4.4,78.0,3.4,1,1,0,0,0,0,0,0,4.3
1,1,8.2,0,63,88,1,3,2,72.3,61.2,7.2,86.0,4.7,1,1,2,2,1,1,2,8,6.6
1,3,7.5,0,55,62,1,2,0,44.8,39.0,4.2,65.0,4.4,0,0,0,0,0,0,2,3,5.5
0,0,7.6,0,60,64,1,2,1,41.7,40.8,3.9,89.0,4.5,0,0,0,0,0,0,1,9,5.6
0,9,8.3,0,84,83,2,3,2,64.0,37.6,7.0,90.0,4.5,1,1,2,3,1,0,0,0,6.4
1,0,8.4,0,60,82,1,1,1,51.8,55.4,1.5,82.0,4.3,1,1,0,0,0,1,1,1,8.4
1,11,8.5,1,83,86,2,2,2,78.5,58.4,7.9,89.6,4.8,1,1,4,3,1,1,2,7,7.9
0,3,8.3,0,76,88,1,3,2,75.9,62.3,7.3,90.0,4.8,1,1,2,2,1,0,1,6,8.9
1,5,7.9,0,77,85,1,2,2,45.5,34.4,4.0,83.0,4.8,1,1,2,2,1,1,0,8,5.3
1,4,6.9,0,56,86,1,3,0,36.7,26.5,5.8,73.0,4.5,0,0,0,0,0,1,2,3,2.0
1,8,8.5,0,80,88,1,3,2,60.5,38.8,7.4,84.8,4.8,1,1,3,2,1,0,1,8,7.8
1,6,7.7,1,79,64,1,3,0,49.8,34.6,5.2,87.9,4.0,1,1,0,0,0,0,1,5,6.2
1,8,6.9,0,55,70,1,1,1,20.0,19.4,2.6,85.7,3.8,0,1,1,2,1,0,2,8,2.1
1,9,6.5,2,57,70,2,1,1,20.2,13.0,2.2,71.1,4.2,0,0,0,0,0,0,2,3,2.3
1,0,7.7,1,71,83,2,2,2,47.2,37.9,1.4,75.0,4.2,0,1,0,0,0,0,1,8,5.6
0,4,7.3,0,71,67,2,1,2,29.6,20.7,1.1,86.0,3.8,0,1,0,0,0,0,1,0,4.2
0,11,6.5,1,55,62,1,2,0,30.7,31.1,3.5,81.5,4.0,0,1,1,0,0,0,1,5,4.6
1,0,8.5,0,85,83,2,3,2,78.9,55.2,7.2,85.0,4.7,1,0,4,1,1,1,1,0,8.2
1,11,8.1,1,81,81,0,3,2,54.5,45.7,9.4,79.9,4.6,1,1,4,1,1,1,1,3,7.2
1,2,8.0,0,82,84,1,3,3,65.2,63.9,5.1,90.0,4.8,1,1,2,2,1,0,1,0,7.1
1,2,6.5,1,75,67,2,3,0,27.7,37.2,5.8,90.0,4.6,1,1,3,2,1,0,1,4,2.0
1,3,7.3,0,58,67,1,1,0,33.6,32.4,2.9,64.0,3.2,0,1,0,0,0,0,2,2,5.6
1,5,6.6,1,55,70,0,2,0,22.1,16.1,4.3,64.0,3.8,0,1,0,0,0,0,2,9,2.8
0,0,8.5,0,85,83,1,3,0,79.3,64.6,7.1,83.0,4.6,1,1,1,3,1,0,2,0,9.2
1,7,8.2,0,72,69,1,3,0,71.3,53.9,6.1,90.0,4.8,0,1,1,2,1,1,0,0,9.1
1,0,7.8,0,55,79,1,3,2,52.5,41.2,6.6,75.0,4.3,1,1,0,0,0,1,0,1,7.1
1,2,7.7,0,71,73,2,2,2,42.3,47.9,4.1,80.0,4.4,0,1,2,2,1,0,1,9,5.1
0,4,7.4,1,59,81,1,2,3,37.0,37.3,5.8,83.0,4.7,1,1,1,3,1,0,1,5,4.1
0,11,7.3,0,76,62,1,2,1,35.9,23.7,1.3,90.0,4.6,1,0,0,0,0,1,0,9,3.2
0,0,6.7,0,63,67,1,1,0,22.0,20.3,2.9,66.0,4.4,0,1,0,0,0,0,2,3,3.3
0,0,8.3,0,55,68,1,1,1,50.5,55.4,2.1,65.0,4.2,0,0,0,0,0,0,1,2,7.7
0,3,7.5,0,82,82,2,2,0,47.0,31.9,2.6,79.0,4.5,1,1,3,2,1,0,0,8,4.7
1,6,7.7,1,65,76,1,1,0,37.5,32.1,4.3,74.7,4.0,1,1,1,2,1,1,1,5,4.6
1,11,8.9,0,72,84,1,3,2,88.8,68.3,7.0,89.5,4.8,1,1,2,2,1,1,2,6,10.0
0,11,7.7,1,55,66,2,2,2,56.1,44.3,5.3,70.6,4.4,0,1,1,0,0,0,1,7,7.2
1,9,7.7,0,61,84,2,3,2,54.7,49.9,5.4,84.8,4.6,1,1,0,3,1,1,0,8,5.9
0,2,7.5,1,55,61,1,1,0,31.4,27.3,2.3,72.0,3.4,0,0,0,0,0,1,1,5,4.4
0,1,7.6,0,67,69,1,2,0,45.9,40.2,3.5,74.0,4.1,0,1,0,0,0,1,2,3,6.2
1,1,7.6,0,58,66,1,2,1,44.2,28.3,3.7,72.0,3.9,0,1,0,0,0,0,0,1,5.3
1,8,7.5,0,71,80,2,3,0,53.0,31.2,5.7,86.4,4.4,1,1,1,2,1,1,1,0,3.8
0,2,8.4,0,62,85,0,1,2,44.2,26.0,2.6,80.0,4.0,1,1,2,3,1,0,2,8,5.0
0,3,7.4,0,55,70,1,1,0,37.1,39.0,3.1,87.0,4.6,0,0,0,0,0,0,1,0,4.6
1,2,6.5,0,86,70,2,3,0,36.3,31.8,6.3,76.0,3.8,0,1,0,0,0,0,0,8,4.5
1,2,7.9,0,82,88,1,3,2,57.1,50.8,7.4,87.0,4.8,1,1,2,2,1,0,2,4,7.0
0,0,8.3,0,77,85,2,3,2,67.9,44.9,8.0,90.0,4.8,1,1,2,3,1,1,1,8,7.1
1,6,7.9,0,61,57,1,2,1,52.6,47.3,2.4,63.7,4.0,0,0,0,0,0,0,0,7,6.8
1,0,7.9,0,77,84,2,3,2,58.3,40.7,7.6,90.0,4.7,1,1,3,2,1,0,0,4,6.9
1,4,8.3,0,79,73,2,3,2,69.4,50.3,7.8,90.0,4.7,1,1,2,2,1,1,1,1,9.2
1,1,8.7,0,62,74,0,3,0,69.4,57.5,8.0,75.0,3.7,1,1,0,0,0,1,0,8,9.1
1,9,8.1,0,68,69,0,2,0,55.0,54.7,5.9,84.8,4.0,1,1,0,0,0,1,2,8,6.4
0,7,7.9,0,79,84,1,3,2,54.1,51.7,8.0,90.0,4.4,1,1,2,2,1,1,2,1,6.5
0,0,6.8,1,78,82,2,3,3,43.0,37.5,7.5,87.0,4.0,1,1,0,0,0,1,0,0,5.4
1,3,7.3,1,60,65,0,1,1,25.5,19.7,1.4,74.0,3.8,0,1,0,0,0,0,2,6,2.3
0,2,6.5,2,76,72,1,2,0,20.0,32.4,3.0,78.0,4.7,0,1,0,0,0,0,2,7,2.5
0,7,7.4,0,59,83,2,0,0,34.4,22.3,2.0,71.8,4.3,1,1,1,2,1,1,0,8,5.4
0,3,7.5,2,55,71,1,1,0,26.1,31.6,2.0,66.0,3.9,0,0,0,0,0,0,2,8,5.7
0,3,7.7,0,57,68,1,2,0,45.8,25.1,4.5,78.0,4.0,0,1,0,0,0,1,2,1,4.5
1,3,7.3,0,55,70,0,1,0,20.0,25.4,0.9,75.0,3.4,0,0,0,0,0,0,2,8,3.9
0,0,8.7,0,84,72,1,3,2,72.6,56.2,6.3,72.0,4.8,1,1,1,3,1,1,1,4,9.1
0,8,8.4,0,55,67,1,1,0,55.7,50.1,5.6,82.5,3.7,0,1,0,0,0,0,2,5,8.0
1,2,7.6,0,75,83,2,2,2,46.3,42.4,6.4,80.0,4.8,1,1,3,1,1,0,2,8,7.2
1,0,8.0,0,76,86,2,3,0,58.1,55.1,7.1,90.0,4.8,1,1,2,2,1,1,1,2,6.1
0,9,7.4,0,55,86,0,1,1,24.7,7.2,2.2,82.4,3.8,0,1,0,0,0,1,0,9,3.7
0,6,7.6,2,55,73,1,1,0,49.0,49.8,4.5,78.7,3.8,1,1,1,1,1,0,1,2,5.9
1,0,8.3,0,74,78,1,3,2,63.0,53.0,8.5,85.0,4.7,1,1,0,0,0,1,1,5,8.8
1,6,7.7,1,55,57,0,0,0,35.7,30.5,4.4,74.3,4.5,0,0,1,0,0,0,1,7,5.9
1,0,8.0,0,57,64,0,3,1,61.3,51.6,6.1,73.0,4.8,1,1,0,0,0,0,0,5,6.9
1,0,8.2,0,74,66,2,3,0,68.3,44.5,7.2,80.0,4.3,1,1,0,0,0,1,2,9,8.1
1,11,8.6,0,57,88,0,3,1,63.2,57.6,5.7,89.4,4.6,1,1,2,0,1,1,2,5,7.8
0,2,7.7,0,55,61,0,1,1,31.8,41.8,0.9,67.0,4.4,0,0,0,0,0,0,1,7,5.7
0,3,8.3,0,71,86,1,3,0,63.5,62.8,8.7,90.0,4.7,1,1,2,2,1,1,1,9,7.8
0,3,8.3,0,74,83,2,3,2,68.7,68.4,6.7,90.0,4.8,1,1,4,1,1,0,0,1,8.6
1,5,6.7,0,79,65,0,3,0,31.0,37.3,7.7,90.0,4.3,1,1,3,2,1,1,0,8,3.5
1,3,8.3,0,82,84,2,3,2,61.3,48.4,9.9,89.0,4.8,1,0,3,2,1,1,1,6,6.0
1,4,7.7,1,55,66,0,2,0,47.0,50.3,3.8,72.0,3.6,0,1,0,0,0,1,0,3,7.7
1,0,7.9,0,55,85,0,1,0,30.3,27.0,3.2,79.0,4.4,1,0,0,0,0,0,2,4,5.7
1,3,8.3,0,76,81,0,1,2,42.4,32.1,3.5,81.0,4.4,1,1,3,2,1,1,1,0,6.5
1,9,8.3,1,74,81,0,2,2,61.8,33.1,4.2,89.0,4.8,1,1,2,2,1,0,0,8,5.1
0,0,8.2,0,74,82,2,1,0,47.2,52.0,2.0,82.0,4.6,1,1,1,3,1,0,2,2,6.0
1,3,8.3,0,72,85,2,3,0,61.5,53.9,6.8,72.0,3.6,0,1,0,0,0,0,1,8,8.4
1,4,7.2,0,57,66,1,2,0,36.5,21.7,5.2,68.0,4.2,1,1,0,0,0,0,1,7,4.6
1,3,7.6,0,78,73,1,2,0,50.3,52.4,4.5,80.0,4.0,0,1,0,0,0,0,0,6,6.1
0,0,6.9,0,77,86,1,2,1,25.8,40.0,5.6,88.0,4.6,1,1,0,0,0,0,1,2,4.4
0,3,7.7,0,65,62,2,1,0,42.9,34.9,1.0,68.0,4.6,0,0,0,0,0,1,1,9,5.3
1,2,7.5,0,58,76,1,1,0,25.8,33.6,1.4,81.0,4.5,0,1,4,1,1,0,2,0,4.3
0,6,7.3,0,80,85,0,3,3,38.5,30.4,4.3,90.0,4.5,1,1,1,3,1,0,1,2,5.1
1,6,7.9,0,83,67,0,1,2,49.9,51.4,6.8,88.2,4.4,1,1,0,0,0,1,2,5,6.5
1,0,8.4,0,78,86,1,3,0,63.9,41.4,8.3,81.0,3.6,1,1,2,2,1,0,1,2,6.7
1,0,7.8,0,58,66,1,2,1,54.0,40.0,2.7,76.0,4.4,0,1,2,2,1,0,2,2,4.6
1,6,8.7,0,81,88,1,2,2,60.2,47.4,7.1,90.0,4.6,1,1,2,2,1,0,2,2,8.0
1,8,6.7,1,59,63,1,1,0,20.0,9.5,2.8,60.5,4.2,0,0,0,0,0,0,1,4,2.0
1,2,8.3,0,80,86,1,3,2,68.1,60.1,6.9,90.0,4.8,1,1,3,2,1,1,2,8,8.6
1,7,8.2,1,68,68,0,2,1,46.0,31.2,0.2,79.6,4.3,0,0,1,0,0,0,1,0,6.5
1,3,7.1,1,55,66,1,2,2,25.5,13.8,3.6,74.0,4.3,1,1,0,0,0,0,0,8,3.1
1,5,7.2,0,55,70,0,2,1,31.6,40.3,4.8,86.0,4.2,1,1,0,0,0,0,1,8,4.6
1,0,6.9,0,80,80,1,3,0,33.1,30.6,8.7,77.0,4.8,1,1,2,3,1,1,1,0,3.3
1,9,7.6,1,59,66,2,2,1,43.8,49.9,5.4,78.1,4.2,1,1,3,1,1,1,1,8,4.9
1,7,7.9,2,74,72,0,3,0,58.0,37.2,4.4,70.2,4.4,1,0,3,1,1,0,0,6,4.9
1,2,6.5,0,57,66,1,2,0,26.6,29.3,3.9,84.0,4.6,1,1,0,0,0,0,0,8,2.3
1,2,8.5,0,73,75,1,2,2,61.9,57.3,3.1,86.0,4.6,1,1,1,3,1,0,0,8,7.3
1,8,8.0,1,77,85,2,2,1,61.2,57.2,8.1,80.7,4.5,1,1,2,3,1,1,0,8,8.5
1,4,7.9,0,70,85,1,3,0,53.9,52.5,7.4,84.0,4.7,1,1,2,2,1,1,0,0,7.0
1,9,7.7,0,56,65,2,2,1,37.5,27.7,4.1,73.2,4.1,0,1,1,3,1,1,0,8,4.0
0,10,6.7,1,57,71,1,2,1,21.3,30.2,5.4,67.4,4.1,0,1,0,0,0,1,1,6,3.2
1,3,7.3,0,81,60,1,1,0,27.9,40.2,3.0,82.0,3.9,0,0,0,0,0,0,1,8,5.2
1,2,6.7,1,73,74,1,2,0,26.3,30.7,3.7,71.0,3.8,1,1,0,0,0,1,2,8,5.1
0,0,8.3,0,77,88,2,3,3,78.5,59.5,6.2,89.0,4.5,1,1,4,1,1,1,2,1,8.4
1,7,6.5,0,55,75,0,0,1,22.2,14.1,2.0,80.1,4.2,0,1,0,1,0,0,0,0,2.0
1,2,6.7,2,82,69,0,2,0,25.4,25.3,5.2,74.0,3.6,0,1,3,2,1,0,1,8,2.7
1,4,7.7,1,88,85,2,3,2,70.1,59.4,5.9,90.0,4.8,1,1,3,2,1,1,1,0,7.8
1,6,6.8,1,56,70,0,2,1,22.6,36.2,4.1,87.7,4.0,0,0,0,1,0,1,1,9,2.7
1,3,8.4,0,79,83,2,1,2,53.0,35.3,3.9,90.0,4.8,1,1,1,3,1,1,1,8,6.7
0,4,8.2,0,74,84,2,3,2,69.0,68.1,7.9,90.0,4.6,1,1,2,2,1,1,1,4,7.9
0,2,7.9,0,84,85,1,3,1,59.7,40.9,8.1,77.0,4.3,1,1,2,2,1,1,1,7,6.2
1,3,6.5,0,57,61,1,1,0,20.0,32.3,3.5,67.0,4.2,0,0,0,0,0,0,1,1,2.6
0,2,7.4,0,58,67,1,1,1,24.2,32.1,1.4,70.0,3.2,0,1,0,0,0,0,1,3,3.2
1,0,7.5,1,55,65,1,1,1,42.1,46.5,2.4,70.0,4.6,0,1,0,0,0,0,1,9,6.2
1,10,7.8,1,55,67,2,1,0,39.0,39.1,2.4,73.6,4.4,1,1,2,2,1,0,2,7,5.9
1,0,7.6,0,55,68,1,1,1,43.3,37.0,2.7,79.0,4.1,0,1,4,1,1,1,2,8,3.8
1,2,8.5,0,75,88,2,3,2,76.2,59.2,8.4,82.0,4.7,1,1,3,1,1,1,1,8,8.0
0,5,8.2,0,66,64,1,1,0,35.4,35.0,1.8,88.0,3.9,0,1,0,0,0,0,2,1,6.5
1,5,8.0,0,63,69,1,1,2,52.1,57.8,2.3,85.0,4.5,1,1,3,2,1,0,2,8,6.9
1,9,7.4,0,60,67,2,1,0,40.2,26.4,5.5,81.9,4.6,1,1,1,0,0,0,1,0,5.2
0,6,8.3,0,79,84,2,2,2,68.6,70.6,5.1,89.0,4.8,1,1,2,2,1,1,0,2,8.9
0,7,7.8,0,71,87,1,3,1,55.4,45.8,6.2,83.1,4.2,0,1,0,0,0,1,2,6,7.2
1,3,8.7,1,81,80,1,3,2,76.6,58.1,8.6,90.0,4.7,1,1,3,2,1,1,1,8,8.3
1,4,8.4,2,81,84,1,3,2,70.1,60.9,6.8,84.0,4.8,1,1,0,0,0,1,0,3,8.7
1,6,8.6,0,56,85,0,2,2,64.9,59.5,5.3,76.8,4.5,1,1,4,2,1,0,1,4,7.4
1,8,7.4,0,73,72,0,3,1,28.3,34.0,4.4,80.4,3.8,1,1,0,0,0,0,1,8,5.0
1,3,7.8,0,71,70,0,3,1,47.3,42.7,6.1,87.0,4.4,1,1,0,0,0,0,0,8,5.9
0,2,7.6,0,57,67,1,3,0,53.7,50.2,6.9,83.0,4.1,1,1,0,0,0,1,2,1,6.2
1,11,8.1,0,75,78,1,0,3,56.6,63.4,3.7,90.0,4.6,1,1,4,2,1,1,1,6,7.9
1,8,6.5,0,75,84,1,2,1,20.0,3.3,5.2,84.2,4.8,0,1,4,3,1,0,1,8,2.5
1,3,7.5,0,75,84,1,3,0,58.7,48.8,7.8,83.0,4.8,1,1,4,1,1,1,1,8,5.9
0,5,6.5,1,67,65,2,3,2,36.2,33.8,8.6,66.0,4.7,1,0,0,0,0,0,0,5,4.6
0,0,8.5,0,75,83,1,3,3,71.4,56.0,7.8,88.0,4.4,1,1,2,2,1,1,2,0,7.9
1,4,7.6,0,71,85,1,3,0,48.5,36.2,5.6,80.0,4.8,1,1,0,0,0,1,1,0,6.0
0,4,7.7,2,70,85,1,2,0,32.9,40.0,6.0,88.0,4.8,1,1,3,2,1,0,1,1,5.5
1,5,7.5,1,55,67,1,1,1,27.5,26.1,1.5,68.0,4.3,0,0,0,0,0,0,1,8,4.0
0,10,7.8,1,60,68,1,2,1,35.2,38.5,5.0,69.0,4.4,0,1,1,0,0,0,2,8,6.4
1,4,8.6,0,60,71,0,1,0,35.3,28.6,0.7,77.0,4.1,0,1,0,0,0,0,2,1,5.8
1,3,7.5,0,71,84,1,3,2,57.5,51.8,7.8,90.0,4.8,1,1,3,2,1,1,0,8,7.0
0,6,8.2,0,79,85,2,2,1,59.2,43.1,5.1,82.6,4.5,1,1,0,3,1,1,1,3,6.4
1,3,8.5,0,74,88,1,3,0,71.0,60.6,7.4,88.0,4.7,1,1,4,1,1,1,1,1,8.6
1,3,6.5,0,55,68,0,2,0,20.0,20.2,4.8,78.0,4.5,0,1,2,3,1,0,2,8,2.0
1,6,7.5,0,57,71,0,2,1,50.5,41.7,8.1,78.3,4.4,1,1,0,0,0,1,2,9,5.0
0,2,7.5,0,72,79,2,2,0,49.0,36.7,6.1,89.0,4.8,1,1,3,2,1,0,1,8,5.8
1,5,6.5,0,79,62,1,1,0,20.0,27.7,2.1,70.0,4.8,1,1,2,3,1,0,2,8,2.7
1,7,8.2,0,82,63,0,2,2,53.5,51.1,5.6,90.0,4.8,1,0,1,1,0,1,1,9,7.1
0,6,8.2,0,71,81,0,3,0,62.6,50.0,6.8,86.2,4.7,1,1,3,1,1,1,1,1,8.6
1,0,8.6,0,55,85,1,3,2,72.4,67.4,5.7,90.0,4.8,1,1,3,2,1,1,1,9,9.0
0,4,8.1,0,80,87,2,3,2,71.6,58.8,6.5,88.0,4.7,1,1,2,3,1,1,1,1,8.5
0,7,8.1,0,70,84,1,2,1,69.8,31.6,6.9,89.0,3.8,1,1,1,3,1,1,1,4,6.3
1,6,7.6,1,55,66,0,0,1,37.5,46.6,1.6,83.9,3.8,0,1,0,0,0,0,1,3,6.8
1,7,8.4,0,85,88,2,2,3,80.0,59.2,7.8,90.0,4.8,1,1,3,2,1,1,2,9,9.9
1,0,8.6,0,82,84,1,3,2,69.1,67.5,7.1,85.0,4.8,1,1,4,1,1,0,2,5,8.2
1,4,8.4,0,81,84,1,3,0,64.3,47.2,7.5,75.0,4.6,1,1,0,0,0,1,0,6,7.8
1,9,7.8,0,89,65,1,3,2,53.2,38.6,5.9,84.3,4.6,1,1,0,3,1,0,1,8,5.7
0,5,8.3,0,57,73,2,3,2,64.4,57.4,7.4,82.0,4.8,1,1,3,1,1,1,2,8,8.6
0,10,8.6,0,59,80,0,3,0,60.2,56.5,6.8,87.2,4.3,1,1,0,0,0,1,0,8,8.3
0,4,7.7,0,79,85,1,3,0,52.9,59.8,6.6,81.0,4.8,1,1,3,2,1,0,2,1,7.7
1,2,8.4,0,80,64,1,2,1,58.9,58.2,4.3,80.0,4.8,1,1,0,0,0,0,1,4,9.0
0,4,6.9,0,86,63,1,1,1,28.5,39.4,2.3,74.0,4.4,0,0,0,0,0,0,0,3,4.4
1,11,7.3,1,55,68,1,2,0,37.2,32.3,4.1,68.0,3.3,0,0,0,0,0,0,2,4,5.2
0,8,8.2,1,82,85,0,2,3,58.4,51.9,8.0,89.6,4.4,1,1,0,0,0,1,1,8,6.8
1,2,8.2,0,79,85,2,3,2,73.0,66.4,6.9,86.0,4.4,1,1,3,1,1,0,0,8,7.8
1,4,7.8,0,59,69,1,1,0,39.7,24.8,0.9,86.0,4.6,0,1,0,0,0,0,0,1,4.9
1,5,8.4,0,59,62,1,1,0,52.8,35.3,1.2,72.0,3.8,0,0,0,0,0,0,2,9,8.6
1,10,8.2,0,59,64,1,0,0,39.5,24.2,1.2,70.1,4.6,0,1,0,1,0,0,2,8,5.7
1,0,7.6,0,55,63,1,2,0,44.2,29.8,3.3,63.0,4.7,0,0,0,0,0,0,1,0,5.5
0,2,7.4,0,55,68,1,1,0,33.7,20.7,0.4,75.0,4.3,0,0,0,0,0,0,0,8,6.2
1,7,8.4,0,87,85,1,3,0,71.3,59.2,7.2,90.0,4.6,1,1,3,3,1,1,0,6,7.0
1,2,8.2,0,77,83,2,3,2,68.5,59.2,6.4,90.0,4.8,1,1,3,2,1,1,1,8,7.5
1,0,7.5,0,64,85,1,3,0,56.5,36.5,6.8,71.0,4.0,0,0,0,0,0,0,1,8,7.0
1,4,6.5,0,62,63,1,2,0,20.0,32.2,4.3,81.0,3.5,0,1,2,2,1,0,1,9,3.0
1,8,6.7,0,62,64,1,1,1,20.0,14.7,2.9,80.3,3.8,0,1,1,1,0,0,1,2,2.0
0,7,8.6,0,70,85,0,2,1,63.3,46.7,3.8,85.3,3.9,1,1,0,1,0,1,1,6,8.1
1,8,7.6,1,55,59,1,0,0,36.6,30.1,1.2,63.3,4.1,0,0,0,0,0,0,1,7,3.7
1,3,8.1,0,55,73,1,3,2,62.8,56.6,5.8,85.0,4.8,0,1,1,3,1,0,1,8,6.7
1,7,7.6,0,75,59,0,1,1,40.2,37.7,3.2,86.3,3.2,1,1,3,1,1,1,0,1,5.4
1,1,6.6,1,59,70,1,1,0,20.0,16.5,1.9,76.0,4.4,0,0,0,0,0,0,1,8,2.9
0,4,7.6,0,70,70,2,2,1,45.3,31.1,4.0,90.0,4.7,1,1,0,0,0,0,1,6,5.4
1,4,8.4,0,78,76,2,3,2,61.8,40.1,6.8,90.0,4.8,1,1,2,2,1,0,1,3,5.9
1,10,7.1,0,56,64,1,2,0,20.0,27.2,1.9,67.5,3.7,0,0,1,1,0,0,0,9,5.2
1,7,6.8,1,76,85,1,3,2,35.0,30.2,5.6,79.8,4.5,1,1,1,0,0,1,0,8,3.6
0,3,8.4,0,71,79,1,2,2,53.8,45.1,4.4,73.0,4.3,1,0,3,1,1,1,1,8,6.8
1,6,8.4,0,76,88,0,2,3,58.3,47.0,4.0,83.2,4.4,1,1,3,0,1,0,1,1,7.3
1,11,7.0,0,55,63,1,2,0,32.5,16.3,3.4,67.0,3.5,0,1,1,0,0,1,1,5,3.5
1,5,6.6,1,90,64,1,1,0,20.6,23.7,4.4,71.0,4.5,1,0,0,0,0,1,1,9,2.3
1,0,6.5,1,61,59,1,1,0,20.0,14.8,2.1,79.0,4.2,0,1,0,0,0,0,0,9,3.2
0,2,8.4,0,82,83,0,3,0,67.6,50.7,8.1,80.0,4.3,1,1,0,0,0,1,1,1,8.6
1,0,7.4,0,82,85,1,3,2,39.8,38.4,6.3,88.0,4.8,1,1,4,1,1,0,1,4,4.1
1,8,8.1,1,82,81,2,3,1,63.6,36.0,8.3,90.0,4.8,1,1,3,3,1,1,0,7,6.5
0,3,8.2,0,77,66,0,3,0,48.3,41.6,7.2,76.0,4.7,1,1,0,0,0,0,2,8,8.9
1,9,7.7,1,55,73,0,3,1,48.3,33.1,9.7,71.6,4.6,1,0,1,0,0,1,1,8,6.7
1,3,7.6,0,65,67,0,1,0,25.6,22.6,2.6,76.0,4.1,0,0,0,0,0,0,2,8,5.0
1,4,8.4,0,77,81,2,3,2,65.8,51.4,8.1,80.0,4.7,1,1,3,2,1,1,1,5,7.8
0,3,8.6,0,85,82,2,3,2,72.7,57.4,6.7,90.0,4.7,1,1,4,1,1,1,2,9,8.9
1,11,7.5,0,55,66,0,2,1,44.7,39.4,5.7,69.7,3.7,0,1,1,0,0,1,2,7,6.0
1,7,7.7,0,58,66,0,2,1,32.6,22.1,0.7,70.2,3.8,0,1,1,0,0,0,0,7,3.7
0,4,8.5,0,79,84,1,2,2,66.5,50.2,3.5,90.0,4.6,1,1,3,1,1,1,1,1,6.8
1,0,8.4,0,83,88,2,3,2,65.5,59.6,6.2,90.0,4.6,1,1,1,3,1,1,1,5,8.7
0,4,6.5,0,61,67,1,1,0,20.0,19.5,0.0,60.0,3.9,0,1,0,0,0,0,1,0,2.0
1,2,7.8,0,81,84,2,3,1,66.6,43.9,6.3,90.0,4.0,1,1,0,0,0,1,1,7,7.2
1,5,7.5,0,80,86,2,2,1,52.3,27.6,5.3,78.0,4.4,1,1,1,3,1,1,2,5,5.1
1,5,6.9,1,79,70,1,3,2,30.6,32.7,8.2,86.0,4.4,1,1,1,3,1,0,2,8,3.4
1,7,8.6,1,71,66,0,2,0,69.0,45.3,3.4,88.5,4.2,0,1,4,0,1,0,2,1,8.1
1,10,7.9,0,57,62,0,2,0,37.2,29.4,2.3,69.3,3.9,0,1,0,1,0,0,2,8,5.8
0,4,7.3,0,57,69,1,2,0,38.3,25.3,6.7,80.0,4.2,0,0,0,0,0,1,2,3,4.6
0,4,8.3,0,73,66,1,2,2,57.3,46.7,3.0,82.0,4.5,0,1,0,0,0,0,2,4,8.2
0,11,7.8,1,79,88,0,3,1,58.3,27.6,8.3,80.3,4.8,1,0,4,1,1,1,1,8,4.8
1,9,7.0,1,78,87,1,1,2,20.0,24.2,1.7,81.1,4.6,1,1,1,2,1,0,2,0,3.3
1,5,6.7,0,59,63,1,1,1,20.0,13.7,2.7,60.0,4.3,0,0,0,0,0,0,1,8,3.6
0,5,8.4,0,80,86,0,3,2,57.4,49.7,9.2,90.0,4.8,1,1,3,2,1,1,0,8,6.6
0,9,6.8,0,63,66,0,2,2,21.7,27.4,5.4,80.7,4.5,0,1,0,0,0,0,1,4,3.3
1,7,7.7,0,58,65,2,1,2,36.8,37.7,1.1,76.2,4.3,0,1,0,0,0,0,0,0,5.8
1,7,8.4,0,75,79,1,1,1,60.4,46.5,1.8,89.7,4.8,0,1,0,0,0,0,2,4,7.3
0,4,8.4,0,77,85,2,3,3,73.1,69.6,8.3,89.0,4.6,1,1,1,3,1,1,1,2,8.9
1,0,8.6,0,84,87,2,3,2,74.2,58.8,7.4,90.0,4.7,1,1,3,1,1,1,1,1,9.7
0,4,8.3,1,87,86,2,3,2,70.7,59.8,7.2,90.0,4.5,1,1,2,2,1,1,1,2,8.4
1,5,6.7,1,55,65,2,1,2,20.0,29.3,2.3,71.0,4.0,0,1,0,0,0,0,1,6,2.5
1,0,8.1,0,79,86,0,3,2,58.9,45.0,7.3,90.0,4.8,1,1,3,2,1,1,1,4,6.7
1,6,7.7,2,62,69,0,0,0,46.0,33.4,2.9,73.2,4.1,0,0,0,1,0,0,1,8,5.4
0,7,6.7,1,79,88,2,0,3,24.8,17.3,3.2,90.0,4.2,1,0,1,0,0,0,1,1,2.0
1,3,6.7,0,72,64,1,2,1,25.9,32.9,4.1,74.0,4.8,1,1,2,3,1,0,1,1,2.7
1,2,8.7,0,77,79,1,3,2,67.2,50.0,6.8,90.0,4.8,1,1,3,1,1,0,1,2,8.6
1,8,8.6,0,87,84,2,2,2,76.5,49.0,7.6,82.8,4.7,1,0,1,0,0,1,1,8,8.9
1,6,8.3,0,67,66,1,1,1,64.1,44.3,6.4,83.8,4.7,1,1,3,1,1,1,1,6,7.1
1,7,8.2,1,79,64,2,1,2,61.0,50.2,2.1,77.7,3.9,0,0,0,0,0,0,2,3,9.3
1,3,7.4,0,64,86,1,2,0,39.8,28.9,2.8,80.0,4.1,0,1,0,0,0,0,2,0,4.6
1,6,8.6,0,69,62,1,2,0,58.0,42.4,4.6,67.1,3.7,1,0,0,0,0,0,2,4,7.0
1,5,7.7,0,60,68,1,1,0,32.7,30.5,1.7,64.0,3.8,0,0,0,0,0,0,1,4,4.8
1,10,7.0,2,75,67,1,2,0,36.7,40.5,7.6,78.8,4.4,0,1,0,0,0,0,0,1,4.6
0,2,7.5,0,55,65,1,2,0,37.8,19.8,4.0,74.0,4.3,0,0,0,0,0,0,2,0,4.6
1,0,7.0,0,73,68,0,3,2,30.7,31.7,6.5,90.0,4.1,1,1,0,0,0,0,2,5,6.5
0,8,8.2,0,75,80,1,3,0,66.9,40.0,8.1,77.6,3.5,1,1,0,1,0,1,0,9,8.4
0,9,8.6,0,80,85,0,2,3,60.5,52.7,6.3,89.9,4.7,1,0,3,1,1,1,2,7,8.1
0,0,6.5,1,68,76,1,2,1,24.5,22.9,7.1,72.0,4.0,1,1,1,3,1,0,1,4,2.0
1,0,7.4,0,65,68,1,2,0,42.9,48.7,3.3,73.0,4.3,0,1,0,0,0,0,0,1,5.1
0,3,8.1,0,69,82,2,2,2,61.0,58.7,5.9,82.0,4.7,1,1,0,0,0,1,2,6,7.3
1,4,7.5,1,55,71,1,1,1,37.2,46.8,2.3,79.0,4.7,1,1,0,0,0,0,2,5,5.6
1,7,8.1,1,72,82,1,3,1,62.5,44.7,8.1,90.0,4.4,1,1,3,3,1,1,2,9,6.7
1,2,8.8,0,70,83,2,3,0,79.5,65.1,9.7,86.0,4.5,1,1,0,0,0,1,0,6,10.1
1,8,7.0,0,61,66,0,0,1,20.0,16.9,3.3,70.1,3.7,1,0,0,0,0,1,1,7,4.9
0,0,7.7,0,79,57,2,3,0,58.7,47.4,8.1,73.0,4.6,1,0,0,0,0,1,2,4,7.1
1,2,8.6,0,75,86,0,3,2,60.0,54.0,6.7,90.0,4.8,1,1,2,3,1,0,1,9,8.7
1,2,8.2,0,89,78,2,3,2,62.4,52.0,7.2,90.0,4.7,1,1,3,1,1,0,1,9,7.7
1,3,6.5,0,55,83,1,1,0,20.0,6.4,2.9,77.0,4.7,0,0,0,0,0,0,1,4,2.0
1,4,8.4,0,55,64,1,1,1,54.6,39.1,2.1,67.0,3.5,0,1,0,0,0,0,0,7,6.9
1,9,7.9,1,89,86,2,3,1,65.4,36.6,7.9,88.2,4.4,1,1,3,3,1,0,1,7,7.0
0,2,8.1,0,76,85,2,3,0,69.4,51.2,7.5,88.0,4.5,1,0,2,2,1,1,2,7,8.7
1,3,7.4,0,55,73,1,1,1,26.9,16.3,3.2,71.0,4.3,0,1,0,0,0,0,0,8,5.0
1,5,7.0,0,55,83,1,1,0,28.1,33.1,2.7,86.0,4.0,0,1,1,3,1,0,0,8,4.3
0,3,6.9,0,60,64,1,1,0,24.9,32.8,2.3,76.0,4.3,0,1,0,0,0,0,1,5,4.3
0,3,6.6,0,82,69,1,2,1,29.5,13.4,3.0,76.0,4.1,1,1,0,0,0,0,1,8,3.0
0,4,8.3,0,86,83,2,3,0,72.0,59.4,7.3,89.0,4.6,1,1,2,2,1,1,1,7,7.4
1,0,7.6,0,57,67,1,1,1,28.9,24.5,0.9,70.0,3.8,0,1,0,0,0,0,0,7,3.1
1,5,6.5,1,76,72,1,3,3,32.3,36.6,6.1,84.0,4.5,0,1,0,0,0,1,2,0,3.5
0,2,8.1,0,79,88,1,3,2,68.8,65.9,7.9,90.0,4.6,1,1,3,2,1,1,1,8,8.0
0,6,8.9,1,78,81,0,3,3,86.7,76.5,6.0,90.0,4.0,1,1,2,0,1,1,1,2,10.1
1,1,7.4,0,55,68,0,1,1,31.5,25.2,2.0,67.0,4.5,1,0,0,0,0,1,1,2,4.0
0,2,7.4,1,68,65,1,1,1,20.2,14.5,3.0,87.0,4.6,0,1,0,0,0,0,1,3,3.6
0,0,7.8,0,74,82,2,3,0,63.6,46.9,5.5,86.0,4.8,1,0,1,3,1,1,1,7,6.8
0,4,7.8,1,55,68,0,2,0,42.6,32.7,3.7,74.0,4.2,0,1,0,0,0,0,1,4,5.7
0,2,8.2,0,86,83,2,3,2,57.6,42.4,7.2,90.0,4.8,1,1,1,3,1,1,1,2,6.1
1,8,8.0,1,84,70,0,2,1,51.5,44.1,5.5,88.6,4.6,1,1,4,3,1,1,1,8,6.9
1,7,7.7,0,58,65,2,1,2,37.9,37.6,1.0,77.5,4.3,0,1,0,0,0,0,1,7,5.0
0,8,6.7,2,55,63,0,3,1,30.3,16.1,4.4,90.0,4.8,0,0,0,0,0,0,1,2,2.0
0,5,8.5,0,71,85,1,3,2,68.6,53.9,7.5,90.0,4.3,1,1,2,2,1,1,1,6,7.3
1,7,7.1,1,64,64,2,2,0,36.1,26.6,4.3,84.1,4.4,1,1,3,2,1,0,1,4,4.4
1,2,6.8,2,62,76,1,2,1,36.7,28.6,2.9,75.0,4.0,0,1,0,0,0,1,1,8,3.7
1,7,7.0,0,69,59,0,1,2,25.4,21.0,0.7,83.0,4.1,0,0,2,3,1,0,1,2,2.0
0,6,8.1,0,84,85,0,3,0,67.7,49.7,7.9,89.0,4.7,1,1,2,1,1,0,2,4,7.7
1,4,8.4,0,76,80,2,2,2,63.7,62.2,4.8,79.0,4.7,1,1,2,3,1,1,0,4,8.1
0,7,7.1,0,56,66,2,1,0,26.8,9.8,3.4,72.9,4.1,1,1,1,0,0,0,2,6,4.2
1,3,6.5,1,55,78,1,1,0,20.0,30.0,2.6,74.0,4.2,0,1,0,0,0,0,1,9,2.8
1,8,7.2,0,55,75,1,0,0,20.0,9.3,3.3,78.7,4.3,0,0,0,1,0,0,0,8,2.0
0,3,6.7,1,56,64,1,1,1,20.0,25.8,1.9,67.0,3.7,0,0,0,0,0,0,1,8,3.2
1,11,6.8,2,65,61,1,1,1,23.9,31.1,1.9,74.3,4.8,0,1,0,0,0,0,1,8,3.7
0,2,7.6,0,57,66,2,1,0,35.4,35.1,2.1,70.0,4.4,0,1,0,0,0,0,2,8,6.1
1,3,6.7,0,69,67,1,3,0,39.0,25.2,6.2,87.0,4.4,1,1,0,0,0,0,2,7,4.1
1,2,7.3,0,66,71,0,3,0,38.0,18.1,6.7,72.0,4.4,0,0,0,0,0,0,2,8,4.8
1,7,7.5,0,80,83,2,3,1,51.5,50.0,6.9,74.3,4.5,1,1,2,3,1,1,1,8,4.7
1,0,8.6,0,77,78,2,3,0,77.0,65.8,7.2,81.0,4.7,1,1,3,1,1,0,2,0,8.3
1,2,7.8,2,79,83,1,3,2,51.3,47.8,7.3,90.0,4.8,1,1,2,2,1,1,1,0,7.9
1,10,6.7,2,78,73,1,3,0,27.9,20.5,7.8,88.5,4.4,1,1,2,3,1,1,2,8,2.8
1,4,7.5,1,55,65,0,1,0,31.0,33.2,3.8,76.0,4.4,0,1,0,0,0,0,0,4,6.2
0,4,7.7,0,66,77,1,1,1,31.6,34.2,2.9,72.0,4.0,1,1,2,3,1,0,2,2,4.7
1,1,8.3,0,77,85,1,3,2,66.4,60.6,7.1,89.0,3.4,1,1,2,2,1,1,1,8,7.9
1,10,6.7,2,55,68,2,0,0,23.6,40.3,0.0,73.1,4.0,0,0,1,0,0,0,1,8,4.1
1,5,7.5,0,82,85,1,3,0,49.4,47.3,7.0,88.0,4.8,1,0,3,2,1,1,2,1,6.4
0,1,7.5,2,57,70,1,1,2,32.4,36.1,4.5,68.0,3.7,1,1,0,0,0,0,1,8,5.9
0,10,7.8,0,75,68,1,1,0,25.1,29.6,2.2,79.9,4.4,1,1,0,1,0,1,2,8,4.3
1,7,8.4,0,69,86,0,3,2,53.3,47.0,6.5,83.8,4.4,1,0,4,0,1,1,0,7,8.0
0,6,7.4,0,58,63,1,1,1,46.4,36.3,2.2,79.9,3.9,0,1,0,0,0,0,1,2,5.0
1,11,8.3,0,83,80,2,3,2,74.3,66.0,7.3,90.0,4.7,1,0,4,1,1,1,2,0,8.2
1,7,7.6,1,55,57,1,2,1,37.0,29.4,3.1,75.3,4.5,0,0,1,0,0,1,0,7,4.2
1,7,8.4,0,80,84,2,3,1,77.0,46.6,6.3,90.0,4.8,1,1,3,2,1,1,2,7,7.4
1,0,7.9,0,88,72,1,1,2,37.6,29.8,2.8,74.0,3.5,0,0,0,0,0,0,1,2,5.3
1,11,7.3,1,68,62,1,0,0,31.8,31.2,2.9,74.6,3.5,0,1,0,0,0,0,0,6,5.3
1,10,7.9,0,55,65,1,2,0,41.4,31.5,2.6,72.2,4.2,0,0,0,0,0,0,1,9,6.5
0,2,8.8,0,72,84,2,1,2,55.7,39.7,2.8,85.0,4.8,1,1,3,1,1,0,0,4,7.2
1,0,7.5,0,59,79,1,1,1,26.2,41.4,1.3,73.0,4.1,1,0,0,0,0,0,2,0,4.6
1,3,8.2,0,75,82,1,3,2,63.5,59.0,8.1,90.0,4.6,1,1,3,1,1,0,2,9,7.4
1,1,8.3,0,84,64,2,3,0,70.7,46.8,7.6,77.0,4.1,1,1,0,0,0,1,1,8,8.9
1,4,7.6,0,67,65,1,1,1,33.3,19.1,3.5,76.0,4.2,1,1,4,1,1,0,1,5,4.8
1,9,6.7,1,57,58,2,2,0,20.0,35.3,2.1,78.7,4.0,0,0,0,1,0,0,1,0,3.1
0,5,7.6,0,55,64,1,2,2,45.7,35.0,4.9,77.0,4.0,1,1,0,0,0,1,1,8,4.6
1,5,7.5,0,90,67,1,3,0,43.6,43.3,5.0,86.0,4.5,1,1,3,2,1,0,2,8,5.2
1,10,8.0,0,83,82,0,1,1,33.6,24.9,2.9,76.8,4.8,1,1,2,3,1,0,1,8,4.3
1,0,8.2,0,80,74,1,3,1,65.4,57.7,8.8,83.0,4.8,1,1,1,3,1,1,1,4,8.0
0,10,8.3,1,64,88,1,3,3,59.5,46.0,8.2,88.7,4.7,1,1,2,3,1,1,1,8,7.2
1,7,7.9,0,66,79,1,3,2,65.4,53.7,6.5,85.7,4.5,1,1,4,3,1,1,1,5,7.9
1,2,8.4,0,82,80,1,3,2,71.8,56.2,6.4,77.0,4.5,1,1,2,2,1,1,2,0,8.1
1,2,6.5,1,57,66,2,1,2,20.0,18.7,2.8,80.0,4.6,1,0,1,3,1,0,0,8,2.0
1,6,8.4,0,87,85,0,2,2,64.2,66.2,8.0,82.7,4.8,1,1,2,2,1,1,1,1,7.6
1,2,7.4,1,77,65,1,2,0,37.2,34.1,4.6,64.0,4.7,1,1,0,0,0,0,0,4,5.3
0,5,8.2,0,88,85,2,2,2,59.2,60.5,3.7,87.0,4.8,1,1,3,2,1,0,0,1,6.6
1,0,6.5,1,63,72,1,1,0,20.0,19.2,1.4,70.0,4.2,0,1,0,0,0,0,1,1,2.3
0,1,8.6,0,73,68,2,3,2,77.2,71.4,7.0,90.0,4.8,1,1,2,2,1,1,2,0,10.3
1,2,6.9,0,55,61,1,1,1,21.1,34.1,2.7,64.0,4.6,0,0,0,0,0,0,1,6,3.1
1,0,7.6,0,70,81,1,2,1,40.4,36.4,1.1,75.0,4.2,0,1,0,0,0,0,0,8,5.1
0,7,8.3,0,78,65,2,2,3,65.7,52.7,4.5,89.8,4.7,1,1,0,0,0,1,1,1,8.3
1,0,8.4,0,57,80,2,3,1,67.1,69.8,6.8,86.0,4.4,1,1,3,2,1,0,2,4,8.8
1,3,6.5,1,60,67,0,2,0,20.0,28.2,4.5,87.0,3.3,0,0,0,0,0,0,1,8,2.7
1,3,6.5,0,55,74,1,1,1,20.0,23.3,0.7,71.0,4.5,0,0,0,0,0,0,0,8,3.8
1,8,8.3,1,73,83,2,3,2,67.2,56.4,8.4,84.7,4.2,1,1,3,3,1,0,2,8,7.5
1,4,8.4,0,64,63,1,1,0,51.3,56.7,2.0,75.0,4.8,0,0,0,0,0,0,0,0,6.7
0,7,8.0,1,75,62,2,0,0,48.5,36.5,1.9,90.0,4.5,0,1,1,0,0,1,2,7,7.0
1,9,7.9,0,73,82,1,2,1,58.7,53.3,6.8,78.2,4.8,1,0,3,2,1,1,2,6,7.3
1,3,7.7,0,84,70,1,2,0,44.6,38.6,7.4,82.0,4.2,1,1,3,2,1,0,2,4,5.8
1,11,7.5,0,63,70,1,2,2,39.6,20.2,2.4,67.9,4.6,1,0,0,0,0,0,0,4,3.0
1,6,7.5,0,55,69,1,0,0,39.2,39.7,1.8,77.3,4.0,0,1,0,0,0,1,0,7,4.2
0,2,7.7,0,75,60,0,2,0,41.9,37.9,5.2,81.0,4.2,0,1,0,0,0,0,2,7,6.3
1,0,8.3,0,70,88,2,3,3,75.0,53.3,6.5,90.0,4.5,1,1,2,3,1,0,1,2,7.5
1,3,7.4,0,57,67,1,2,2,42.3,35.7,3.5,69.0,3.8,0,1,0,0,0,0,1,8,6.0
0,4,7.4,0,64,70,1,3,1,42.3,43.2,7.5,85.0,3.7,1,1,3,2,1,1,1,7,4.9
0,10,7.8,0,75,82,1,3,0,46.0,41.7,4.4,80.3,4.4,0,1,0,0,0,1,0,8,6.1
1,0,7.5,0,55,62,0,1,0,23.6,25.3,1.9,68.0,3.8,0,1,0,0,0,0,1,5,4.4
0,1,8.2,0,55,73,0,2,2,51.8,48.4,4.5,71.0,4.4,1,1,2,2,1,1,2,8,6.7
1,10,7.6,0,68,65,2,0,1,35.3,31.0,3.4,70.8,4.4,1,1,0,1,0,0,1,8,5.6
1,11,6.5,0,68,65,1,0,1,23.9,22.0,2.8,68.2,4.2,0,0,1,0,0,0,1,7,2.6
0,4,7.7,2,55,72,1,1,1,32.3,42.0,1.3,71.0,4.2,0,1,0,0,0,1,2,1,5.8
0,8,7.5,0,59,63,2,1,0,25.3,19.1,0.8,67.3,4.5,0,1,1,0,0,0,1,8,4.2
1,2,8.5,0,75,86,1,3,2,75.9,72.4,7.1,90.0,4.7,1,1,2,2,1,0,0,0,10.0
1,0,8.0,0,75,80,2,2,2,54.6,57.1,3.2,88.0,4.4,0,0,0,0,0,0,1,1,7.4
1,0,7.4,0,55,69,1,1,1,31.1,31.0,0.8,72.0,4.0,0,0,0,0,0,0,0,0,3.6
1,6,8.2,1,76,88,0,2,2,61.0,50.4,6.7,87.2,3.9,1,1,4,2,1,0,1,2,7.3
0,4,8.3,0,76,87,0,3,0,53.1,25.8,7.0,88.0,3.4,1,1,3,2,1,1,1,1,5.4
1,2,8.0,0,68,82,2,1,2,51.8,40.7,1.9,89.0,4.2,0,1,0,0,0,0,0,4,7.1
0,2,6.7,2,73,67,1,1,2,20.0,23.8,0.9,89.0,4.3,1,1,0,0,0,0,0,8,4.4
0,6,7.5,1,56,62,1,1,1,42.5,47.4,2.9,72.1,4.1,1,1,1,0,0,0,1,1,5.5
1,1,7.4,1,74,63,1,2,1,33.4,25.3,4.7,71.0,4.7,0,1,0,0,0,1,1,4,4.0
0,2,7.5,0,82,83,2,1,2,37.3,23.0,4.1,86.0,4.6,0,1,3,2,1,1,1,4,3.8
1,11,7.9,0,73,87,1,2,0,54.1,39.8,3.7,86.0,3.8,1,1,0,0,0,1,0,8,6.7
0,11,8.3,0,76,85,2,3,2,78.8,54.6,8.6,82.3,4.6,1,1,3,2,1,1,2,8,7.3
1,8,8.2,1,76,60,0,1,0,34.1,19.4,2.2,88.3,4.0,0,0,0,0,0,0,2,9,5.0
1,11,7.5,1,71,71,1,2,0,40.3,35.8,3.4,84.8,4.7,1,1,1,0,0,0,0,4,5.2
0,6,7.4,1,68,88,1,3,1,53.1,42.7,5.0,85.6,4.8,0,1,2,2,1,1,2,4,5.0
0,2,7.0,0,75,81,2,1,1,32.3,21.7,2.2,88.0,4.8,1,1,2,3,1,0,0,7,3.3
1,6,8.4,0,72,83,1,3,2,71.1,69.3,8.8,89.8,4.8,1,1,1,0,0,0,1,0,8.8
1,6,7.3,1,75,73,2,3,0,53.0,37.5,5.0,88.3,4.6,1,1,2,3,1,1,1,5,3.7
1,0,8.1,1,74,84,2,3,1,55.7,46.0,6.9,90.0,4.7,1,0,2,2,1,0,1,0,6.5
1,7,8.4,2,82,88,2,3,2,74.9,68.7,6.7,90.0,4.8,1,1,1,1,1,1,0,6,9.4
1,2,6.5,0,90,68,0,3,0,20.1,24.2,6.8,81.0,4.8,1,1,0,0,0,0,2,9,3.3
1,0,7.4,0,57,61,1,3,1,47.0,41.4,6.0,87.0,3.6,0,0,0,0,0,1,2,4,6.4
0,4,8.2,0,60,66,1,3,0,65.4,55.8,6.6,78.0,4.2,1,1,4,1,1,0,2,1,7.9
1,0,7.5,2,55,65,1,2,1,36.3,39.5,5.1,76.0,3.4,0,0,0,0,0,0,2,7,4.8
1,5,8.2,0,80,86,0,3,2,51.5,36.1,8.3,84.0,4.0,1,1,4,1,1,0,1,8,6.0
1,2,8.4,0,76,87,2,3,2,67.2,73.1,6.6,90.0,4.8,1,1,4,1,1,0,0,0,9.2
1,2,7.6,0,56,70,1,1,0,33.4,34.9,1.7,84.0,3.7,0,0,0,0,0,0,0,3,5.0
1,6,6.6,1,71,66,1,0,0,24.1,34.0,2.9,74.9,4.5,1,0,1,1,0,0,1,2,3.6
1,1,8.3,0,68,83,2,3,0,79.4,58.0,8.0,90.0,4.8,1,1,1,3,1,1,2,8,7.2
1,5,6.5,0,59,60,0,2,1,20.0,24.5,4.9,72.0,3.9,0,1,0,0,0,0,0,1,2.8
0,9,7.6,1,68,64,1,2,0,29.4,23.4,2.0,73.3,4.4,0,1,0,1,0,0,0,8,4.6
1,2,7.4,1,69,73,0,2,1,33.8,34.5,2.6,76.0,4.0,0,1,0,0,0,1,1,8,4.3
1,2,7.5,1,55,65,0,1,0,32.5,40.0,2.7,65.0,3.9,0,0,0,0,0,0,2,7,4.7
1,10,7.6,1,65,66,2,2,1,25.9,34.6,2.9,74.6,4.0,0,1,0,1,0,0,1,9,5.3
1,5,8.4,0,81,67,2,3,1,68.2,45.8,7.3,89.0,4.8,1,1,3,1,1,1,2,8,8.1
1,1,8.3,0,67,84,2,3,2,71.8,60.0,7.5,87.0,4.3,1,1,4,1,1,1,1,8,8.7
1,2,8.1,0,65,79,0,1,1,41.1,34.5,0.3,84.0,4.6,1,0,0,0,0,0,1,9,5.9
1,2,6.8,0,62,60,1,1,0,20.0,6.9,2.1,69.0,3.9,0,0,0,0,0,0,1,0,3.0
1,5,7.8,0,55,69,0,3,1,47.7,37.9,5.9,76.0,3.8,0,1,0,0,0,0,2,8,6.7
1,7,8.2,0,55,71,1,1,0,54.9,42.4,2.0,71.7,4.5,0,1,0,0,0,1,2,7,6.7
1,3,7.6,0,79,76,1,3,2,55.5,32.5,6.8,84.0,4.6,1,1,4,1,1,0,1,1,5.2
1,10,6.8,0,83,75,1,1,0,20.0,19.4,1.1,79.7,4.5,0,1,1,0,0,0,0,6,3.6
1,10,6.9,0,55,72,0,2,2,21.0,32.2,1.7,71.5,4.5,0,1,2,3,1,0,0,8,3.2
1,6,7.5,0,65,66,1,1,0,43.2,32.5,4.2,82.8,4.3,0,1,0,0,0,0,0,4,5.5
1,1,6.5,0,76,66,0,1,0,20.0,22.9,2.9,67.0,3.9,1,1,0,0,0,0,0,1,3.6
1,11,7.8,0,78,69,2,0,3,46.7,39.7,2.5,83.2,4.3,1,1,0,1,0,1,0,8,6.5
0,11,7.7,0,58,80,0,2,3,45.2,42.5,3.3,86.5,4.2,1,1,0,0,0,1,1,1,5.7
0,4,7.7,0,81,88,2,2,2,45.2,32.9,4.9,90.0,4.8,1,1,2,2,1,0,2,6,5.1
1,0,7.6,0,57,68,1,1,0,46.1,44.9,1.3,76.0,3.9,0,1,2,2,1,0,2,1,5.6
1,10,7.8,2,55,69,2,0,0,37.9,31.4,2.2,74.1,3.3,0,0,1,1,0,0,2,4,5.9
1,3,6.9,0,65,82,1,1,2,20.0,10.7,1.5,78.0,4.6,1,1,0,0,0,1,2,4,2.0
1,2,8.4,0,76,88,2,3,2,64.5,59.0,7.7,90.0,4.8,1,1,4,1,1,1,2,8,8.7
1,7,7.4,2,63,68,0,3,2,35.7,9.3,4.2,64.0,4.4,1,1,3,3,1,0,1,7,2.0
1,9,7.1,0,57,70,0,1,0,21.0,36.3,3.1,80.0,3.8,0,1,0,0,0,1,0,8,4.5
1,7,7.4,2,59,72,1,2,0,46.8,44.4,3.0,90.0,3.4,0,1,1,0,0,0,0,2,6.4
1,7,7.5,0,60,60,0,1,1,29.7,29.8,3.9,75.3,4.3,1,1,1,1,0,0,2,2,4.2
1,3,6.5,0,61,68,1,2,0,20.0,22.0,4.7,65.0,4.4,0,1,0,0,0,1,0,0,2.3
1,5,7.3,1,63,67,0,2,1,29.2,13.0,3.9,69.0,4.1,0,1,0,0,0,0,1,8,2.7
0,5,6.5,1,58,60,1,1,1,21.6,18.5,2.3,73.0,3.9,0,0,0,0,0,0,1,7,3.0
1,7,6.5,0,56,67,2,2,3,38.2,30.1,2.5,84.0,4.2,0,1,0,0,0,0,1,7,2.8
0,2,7.4,0,62,70,1,1,0,29.9,21.8,1.7,63.0,3.8,0,1,0,0,0,0,1,6,4.0
1,0,7.9,0,58,83,1,2,1,45.1,29.9,3.9,87.0,4.4,1,0,0,0,0,0,2,5,5.9
1,10,6.6,1,64,68,2,2,0,20.0,12.1,0.7,64.6,4.1,0,0,0,0,0,0,1,8,3.8
0,10,8.0,1,77,67,0,1,1,37.3,28.3,3.7,82.8,4.8,1,1,0,0,0,0,2,8,5.5
1,0,8.4,0,69,82,2,3,2,74.2,61.6,7.2,90.0,4.6,1,1,3,2,1,1,0,0,8.3
1,6,8.0,0,79,84,0,3,2,62.6,55.3,7.8,77.2,4.8,1,1,2,1,1,1,2,1,8.6
0,1,6.5,0,55,67,1,2,0,32.0,36.2,3.2,67.0,3.9,0,0,0,0,0,1,1,0,4.8
1,0,7.4,1,63,66,0,2,1,37.0,36.0,4.2,78.0,4.4,0,0,0,0,0,1,0,2,5.0
0,2,8.2,0,72,86,0,3,2,52.4,53.6,7.5,83.0,4.7,1,1,0,0,0,0,2,2,8.1
1,7,7.4,1,73,66,0,2,0,49.1,33.4,3.3,67.7,3.9,0,0,0,1,0,0,2,4,3.8
1,4,7.6,0,78,83,1,3,0,49.9,56.3,6.2,75.0,3.9,0,1,3,2,1,0,2,1,5.3
1,0,8.7,0,88,84,2,3,2,82.8,54.7,6.3,90.0,4.8,1,1,2,2,1,1,2,4,9.0
1,3,6.5,0,58,68,0,1,0,20.0,35.4,3.2,64.0,3.9,0,1,0,0,0,0,1,8,3.7
1,3,7.4,0,61,68,1,1,1,27.7,17.3,2.2,75.0,3.7,0,0,0,0,0,0,0,0,3.4
1,3,8.6,0,76,61,1,2,0,71.1,64.0,6.6,75.0,3.9,1,1,1,3,1,1,0,7,8.5
1,10,7.4,0,82,63,2,2,1,27.2,27.5,5.2,80.9,4.3,1,1,0,1,0,0,2,2,5.0
1,8,8.4,0,77,87,2,3,2,64.9,51.2,6.0,83.0,4.7,1,0,4,3,1,1,2,9,7.0
1,10,7.9,0,78,87,2,3,1,69.2,55.7,6.0,90.0,4.8,1,1,4,2,1,0,2,7,7.9
1,5,7.7,0,64,61,1,3,0,52.8,44.5,7.7,75.0,4.5,1,1,0,0,0,0,2,8,7.0
1,0,6.5,0,62,84,2,3,0,33.6,45.5,5.1,84.0,4.8,0,1,0,0,0,0,1,6,3.7
1,3,7.6,0,65,63,0,1,1,36.7,28.1,1.1,65.0,4.1,0,0,0,0,0,0,0,8,4.1
1,1,7.9,0,87,82,2,3,2,67.8,35.5,8.1,76.0,4.5,1,0,3,2,1,1,0,2,4.5
1,0,7.7,0,58,66,0,2,1,37.4,33.2,5.4,72.0,4.4,0,1,0,0,0,0,1,9,5.1
1,0,8.2,0,76,85,2,3,2,64.4,51.0,8.0,90.0,4.6,1,1,2,2,1,0,2,4,6.4
0,10,8.3,0,75,80,1,3,1,58.1,47.2,5.2,89.1,3.6,1,1,3,1,1,0,0,3,7.8
1,0,6.5,0,82,69,1,1,1,20.0,10.3,3.4,79.0,4.2,1,1,3,2,1,0,2,2,2.0
0,2,7.4,0,74,68,2,2,2,44.9,45.6,3.5,86.0,4.0,0,1,0,0,0,1,1,6,5.8
1,6,7.9,1,56,70,1,0,0,41.0,41.9,6.4,76.6,4.5,1,1,2,3,1,1,1,5,6.0
1,0,8.4,0,55,65,0,1,0,40.9,26.2,2.8,90.0,4.8,0,1,3,2,1,1,2,0,5.0
1,9,7.4,1,55,67,1,0,1,23.2,29.7,3.4,70.6,4.5,0,0,0,0,0,1,1,7,4.8
1,0,6.5,0,71,82,1,2,1,29.9,27.1,5.4,85.0,4.0,1,1,2,3,1,1,2,1,2.7
0,9,7.5,2,76,69,1,3,1,37.8,37.3,3.2,72.3,4.4,0,1,1,3,1,0,1,1,7.2
0,10,7.8,0,72,88,2,1,0,55.1,50.7,4.9,72.8,4.3,1,1,3,2,1,1,1,7,6.2
1,10,8.2,0,83,84,2,3,3,52.2,47.3,8.4,81.3,4.5,1,1,1,3,1,1,0,1,5.7
0,9,6.5,2,61,75,1,1,1,20.0,8.0,0.8,60.2,3.2,0,0,0,0,0,0,1,8,2.0
1,4,8.3,0,69,85,1,3,2,67.0,59.3,7.6,89.0,4.7,1,1,2,3,1,1,2,4,7.7
0,10,7.2,1,79,78,1,2,0,21.0,20.0,2.8,89.2,4.5,1,0,0,0,0,0,2,9,3.7
1,0,7.5,0,55,68,0,1,0,32.0,34.9,1.4,74.0,4.1,0,0,0,0,0,0,2,8,4.2
1,7,8.3,1,62,68,0,0,1,40.8,34.5,2.1,82.1,4.3,1,0,0,0,0,0,0,1,7.2
1,9,7.5,1,64,64,2,3,1,49.7,48.3,6.8,78.9,4.4,1,0,3,1,1,0,2,8,5.6
0,5,8.4,0,84,81,2,3,1,71.8,67.1,7.4,87.0,4.8,1,0,3,2,1,1,0,7,9.5
0,10,8.7,0,85,84,1,3,3,66.2,47.0,7.7,82.8,4.4,1,1,4,1,1,1,0,8,8.3
0,3,8.0,0,79,85,0,3,0,51.5,45.0,8.2,89.0,4.4,1,0,2,2,1,1,2,5,6.2
0,11,6.9,0,62,62,0,0,1,30.6,12.6,1.2,60.6,3.9,0,0,0,1,0,0,2,1,3.8
1,8,6.5,0,55,62,2,0,0,20.0,13.6,0.1,65.1,3.7,0,0,0,0,0,0,2,8,2.9
1,4,8.4,0,82,68,1,1,2,49.6,36.9,3.2,84.0,4.8,1,1,2,2,1,1,2,2,7.2
1,11,7.7,0,65,64,0,0,0,32.0,13.2,4.1,66.5,3.4,0,0,0,0,0,0,0,2,5.1
1,7,7.9,0,68,68,2,3,1,52.9,49.0,4.2,79.6,4.4,0,1,4,2,1,1,0,6,6.4
0,6,7.5,0,75,80,1,2,0,66.4,65.4,9.4,85.7,4.2,1,1,0,0,0,1,0,5,7.3
1,0,8.4,0,72,69,1,1,3,52.1,34.4,4.1,90.0,4.5,1,1,2,2,1,1,1,4,6.5
1,11,7.7,0,77,82,2,3,2,54.7,40.9,8.1,77.7,4.1,1,1,3,3,1,0,1,5,5.3
1,9,6.8,0,79,65,0,3,1,30.7,36.6,7.7,89.3,4.3,1,1,3,2,1,1,0,0,4.9
0,2,7.6,0,80,67,1,2,1,37.4,30.2,4.4,75.0,4.3,1,1,2,3,1,0,1,5,4.5
1,4,6.5,1,67,65,1,1,0,20.0,13.8,1.7,81.0,4.2,0,1,0,0,0,0,1,5,3.2
0,7,8.1,1,67,60,2,3,0,67.7,55.6,6.0,85.4,3.8,1,0,3,0,1,1,2,3,6.4
0,7,7.7,0,55,64,1,1,0,39.6,29.5,0.6,79.5,3.7,0,0,0,1,0,0,1,6,5.9
0,8,6.5,2,74,67,0,0,0,20.0,19.2,0.9,87.5,4.7,1,1,4,3,1,0,1,8,2.6
1,2,7.6,0,55,81,1,2,0,40.7,27.1,5.8,74.0,4.2,1,1,0,0,0,1,1,2,4.2
0,2,6.5,1,55,71,0,2,0,20.0,24.0,5.1,70.0,4.4,1,1,0,0,0,0,1,2,2.8
1,5,6.7,0,57,60,1,1,1,20.0,30.8,2.4,67.0,4.3,0,0,0,0,0,0,0,5,3.5
1,0,6.6,1,60,71,1,3,2,27.2,39.1,8.2,79.0,4.5,1,1,3,2,1,1,0,2,3.1
0,11,7.7,1,73,83,2,2,1,63.2,61.8,6.9,80.0,4.8,1,1,3,2,1,1,2,6,8.4
0,10,7.8,2,55,70,0,1,0,31.1,26.2,0.4,80.4,4.1,0,0,1,0,0,0,2,9,4.7
1,9,6.5,1,85,72,1,1,2,20.0,18.4,2.4,83.4,4.6,0,0,1,0,0,0,0,9,2.0
1,10,7.9,2,55,71,0,2,1,35.2,36.5,3.7,68.8,3.9,1,1,0,0,0,0,1,2,5.3
0,6,6.9,2,77,82,1,0,1,25.7,18.1,3.6,90.0,4.7,1,1,1,1,1,0,1,5,2.0
1,4,8.0,0,85,79,2,3,0,57.0,46.6,6.5,90.0,4.5,1,1,1,3,1,1,0,4,6.2
1,7,7.3,0,74,65,1,3,0,47.0,32.6,2.9,68.2,3.9,0,0,0,0,0,1,0,6,4.6
1,2,8.2,0,58,83,1,1,1,43.3,18.0,3.5,79.0,4.1,1,1,0,0,0,0,2,4,3.8
1,6,7.5,1,62,62,2,0,1,29.4,22.7,3.2,70.7,4.3,0,0,0,1,0,0,1,2,4.6
0,2,8.6,0,70,83,0,3,0,61.7,42.5,7.2,86.0,4.5,1,0,0,0,0,0,0,7,8.1
0,3,8.1,0,55,63,2,1,1,33.2,29.5,3.1,87.0,3.8,0,1,0,0,0,1,2,6,5.4
1,0,8.5,0,83,87,2,3,2,71.9,53.8,7.3,90.0,4.8,1,1,4,1,1,1,1,1,8.1
1,1,6.5,0,63,83,2,1,0,20.0,20.2,0.6,74.0,4.5,0,0,0,0,0,0,1,1,3.7
1,5,8.3,0,75,85,2,3,2,61.9,39.7,7.8,90.0,4.8,1,1,2,3,1,1,1,8,7.3
0,6,6.5,2,61,70,1,1,2,25.2,28.8,5.2,73.0,4.0,0,0,0,0,0,1,0,4,2.0
1,6,7.3,2,55,68,0,2,1,39.1,28.2,4.7,70.0,3.7,0,1,0,0,0,0,0,2,5.4
0,1,8.4,0,84,78,0,1,0,46.3,27.5,2.6,90.0,4.6,1,1,3,2,1,0,2,6,6.8
1,4,8.3,0,74,69,0,1,0,45.2,44.5,3.1,87.0,4.5,0,1,2,3,1,1,1,9,8.0
1,0,8.1,0,86,83,2,3,2,74.1,65.7,5.6,87.0,4.4,1,1,2,2,1,0,2,0,9.2
1,2,7.5,1,62,69,1,2,0,43.8,47.8,5.6,79.0,4.4,1,0,0,0,0,0,0,0,6.6
0,2,8.3,0,71,87,1,3,2,65.0,49.1,6.7,76.0,4.8,1,1,3,2,1,0,2,0,6.6
1,0,7.9,0,76,82,1,3,0,53.7,41.0,5.4,83.0,4.8,0,0,0,0,0,1,1,5,7.8
0,4,7.3,1,70,84,1,3,2,53.5,47.9,7.0,83.0,4.7,1,1,1,3,1,1,1,1,5.2
1,2,7.5,0,81,86,0,3,2,37.8,35.1,5.4,78.0,4.2,1,1,0,0,0,0,1,4,4.2
1,4,8.4,0,80,88,1,3,2,65.1,58.9,6.5,84.0,4.8,1,1,2,2,1,0,1,2,8.9
1,6,7.4,1,56,71,1,0,0,32.0,41.5,1.8,61.9,3.8,0,0,1,1,0,0,0,1,3.8
0,0,8.4,0,69,63,2,3,2,74.7,66.2,7.2,90.0,4.8,1,1,2,3,1,1,0,2,8.8
1,1,8.0,0,87,80,1,3,2,57.7,43.9,5.7,89.0,4.8,1,1,2,2,1,1,2,8,5.7
1,2,8.3,0,80,75,0,3,2,57.2,50.0,7.2,81.0,4.6,1,1,4,1,1,0,0,8,7.7
1,0,8.6,0,74,81,0,3,1,62.7,58.1,8.2,85.0,4.6,1,1,2,2,1,1,0,9,8.9
0,6,8.2,1,89,80,2,3,1,69.4,61.1,7.0,90.0,4.8,1,1,1,3,1,1,2,0,8.8
1,9,6.6,0,73,68,1,2,2,38.7,33.3,2.9,67.4,4.1,1,1,1,0,0,0,0,6,4.9
1,4,8.8,0,70,86,2,3,2,84.1,74.6,7.5,90.0,4.8,1,1,3,2,1,0,1,1,10.0
0,4,8.4,0,57,75,0,2,1,59.8,39.3,4.7,82.0,4.7,1,1,0,0,0,1,2,3,8.7
1,11,8.1,0,81,87,1,2,1,67.7,53.6,4.5,89.9,4.6,1,1,0,2,1,1,2,5,6.3
1,4,7.6,0,75,63,1,2,2,44.1,32.8,3.8,75.0,3.8,1,1,0,0,0,0,0,6,6.2
1,2,8.6,0,69,86,2,3,2,78.7,61.4,6.6,90.0,4.6,1,1,0,0,0,1,1,9,9.1
1,5,7.9,0,75,75,1,1,0,36.3,30.3,2.9,75.0,4.3,0,0,2,2,1,1,1,2,4.7
1,6,7.5,0,63,70,1,2,2,36.5,27.0,4.1,69.9,4.4,1,0,0,0,0,1,1,2,5.5
0,6,7.5,0,56,64,0,1,1,44.7,32.1,1.4,76.9,3.9,0,0,0,0,0,1,2,7,5.9
1,9,8.0,1,68,82,1,2,2,48.7,29.1,4.8,84.1,4.8,1,1,4,2,1,1,2,6,5.2
0,5,8.5,0,70,83,0,2,0,62.2,33.5,5.6,89.0,4.5,1,1,0,0,0,1,0,9,8.1
1,6,6.5,1,77,69,1,1,0,24.1,39.4,1.7,79.9,4.3,0,1,0,1,0,0,0,2,4.1
0,3,7.5,0,55,71,1,1,0,28.6,33.2,1.1,67.0,4.2,0,0,0,0,0,0,2,8,5.3
1,4,8.7,0,73,86,0,1,2,52.3,36.5,4.8,82.0,4.5,1,1,3,1,1,1,1,1,7.6
1,0,8.5,0,79,85,1,2,2,55.0,35.8,5.4,83.0,4.2,1,0,2,3,1,1,2,2,7.2
1,2,8.2,0,75,81,1,3,2,59.2,49.0,7.0,90.0,4.8,1,1,3,1,1,1,0,0,7.1
1,2,8.3,0,65,63,1,3,1,63.8,60.3,5.3,84.0,4.6,1,1,2,2,1,0,0,9,6.6
1,4,7.5,0,79,69,0,3,0,49.5,40.9,4.7,78.0,4.2,0,1,3,2,1,1,2,9,5.5
1,3,7.5,0,76,71,0,3,1,40.7,43.5,7.2,74.0,4.8,1,1,0,0,0,0,2,8,5.5
1,0,7.0,0,56,62,1,1,1,25.1,24.3,2.9,73.0,4.6,0,0,0,0,0,0,0,6,4.2
1,9,6.6,0,77,66,1,1,0,20.0,24.3,2.7,67.7,3.9,1,1,1,0,0,0,2,7,2.7
1,11,8.7,0,90,85,2,3,2,76.1,72.2,6.1,83.0,4.8,1,1,4,1,1,1,1,7,8.9
1,2,6.8,2,55,70,0,1,0,20.0,38.1,2.5,70.0,3.3,0,0,0,0,0,0,0,8,3.9
1,2,7.5,0,76,75,2,3,1,55.3,46.7,6.7,83.0,4.2,1,1,3,2,1,1,1,8,4.9
1,6,7.6,0,86,88,2,2,0,40.7,53.9,6.3,79.9,4.7,1,1,1,1,1,0,1,5,6.5
0,4,8.3,0,76,84,2,3,0,73.7,69.0,8.1,86.0,4.7,1,1,3,2,1,1,2,0,9.1
1,5,6.6,1,73,69,1,2,1,38.0,32.7,2.8,67.0,4.1,1,1,0,0,0,0,1,8,4.2
1,3,8.1,0,81,86,2,3,2,58.2,48.0,7.9,90.0,4.8,1,1,3,1,1,0,1,8,7.2
1,2,8.2,0,73,69,2,3,2,76.9,65.4,5.9,90.0,4.1,1,1,1,3,1,0,1,7,8.7
1,0,8.2,0,69,88,2,3,3,66.3,69.8,7.9,90.0,4.8,1,1,0,0,0,1,2,0,8.3
0,4,8.6,0,81,87,2,3,2,64.8,47.3,6.0,90.0,4.8,1,1,3,1,1,1,2,6,8.1
1,3,7.4,2,58,70,1,2,1,41.5,24.0,4.9,69.0,4.1,0,1,0,0,0,1,1,8,5.7
1,0,7.4,0,60,57,1,1,1,26.1,30.5,3.1,76.0,4.6,0,1,0,0,0,0,1,0,5.0
0,6,7.3,1,80,79,1,3,2,43.8,28.6,4.5,85.1,4.8,1,1,4,1,1,0,2,4,3.9
1,1,7.4,0,82,71,0,2,2,34.4,39.6,5.9,83.0,4.5,1,1,0,0,0,0,0,8,4.7
0,5,8.7,0,82,85,1,3,0,76.2,64.0,5.9,90.0,4.5,1,1,3,1,1,0,2,2,8.7
1,11,8.7,1,71,63,2,3,2,81.3,64.7,7.4,89.4,4.7,1,1,3,2,1,1,1,1,7.9
1,0,7.5,0,86,88,1,2,1,38.0,49.2,5.5,77.0,4.7,1,1,2,2,1,0,2,1,5.8
1,6,8.1,0,76,88,0,1,1,41.6,34.9,4.5,78.8,4.6,1,1,3,3,1,0,1,2,4.7
1,1,8.1,0,70,64,2,3,0,56.4,41.1,7.2,75.0,3.5,1,1,0,0,0,0,1,0,6.2
1,5,8.2,0,83,87,2,3,2,66.5,56.3,5.2,90.0,4.8,1,1,3,1,1,1,1,8,7.4
1,2,7.7,0,82,87,1,1,0,36.8,24.2,2.2,82.0,3.8,1,1,2,2,1,0,0,6,5.0
0,6,6.7,0,68,63,0,1,2,25.3,34.8,3.0,69.9,4.3,0,0,1,0,0,0,0,0,2.8
0,0,8.1,0,60,72,0,2,0,47.4,45.1,3.6,75.0,4.3,1,1,0,0,0,1,2,0,7.3
1,7,6.7,2,55,57,1,2,0,23.9,22.2,1.2,79.3,3.8,0,0,0,1,0,0,0,6,4.3
1,10,7.7,0,61,71,2,2,1,30.5,43.6,1.4,66.0,4.0,0,1,0,0,0,0,0,7,6.4
0,8,8.2,0,77,83,2,1,3,41.2,38.2,4.4,70.8,4.2,1,1,0,0,0,0,0,8,5.6
1,6,7.5,0,58,72,1,2,2,47.8,47.6,3.8,90.0,3.4,0,1,0,0,0,0,1,2,5.5
1,10,8.0,0,64,69,2,1,1,45.1,34.4,2.8,72.5,4.8,1,0,2,1,1,0,1,8,4.9
1,0,6.8,0,57,64,0,1,2,20.0,22.8,0.0,77.0,3.6,0,1,0,0,0,0,0,9,4.9
1,6,7.4,1,81,85,1,2,2,43.6,42.3,6.6,90.0,4.8,1,1,4,1,1,1,2,2,6.6
1,4,7.5,2,58,69,1,1,1,34.6,20.8,0.6,73.0,3.5,0,1,0,0,0,0,2,5,4.9
1,2,6.6,2,64,59,1,1,0,23.8,26.2,2.1,77.0,4.2,0,0,0,0,0,0,0,8,2.0
0,4,8.0,0,79,83,2,3,2,65.1,46.8,6.6,90.0,4.7,1,1,2,2,1,1,2,8,7.0
0,2,8.1,0,73,82,2,3,2,70.8,62.2,2.9,88.0,4.4,0,0,2,2,1,0,1,7,7.9
1,2,8.2,0,82,68,0,3,2,69.3,43.1,5.0,81.0,4.7,0,0,0,0,0,1,1,8,7.4
0,8,8.2,0,81,84,0,3,2,56.5,32.7,7.0,90.0,4.8,1,1,3,1,1,0,2,8,5.7
0,5,7.5,0,56,62,0,1,1,24.2,22.5,3.9,73.0,4.6,1,1,0,0,0,0,2,8,3.5
0,5,7.2,0,57,64,1,1,0,21.0,36.6,1.9,82.0,4.6,1,1,0,0,0,0,1,8,4.1
1,7,7.8,1,61,68,0,1,0,37.6,31.1,2.2,77.1,3.8,0,0,0,0,0,1,1,9,6.1
0,6,7.6,0,57,67,0,1,0,39.3,23.8,2.5,71.4,4.7,0,0,0,0,0,1,1,1,3.7
1,0,7.7,0,55,69,1,1,1,44.4,33.1,2.9,80.0,4.1,1,0,0,0,0,0,1,6,4.6
1,1,8.4,0,73,82,2,3,2,80.2,66.1,8.0,90.0,4.5,1,1,3,2,1,1,2,7,8.6
0,8,8.3,0,74,83,0,3,2,58.4,38.3,5.8,90.0,4.5,1,1,1,3,1,1,0,0,7.5
1,11,8.0,0,67,83,0,3,0,70.3,62.2,6.4,80.2,4.7,0,1,3,1,1,0,2,6,7.2
1,0,8.0,0,67,69,1,1,2,50.9,34.4,2.6,78.0,4.3,1,0,0,0,0,0,2,2,6.7
1,2,6.7,0,55,64,1,1,0,22.4,13.9,0.3,86.0,4.8,0,1,2,3,1,1,0,8,2.0
1,2,6.5,1,74,71,1,1,1,20.0,20.5,0.9,79.0,4.4,1,1,0,0,0,0,2,7,2.9
0,2,8.0,0,64,88,2,2,0,55.6,43.4,5.8,84.0,4.7,1,1,2,2,1,1,2,7,7.0
1,5,7.7,0,77,82,1,3,2,49.4,38.0,7.9,78.0,4.1,1,1,2,3,1,1,1,9,5.6
1,5,7.4,0,56,69,1,2,1,35.3,37.1,4.7,90.0,4.3,0,1,0,0,0,1,1,8,3.9
1,10,7.6,1,63,85,0,2,1,40.0,34.9,3.0,84.9,4.8,0,1,0,0,0,1,2,8,5.7
1,0,8.6,0,73,78,0,3,2,69.9,43.5,5.6,90.0,4.8,1,1,4,1,1,1,2,3,6.7
1,3,6.7,1,77,58,1,1,2,20.0,18.1,2.0,69.0,3.5,0,0,0,0,0,0,1,5,2.6
1,8,7.6,1,85,84,1,3,0,39.5,30.4,6.7,89.9,4.8,1,1,2,3,1,1,1,9,6.4
0,4,8.1,0,58,63,1,1,1,40.9,32.8,2.7,78.0,4.3,0,1,0,0,0,0,2,4,5.7
0,0,7.8,1,66,63,1,3,0,49.2,43.9,8.6,87.0,4.1,1,1,0,0,0,1,2,3,5.5
0,6,7.5,1,77,86,2,1,0,51.2,46.1,5.2,74.2,4.2,1,1,2,2,1,0,0,7,5.9
1,4,8.6,0,69,86,2,3,2,80.9,55.9,6.9,87.0,4.4,1,1,2,2,1,1,1,5,8.6
1,4,7.4,0,57,66,0,1,0,25.3,24.7,1.1,71.0,4.4,0,0,0,0,0,0,2,0,5.6
0,3,7.6,0,67,73,1,1,0,32.1,44.6,3.6,78.0,4.8,1,1,0,0,0,1,0,1,5.7
1,5,7.7,2,55,85,1,2,1,57.1,47.4,5.2,68.0,4.2,0,1,0,0,0,0,1,4,8.6
0,8,7.2,2,73,82,2,3,0,41.2,41.8,5.9,75.2,4.3,1,1,0,1,0,0,1,9,6.4
1,3,7.7,0,64,69,1,2,1,43.6,35.9,4.8,68.0,4.3,0,0,0,0,0,1,1,7,5.8
0,0,7.4,0,55,72,1,2,0,47.5,38.8,5.8,76.0,4.5,0,1,0,0,0,1,2,4,5.6
0,9,7.6,2,55,63,0,1,0,37.0,24.2,3.2,68.5,3.7,0,0,0,0,0,0,0,9,4.3
1,11,8.1,0,79,84,0,3,0,61.2,55.3,7.3,80.7,4.7,1,1,2,1,1,1,2,3,7.7
1,1,6.6,0,65,62,1,1,0,20.0,24.5,1.8,71.0,3.0,0,0,0,0,0,0,1,8,3.0
1,4,8.6,0,79,79,2,3,0,67.0,42.6,6.2,90.0,4.7,1,1,4,1,1,1,2,2,8.0
0,0,7.8,0,73,81,1,3,2,59.3,44.7,7.1,73.0,4.1,1,1,4,1,1,1,1,0,7.8
0,0,8.3,0,64,71,1,2,1,54.0,34.9,5.9,84.0,4.3,1,1,0,0,0,0,0,2,6.4
1,0,8.2,0,79,80,2,2,3,71.4,67.6,5.7,84.0,4.8,1,1,0,0,0,1,2,0,8.0
0,6,7.7,0,73,62,2,1,0,46.9,40.3,6.5,82.5,4.1,1,1,1,0,0,0,2,9,6.4
1,0,8.3,0,84,86,2,3,2,61.9,55.9,5.1,90.0,4.8,1,1,4,1,1,1,1,8,9.0
1,8,7.6,0,69,64,0,2,0,35.9,39.3,5.0,80.7,4.4,1,1,2,1,1,1,1,8,5.2
0,1,8.3,0,74,83,0,3,2,62.2,42.9,5.8,90.0,4.5,1,1,2,3,1,1,1,8,6.0
1,4,6.5,2,84,88,1,2,1,20.0,15.3,5.8,86.0,4.3,1,1,2,2,1,0,2,5,2.0
1,3,7.4,2,60,65,1,1,1,24.3,20.1,2.0,82.0,4.1,0,0,0,0,0,0,1,8,3.5
1,0,7.5,0,72,84,1,3,0,52.4,39.4,6.4,78.0,3.6,0,1,0,0,0,1,2,2,4.6
1,3,8.4,0,74,85,2,3,2,65.8,52.6,6.4,90.0,4.8,1,1,3,1,1,1,1,4,8.5
0,3,8.4,0,82,62,0,3,2,60.4,36.0,5.6,90.0,4.8,1,1,3,2,1,0,2,4,6.2
1,1,8.6,0,74,88,2,3,2,86.9,70.8,4.5,90.0,4.6,1,1,3,1,1,1,1,8,9.1
1,1,6.5,2,61,68,1,2,0,33.2,18.2,5.2,84.0,4.7,0,1,0,0,0,0,0,8,3.6
1,4,7.6,1,61,57,1,2,1,52.2,42.6,3.8,61.0,3.2,0,0,0,0,0,0,2,0,6.4
1,4,7.4,0,84,79,1,3,2,45.7,49.3,7.9,83.0,4.5,1,0,2,2,1,1,0,6,6.9
0,3,8.1,0,74,86,1,2,2,57.0,45.7,3.7,90.0,4.0,0,1,0,0,0,0,2,8,6.9
1,5,8.3,0,75,85,1,3,2,68.0,65.9,8.3,90.0,4.8,1,1,2,3,1,0,0,8,8.9
0,8,8.2,0,80,86,2,3,1,73.8,59.4,7.0,87.4,4.6,1,1,4,2,1,1,1,5,8.0
1,3,8.2,2,75,69,2,2,0,63.1,59.9,7.1,89.0,4.6,1,1,0,0,0,1,2,8,9.2
1,0,8.5,0,85,88,2,3,2,69.4,55.4,7.8,90.0,4.5,1,1,4,1,1,1,1,5,8.8
1,10,7.9,0,56,68,2,2,0,66.4,52.9,6.8,78.5,4.6,0,0,0,0,0,1,0,1,6.3
0,4,8.2,0,75,84,1,1,0,55.8,43.9,3.8,76.0,4.7,1,1,0,0,0,1,1,1,8.5
0,1,8.3,0,55,74,0,2,2,41.4,44.1,6.7,77.0,3.8,1,1,0,0,0,1,0,1,6.5
1,1,7.2,1,63,67,1,1,0,31.4,35.2,1.0,84.0,4.3,0,1,0,0,0,0,2,4,5.5
1,3,7.0,2,55,65,0,1,1,20.0,22.4,3.2,66.0,3.8,0,0,0,0,0,0,0,6,2.5
1,2,6.5,1,77,69,1,2,2,28.5,42.3,3.7,88.0,4.7,1,1,2,2,1,0,1,6,4.4
1,2,7.9,0,74,83,0,3,2,59.2,60.2,8.1,82.0,4.4,1,1,2,2,1,1,0,8,7.2
1,7,8.2,1,70,84,0,3,2,66.7,51.6,6.5,84.0,4.5,1,0,2,1,1,0,2,2,7.5
1,3,6.5,2,55,64,1,1,1,20.0,4.4,4.2,76.0,3.8,0,0,0,0,0,0,2,8,3.4
1,4,8.3,0,78,83,1,3,2,71.5,73.0,9.0,79.0,4.4,1,1,1,3,1,1,2,2,8.8
0,6,7.7,0,59,74,1,1,1,45.8,36.5,4.0,72.8,4.4,0,1,0,1,0,0,1,1,5.3
0,8,7.4,2,83,86,2,3,3,46.1,35.7,6.1,90.0,4.8,1,1,3,1,1,1,1,1,5.4
0,2,7.7,0,71,82,0,3,0,48.2,52.4,7.1,83.0,4.2,1,1,0,0,0,0,0,8,6.8
1,8,7.7,0,67,65,1,1,0,36.0,22.8,1.8,77.9,3.8,0,1,1,1,0,0,2,1,6.0
1,7,8.4,0,77,82,0,2,3,71.0,67.0,8.0,88.6,4.8,1,1,3,2,1,1,0,9,8.8
0,2,7.6,0,60,68,1,1,0,40.1,43.7,1.4,74.0,4.0,0,1,0,0,0,0,1,8,7.7
0,2,8.2,0,55,63,0,2,2,47.8,23.7,5.1,78.0,4.1,1,0,0,0,0,0,1,0,6.3
1,6,7.5,0,65,78,1,2,3,46.6,48.1,4.5,79.9,4.5,1,1,1,0,0,0,2,1,5.8
0,3,8.3,0,76,78,1,3,2,60.8,48.2,8.0,79.0,4.7,1,1,0,0,0,0,1,8,8.5
0,0,7.1,0,55,66,1,1,0,30.3,31.6,2.1,70.0,3.3,0,0,0,0,0,0,1,8,3.8
0,2,7.3,1,62,65,1,1,0,28.6,26.1,2.6,74.0,3.7,0,0,0,0,0,1,2,9,3.2
0,2,6.8,2,55,64,1,1,1,24.1,10.2,1.3,81.0,4.2,0,1,0,0,0,0,2,4,3.6
1,8,6.5,2,69,70,2,0,2,20.0,20.2,0.6,62.2,3.4,0,1,0,0,0,0,1,8,2.0
0,5,8.2,0,76,65,1,1,1,52.8,32.1,3.2,69.0,4.2,0,1,0,0,0,0,2,8,7.2
1,3,7.8,0,73,79,1,3,1,53.6,59.8,8.5,89.0,4.6,1,1,2,2,1,1,1,8,8.5
0,1,7.0,1,62,57,1,1,1,20.3,25.7,2.8,73.0,4.3,1,1,0,0,0,0,1,8,3.6
1,0,8.0,0,74,88,1,3,2,61.4,60.2,7.4,90.0,4.7,1,1,3,2,1,1,0,1,7.4
1,6,7.9,0,90,68,2,2,2,59.1,57.5,5.7,88.7,4.8,1,1,2,2,1,0,2,4,6.4
1,9,7.4,1,81,71,0,1,2,32.8,38.0,6.0,83.6,4.5,1,1,0,0,0,1,1,8,5.8
0,6,7.2,0,74,72,0,1,2,33.5,35.5,3.6,61.9,3.6,0,0,0,1,0,0,0,9,4.2
1,11,7.4,0,55,73,1,3,0,42.6,46.9,4.2,75.7,4.4,1,1,0,0,0,0,0,4,6.5
1,11,7.5,0,81,62,0,3,0,54.2,32.2,5.5,83.2,4.6,0,0,0,1,0,1,2,6,5.7
0,7,8.4,0,77,86,1,3,3,81.2,54.2,7.9,90.0,4.8,1,1,3,3,1,1,0,7,8.1
0,4,8.0,0,77,87,1,3,0,57.6,57.2,7.6,90.0,4.4,1,1,2,2,1,1,2,5,7.1
1,1,7.5,0,59,58,1,1,0,37.6,49.0,2.6,63.0,4.5,0,1,0,0,0,0,2,8,6.3
1,6,8.2,0,76,83,2,2,1,76.6,62.1,9.5,90.0,3.9,1,1,2,2,1,1,1,9,7.4
1,5,7.7,0,66,67,1,1,1,40.0,47.3,2.6,78.0,4.2,1,1,0,0,0,0,0,6,5.8
1,0,8.7,0,79,85,2,3,2,73.6,52.7,6.6,90.0,4.8,1,1,2,3,1,1,1,0,9.1
1,6,7.5,1,55,62,1,1,0,36.5,15.4,1.9,79.9,4.2,0,0,0,1,0,0,1,9,3.7
0,0,7.9,2,80,88,1,2,2,53.4,38.1,3.4,87.0,3.6,1,0,3,2,1,0,1,2,6.4
1,6,8.5,1,81,80,2,3,0,80.5,65.2,6.7,90.0,4.5,1,1,3,1,1,0,2,2,8.7
1,3,8.6,0,76,85,2,3,2,79.5,64.3,7.1,90.0,4.6,1,1,4,1,1,1,2,6,8.8
1,4,8.5,0,87,80,2,3,2,70.7,60.3,7.4,84.0,4.7,1,1,2,2,1,1,0,0,8.7
1,11,6.6,1,80,85,1,3,1,22.4,15.8,5.8,80.5,3.4,1,1,1,3,1,0,2,1,2.0
1,7,8.4,0,86,81,2,3,3,67.0,54.3,6.6,87.4,4.5,0,1,3,2,1,1,1,7,7.5
0,4,7.3,0,79,81,1,3,1,47.9,40.7,6.4,71.0,3.8,1,1,0,0,0,0,2,4,4.9
1,2,7.5,0,78,75,1,2,2,44.9,38.9,4.0,89.0,4.8,1,1,1,3,1,1,0,3,4.9
0,2,7.8,1,55,79,1,2,0,45.1,43.0,4.7,81.0,4.1,0,1,2,3,1,0,1,2,4.6
1,8,7.7,0,61,61,2,1,0,33.3,21.5,2.8,75.0,4.3,1,1,0,0,0,0,1,7,4.3
0,6,8.4,0,78,66,0,3,1,63.5,66.6,7.0,90.0,4.8,1,1,3,3,1,1,1,9,7.5
1,3,8.0,0,68,85,2,3,2,65.0,50.7,7.5,90.0,4.8,1,1,2,2,1,1,2,7,7.2
1,7,8.1,1,79,87,0,3,2,62.0,45.2,7.2,90.0,4.8,1,1,2,2,1,0,0,7,6.4
0,8,7.0,1,55,81,2,1,1,23.2,38.4,5.9,73.2,4.5,0,1,0,1,0,1,0,8,3.3
1,0,7.4,0,55,76,0,1,1,28.8,33.2,3.0,69.0,4.3,0,1,0,0,0,1,1,5,5.0
1,0,8.0,0,82,83,1,3,0,59.3,49.4,6.5,83.0,4.1,1,1,1,3,1,0,1,3,8.2
1,11,7.8,0,83,84,2,3,2,61.6,55.1,6.8,84.7,4.2,1,0,3,1,1,1,1,5,6.1
1,2,8.3,0,76,87,2,3,2,77.8,58.7,6.3,85.0,4.7,1,1,4,1,1,1,1,0,8.3
1,4,7.6,1,68,74,2,1,0,37.9,32.1,0.4,90.0,4.8,0,1,0,0,0,0,0,8,5.1
0,0,8.5,0,73,65,0,3,0,71.5,46.2,5.5,84.0,4.5,1,1,2,3,1,0,2,0,8.3
1,8,7.6,0,80,67,1,2,0,39.8,39.1,3.5,80.1,3.9,0,1,0,0,0,1,1,4,5.3
1,4,7.8,0,57,64,1,1,0,28.5,29.6,2.5,76.0,3.9,0,1,0,0,0,0,0,0,4.6
0,10,8.6,0,61,69,2,2,2,46.2,50.7,1.1,76.9,4.4,0,1,0,1,0,0,1,8,7.6
1,2,6.5,0,60,73,1,1,1,20.0,11.0,2.6,76.0,4.6,1,1,0,0,0,0,2,6,2.4
1,4,8.3,0,79,84,2,3,2,63.1,44.4,8.0,90.0,4.8,1,1,3,2,1,0,2,1,7.6
1,3,7.6,0,78,64,0,3,2,48.2,45.5,7.5,82.0,4.5,0,0,3,2,1,1,0,1,5.7
1,6,7.5,0,59,64,1,2,1,35.3,44.1,1.8,74.3,4.5,0,1,0,0,0,0,1,2,7.2
0,7,7.6,0,70,76,0,1,0,34.8,17.1,1.8,74.5,4.4,0,1,0,1,0,0,0,0,4.7
1,0,7.9,0,66,61,0,1,0,36.9,32.6,1.4,69.0,3.8,0,1,0,0,0,1,0,0,5.9
1,5,8.7,0,70,63,2,3,2,79.0,63.5,7.3,89.0,4.7,1,1,3,2,1,0,2,0,9.8
1,0,8.1,0,81,88,2,3,2,62.0,51.1,4.4,90.0,4.6,1,1,1,3,1,1,2,5,6.5
1,4,8.0,0,69,76,1,2,1,56.2,53.5,6.7,77.0,4.6,1,1,0,0,0,1,0,0,7.5
1,2,8.4,0,82,82,2,3,2,71.0,65.9,6.5,90.0,4.8,1,0,3,2,1,1,2,0,9.1
1,0,8.2,0,78,88,2,3,2,61.6,38.5,5.5,90.0,4.8,1,1,3,2,1,0,2,5,7.0
0,4,6.6,0,55,61,1,2,0,20.0,23.3,4.0,61.0,3.9,0,0,0,0,0,1,2,4,4.2
1,4,7.8,0,58,70,1,2,1,42.6,35.1,4.4,70.0,3.9,0,1,0,0,0,1,2,5,4.5
0,5,6.5,0,82,64,0,1,1,20.0,25.2,2.5,76.0,4.7,1,0,0,0,0,1,1,8,2.8
0,4,8.4,0,72,85,1,3,0,73.7,76.3,6.3,88.0,4.7,1,1,2,2,1,1,2,8,9.1
1,8,8.4,1,84,81,1,3,0,66.0,66.0,6.8,83.2,4.2,1,1,1,3,1,1,1,8,7.8
1,0,7.4,0,55,74,1,3,1,47.1,25.3,5.9,73.0,4.4,0,1,0,0,0,0,1,0,4.5
1,0,8.0,0,66,63,2,1,1,49.5,40.2,3.3,85.0,4.5,0,0,4,1,1,1,1,5,6.3
1,11,7.4,1,68,73,1,3,1,28.0,21.8,4.4,64.2,4.1,0,0,0,0,0,1,2,8,4.7
1,0,7.4,0,75,67,1,1,2,25.7,30.1,2.9,85.0,4.4,1,0,2,3,1,0,0,2,4.7
1,2,7.6,0,56,72,1,2,0,42.0,29.8,6.0,87.0,4.2,1,1,0,0,0,1,1,1,6.8
0,0,8.2,0,85,85,2,3,2,71.0,50.1,7.0,90.0,4.6,1,1,3,2,1,1,2,0,7.9
1,1,7.4,0,68,73,1,2,0,39.7,30.2,3.6,76.0,4.5,0,0,0,0,0,1,1,8,4.2
0,0,7.6,0,63,63,1,1,1,33.0,30.1,2.6,71.0,4.2,1,1,0,0,0,1,0,2,6.1
1,3,6.8,2,55,65,0,2,1,25.8,22.8,3.3,76.0,4.0,0,1,0,0,0,0,0,6,3.1
1,11,7.3,0,84,81,0,2,0,34.6,32.0,3.8,79.1,3.8,0,1,0,1,0,0,2,3,5.7
1,8,6.5,2,71,60,1,2,0,20.0,0.7,1.9,81.0,3.2,0,0,0,1,0,0,1,8,2.0
0,5,6.7,1,55,63,0,3,2,33.5,19.8,4.5,90.0,4.8,0,0,0,0,0,0,1,8,2.7
0,1,7.6,0,55,61,0,1,0,36.4,32.1,0.1,61.0,3.8,0,1,0,0,0,0,1,8,5.9
1,3,7.5,2,57,66,1,1,0,27.2,30.4,3.1,79.0,3.2,0,0,0,0,0,0,2,3,5.1
1,2,8.5,0,71,84,2,3,2,76.0,59.9,5.2,88.0,4.7,1,1,2,2,1,1,2,0,10.3
1,5,6.5,2,69,70,1,1,1,20.0,25.1,1.0,62.0,3.4,0,1,0,0,0,1,0,6,2.8
1,4,8.1,0,79,84,1,3,2,55.9,35.7,6.9,90.0,4.8,1,1,2,2,1,1,2,2,6.9
0,4,7.2,0,55,67,1,1,0,39.2,30.1,3.2,69.0,4.0,0,0,0,0,0,0,2,0,6.1
1,4,6.7,0,58,66,1,1,0,20.0,15.1,1.8,67.0,4.2,0,0,0,0,0,0,2,0,2.0
0,5,8.1,0,78,85,0,3,0,50.5,41.3,6.0,90.0,4.5,1,0,3,2,1,1,1,9,6.2
1,4,7.6,0,69,82,1,1,0,37.0,34.5,1.1,83.0,3.7,1,1,0,0,0,0,0,2,5.5
0,4,7.8,0,59,74,2,2,2,62.1,55.6,5.4,80.0,4.6,0,1,2,3,1,0,2,3,7.0
0,0,7.8,0,55,67,1,3,1,56.2,58.1,4.1,79.0,3.7,0,0,0,0,0,1,1,5,8.8
1,0,8.4,0,79,86,2,3,2,73.0,58.2,8.3,90.0,4.8,1,1,3,2,1,1,1,4,8.3
1,2,6.9,0,66,72,0,2,0,20.0,10.7,4.0,69.0,3.4,0,0,0,0,0,0,0,1,3.1
1,2,7.5,0,55,64,1,1,0,30.1,19.7,3.7,76.0,4.7,0,0,0,0,0,0,0,9,5.0
1,5,7.6,1,56,69,1,1,0,39.4,30.7,1.9,74.0,3.3,0,0,0,0,0,0,1,3,5.7
1,2,8.4,0,75,81,0,1,1,51.4,57.7,4.6,85.0,4.8,1,1,3,2,1,0,0,7,7.3
0,4,8.2,0,63,72,1,3,0,71.3,45.2,8.8,86.0,4.5,1,1,1,3,1,0,1,7,8.4
1,2,6.5,0,78,82,2,3,2,34.5,46.5,8.4,80.0,4.8,1,1,0,0,0,0,2,0,4.5
1,11,8.0,1,80,85,0,3,3,66.3,40.9,7.3,78.3,3.7,1,1,2,1,1,1,1,8,8.1
1,6,7.5,1,60,66,0,0,1,32.3,40.1,3.4,85.4,4.4,0,1,0,0,0,0,0,1,4.5
1,2,7.6,0,59,71,1,1,1,34.6,26.1,0.7,77.0,4.2,0,1,0,0,0,0,0,7,3.9
1,2,8.3,0,74,57,1,3,0,59.8,46.0,6.6,77.0,4.8,1,1,0,0,0,1,1,7,7.5
1,2,7.5,0,61,66,0,1,1,36.1,41.3,3.8,83.0,3.9,0,0,0,0,0,0,2,7,5.4
0,3,6.5,0,60,67,0,2,1,20.0,19.2,5.5,60.0,3.1,1,0,0,0,0,0,1,0,2.8
1,2,6.6,0,58,68,1,1,1,20.0,23.8,3.5,66.0,4.2,0,1,0,0,0,1,2,4,2.7
0,1,6.5,1,55,62,1,1,1,20.0,19.5,3.0,73.0,4.0,1,0,0,0,0,0,2,8,2.0
1,3,7.4,0,60,70,0,1,0,20.0,16.9,1.3,81.0,3.9,0,1,0,0,0,0,0,4,4.2
1,5,6.5,1,75,71,1,1,0,20.0,11.7,1.6,84.0,3.9,0,1,0,0,0,0,1,8,2.9
1,0,8.2,1,55,62,1,1,0,42.9,27.9,1.5,70.0,4.2,0,0,0,0,0,0,1,3,5.8
0,0,7.6,0,55,62,0,1,1,23.3,14.0,3.8,65.0,4.1,0,0,0,0,0,0,1,1,2.7
1,0,7.5,1,63,62,1,1,1,33.7,28.2,3.8,72.0,4.0,0,1,0,0,0,0,1,2,5.1
1,2,8.2,0,88,77,0,3,0,56.1,51.7,8.7,90.0,4.5,1,0,0,0,0,1,1,8,8.4
1,2,8.1,0,87,87,2,3,2,76.8,64.8,7.8,89.0,4.8,1,1,2,3,1,1,2,1,7.0
1,4,7.8,0,79,61,1,2,0,50.6,45.6,5.0,73.0,4.5,1,0,0,0,0,0,1,1,5.7
0,2,7.4,0,79,70,0,2,1,33.8,35.6,5.3,89.0,4.3,1,1,0,0,0,1,1,2,6.1
0,5,6.9,0,73,82,2,1,2,20.0,40.1,2.4,84.0,4.7,1,1,0,0,0,0,0,8,5.3
1,7,7.6,0,55,73,1,1,0,35.8,24.4,2.6,64.9,3.9,0,0,0,0,0,1,1,5,5.7
0,6,6.5,1,69,76,1,2,1,27.3,27.4,7.6,74.6,4.0,1,1,1,3,1,1,2,5,2.1
0,6,8.0,0,76,83,2,2,0,53.4,44.6,10.0,84.1,4.4,1,1,4,0,1,0,1,2,6.5
1,3,7.6,0,72,74,2,2,0,48.3,45.4,4.4,77.0,4.4,0,1,0,0,0,0,0,7,6.2
0,11,8.0,0,57,68,1,3,2,57.3,40.9,5.8,70.8,4.6,1,1,0,1,0,0,1,2,4.7
0,7,7.8,0,57,60,1,3,1,44.8,37.9,4.2,71.1,4.6,0,1,0,0,0,1,2,0,6.3
1,2,8.1,0,72,88,2,3,0,66.2,37.0,8.2,81.0,4.8,1,1,0,0,0,1,2,9,7.2
0,6,8.3,0,71,84,0,2,0,66.2,55.3,5.2,90.0,4.2,0,1,2,2,1,0,0,6,9.3
0,5,8.4,0,84,79,2,3,2,73.3,48.5,6.0,90.0,4.8,1,1,2,3,1,1,1,3,9.4
0,1,7.6,1,78,73,1,2,0,45.2,32.7,4.6,85.0,4.6,0,1,0,0,0,1,1,0,5.2
1,3,7.3,1,75,61,1,1,2,29.7,14.6,2.7,75.0,3.5,0,1,0,0,0,0,1,4,4.0
1,2,7.9,0,75,63,1,2,0,58.1,49.3,6.0,77.0,4.2,0,1,0,0,0,1,0,5,7.1
1,8,6.5,1,76,73,2,3,3,28.7,31.7,6.1,83.9,4.5,0,1,0,0,0,0,1,9,3.2
1,6,7.7,1,56,69,1,0,1,31.2,39.2,3.4,69.2,3.8,0,0,0,0,0,0,2,3,4.9
0,3,7.2,0,71,74,1,2,0,29.3,18.9,5.7,82.0,3.6,1,1,1,3,1,1,1,1,3.4
1,1,7.9,0,86,76,2,3,2,58.5,47.3,6.6,85.0,4.4,1,1,3,2,1,1,1,1,6.4
0,11,7.7,0,82,72,0,3,2,54.5,46.8,7.1,90.0,4.8,1,1,0,0,0,1,0,8,7.6
1,4,8.4,0,79,86,2,3,2,72.6,59.8,6.6,87.0,4.8,1,1,3,2,1,1,0,6,7.9
1,4,7.5,0,64,68,1,2,1,32.6,33.9,3.9,68.0,4.0,0,0,0,0,0,1,2,3,4.8
1,2,8.2,0,85,81,2,3,2,65.8,49.2,9.0,83.0,4.3,1,1,2,2,1,1,2,1,6.7
1,1,6.5,1,55,67,0,1,0,20.0,17.5,5.0,65.0,4.1,1,0,0,0,0,1,0,9,2.6
0,7,6.8,2,59,68,0,1,1,23.7,19.1,2.3,69.7,3.4,0,1,0,0,0,0,2,6,3.2
1,3,8.2,0,78,85,1,3,0,57.4,45.9,7.5,82.0,4.7,1,1,1,3,1,1,0,7,6.6
0,1,7.4,0,63,69,1,1,0,32.9,19.9,1.7,72.0,4.0,0,1,0,0,0,0,1,0,3.5
0,11,7.9,1,66,69,2,3,2,65.6,45.8,5.2,82.7,3.3,1,1,0,0,0,1,1,2,8.2
0,0,8.2,0,79,86,1,3,2,63.2,60.5,6.3,85.0,4.6,1,1,3,2,1,0,1,2,8.2
0,0,6.8,2,60,68,1,1,0,20.0,10.5,2.2,72.0,4.2,0,1,0,0,0,0,1,2,3.0
1,4,8.3,0,78,83,1,1,1,48.1,38.2,1.8,71.0,4.8,1,1,0,0,0,0,1,7,5.5
1,0,8.1,0,75,82,1,3,2,61.8,46.9,7.5,90.0,4.6,1,1,1,3,1,0,1,3,8.1
0,10,8.4,1,76,86,0,2,3,59.7,30.3,7.8,81.1,4.7,1,1,1,0,0,1,2,3,7.4
1,8,8.2,1,77,85,0,3,3,62.7,54.3,7.2,89.2,3.4,1,1,2,1,1,1,1,7,7.1
1,2,7.9,2,74,88,1,2,2,52.8,55.3,6.5,90.0,4.3,1,1,2,2,1,0,0,2,6.0
1,3,6.5,0,59,67,2,2,1,31.6,34.8,4.2,61.0,3.5,0,0,0,0,0,0,2,2,3.3
1,0,7.6,0,58,69,1,1,0,34.3,22.2,1.0,65.0,3.1,0,0,0,0,0,1,1,2,4.3
0,11,7.4,0,56,66,0,3,1,58.6,41.5,7.4,73.8,4.0,0,0,0,0,0,1,1,8,5.7
1,1,6.7,0,62,68,0,1,0,20.0,40.1,0.4,83.0,4.4,0,0,0,0,0,0,0,7,2.8
0,1,6.5,1,55,67,0,1,1,20.0,30.8,1.8,81.0,4.0,0,1,0,0,0,0,0,8,2.7
0,8,8.1,1,74,83,2,3,0,65.7,52.9,8.2,85.0,4.8,1,1,1,3,1,1,1,4,6.4
0,4,8.5,0,74,87,0,3,2,60.6,59.8,7.8,90.0,4.6,1,1,2,2,1,1,1,7,8.4
1,2,7.5,0,59,58,1,1,1,35.8,24.4,1.4,70.0,3.3,0,0,0,0,0,0,1,8,3.6
0,0,8.3,0,62,84,2,3,2,72.3,58.5,6.2,90.0,4.8,1,1,0,0,0,0,1,0,8.2
0,2,8.3,0,60,66,0,1,1,51.8,39.5,3.6,69.0,4.1,1,1,0,0,0,0,2,0,7.9
1,3,7.8,0,58,78,1,3,2,45.0,29.9,6.0,90.0,4.8,1,1,2,2,1,0,2,1,5.1
1,8,7.5,0,72,73,1,2,1,55.3,41.8,6.6,73.0,3.9,1,0,1,3,1,0,1,1,5.3
0,7,7.3,0,71,67,2,0,3,33.1,18.7,0.9,89.8,3.8,0,1,0,1,0,0,2,0,3.8
1,0,7.5,1,55,60,1,2,1,31.7,19.0,5.9,74.0,4.7,0,1,3,2,1,1,2,1,3.3
0,11,8.1,0,78,85,0,3,0,53.2,43.2,6.0,89.7,4.5,1,0,2,1,1,1,2,1,6.0
1,4,8.6,0,82,88,1,3,2,66.7,66.7,7.0,87.0,4.8,1,1,4,1,1,1,2,7,8.7
1,0,7.5,1,59,69,1,1,1,32.1,20.4,2.8,71.0,4.0,1,0,0,0,0,0,0,0,4.4
1,2,8.2,0,86,78,1,3,2,61.2,45.3,6.7,85.0,4.6,1,1,3,2,1,1,1,4,6.6
1,11,6.6,0,56,57,1,2,1,23.8,19.9,5.4,65.7,4.1,0,0,1,0,0,0,2,9,3.4
1,8,7.4,1,62,64,0,2,1,34.4,37.6,4.1,71.4,4.8,1,1,1,1,0,1,1,8,5.5
1,3,8.6,0,69,69,1,2,0,65.1,53.8,5.3,87.0,4.3,1,1,0,0,0,0,2,9,9.3
1,0,6.7,0,55,65,1,2,0,25.3,28.5,3.1,73.0,4.5,0,1,0,0,0,0,2,4,3.9
1,0,6.8,0,69,88,1,1,2,20.0,15.5,4.9,84.0,4.5,1,1,0,0,0,1,0,2,2.8
0,6,8.9,0,76,76,0,3,0,72.6,52.0,6.9,85.5,4.8,1,1,2,2,1,1,1,7,9.6
0,2,8.4,0,57,64,2,3,2,67.2,55.0,6.5,80.0,4.5,1,1,3,2,1,1,2,4,8.4
0,1,7.6,0,72,84,2,3,1,54.6,39.8,6.9,89.0,4.5,1,0,2,2,1,1,0,8,5.7
1,6,8.5,1,71,86,2,2,3,80.2,69.8,9.3,90.0,4.8,1,1,1,3,1,1,2,2,9.7
1,3,8.1,0,81,86,0,3,1,54.1,64.9,6.3,90.0,4.7,1,1,0,0,0,1,2,7,7.9
1,9,6.5,2,81,67,1,3,0,26.8,28.4,8.6,80.0,4.3,1,1,0,0,0,1,0,8,3.4
0,2,7.5,0,77,88,1,1,0,28.9,30.1,3.9,78.0,4.4,1,1,0,0,0,0,0,2,6.1
1,4,6.5,1,58,64,2,1,1,20.0,30.7,3.1,77.0,4.2,1,1,0,0,0,0,1,2,2.9
1,2,6.6,2,74,75,1,1,0,27.0,33.5,4.4,81.0,4.4,1,1,0,0,0,0,2,6,2.7
0,0,8.3,0,63,85,2,3,2,75.3,50.4,5.2,86.0,3.9,1,1,4,1,1,1,1,5,8.2
1,2,7.9,0,75,81,1,2,0,52.5,53.9,6.5,78.0,4.5,1,1,2,2,1,1,0,0,5.6
1,2,8.3,0,58,72,1,2,2,56.4,48.6,6.4,86.0,4.8,1,1,2,2,1,1,0,6,7.0
0,4,8.0,0,67,73,1,2,0,44.3,45.4,4.5,86.0,4.8,1,1,0,0,0,1,1,2,6.3
1,10,7.1,0,82,85,2,2,2,22.7,20.8,3.4,90.0,4.8,1,1,2,3,1,0,1,5,4.1
1,3,7.8,0,72,66,0,3,3,54.8,37.8,7.4,71.0,4.8,1,1,3,1,1,0,1,8,5.2
0,6,7.5,0,56,59,0,2,1,41.0,49.0,4.4,71.4,4.5,0,1,0,0,0,0,2,1,7.9
0,7,8.1,0,85,86,0,1,0,54.6,51.3,3.5,90.0,4.6,1,1,4,2,1,0,0,0,6.2
1,3,7.6,0,56,74,1,2,0,43.6,46.0,3.6,70.0,4.2,0,0,0,0,0,0,2,2,6.3
1,1,6.5,0,56,71,1,1,0,20.0,28.3,2.9,89.0,3.9,0,1,0,0,0,0,2,9,4.0
1,8,7.5,0,58,64,2,0,2,40.7,28.9,1.2,68.8,4.0,0,1,0,0,0,0,1,8,5.0
1,8,8.0,0,73,66,2,0,0,37.9,39.4,2.7,81.4,4.5,1,1,0,0,0,0,1,6,6.8
0,4,8.4,0,78,83,2,3,2,72.8,44.1,5.9,90.0,4.1,1,1,3,1,1,0,0,1,7.6
1,2,6.5,0,76,82,1,3,2,26.3,31.9,8.8,90.0,4.8,1,1,2,2,1,0,1,0,3.3
0,7,6.5,0,56,62,1,2,1,22.7,20.7,2.0,80.6,3.8,0,0,1,0,0,0,1,8,3.8
1,2,7.7,0,78,64,1,3,2,51.9,51.5,10.0,74.0,3.6,1,1,0,0,0,0,0,9,7.2
0,11,7.5,0,55,64,1,1,1,42.8,28.7,2.8,73.4,4.7,0,0,0,0,0,0,1,2,5.8
0,6,8.1,1,84,76,2,3,1,64.9,40.5,6.2,73.1,4.1,1,1,0,0,0,1,0,5,7.1
0,4,7.5,0,69,82,1,2,0,32.5,24.7,6.2,81.0,4.4,1,1,0,0,0,0,0,1,5.8
1,11,7.0,0,55,66,1,3,1,35.2,40.3,5.5,71.4,4.2,1,0,0,0,0,1,1,8,4.5
1,3,8.5,0,74,88,1,3,2,63.1,52.8,9.2,88.0,4.7,1,1,3,1,1,0,1,7,6.7
0,6,7.6,0,71,63,0,3,1,42.1,40.4,4.7,77.8,4.1,1,1,0,0,0,0,0,2,5.9
0,2,8.1,1,69,83,1,3,0,61.8,41.2,5.5,82.0,4.4,1,1,0,0,0,1,0,7,6.2
0,0,7.9,1,63,69,0,2,2,36.6,19.5,3.7,87.0,3.9,0,1,0,0,0,0,0,0,4.5
1,7,7.2,1,81,74,1,1,0,30.8,21.2,2.8,84.8,4.0,0,1,0,3,1,1,1,8,3.7
1,2,8.2,0,77,83,2,3,2,69.4,71.6,6.8,88.0,4.5,1,1,4,1,1,0,1,0,7.8
1,0,8.3,0,81,82,0,3,2,65.2,48.0,7.0,84.0,4.3,0,0,0,0,0,0,0,2,8.3
1,0,8.0,0,83,68,1,3,0,63.8,54.7,7.4,80.0,4.0,1,1,0,0,0,1,1,0,7.8
1,8,7.4,2,55,70,0,1,0,22.3,22.9,1.0,64.8,4.1,0,0,0,1,0,0,2,2,4.7
1,2,6.9,0,57,63,0,1,0,20.0,28.7,0.7,70.0,4.3,0,0,0,0,0,1,1,2,4.6
1,7,8.0,0,86,83,2,3,2,60.9,59.2,8.1,90.0,4.8,1,1,3,1,1,1,1,6,7.7
1,0,8.5,0,78,86,0,3,0,66.2,52.9,5.6,83.0,4.8,1,1,0,0,0,1,1,0,7.8
1,9,6.6,2,74,68,2,3,0,25.8,20.0,5.3,61.2,4.5,0,0,0,0,0,1,2,8,3.5
1,11,8.0,0,74,68,1,1,0,44.9,35.8,1.9,79.2,4.2,0,1,0,0,0,0,2,4,6.8
0,2,7.6,1,72,69,1,2,1,49.1,44.4,6.6,77.0,4.6,0,1,0,0,0,1,0,8,6.7
0,6,8.2,0,72,84,1,1,0,50.9,49.9,5.2,88.2,4.2,1,1,0,0,0,1,0,1,7.6
0,10,6.6,2,55,64,2,1,1,21.3,18.4,3.5,68.0,3.9,0,1,1,0,0,0,0,8,2.0
1,4,7.8,0,72,79,1,3,3,59.5,33.6,7.9,77.0,4.5,1,1,2,3,1,0,2,4,5.9
1,11,8.2,2,87,84,0,3,2,66.8,56.9,5.8,81.4,4.3,1,0,0,0,0,1,0,1,7.4
1,2,7.5,0,71,80,0,1,0,26.5,27.2,0.8,74.0,4.5,1,1,0,0,0,0,2,8,5.6
0,0,8.2,0,79,80,0,3,2,61.6,59.5,5.3,90.0,4.8,1,1,3,1,1,1,0,5,8.4
1,2,8.2,0,75,84,2,3,2,67.0,56.7,6.0,90.0,4.6,1,1,1,3,1,1,1,4,7.1
0,6,6.5,0,63,63,1,1,0,31.7,31.5,5.1,72.4,3.9,0,1,0,0,0,0,0,2,3.9
0,6,8.0,0,72,83,0,2,0,67.2,61.5,8.0,89.4,4.6,1,1,0,0,0,1,1,6,7.8
1,0,7.5,0,58,69,1,1,1,42.0,46.3,2.6,72.0,4.8,0,0,0,0,0,1,1,0,5.6
0,0,8.3,0,81,82,0,1,2,44.1,50.1,3.7,90.0,4.8,1,1,4,1,1,0,2,0,6.8
1,8,8.4,1,75,86,0,2,2,66.5,66.0,7.2,69.9,3.8,1,0,1,0,0,1,1,8,9.4
1,0,8.4,0,77,79,1,3,2,64.1,48.1,6.9,90.0,4.8,1,1,2,2,1,1,1,2,5.6
1,2,7.8,0,90,83,2,3,2,64.3,52.7,7.1,87.0,4.8,1,0,0,0,0,1,2,1,8.5
0,6,7.9,0,87,83,1,3,0,69.8,58.2,6.7,84.6,4.6,1,1,1,0,0,1,2,9,8.3
0,5,7.5,2,69,68,1,2,2,44.7,45.5,5.2,68.0,4.0,1,1,2,2,1,0,2,8,4.6
0,2,6.7,1,65,69,1,3,0,33.7,25.1,4.4,86.0,4.1,0,0,0,0,0,1,2,7,2.8
1,5,8.0,0,76,82,1,2,1,60.1,59.0,5.0,80.0,3.4,1,1,0,0,0,0,1,0,8.4
0,3,7.1,0,82,84,2,3,0,52.0,38.6,6.5,80.0,4.3,1,1,2,3,1,0,2,1,5.1
1,1,7.0,0,66,73,1,2,0,31.7,27.9,4.4,77.0,4.1,0,1,0,0,0,0,1,0,4.0
1,3,8.4,0,72,87,1,3,2,60.2,49.4,7.5,90.0,4.8,1,1,3,2,1,0,2,6,7.3
1,1,7.6,1,76,69,0,1,0,29.0,23.3,1.7,83.0,3.7,0,0,0,0,0,1,2,8,4.4
1,6,8.2,0,72,84,1,3,2,69.4,56.1,6.8,90.0,4.8,1,1,0,0,0,1,0,5,7.5
1,10,7.5,0,79,70,0,3,0,46.2,38.5,3.9,79.5,4.2,0,1,1,2,1,1,0,8,5.0
1,0,7.1,0,59,79,0,3,2,39.5,41.2,6.5,74.0,4.5,1,1,0,0,0,0,2,1,5.6
1,7,6.5,1,64,63,1,2,1,24.2,18.1,1.0,79.1,4.5,0,0,3,2,1,0,2,4,2.6
1,10,7.6,0,55,68,0,0,1,30.0,11.3,2.4,70.6,4.4,0,1,0,0,0,0,1,8,3.9
1,4,6.6,0,61,68,0,1,1,20.0,19.3,1.9,63.0,3.8,0,0,0,0,0,0,2,9,2.6
0,3,6.8,2,61,74,2,1,0,24.1,23.4,3.6,77.0,3.8,1,1,1,3,1,1,1,8,3.3
0,2,8.5,0,80,67,1,3,1,60.3,51.7,7.3,90.0,4.8,1,1,0,0,0,1,1,4,9.7
1,7,6.6,2,55,65,1,0,1,25.6,17.4,0.0,63.2,4.0,0,0,0,1,0,0,1,7,2.9
1,6,7.6,2,55,61,2,2,1,47.1,41.5,3.9,85.5,4.8,1,1,0,0,0,1,0,5,7.0
0,10,7.5,0,58,68,0,1,1,20.0,12.0,2.3,73.0,3.6,0,1,0,0,0,0,1,0,4.2
0,1,6.7,1,65,68,1,1,2,20.0,23.8,2.1,78.0,4.3,0,0,0,0,0,0,2,2,3.4
1,11,8.3,2,81,63,1,2,2,65.2,53.3,5.9,74.3,4.5,1,1,0,0,0,1,0,0,7.6
1,0,8.8,0,72,84,1,3,2,72.5,60.0,7.2,83.0,4.8,1,1,4,1,1,1,2,8,8.8
0,9,7.4,1,61,68,1,1,2,25.2,20.7,2.8,79.1,4.3,1,1,1,1,0,0,2,7,5.8
1,2,6.7,0,61,65,1,2,1,22.0,26.9,6.4,81.0,3.8,0,0,0,0,0,0,0,0,4.6
1,5,6.8,2,63,61,0,2,1,28.7,29.0,5.2,89.0,3.9,0,1,1,3,1,1,2,8,3.0
1,0,7.6,0,68,73,1,3,2,54.7,37.9,7.8,83.0,4.5,1,1,0,0,0,0,2,9,6.2
0,4,8.5,0,76,83,2,3,2,71.3,64.8,8.7,83.0,4.8,1,1,3,2,1,0,1,4,8.9
1,0,7.8,0,77,86,2,3,2,56.7,44.6,6.6,90.0,4.8,1,1,1,3,1,1,1,2,6.5
1,2,6.5,0,55,68,0,1,1,20.0,16.4,1.4,68.0,4.1,0,1,0,0,0,0,1,4,2.6
1,5,6.6,0,55,62,1,1,0,20.8,14.8,1.9,83.0,4.4,0,0,0,0,0,0,1,8,3.5
1,3,8.4,0,58,88,2,3,0,66.4,51.2,7.9,90.0,4.8,1,1,2,2,1,1,1,8,7.2
0,4,8.2,0,55,62,1,1,0,42.5,43.4,2.1,76.0,4.2,0,1,0,0,0,0,1,2,6.1
0,10,8.5,0,60,65,0,2,2,52.4,40.0,3.7,68.9,4.1,1,1,0,0,0,1,2,4,7.8
1,0,7.6,0,55,62,1,1,0,31.8,11.0,1.3,78.0,4.2,0,0,0,0,0,1,2,1,4.7
1,5,7.7,1,61,64,2,2,1,49.6,34.9,3.5,74.0,4.6,0,0,0,0,0,0,2,8,6.6
0,10,6.8,1,56,65,1,1,0,20.8,18.8,3.6,76.3,3.8,1,1,3,3,1,0,2,6,3.5
1,3,8.9,0,73,88,0,3,3,75.5,62.9,7.5,87.0,4.8,1,1,3,1,1,0,0,7,9.8
1,8,8.3,0,73,83,2,2,2,69.7,56.3,8.2,85.1,4.2,1,1,3,3,1,1,1,8,8.2
0,2,7.6,0,80,75,1,1,0,36.1,22.4,3.7,75.0,3.9,1,1,0,0,0,0,1,8,4.9
1,0,7.5,2,55,65,1,1,1,30.5,22.7,2.4,82.0,4.6,0,1,0,0,0,1,1,3,5.4
1,5,7.6,1,83,80,1,0,1,27.9,23.0,0.7,75.0,4.8,1,1,4,1,1,1,0,8,4.4
0,3,8.2,0,74,88,1,3,0,62.8,57.8,6.3,87.0,3.7,1,1,2,2,1,0,2,5,8.5
0,4,8.1,0,78,84,2,3,2,56.5,43.2,7.0,84.0,4.6,1,1,2,3,1,0,0,1,7.1
1,8,6.9,1,74,67,2,3,1,46.4,33.6,6.3,80.1,4.4,1,1,1,0,0,1,1,8,5.1
1,8,6.9,2,73,87,1,3,1,22.0,12.2,5.3,84.6,4.8,1,1,3,1,1,0,1,1,2.9
1,1,8.2,0,81,88,1,3,0,59.5,50.0,4.4,86.0,4.7,1,1,2,2,1,1,1,4,7.7
0,4,8.2,0,79,69,1,1,2,50.5,51.2,4.0,72.0,4.1,0,1,0,0,0,0,1,5,7.0
0,0,7.5,0,55,72,0,2,0,33.1,24.9,3.7,74.0,3.7,0,1,0,0,0,1,0,3,5.3
1,0,8.4,2,68,81,1,2,0,54.1,51.6,6.1,71.0,4.5,1,1,3,2,1,0,2,2,6.0
1,6,7.6,0,56,64,1,2,0,49.5,34.1,3.7,64.8,4.7,0,0,1,1,0,1,2,7,6.5
1,2,8.3,2,83,68,0,1,2,44.9,28.2,4.2,85.0,4.7,1,1,2,2,1,0,1,4,5.0
1,1,7.0,0,79,63,0,2,0,21.4,25.9,4.6,66.0,4.3,0,1,3,2,1,1,0,8,3.3
1,2,7.7,0,72,69,1,1,0,41.8,44.2,2.9,72.0,4.4,0,0,0,0,0,1,1,0,7.3
0,0,7.8,0,75,63,1,3,0,49.8,56.9,5.2,82.0,3.7,1,0,0,0,0,0,1,0,6.3
1,7,8.2,0,83,74,1,3,1,68.3,56.8,4.3,90.0,4.6,1,1,3,2,1,1,0,9,8.9
0,11,8.5,0,76,84,1,1,2,56.1,62.2,2.7,82.3,3.4,1,0,1,1,0,0,0,1,8.2
1,8,6.5,2,58,69,1,1,1,21.8,22.8,0.0,65.5,4.3,0,0,0,0,0,0,0,9,2.4
1,9,7.0,0,55,67,1,1,1,31.9,39.4,5.5,70.3,4.2,1,0,0,0,0,0,1,7,5.4
1,5,7.4,0,65,65,1,1,1,33.7,38.0,1.5,75.0,4.2,0,1,0,0,0,0,1,7,4.8
0,5,8.4,0,59,81,1,3,0,61.1,57.4,6.7,87.0,4.3,1,1,0,0,0,0,2,2,8.1
0,0,8.2,0,69,77,2,3,2,60.2,45.4,6.6,83.0,4.6,1,1,3,2,1,1,1,0,8.1
1,0,7.6,2,78,84,1,3,3,49.0,32.3,8.0,75.0,4.8,1,1,2,2,1,1,1,0,4.4
0,7,8.8,0,77,76,1,2,1,73.7,50.7,6.1,85.5,4.8,1,1,0,3,1,1,0,0,9.3
0,6,8.0,0,60,65,1,1,0,46.2,34.2,2.7,70.4,4.2,0,1,0,0,0,0,2,1,7.2
1,3,8.4,0,86,84,2,3,2,62.2,45.5,5.6,90.0,4.8,1,1,2,2,1,1,0,8,6.7
1,0,8.6,0,82,83,1,2,2,67.7,61.7,5.7,82.0,4.3,1,1,2,2,1,1,1,2,7.7
1,0,8.3,0,80,81,2,2,1,65.7,65.2,4.8,88.0,4.6,1,1,2,2,1,1,1,4,8.0
0,2,7.4,1,62,66,1,1,0,26.7,19.0,2.2,75.0,4.3,0,1,0,0,0,0,1,1,4.9
1,0,8.6,0,87,84,2,3,2,69.0,44.0,6.6,90.0,4.8,1,1,4,1,1,1,2,7,7.7
0,7,6.6,1,63,62,0,2,0,22.3,21.0,2.8,74.8,3.9,0,0,1,0,0,0,1,0,3.0
1,8,7.5,1,71,87,0,1,2,23.9,13.9,2.3,81.6,3.8,1,1,0,0,0,0,1,8,3.2
1,4,8.7,0,79,83,2,3,2,75.6,54.3,6.7,88.0,4.8,1,1,0,0,0,1,1,1,8.3
0,6,7.8,1,77,82,2,3,0,68.2,55.0,6.3,90.0,4.6,1,1,2,1,1,1,1,2,7.7
1,7,8.1,0,55,69,2,3,1,66.8,57.1,2.8,67.9,4.8,1,0,1,1,0,1,1,8,6.9
1,2,8.5,0,80,84,2,3,2,71.0,54.0,7.5,90.0,4.8,1,1,4,1,1,1,1,7,7.9
1,11,8.6,0,87,84,2,3,3,74.0,51.4,7.9,86.8,4.7,1,1,4,1,1,1,0,5,8.0
1,0,8.6,1,55,72,1,1,1,58.4,33.3,0.8,83.0,3.0,0,0,0,0,0,0,2,1,6.9
1,2,7.7,0,56,73,2,1,1,40.2,24.7,3.1,90.0,4.5,1,1,4,1,1,0,0,6,4.2
0,10,8.7,0,56,71,0,1,0,52.6,64.2,3.1,88.8,4.8,1,1,3,1,1,0,1,7,7.6
1,0,7.7,0,55,69,0,1,1,29.1,26.3,3.0,83.0,3.7,0,1,0,0,0,0,2,5,4.5
1,4,8.3,0,71,84,1,3,1,65.0,52.5,6.4,90.0,4.8,1,1,0,0,0,0,2,0,6.7
1,2,7.2,0,61,67,1,1,0,23.5,41.1,3.4,66.0,3.9,1,0,0,0,0,0,1,8,6.6
1,3,8.4,0,74,70,2,3,1,79.1,62.5,6.6,89.0,4.6,1,1,0,0,0,1,1,8,9.9
0,2,6.8,0,55,62,0,1,0,20.0,13.4,2.4,67.0,3.6,0,0,0,0,0,0,0,7,2.8
1,10,7.6,1,55,60,2,2,0,33.8,15.9,3.5,67.3,3.3,0,0,0,1,0,0,2,1,5.3
0,3,8.3,0,76,77,2,3,3,72.3,64.6,8.0,90.0,4.8,1,1,3,2,1,0,1,7,6.6
0,5,7.5,0,61,59,0,2,0,39.2,34.3,4.7,69.0,3.6,0,0,0,0,0,0,2,1,5.4
0,4,6.5,0,74,62,1,3,0,47.6,33.0,8.2,83.0,4.3,1,1,0,0,0,1,0,0,4.3
0,2,7.9,0,70,84,1,2,2,48.3,36.9,4.6,88.0,4.8,1,1,1,3,1,0,1,6,5.9
1,4,8.3,0,83,80,2,2,0,54.7,27.5,3.8,76.0,3.9,0,0,0,0,0,1,1,7,6.4
1,3,7.4,0,87,64,1,3,1,45.4,30.8,4.6,71.0,4.1,0,1,3,2,1,0,0,7,4.0
1,1,8.0,0,70,84,2,3,1,65.9,59.2,7.9,87.0,4.3,1,0,0,0,0,1,1,8,8.3
1,0,8.4,0,84,84,0,3,2,63.7,42.6,6.1,88.0,4.3,1,1,2,2,1,0,2,1,6.4
0,7,8.5,0,72,73,1,3,0,47.1,31.5,3.7,81.7,4.5,0,0,1,0,0,0,0,0,6.7
0,8,6.5,0,55,65,2,3,1,20.0,20.7,4.4,79.5,4.2,0,0,1,0,0,0,2,8,4.0
1,5,8.2,0,67,85,2,3,1,66.3,44.0,7.5,78.0,4.4,1,1,0,0,0,1,1,8,7.7
0,2,8.0,0,77,76,1,3,2,56.3,44.5,5.3,90.0,4.5,0,1,2,2,1,0,1,6,6.5
1,3,6.9,2,76,85,1,3,2,35.3,43.7,6.7,90.0,4.8,1,1,3,2,1,0,1,7,5.5
1,4,7.9,0,55,68,1,1,0,42.8,43.7,3.1,72.0,3.6,0,0,0,0,0,0,1,2,6.3
0,4,8.2,0,68,77,1,1,1,40.5,26.1,1.6,88.0,4.8,0,1,3,2,1,1,1,9,6.1
0,2,8.2,0,79,86,2,3,1,71.5,57.9,6.1,79.0,4.8,1,1,4,1,1,1,2,9,7.6
0,1,8.2,0,55,83,2,2,0,57.8,47.4,4.7,86.0,4.5,1,1,1,3,1,1,1,8,7.6
0,0,8.4,0,74,86,2,3,2,71.1,64.0,7.3,83.0,4.5,1,1,1,3,1,0,1,0,9.3
0,2,8.2,0,79,82,0,3,2,53.0,39.0,5.6,81.0,4.5,1,1,0,0,0,0,1,8,7.6
1,4,7.5,1,57,66,1,1,1,35.2,25.6,2.1,63.0,3.7,0,1,0,0,0,0,1,3,2.8
1,7,8.1,0,56,68,0,1,0,49.1,33.4,3.0,65.6,3.0,0,0,1,1,0,1,0,6,7.1
1,1,8.3,0,74,80,2,3,2,70.4,66.9,7.0,87.0,4.8,1,1,0,0,0,1,0,6,8.0
1,4,7.5,0,55,71,1,2,2,39.4,28.6,5.6,72.0,3.9,1,1,0,0,0,0,1,5,4.8
0,1,6.5,1,85,71,1,1,1,20.0,16.6,2.5,79.0,4.2,0,0,0,0,0,0,2,8,2.4
0,0,8.6,0,77,83,0,3,2,60.4,49.3,7.2,90.0,4.8,1,1,2,2,1,1,0,4,7.6
0,3,8.1,0,65,75,1,3,2,66.4,43.5,6.6,70.0,4.7,0,1,2,2,1,0,1,6,6.7
0,0,7.7,0,75,70,1,1,0,46.0,35.1,4.0,71.0,4.1,1,1,0,0,0,0,0,1,5.6
1,0,7.8,0,60,87,2,3,2,53.3,57.6,8.3,90.0,3.9,1,1,0,0,0,1,1,8,7.2
0,0,8.9,0,75,84,2,3,2,82.5,68.3,7.6,85.0,4.6,1,1,2,2,1,1,2,9,9.3
0,0,8.5,0,82,87,2,3,2,68.5,41.3,8.2,90.0,4.8,1,1,2,2,1,0,2,0,6.4
1,2,7.8,0,57,69,2,2,2,50.0,36.8,2.9,77.0,4.2,1,0,0,0,0,0,2,5,4.9
0,0,7.3,0,55,65,1,1,1,32.4,40.2,0.1,62.0,4.0,0,1,0,0,0,0,2,0,4.5
0,11,7.3,0,76,79,0,3,1,36.4,24.0,6.3,83.9,4.7,1,0,0,0,0,1,0,7,4.5
0,4,8.0,0,77,83,2,3,2,57.8,46.8,7.0,71.0,4.1,1,1,0,0,0,1,1,6,7.6
0,4,8.1,0,79,84,2,3,2,67.2,51.9,6.3,90.0,4.6,1,1,3,2,1,1,1,7,6.7
1,10,6.9,1,65,62,0,1,1,20.0,29.0,1.8,74.0,3.5,0,0,0,1,0,0,2,8,2.9
0,4,7.8,1,65,73,1,1,1,35.9,27.2,2.1,67.0,4.3,0,0,0,0,0,1,2,0,6.1
0,8,8.0,0,56,87,0,1,1,34.9,48.3,6.3,76.7,4.6,1,1,1,1,1,1,0,1,6.4
1,3,6.5,0,65,72,1,1,0,20.0,18.3,2.2,70.0,4.1,0,0,0,0,0,0,0,7,2.0
1,4,6.5,1,75,82,1,2,1,20.0,23.1,7.0,81.0,3.9,0,1,0,0,0,0,1,1,2.3
1,2,6.5,1,55,68,1,2,1,20.0,29.2,6.2,69.0,4.1,1,0,0,0,0,0,2,8,3.1
1,2,7.5,0,61,71,1,2,0,43.5,40.0,6.5,78.0,4.4,1,1,0,0,0,1,0,0,6.7
1,7,6.5,1,73,67,1,1,1,23.1,20.8,3.3,87.1,4.5,1,1,2,3,1,0,1,6,2.8
1,6,7.4,0,84,64,1,3,0,51.0,19.3,7.8,72.6,4.4,0,1,4,0,1,1,1,3,5.6
1,2,7.7,0,80,83,1,3,0,58.8,43.2,7.5,89.0,4.6,1,1,2,2,1,1,1,0,6.7
1,8,6.5,1,55,65,0,1,2,21.0,17.2,5.8,67.6,3.7,0,1,1,0,0,0,1,0,2.7
0,5,7.7,0,58,80,1,1,2,41.0,40.0,3.3,86.0,4.2,1,1,0,0,0,0,0,8,5.8
1,6,8.0,0,79,68,0,3,0,62.0,55.4,7.8,89.0,4.3,1,1,0,0,0,1,2,9,7.3
1,2,8.6,0,89,86,2,3,2,75.7,63.2,5.9,90.0,4.8,1,1,3,1,1,0,0,4,8.1
0,0,7.6,0,86,65,1,2,1,40.7,38.6,6.2,82.0,4.7,1,1,0,0,0,0,2,1,5.8
1,10,8.3,1,61,69,0,3,0,48.6,45.2,2.5,84.6,4.7,0,1,0,0,0,1,0,8,6.7
0,2,7.8,0,87,83,1,3,1,61.6,49.9,7.0,85.0,4.5,1,1,3,2,1,1,1,8,7.5
1,5,8.4,0,79,84,0,3,0,52.9,46.0,7.2,77.0,4.6,1,1,1,3,1,1,1,8,8.1
1,6,7.7,0,55,71,1,3,1,47.3,30.8,6.6,81.2,4.3,0,0,1,0,0,1,1,0,5.5
1,2,8.4,0,70,82,2,3,2,76.9,60.9,7.9,90.0,4.8,1,1,3,2,1,1,1,8,7.6
1,1,7.6,0,80,66,1,2,1,42.1,44.1,3.7,80.0,3.9,0,1,0,0,0,1,1,1,5.3
0,2,7.9,0,84,85,1,3,2,43.7,40.5,7.2,88.0,4.6,1,1,3,2,1,0,0,8,5.3
0,10,7.5,0,70,81,0,3,1,44.0,35.1,7.5,78.1,4.4,1,1,1,2,1,1,1,9,4.8
0,6,7.7,1,57,70,1,1,0,35.5,32.0,0.7,72.7,4.7,0,1,1,0,0,0,2,9,5.8
0,7,7.8,1,62,69,0,1,0,43.7,39.5,2.7,73.4,3.8,1,0,1,1,0,1,1,5,5.3
1,2,8.6,0,74,87,1,3,2,81.6,64.2,6.4,90.0,4.8,1,1,2,2,1,1,1,8,8.2
1,4,8.6,0,71,88,2,3,2,78.0,49.6,7.3,90.0,4.8,1,1,4,1,1,1,1,0,7.6
1,0,7.8,0,87,84,2,3,2,68.0,68.6,7.7,90.0,4.8,1,1,2,2,1,1,1,8,8.6
1,2,7.7,0,65,64,0,1,1,29.6,11.5,4.1,67.0,3.4,0,0,0,0,0,0,2,0,5.0
1,0,7.6,1,59,65,0,2,0,33.7,24.7,2.4,68.0,4.6,0,0,0,0,0,0,1,0,4.7
0,5,8.5,0,83,83,1,3,2,71.2,60.3,7.7,88.0,4.8,1,1,0,0,0,1,2,8,8.7
1,5,7.2,0,72,83,0,1,0,27.7,30.1,2.3,73.0,4.1,1,1,1,3,1,1,2,9,3.5
1,11,7.0,2,71,72,1,3,1,43.6,23.2,5.2,82.2,4.6,0,1,0,0,0,0,1,6,5.4
0,7,8.2,1,60,61,0,1,1,47.9,40.1,3.2,77.2,3.7,0,1,2,2,1,0,1,0,4.8
0,7,8.3,0,55,71,1,2,1,61.3,64.3,3.0,74.7,4.7,0,1,1,0,0,0,1,7,8.8
1,5,8.0,0,71,83,0,3,2,53.7,53.2,7.8,90.0,4.8,1,1,2,2,1,1,2,4,7.4
1,10,8.5,0,70,70,0,1,1,45.5,38.1,3.1,79.1,3.5,0,1,1,3,1,0,0,8,5.3
1,0,8.5,0,76,85,1,3,2,72.8,79.9,8.2,90.0,4.8,1,1,3,2,1,1,1,5,8.7
0,3,8.2,0,55,71,1,2,1,56.6,45.1,4.0,70.0,3.9,0,1,0,0,0,1,0,0,7.2
1,7,7.4,0,73,83,0,2,3,39.1,42.3,7.4,79.8,3.7,1,1,0,0,0,0,2,6,5.2
0,1,8.3,0,79,88,1,3,2,62.9,44.1,7.0,84.0,4.4,1,1,1,3,1,0,2,8,6.8
0,1,8.2,0,71,82,1,3,2,63.0,42.5,6.7,79.0,4.8,1,1,4,1,1,1,0,8,8.0
0,0,7.7,0,81,83,1,1,2,48.3,37.4,3.9,80.0,4.5,1,1,0,0,0,0,1,1,5.3
1,8,8.6,0,74,85,1,3,2,75.8,68.6,6.5,85.6,4.1,1,1,2,2,1,1,2,1,9.3
0,0,8.7,0,74,86,0,3,2,59.9,53.0,7.0,88.0,4.7,1,1,3,1,1,1,2,4,7.2
0,3,8.0,0,87,86,2,3,1,68.2,62.2,5.6,87.0,4.7,1,1,2,2,1,1,0,8,6.7
0,11,7.2,0,55,62,1,1,1,37.8,31.7,2.4,83.0,3.9,0,0,0,0,0,0,1,7,4.8
0,3,8.2,0,88,82,2,3,2,66.0,59.5,7.7,90.0,4.8,1,1,2,2,1,1,1,7,6.4
1,0,8.6,0,71,87,1,3,2,71.5,56.6,6.5,90.0,4.8,1,1,3,2,1,1,1,0,7.9
1,4,7.4,1,56,83,1,3,1,47.0,30.9,7.4,82.0,4.4,1,0,0,0,0,1,0,3,5.4
0,2,7.3,1,55,64,1,2,0,45.8,30.5,6.5,80.0,4.5,1,1,1,3,1,0,1,8,4.5
0,5,7.9,0,79,88,0,3,2,53.5,50.6,6.3,90.0,4.6,1,1,2,2,1,0,2,9,5.3
0,0,8.0,0,81,88,2,3,2,67.2,55.7,7.8,90.0,4.6,1,1,4,1,1,1,1,6,6.5
1,3,7.8,2,55,69,1,1,1,33.6,36.4,1.9,66.0,3.4,0,0,3,1,1,1,0,7,4.0
0,8,7.8,0,72,87,2,1,2,51.0,42.3,4.3,79.0,4.5,1,0,0,0,0,1,1,7,6.2
1,2,6.7,1,56,64,1,1,0,20.0,16.6,2.2,75.0,4.2,0,0,0,0,0,0,0,0,2.8
0,10,7.7,0,55,71,1,1,1,37.6,37.8,0.0,73.8,4.7,0,0,1,0,0,0,1,4,6.1
1,6,7.8,1,63,61,0,1,1,40.4,47.5,2.0,80.3,4.7,0,1,2,2,1,0,1,5,4.9
1,2,6.5,2,71,65,0,1,0,20.0,22.0,2.4,71.0,3.7,0,1,0,0,0,0,0,9,2.1
1,4,6.5,2,79,86,1,3,2,23.2,6.3,6.0,85.0,3.7,1,1,1,3,1,0,0,0,2.0
1,2,7.4,0,55,69,1,1,1,31.5,24.9,0.4,61.0,4.1,0,1,0,0,0,0,2,1,5.2
1,4,8.2,0,83,77,2,3,2,80.6,69.3,8.2,90.0,4.2,1,1,2,2,1,1,2,5,8.3
1,2,7.7,0,57,74,1,1,1,35.1,21.2,2.0,74.0,3.7,0,1,0,0,0,0,0,0,4.7
1,8,7.7,0,89,84,0,2,3,47.3,37.2,5.7,74.6,4.0,1,1,0,0,0,1,1,9,5.0
0,0,7.8,0,55,66,1,2,0,46.5,42.8,4.2,80.0,4.7,1,1,0,0,0,0,0,5,7.4
1,5,8.0,0,75,69,0,2,0,51.7,40.9,4.3,85.0,3.8,1,1,0,0,0,1,2,5,6.2
0,10,7.9,0,76,67,0,0,1,26.9,28.6,2.4,81.7,4.4,1,1,0,0,0,0,2,8,5.0
1,4,8.0,0,78,85,1,3,2,51.9,49.8,7.5,78.0,4.2,1,0,0,0,0,0,1,2,5.7
1,2,7.0,0,58,58,1,1,0,20.0,19.8,1.9,65.0,4.6,1,1,0,0,0,0,1,7,3.2
1,4,8.6,0,72,86,1,1,3,60.9,67.9,1.2,81.0,4.7,0,1,2,2,1,0,1,9,8.6
1,3,7.6,0,58,68,1,2,0,39.0,33.5,5.9,82.0,3.9,0,0,0,0,0,1,0,6,4.9
1,10,7.5,0,67,63,1,2,1,23.8,18.0,5.3,86.0,4.3,0,1,0,0,0,0,1,8,4.4
1,10,6.9,0,65,62,2,2,0,20.0,26.2,1.7,73.8,3.5,0,0,1,1,0,0,0,1,4.9
0,7,7.4,0,58,67,0,2,2,41.4,28.9,5.2,82.6,4.7,1,1,0,0,0,0,1,8,3.8
0,0,8.4,0,81,87,2,3,1,69.0,59.7,6.7,84.0,4.3,1,1,0,0,0,1,1,0,10.0
1,9,7.7,0,62,69,0,2,1,29.8,31.1,5.3,71.1,3.7,1,1,1,1,0,0,0,7,5.8
1,4,7.6,0,55,61,0,1,0,28.4,23.0,2.3,72.0,3.6,0,0,0,0,0,0,1,6,3.8
0,8,8.2,1,77,82,1,3,3,61.5,35.2,7.6,90.0,4.5,1,1,3,3,1,1,2,8,6.2
1,5,6.7,1,57,65,1,1,1,20.0,41.8,2.2,68.0,4.8,1,0,0,0,0,0,1,3,2.4
0,8,8.3,1,80,74,1,1,0,41.2,31.9,3.4,80.9,3.7,0,1,1,0,0,1,1,9,6.0
0,11,8.3,0,74,88,1,2,0,71.7,57.5,7.3,82.3,4.6,1,1,0,0,0,0,2,1,9.3
1,5,7.3,0,77,74,1,2,2,38.2,12.1,5.7,75.0,4.6,1,1,1,3,1,0,0,8,3.4
1,3,8.4,0,84,87,2,3,1,82.4,63.9,6.7,84.0,4.5,1,1,3,2,1,1,1,8,9.1
1,11,8.4,1,73,82,2,3,2,69.8,60.1,6.5,81.7,4.6,1,1,1,2,1,1,1,8,7.2
0,6,7.4,0,59,64,1,3,1,54.2,37.4,6.0,84.5,3.9,0,1,0,0,0,0,0,0,4.9
1,7,8.3,0,68,86,2,1,2,67.0,52.6,3.5,87.5,4.8,1,1,3,2,1,1,2,5,8.2
0,6,8.2,0,70,72,2,3,2,59.0,42.8,4.7,85.5,4.8,0,1,2,2,1,1,1,2,7.9
0,9,6.5,1,58,68,1,3,0,20.6,19.8,7.1,70.3,4.2,0,1,1,0,0,1,1,8,2.0
1,4,8.2,0,82,88,2,3,2,65.7,53.8,6.5,90.0,4.8,1,1,2,2,1,1,0,5,6.9
0,5,6.5,0,55,80,0,1,0,20.0,13.3,3.1,83.0,4.1,1,1,0,0,0,0,2,8,2.0
1,10,6.6,0,65,66,2,2,2,27.3,39.4,6.2,80.5,4.1,0,1,0,0,0,0,2,4,4.9
1,1,7.4,0,76,68,0,1,2,20.0,31.3,1.5,90.0,4.5,1,1,2,2,1,1,0,8,3.5
1,3,6.5,1,59,65,1,1,0,20.0,12.5,2.7,85.0,4.6,0,1,0,0,0,0,1,7,2.9
0,1,7.9,0,70,86,1,3,2,52.9,37.9,6.1,82.0,4.4,1,1,0,0,0,1,0,8,5.7
1,3,7.7,0,80,82,2,3,2,62.6,39.3,6.4,87.0,4.8,1,1,3,1,1,1,2,1,5.8
0,4,7.7,0,80,78,1,3,0,58.1,42.8,7.3,90.0,4.3,1,1,3,2,1,0,1,5,5.8
1,3,6.6,0,65,65,0,1,0,20.0,18.2,2.2,68.0,3.8,0,0,0,0,0,0,0,6,2.8
1,9,7.5,0,66,67,0,2,2,50.1,38.7,7.0,77.5,4.7,1,1,3,2,1,1,1,8,3.9
1,5,8.1,0,78,86,2,3,0,67.0,56.8,6.8,90.0,4.4,0,1,2,2,1,1,2,8,7.3
1,11,8.2,1,79,85,1,2,3,61.5,58.4,6.6,89.5,4.8,1,0,3,2,1,0,1,8,8.5
1,5,7.5,0,76,59,2,1,1,30.3,24.1,0.7,82.0,4.7,0,1,4,1,1,0,0,8,4.1
1,6,7.4,0,55,67,1,1,1,30.0,18.1,3.4,80.8,4.4,1,0,2,3,1,1,2,0,3.7
1,1,7.5,0,61,63,2,1,0,38.5,46.5,2.3,84.0,3.8,0,0,2,2,1,1,0,8,5.1
1,11,7.1,0,55,71,1,1,0,46.3,34.4,4.5,70.2,3.6,1,1,0,1,0,0,1,2,3.9
1,0,8.4,0,77,88,0,2,3,54.4,42.8,3.6,82.0,4.4,1,1,3,1,1,0,1,1,6.6
1,8,8.4,0,78,70,2,1,2,39.9,29.3,3.2,87.8,4.1,0,0,0,0,0,0,0,8,7.5
1,0,7.7,1,79,85,1,1,1,37.1,29.4,3.5,69.0,4.0,1,1,0,0,0,0,0,2,4.6
1,1,7.7,0,61,84,2,3,2,55.6,49.4,5.7,86.0,4.6,1,1,1,3,1,0,0,8,6.1
0,5,8.3,0,62,73,1,1,0,43.7,40.6,2.7,89.0,3.9,0,1,3,1,1,0,0,3,6.0
1,3,6.5,2,74,59,2,1,2,20.0,29.0,3.5,73.0,4.2,0,0,0,0,0,0,1,1,3.2
0,6,8.0,0,75,88,2,3,2,69.7,53.1,7.4,90.0,4.8,1,1,3,3,1,1,2,3,9.0
1,0,8.2,0,78,83,1,3,2,60.2,53.6,6.0,90.0,4.8,1,1,3,2,1,1,0,3,6.3
1,7,6.5,2,84,88,1,1,1,24.8,16.5,5.4,89.0,4.3,1,1,1,1,1,1,2,8,2.0
1,3,6.5,0,55,72,1,1,0,20.0,11.3,1.4,85.0,3.6,0,0,0,0,0,0,1,6,2.6
1,3,6.8,1,55,60,0,1,1,20.0,16.2,0.6,70.0,3.0,0,0,0,0,0,0,0,8,3.7
1,6,8.3,0,69,87,0,3,3,54.1,48.0,7.5,82.0,4.4,1,0,3,1,1,0,1,2,7.4
1,2,8.6,0,78,85,1,3,2,76.9,63.2,7.5,90.0,4.8,1,1,4,1,1,1,1,0,9.7
0,0,8.2,0,85,84,1,3,2,61.3,52.0,5.4,90.0,4.8,1,1,3,1,1,1,1,6,7.2
0,11,6.5,2,64,61,0,0,0,21.9,32.8,0.3,70.4,3.6,0,0,0,1,0,0,1,8,4.1
1,2,8.3,0,81,66,2,3,1,80.1,74.6,6.2,83.0,4.1,1,1,0,0,0,1,1,0,8.5
0,11,8.2,1,73,85,2,3,3,74.1,62.5,6.2,87.9,4.8,1,1,4,2,1,1,2,3,9.0
1,11,7.5,1,55,67,1,3,0,37.1,35.0,4.3,66.9,3.3,0,0,1,0,0,0,0,5,5.7
1,0,7.6,1,77,86,1,2,0,43.4,34.4,5.3,90.0,4.8,1,1,2,2,1,1,2,2,4.4
1,2,8.1,1,88,87,0,3,2,53.8,42.5,5.5,73.0,4.2,1,1,2,2,1,0,1,8,5.7
1,1,8.5,0,75,85,2,3,2,75.4,67.3,5.0,88.0,4.8,1,1,2,2,1,1,0,1,8.3
1,0,8.7,1,79,85,2,3,2,62.6,50.2,7.9,81.0,4.6,1,1,2,3,1,1,1,8,8.3
1,4,6.5,1,64,70,0,1,3,20.0,17.6,3.7,76.0,4.4,1,0,0,0,0,0,2,0,3.1
1,6,8.3,0,75,85,0,2,2,58.0,56.8,5.4,76.8,4.1,1,1,1,2,1,1,2,6,7.1
1,0,8.3,0,68,82,1,3,2,56.2,52.4,7.2,90.0,4.5,1,1,2,3,1,0,2,0,7.8
1,6,8.5,0,85,83,1,1,3,66.3,57.2,4.3,86.2,4.7,1,1,1,2,1,0,2,2,7.7
1,3,7.4,2,74,71,1,1,3,28.1,23.1,3.2,85.0,4.0,1,1,0,0,0,1,1,6,3.3
1,2,6.5,0,57,66,0,3,1,26.6,33.0,7.7,82.0,4.6,0,0,0,0,0,0,2,8,4.0
0,7,7.3,1,56,71,0,2,1,36.5,29.0,3.5,82.7,4.6,0,1,0,0,0,0,2,1,5.2
1,8,7.1,1,78,61,1,2,2,20.0,21.8,3.3,73.2,4.2,1,0,0,0,0,0,2,1,3.0
1,7,8.2,0,83,64,0,0,0,54.6,50.0,0.0,71.6,4.0,0,1,1,0,0,0,1,1,7.5
0,0,8.2,0,85,83,2,3,2,67.3,65.2,8.0,90.0,4.8,1,1,3,2,1,1,2,7,9.2
0,7,8.4,1,71,85,1,3,0,77.7,75.6,6.1,90.0,4.7,1,1,1,3,1,1,0,8,9.2
1,2,7.7,0,85,71,1,1,0,36.0,41.8,1.2,79.0,4.3,1,1,0,0,0,0,2,4,6.9
1,10,6.7,0,58,66,0,3,0,25.6,31.3,6.1,72.3,4.3,1,0,1,1,0,0,2,5,3.5
0,7,8.1,0,70,88,2,2,3,75.7,59.9,4.9,90.0,4.8,1,1,1,3,1,0,1,0,8.8
1,10,8.1,1,71,73,1,0,2,50.1,43.6,2.3,82.7,4.4,1,0,0,1,0,0,0,8,8.7
1,0,7.5,1,59,87,1,3,0,46.7,29.3,6.4,83.0,4.7,1,1,2,2,1,0,0,8,4.5
0,11,8.1,1,78,74,1,2,0,50.0,43.8,5.8,85.7,4.3,1,1,4,1,1,1,2,8,5.2
0,10,7.4,2,55,75,1,3,1,41.8,48.4,4.5,65.4,4.4,0,0,0,1,0,0,2,9,6.8
0,0,6.9,0,73,82,2,3,3,48.2,37.0,6.5,86.0,4.8,1,1,2,2,1,0,2,4,3.3
1,2,6.8,1,55,67,0,1,0,20.0,12.7,3.1,63.0,3.6,0,0,0,0,0,1,2,7,2.9
1,4,7.3,0,55,70,0,3,0,41.2,26.8,6.1,70.0,4.3,0,0,2,3,1,1,1,0,4.6
0,3,7.0,1,55,62,0,2,1,20.0,25.1,3.9,64.0,4.7,0,1,0,0,0,0,2,6,2.6
0,4,7.1,0,76,86,2,3,2,40.9,45.5,7.7,88.0,4.7,1,1,2,3,1,1,0,3,4.3
1,0,8.6,0,82,87,2,3,2,74.9,56.3,8.5,90.0,4.8,1,1,3,1,1,1,0,9,9.1
1,2,8.0,0,73,87,2,3,2,63.7,54.7,7.0,90.0,4.2,1,1,2,3,1,1,1,7,8.1
0,0,8.4,0,55,72,1,1,1,48.7,59.8,1.4,74.0,3.7,0,1,2,2,1,0,1,2,6.3
0,2,8.3,0,79,87,1,3,2,69.3,53.9,6.3,90.0,4.8,0,1,1,3,1,1,1,1,9.3
0,0,8.6,0,90,88,2,3,2,77.1,63.8,8.1,90.0,4.8,1,1,2,2,1,1,2,5,8.3
0,4,7.9,0,71,77,1,3,1,51.6,47.4,6.5,67.0,4.4,1,0,0,0,0,0,0,8,8.0
1,0,7.8,0,78,83,2,3,0,59.5,50.8,6.3,90.0,4.8,1,1,3,2,1,0,2,0,7.0
1,4,8.5,0,70,86,1,3,0,73.5,56.4,3.9,86.0,4.8,1,1,4,1,1,0,0,0,9.2
1,5,7.0,0,55,68,1,2,0,31.7,42.5,3.8,69.0,4.3,0,1,0,0,0,0,2,2,5.8
1,0,6.5,0,62,66,1,1,0,20.0,10.9,2.1,68.0,4.8,0,1,0,0,0,0,0,1,2.0
1,9,6.5,0,58,71,1,1,1,24.1,14.6,0.8,74.3,4.2,0,1,0,0,0,0,2,8,2.3
1,7,8.6,0,68,86,2,2,3,84.8,55.8,6.6,89.8,4.4,1,1,2,1,1,1,1,2,8.6
1,1,7.1,0,62,60,1,3,1,41.4,30.9,7.2,77.0,4.2,1,1,0,0,0,1,1,8,5.3
1,8,7.4,0,65,65,2,1,0,32.9,16.1,2.1,64.7,3.7,0,0,0,0,0,0,0,8,3.5
1,5,8.0,0,80,74,0,1,0,37.8,23.2,3.9,79.0,3.4,0,1,0,0,0,0,0,8,5.4
0,2,7.4,0,79,62,2,3,0,46.2,37.1,4.5,80.0,4.0,0,1,0,0,0,0,1,6,6.0
1,9,6.6,0,64,68,1,1,1,20.0,30.6,1.1,80.5,3.8,0,1,0,0,0,0,0,9,3.3
1,0,8.3,0,74,80,2,3,2,70.8,52.5,6.3,79.0,4.4,1,1,3,1,1,1,0,4,7.7
1,2,8.1,0,70,62,1,1,0,47.1,53.1,2.3,76.0,3.4,0,1,2,2,1,0,2,7,6.8
0,10,8.0,0,78,83,0,2,0,47.3,40.7,5.5,83.8,4.4,1,1,0,1,0,1,0,8,6.6
1,2,8.3,0,79,81,1,1,2,47.7,31.4,3.2,90.0,4.5,1,1,2,3,1,0,1,8,6.2
1,2,6.8,0,59,69,1,1,0,20.0,20.4,3.1,67.0,4.7,1,1,2,2,1,0,1,5,3.2
1,10,8.4,1,82,78,2,3,3,69.8,67.6,8.4,84.2,4.8,1,0,0,0,0,1,1,8,9.1
0,5,7.7,0,81,83,2,3,0,52.7,37.7,6.2,81.0,4.8,1,1,0,0,0,0,1,8,6.3
1,2,8.4,0,87,83,1,3,2,65.8,57.0,7.5,90.0,4.8,1,1,3,2,1,1,1,8,8.7
1,4,6.5,0,80,69,1,2,0,22.0,33.4,4.5,69.0,4.7,0,1,0,0,0,0,1,3,4.0
1,2,6.7,0,67,73,0,3,2,31.3,32.9,8.0,86.0,4.8,1,1,3,2,1,0,1,6,3.9
0,0,6.6,1,55,66,1,1,1,20.0,22.4,2.3,81.0,4.0,0,0,0,0,0,0,1,7,3.2
1,2,7.3,0,60,71,1,1,2,33.2,33.0,1.4,79.0,4.4,0,1,0,0,0,0,0,8,4.7
0,4,8.3,0,76,85,0,3,2,59.0,44.7,7.1,90.0,4.7,1,1,4,1,1,1,2,6,8.0
1,5,7.6,1,83,72,1,3,2,60.5,53.9,6.8,89.0,4.8,1,1,2,2,1,1,1,8,6.7
1,6,6.5,1,56,85,1,1,0,29.8,31.8,2.9,79.8,3.8,0,0,1,0,0,1,2,6,4.5
1,4,7.4,0,60,64,1,1,0,40.1,42.1,1.4,75.0,4.3,0,0,0,0,0,1,1,1,5.8
1,6,8.3,1,75,73,1,2,1,58.2,38.9,5.4,90.0,4.5,1,1,1,0,0,1,1,2,6.9
1,6,8.1,0,69,68,0,1,2,48.9,34.5,0.9,78.2,4.3,0,0,0,0,0,0,1,7,6.6
0,2,7.6,2,71,85,2,3,0,49.6,39.2,4.1,76.0,4.8,1,1,0,0,0,0,2,8,7.1
0,6,8.5,0,72,69,2,3,3,75.5,59.2,7.8,81.1,4.8,0,0,0,0,0,1,1,7,9.1
1,7,8.5,0,85,85,2,3,3,75.8,65.6,6.8,90.0,4.6,1,1,3,1,1,1,1,1,8.1
0,0,6.5,0,61,63,1,2,0,20.0,8.8,2.8,65.0,4.0,0,0,0,0,0,0,2,9,2.1
0,10,7.8,0,55,63,1,0,0,53.0,36.1,1.4,75.6,4.1,0,1,1,1,0,0,1,8,6.8
1,4,7.6,0,75,60,1,1,1,38.1,38.2,3.7,84.0,3.3,1,1,3,2,1,0,1,8,4.4
1,6,6.6,0,70,84,0,0,1,24.4,23.6,2.2,80.9,4.2,1,0,2,2,1,0,1,4,2.2
1,4,8.5,0,85,88,2,3,0,71.0,47.6,8.9,76.0,4.8,1,1,2,2,1,1,1,8,8.3
0,4,8.1,0,80,88,2,3,2,60.8,55.1,8.3,90.0,4.8,1,1,2,3,1,1,2,0,8.0
1,4,7.7,0,55,68,1,1,0,35.8,47.7,0.6,78.0,3.8,0,1,0,0,0,0,0,4,7.7
1,11,7.7,0,55,59,2,0,1,35.3,17.6,2.3,78.1,3.2,0,0,0,0,0,0,0,8,5.7
1,3,7.7,0,82,87,2,3,2,59.6,46.4,8.6,89.0,4.8,1,1,3,1,1,1,0,5,7.0
1,9,8.1,0,64,69,0,1,0,45.8,56.6,1.1,69.5,4.8,0,0,0,0,0,1,2,4,8.0
0,4,8.1,0,55,67,1,2,0,59.1,38.3,4.6,79.0,4.3,0,1,0,0,0,0,1,0,7.7
0,1,7.0,0,68,74,1,2,0,30.5,20.1,4.8,72.0,4.6,1,1,2,3,1,0,1,8,2.6
1,0,8.2,0,83,88,2,3,2,71.1,54.1,8.5,90.0,4.6,1,1,4,1,1,1,2,4,8.9
1,1,7.4,0,65,65,1,1,1,27.5,30.9,1.8,63.0,3.6,0,0,0,0,0,0,1,8,4.9
1,4,6.9,0,55,65,1,1,1,20.0,16.7,4.3,76.0,4.4,0,0,0,0,0,1,2,3,3.1
0,0,8.8,0,77,85,0,3,1,67.3,59.8,6.5,90.0,4.8,1,1,3,2,1,0,2,7,8.9
0,5,7.6,0,59,60,1,1,3,32.7,51.3,2.7,76.0,3.8,0,1,0,0,0,0,1,4,5.3
1,2,8.3,0,81,81,2,3,2,69.1,56.6,5.5,84.0,4.3,1,1,0,0,0,1,2,7,7.7
1,0,7.7,0,81,79,1,3,2,46.5,48.7,6.4,90.0,4.6,0,1,3,2,1,0,2,5,4.7
0,0,6.5,0,69,83,2,3,2,31.6,25.2,7.4,84.0,4.6,1,1,0,0,0,0,0,5,3.5
0,10,8.7,0,67,81,1,1,3,54.0,47.6,3.0,82.5,3.6,1,1,0,0,0,0,0,8,7.4
0,6,6.7,0,57,70,0,1,2,24.6,17.2,2.5,72.3,3.8,1,0,0,0,0,0,2,1,3.1
0,4,8.3,0,55,80,0,3,1,60.5,44.5,7.6,88.0,4.1,1,1,0,0,0,1,1,7,6.2
1,1,6.5,0,55,72,0,2,1,20.0,15.3,2.3,71.0,3.8,0,1,0,0,0,0,1,7,2.0
1,2,6.5,1,59,64,1,1,1,20.0,14.1,1.7,79.0,4.7,0,1,0,0,0,0,0,0,4.0
1,3,6.5,1,56,71,1,2,0,22.3,17.4,3.4,69.0,3.4,0,0,0,0,0,0,2,6,2.1
1,1,6.5,0,58,76,1,1,1,20.0,17.7,0.9,83.0,4.2,0,0,0,0,0,0,2,8,3.0
0,3,8.8,0,70,83,1,1,0,65.4,47.8,3.4,69.0,4.7,1,1,0,0,0,1,2,1,6.7
0,6,7.8,0,67,72,0,2,0,46.0,50.6,7.5,79.2,4.0,1,1,0,0,0,1,1,9,5.8
1,1,7.5,0,85,85,1,3,3,47.1,26.6,7.4,89.0,4.4,1,1,2,2,1,1,2,8,5.0
1,3,8.2,0,72,85,1,3,2,60.7,56.0,6.4,90.0,4.8,1,1,1,3,1,1,1,9,6.7
1,4,8.2,0,74,87,2,3,2,65.0,55.6,6.3,89.0,4.8,1,1,3,2,1,1,1,0,7.5
1,7,7.7,0,66,82,0,0,1,41.5,37.2,1.5,85.5,4.6,1,1,0,0,0,0,1,6,6.1
1,8,6.6,1,55,70,1,0,0,20.0,19.6,2.8,77.7,3.9,0,0,0,0,0,1,1,8,2.6
0,4,6.7,0,74,66,1,1,0,20.0,25.4,2.5,74.0,3.9,1,1,0,0,0,0,1,9,3.5
1,0,7.6,0,55,68,1,1,0,37.6,35.6,2.4,81.0,4.1,0,1,0,0,0,0,0,0,7.3
1,10,6.6,0,63,67,2,2,1,20.0,21.5,1.0,76.1,4.2,0,1,1,1,0,0,1,5,3.6
1,6,7.6,0,62,69,0,1,0,26.2,26.2,4.1,81.4,4.0,0,1,0,0,0,1,1,7,3.7
1,9,7.7,0,83,83,2,3,2,53.7,39.4,6.6,74.0,4.4,1,0,2,3,1,1,0,1,5.5
1,6,8.5,0,74,67,0,2,0,45.5,38.3,4.1,74.3,4.3,1,1,0,0,0,0,1,7,5.7
1,6,7.9,1,57,66,1,3,1,49.1,63.1,4.8,77.5,4.1,1,1,0,1,0,0,1,0,6.6
1,2,6.5,1,55,70,0,3,0,26.4,30.8,6.7,85.0,4.3,0,0,0,0,0,0,0,8,4.1
1,6,7.1,0,65,64,2,3,0,36.4,29.4,5.4,82.2,4.4,1,1,3,2,1,1,2,7,4.8
0,4,8.7,0,79,85,0,3,2,65.4,61.0,7.6,90.0,4.8,1,1,1,3,1,0,1,9,8.0
1,9,8.6,0,78,83,2,3,0,78.8,56.3,7.4,82.2,4.8,1,1,3,3,1,0,2,7,8.6
0,0,7.5,0,82,69,1,3,0,43.1,42.2,6.9,84.0,4.2,1,1,2,2,1,0,2,3,4.2
1,7,8.0,0,83,62,0,2,0,45.1,45.4,3.8,79.7,3.8,1,1,0,0,0,0,1,7,5.5
1,3,8.2,0,71,83,1,3,2,56.1,54.8,6.8,85.0,4.6,1,1,4,1,1,1,1,8,6.4
1,0,7.8,0,57,63,0,2,0,35.3,39.7,4.7,79.0,4.1,0,1,0,0,0,0,0,3,5.7
1,0,6.5,0,76,88,0,1,0,20.0,42.9,3.8,88.0,4.3,1,1,2,2,1,0,2,5,3.3
1,9,7.2,1,55,76,0,1,2,20.0,15.8,3.5,79.2,4.3,0,0,0,0,0,1,0,9,3.8
0,7,8.1,0,56,79,1,3,1,59.7,58.3,3.1,69.3,4.1,0,1,0,0,0,0,2,8,8.3
1,1,7.0,0,71,72,0,1,0,22.8,29.0,1.4,69.0,4.4,1,1,2,3,1,0,2,8,3.6
1,7,7.5,0,80,71,1,2,1,36.3,12.2,5.4,89.7,3.9,1,1,0,1,0,0,0,1,4.8
1,4,6.8,1,61,68,1,1,0,25.3,14.4,2.5,74.0,4.3,0,1,0,0,0,0,1,5,3.0
1,3,7.8,0,70,66,0,3,0,49.6,34.6,6.6,70.0,4.6,1,1,4,1,1,1,1,8,5.6
0,2,6.9,0,59,61,2,1,0,34.0,25.0,3.6,67.0,4.0,1,0,0,0,0,0,1,7,4.5
0,3,7.6,0,66,84,1,3,0,46.2,52.3,7.3,87.0,3.9,0,1,0,0,0,1,0,3,6.4
1,8,8.5,0,76,88,2,3,0,68.2,68.2,8.6,85.6,3.6,1,1,3,1,1,1,2,9,7.4
1,3,7.5,1,72,64,1,2,1,41.1,24.5,6.4,73.0,4.2,1,1,0,0,0,1,0,8,5.0
1,11,7.5,0,73,65,1,1,1,33.1,28.4,0.8,63.8,4.0,0,0,0,0,0,0,2,6,5.7
1,1,7.9,0,77,61,2,3,3,62.9,53.1,5.9,90.0,4.7,1,0,3,1,1,1,1,9,5.6
0,0,7.5,0,72,67,1,3,1,49.6,41.8,8.8,84.0,4.8,1,1,2,2,1,1,1,4,6.8
1,7,7.6,1,69,86,2,0,0,35.1,35.3,4.5,79.9,4.2,1,1,0,0,0,0,2,3,4.9
0,3,7.5,0,62,62,2,1,1,38.5,23.4,2.0,75.0,4.8,0,0,0,0,0,1,2,8,3.6
1,7,6.5,0,65,60,0,3,2,23.5,25.6,6.0,77.6,4.5,1,0,1,0,0,0,1,3,2.3
0,3,7.6,1,55,63,0,2,0,44.3,55.8,3.7,79.0,3.8,0,1,0,0,0,1,1,6,5.5
1,0,7.6,0,55,83,2,1,0,32.0,17.0,3.6,84.0,4.4,1,0,0,0,0,0,1,6,3.7
0,0,8.5,0,82,85,2,3,2,72.4,59.1,7.6,90.0,4.5,1,1,3,1,1,1,1,9,7.8
0,7,6.7,0,74,66,1,1,0,22.8,26.2,2.1,77.2,3.9,1,1,0,1,0,0,2,9,2.0
0,11,6.8,1,60,81,0,2,1,23.2,20.4,1.7,75.8,4.2,0,0,0,0,0,0,0,4,3.2
1,4,7.2,0,82,74,1,1,0,27.2,19.7,3.0,82.0,4.0,0,1,1,3,1,0,1,2,3.2
1,0,8.7,0,80,84,0,3,0,77.1,60.6,7.9,85.0,4.8,1,1,2,2,1,1,2,4,9.2
1,2,7.6,0,62,85,1,2,1,39.8,32.5,5.2,74.0,4.0,1,1,0,0,0,1,1,7,6.0
1,7,7.6,0,55,59,0,0,1,37.2,29.4,2.4,86.8,4.3,0,1,0,0,0,0,2,6,5.1
1,8,7.5,1,56,66,0,1,0,26.0,25.7,2.9,72.0,3.7,0,1,0,0,0,0,0,8,4.4
1,9,6.5,1,61,77,0,1,1,20.0,32.7,1.9,85.1,4.2,0,1,2,1,1,1,0,0,3.0
1,2,8.0,2,83,63,1,1,0,37.4,38.5,2.9,73.0,4.2,0,0,0,0,0,0,1,6,7.2
1,4,6.7,2,59,69,1,2,0,25.7,24.6,5.7,67.0,3.9,0,0,0,0,0,0,1,1,2.7
1,10,6.6,1,55,70,0,2,1,20.8,25.0,3.4,72.1,4.1,0,0,0,0,0,0,2,8,2.8
1,1,7.5,0,55,62,1,2,0,46.8,32.4,1.7,69.0,3.5,0,0,0,0,0,0,1,0,3.4
0,0,7.8,0,67,88,1,3,2,57.5,42.8,9.3,87.0,4.8,1,1,3,2,1,1,0,5,5.4
1,10,8.5,1,81,88,2,3,2,64.8,49.3,7.6,90.0,4.8,1,1,4,2,1,1,1,8,8.0
1,7,7.7,0,59,80,1,1,1,41.6,32.1,4.4,90.0,4.3,0,0,1,0,0,1,1,3,4.8
0,0,8.4,0,71,66,2,2,0,63.6,53.5,6.0,83.0,4.8,1,0,2,3,1,1,1,4,8.4
0,5,7.5,0,69,61,1,1,1,40.4,19.3,3.1,66.0,4.4,0,0,0,0,0,0,0,4,4.6
1,5,7.4,1,65,67,1,2,0,45.6,35.0,5.5,80.0,4.3,0,1,0,0,0,0,1,8,4.4
1,8,6.6,1,62,68,0,1,0,20.0,5.7,2.7,79.0,4.2,0,0,0,0,0,1,2,2,3.1
0,0,7.2,0,84,82,1,3,0,38.2,31.1,7.6,68.0,4.4,0,0,0,0,0,0,1,4,4.4
1,0,8.6,0,59,70,1,2,2,60.2,37.9,3.7,64.0,4.0,0,0,0,0,0,0,1,3,8.1
0,6,6.9,1,79,81,2,1,2,27.4,16.9,3.8,90.0,4.7,1,1,1,3,1,0,1,1,2.2
0,9,7.1,0,63,84,2,3,0,44.6,59.4,6.8,75.2,4.2,1,1,1,0,0,0,2,1,5.8
0,2,8.6,0,62,74,0,3,2,72.6,71.0,7.4,78.0,4.2,1,0,0,0,0,1,0,1,8.3
1,4,6.9,0,71,86,1,3,2,33.2,44.3,6.4,87.0,4.8,1,1,1,3,1,0,1,3,3.8
1,3,8.4,0,77,66,0,3,0,67.4,58.1,7.4,83.0,4.0,1,0,0,0,0,0,1,8,7.8
0,8,6.8,0,59,69,1,3,2,21.2,35.8,3.3,76.2,3.8,0,1,0,1,0,1,0,8,4.4
0,1,7.6,0,55,61,1,1,0,38.1,30.0,0.2,73.0,3.1,0,1,0,0,0,0,1,8,5.0
1,4,8.3,0,81,88,0,3,0,60.5,37.5,6.5,90.0,4.6,1,1,3,2,1,1,1,0,7.8
1,10,6.7,2,56,68,0,1,0,22.3,11.0,4.7,74.4,3.9,0,1,0,2,1,0,2,8,2.0
1,0,8.2,0,76,88,1,2,3,56.8,47.7,6.2,86.0,3.9,1,1,3,2,1,1,1,9,6.1
1,4,7.5,1,65,80,1,2,2,34.0,38.5,4.9,80.0,4.3,1,1,3,2,1,1,2,0,5.6
1,9,6.5,0,60,73,0,0,1,20.0,12.6,1.8,67.0,4.0,0,1,0,0,0,1,1,7,2.9
1,7,7.9,0,60,68,2,1,0,36.0,31.5,2.3,77.0,3.8,0,0,0,0,0,0,0,3,7.8
0,0,7.7,0,75,86,2,3,0,67.2,55.6,6.8,90.0,4.6,1,1,0,0,0,1,1,6,7.9
1,0,7.6,0,55,73,1,3,0,50.5,39.4,5.6,75.0,4.0,0,1,0,0,0,1,0,5,8.3
1,7,7.1,0,76,65,2,2,1,27.9,15.3,2.6,72.5,4.0,1,1,0,0,0,0,2,3,3.6
1,7,7.6,1,55,64,2,2,1,42.4,34.0,3.5,69.0,3.9,0,0,0,0,0,0,0,6,4.7
0,2,8.0,0,75,88,2,3,2,61.8,50.6,6.8,90.0,4.8,1,1,2,2,1,0,2,6,6.4
1,5,8.2,0,73,73,1,2,2,52.0,34.4,5.8,86.0,4.2,1,1,0,0,0,0,0,0,7.0
0,1,7.4,0,66,87,1,1,1,21.8,26.1,2.9,73.0,4.2,1,0,0,0,0,0,1,8,3.3
1,0,8.2,0,75,64,1,1,1,38.3,36.5,2.9,80.0,4.3,0,0,0,0,0,1,0,1,6.2
0,0,8.6,0,56,72,0,1,0,55.5,43.4,3.1,66.0,4.4,0,1,0,0,0,1,1,3,7.6
1,2,7.8,1,81,64,1,3,2,60.2,53.2,6.8,77.0,4.2,1,0,0,0,0,0,1,7,7.2
1,0,7.7,1,74,66,0,1,1,37.5,32.2,3.1,78.0,4.6,1,1,0,0,0,1,2,7,5.9
1,2,8.6,0,78,85,1,3,2,65.0,47.0,5.4,85.0,4.8,1,1,4,1,1,1,1,5,6.2
0,0,8.3,0,82,85,2,3,2,68.7,57.3,7.0,90.0,4.8,1,1,3,1,1,0,0,9,6.5
1,3,7.7,0,75,73,1,1,2,29.6,8.5,4.5,72.0,3.7,1,1,0,0,0,0,2,5,4.2
0,3,8.9,0,82,88,2,3,2,91.3,70.4,6.5,90.0,4.8,1,1,4,1,1,1,1,9,11.4
1,5,8.2,0,55,66,2,1,1,44.1,44.2,2.4,90.0,4.0,0,1,0,0,0,0,2,8,7.6
0,4,7.7,0,68,73,1,2,2,44.7,36.4,5.2,75.0,4.6,1,0,3,1,1,1,1,0,5.4
0,8,7.1,0,63,69,0,1,0,20.0,16.4,2.4,75.0,3.9,0,0,0,1,0,0,2,8,2.0
0,4,8.6,0,84,85,1,3,2,73.8,49.2,6.7,90.0,4.8,1,1,3,1,1,1,0,5,7.7
0,4,8.4,0,75,81,1,3,0,70.3,64.7,7.0,82.0,4.8,1,1,1,3,1,1,2,0,9.6
1,7,8.4,1,76,82,2,3,2,68.1,52.6,7.5,82.5,4.7,1,1,3,1,1,1,0,5,8.9
1,3,8.4,0,77,88,2,3,2,74.3,70.0,6.5,90.0,4.8,1,1,2,2,1,1,2,2,9.3
1,5,7.2,1,60,75,1,2,2,27.6,22.6,3.9,76.0,3.6,0,0,0,0,0,0,0,0,2.8
1,0,8.4,0,76,84,2,3,2,76.2,57.5,6.4,90.0,4.7,1,1,1,3,1,1,2,9,7.7
1,2,8.1,0,85,88,2,3,2,74.9,68.4,8.2,90.0,4.8,1,1,2,3,1,0,2,1,7.8
1,5,6.5,0,55,72,1,1,0,22.4,31.8,0.7,79.0,3.8,0,1,1,3,1,0,2,8,2.7
0,4,8.3,0,59,85,2,3,0,69.2,61.7,5.2,79.0,4.5,1,0,0,0,0,1,1,1,8.8
0,2,7.6,0,80,84,0,3,2,42.0,33.7,8.4,87.0,4.7,1,0,3,2,1,0,1,8,6.1
1,7,8.7,0,83,86,0,3,2,80.6,61.9,6.4,90.0,4.8,1,1,4,1,1,1,2,6,9.3
1,5,7.7,0,70,69,1,2,0,44.5,47.4,7.0,64.0,4.2,1,1,0,0,0,1,1,8,6.5
1,4,7.4,0,63,61,1,1,1,32.8,28.5,1.4,64.0,3.9,0,0,0,0,0,0,1,5,4.1
0,0,7.8,1,57,69,1,1,0,41.8,15.9,0.9,73.0,3.2,0,1,0,0,0,0,0,5,5.3
0,0,6.5,0,68,65,0,1,1,20.0,20.0,3.0,80.0,3.6,0,1,0,0,0,0,1,5,3.4
0,5,6.6,1,56,70,0,1,1,20.0,10.8,1.4,71.0,3.4,0,0,0,0,0,0,1,3,2.9
1,5,7.4,0,67,68,2,1,0,35.1,30.8,2.4,74.0,4.5,1,1,0,0,0,0,1,8,3.3
1,2,7.6,0,78,81,0,3,1,46.6,52.8,6.6,86.0,4.7,1,0,3,1,1,0,1,6,7.3
1,4,8.5,0,76,67,1,3,0,65.1,47.8,6.3,85.0,4.8,1,1,4,1,1,1,1,0,6.9
1,4,6.9,0,70,85,2,3,0,38.2,30.7,7.1,86.0,4.6,0,1,0,0,0,0,2,2,4.2
0,1,6.5,0,56,69,0,1,0,20.0,21.2,1.6,64.0,4.1,0,0,0,0,0,0,1,8,4.1
1,2,7.6,0,59,64,0,1,0,39.4,33.1,2.4,71.0,3.9,0,0,0,0,0,0,2,8,6.3
1,8,6.7,0,59,68,1,0,1,20.0,16.6,1.5,71.6,4.1,0,0,0,0,0,0,0,8,2.3
0,6,7.7,0,70,70,1,2,0,48.7,41.1,6.0,77.7,3.7,0,1,0,1,0,1,1,2,6.4
1,4,6.5,0,63,65,2,1,0,21.3,8.9,3.3,79.0,3.6,0,0,0,0,0,0,1,0,2.6
1,8,7.8,1,82,83,2,2,0,42.0,28.9,7.2,75.2,4.2,1,1,4,1,1,1,1,1,5.8
1,3,8.4,0,63,79,0,3,2,61.3,53.0,4.7,77.0,4.6,1,0,2,3,1,1,2,8,6.6
1,6,8.3,0,78,87,1,3,2,73.6,52.4,7.9,90.0,4.4,1,1,4,3,1,1,0,5,8.1
1,4,8.1,0,78,86,1,3,2,62.1,65.9,7.3,90.0,4.8,1,1,2,2,1,0,1,0,8.1
1,0,8.3,0,67,85,1,3,3,57.7,53.0,6.7,90.0,4.8,1,1,3,2,1,1,0,0,7.1
1,3,7.7,0,69,69,1,2,1,46.1,40.0,5.4,84.0,4.5,1,1,2,2,1,0,1,9,5.0
1,7,8.2,1,72,88,2,3,1,76.9,75.0,5.2,90.0,4.8,1,1,0,3,1,1,2,5,8.7
1,8,7.9,0,77,82,1,2,2,51.7,43.6,8.5,84.5,4.8,1,1,2,3,1,1,0,7,6.0
1,10,8.4,0,90,78,2,3,1,62.7,53.1,7.2,89.9,4.7,1,1,3,2,1,1,1,7,7.6
0,3,8.2,0,83,83,2,3,2,69.3,55.5,6.8,87.0,4.8,1,1,2,2,1,0,1,7,7.9
0,3,8.5,0,79,87,1,3,2,68.7,51.5,5.4,90.0,4.8,1,1,4,1,1,1,2,8,8.7
1,1,8.3,0,82,81,1,3,0,62.4,48.5,7.5,90.0,4.1,1,1,2,3,1,1,0,1,6.8
1,7,7.6,1,71,66,0,2,1,43.1,38.7,3.5,71.1,4.0,1,1,0,0,0,0,1,0,7.3
1,7,7.6,0,82,81,0,3,1,51.4,39.9,8.2,90.0,4.6,1,0,2,3,1,1,2,6,7.2
1,0,8.3,0,84,85,2,3,2,61.5,62.2,5.7,81.0,4.7,1,1,0,0,0,0,1,5,9.6
1,3,8.3,0,82,76,1,1,2,52.4,51.7,0.9,79.0,3.7,1,1,2,2,1,1,2,1,7.2
1,6,8.7,0,77,79,1,3,1,73.2,70.0,6.4,89.5,4.6,1,1,2,2,1,0,1,2,9.2
1,0,8.7,0,77,81,1,3,0,74.6,59.3,6.2,86.0,4.5,1,1,3,2,1,1,2,2,8.4
1,3,8.0,0,82,83,2,3,2,63.0,51.8,8.9,90.0,4.8,1,1,3,2,1,1,0,8,6.9
0,3,8.4,0,80,87,2,3,2,77.2,66.6,7.0,90.0,4.8,1,1,3,2,1,1,0,6,7.9
1,0,8.4,0,66,71,1,2,3,55.8,38.4,4.5,75.0,3.8,1,1,0,0,0,0,1,7,7.3
1,3,8.2,0,61,86,2,1,3,45.5,52.5,2.1,88.0,4.2,1,1,2,2,1,0,1,6,7.5
1,5,8.3,0,78,81,2,3,2,64.3,63.1,8.5,89.0,4.8,1,1,2,2,1,1,1,8,8.6
1,11,7.4,2,55,70,1,3,1,48.5,29.1,5.6,81.5,3.9,0,1,0,1,0,0,0,6,5.6
1,10,6.8,1,90,64,0,1,0,20.0,23.6,4.4,70.6,4.5,1,0,0,0,0,0,0,1,3.8
1,3,8.3,0,66,82,1,3,1,64.6,39.5,6.0,83.0,4.1,0,1,0,0,0,1,2,7,7.4
1,4,7.0,0,57,72,1,1,1,21.8,19.3,1.5,86.0,3.8,0,0,0,0,0,0,1,1,3.0
1,4,6.7,2,55,60,1,1,1,20.0,10.1,2.0,68.0,4.3,0,0,0,0,0,0,2,0,2.3
1,10,7.0,0,67,61,0,0,0,20.7,26.6,2.3,60.0,3.9,0,0,1,0,0,0,1,8,4.3
1,10,6.7,0,55,72,1,2,1,23.6,14.9,6.8,89.7,4.4,0,1,0,1,0,1,0,8,2.0
1,8,8.1,0,55,65,2,2,0,50.3,28.1,4.0,74.8,3.8,0,0,0,0,0,1,1,8,5.2
0,5,6.7,0,71,66,1,2,1,25.8,28.2,4.1,73.0,4.3,0,1,0,0,0,0,2,8,3.1
0,4,8.2,0,83,82,2,3,2,73.6,61.7,6.2,90.0,4.5,1,1,4,1,1,1,2,3,7.8
0,5,7.7,0,70,66,1,2,1,47.6,15.5,4.6,74.0,4.8,1,1,0,0,0,1,0,6,5.3
0,2,8.5,1,74,86,0,3,2,72.3,72.9,6.0,90.0,4.8,1,1,3,1,1,1,1,0,7.4
1,6,7.5,0,61,69,2,1,0,39.1,31.2,4.4,77.7,4.1,1,1,1,0,0,0,2,1,5.8
1,2,8.0,0,86,84,0,3,1,49.5,27.3,5.0,80.0,4.6,1,1,1,3,1,0,1,6,5.0
1,3,8.4,0,89,88,1,3,2,72.9,50.7,6.7,90.0,4.2,1,1,1,3,1,0,1,8,7.0
1,4,7.6,1,60,83,1,3,2,54.3,44.8,7.5,90.0,4.8,1,1,0,0,0,1,0,0,6.5
1,3,7.3,2,71,70,1,2,0,42.2,46.5,6.4,82.0,4.6,1,1,0,0,0,0,1,8,6.3
0,3,7.8,1,80,78,1,2,1,52.2,59.1,4.2,84.0,4.7,1,0,0,0,0,0,2,5,7.3
1,2,7.4,0,62,64,0,1,1,26.1,28.3,1.9,61.0,3.8,0,0,0,0,0,0,2,0,3.6
1,0,7.9,2,55,66,1,1,1,56.8,56.4,2.0,81.0,4.7,0,0,0,0,0,0,2,0,7.9
0,9,8.3,0,56,74,0,3,2,42.1,44.3,6.6,76.4,3.8,1,1,1,0,0,1,1,9,6.8
1,4,6.5,0,55,68,1,1,0,20.0,19.6,2.3,80.0,4.4,0,1,0,0,0,0,1,1,3.2
1,4,6.5,0,74,62,1,3,1,22.1,30.8,6.8,90.0,4.5,0,0,0,0,0,0,0,5,3.5
0,5,8.3,0,66,68,1,3,1,62.1,51.0,6.9,67.0,3.7,1,1,0,0,0,1,0,8,7.7
1,1,8.3,0,74,79,1,2,0,56.0,45.9,5.0,72.0,3.9,1,1,2,2,1,1,0,8,7.1
0,2,7.8,2,64,69,0,1,0,34.9,35.6,2.0,78.0,4.0,1,0,0,0,0,0,2,8,4.7
1,11,8.0,1,61,87,1,2,3,63.4,62.7,6.1,81.8,4.8,0,1,2,2,1,0,0,6,7.9
1,0,7.5,0,67,66,1,1,0,31.5,30.4,1.6,68.0,3.6,0,1,0,0,0,0,1,9,4.5
1,1,6.5,1,55,59,1,1,0,20.0,33.1,2.4,70.0,4.2,0,0,0,0,0,0,1,8,4.2
1,11,7.8,0,78,69,1,2,2,63.8,47.2,4.3,79.9,4.8,1,1,0,0,0,0,1,9,7.7
0,6,8.4,0,76,82,1,1,1,69.5,68.6,5.9,75.6,4.8,1,0,1,3,1,1,1,2,9.4
1,5,7.4,0,78,74,1,2,0,51.8,52.8,3.9,76.0,4.0,0,1,0,0,0,0,0,8,5.9
0,10,7.9,0,55,61,0,1,1,30.7,41.7,0.6,67.7,4.4,0,0,0,0,0,0,1,1,6.3
1,2,7.1,0,73,84,1,2,0,20.0,10.6,6.1,85.0,4.2,1,1,2,2,1,0,1,7,2.0
0,3,8.1,0,62,83,1,3,0,64.3,43.3,8.0,74.0,4.0,1,1,3,2,1,1,2,6,7.1
0,1,7.7,0,72,69,1,2,1,49.1,57.9,5.4,76.0,3.7,0,1,0,0,0,0,1,5,7.0
1,6,8.1,0,89,84,0,3,2,51.8,46.2,7.5,83.4,4.2,1,1,4,0,1,1,2,2,6.9
0,5,6.5,2,74,67,1,0,0,20.0,24.0,0.7,88.0,4.7,1,1,3,2,1,0,1,2,3.5
1,5,8.3,0,75,81,1,2,2,61.0,31.9,4.2,89.0,4.8,1,1,3,2,1,0,0,8,6.3
1,2,8.4,0,71,72,2,1,2,54.2,39.0,2.6,77.0,4.5,1,1,0,0,0,0,1,6,6.0
1,11,8.4,1,76,83,1,2,2,62.4,50.8,6.3,77.7,4.0,0,1,1,0,0,0,2,8,8.3
1,4,8.3,0,73,83,1,2,0,53.5,51.2,5.0,80.0,4.8,1,1,3,2,1,0,1,5,8.8
0,1,7.4,2,60,66,1,2,1,39.4,30.3,3.9,62.0,4.5,1,1,0,0,0,0,0,7,5.1
1,6,8.8,0,63,72,1,2,0,91.9,71.1,6.4,88.1,4.4,1,1,0,1,0,1,2,3,10.1
0,3,7.5,0,84,65,2,1,0,38.3,35.1,3.5,71.0,3.4,1,0,0,0,0,0,2,4,5.7
0,3,8.1,0,80,68,1,3,2,60.5,61.1,6.1,82.0,4.8,1,1,2,2,1,1,0,8,7.2
1,6,8.2,1,77,88,0,2,3,60.5,51.8,6.7,88.0,4.0,1,1,2,1,1,1,2,1,8.9
0,7,8.4,0,75,82,1,3,0,73.8,66.2,6.7,85.3,4.8,1,1,1,2,1,0,1,7,8.6
1,0,7.7,0,55,69,1,2,0,42.1,32.0,4.4,88.0,4.5,0,1,0,0,0,0,1,3,5.4
1,3,7.2,0,55,74,1,1,1,32.2,23.5,1.8,66.0,3.5,0,0,0,0,0,0,1,1,4.7
1,5,7.7,0,55,66,1,1,0,39.7,32.0,2.5,72.0,4.2,0,0,0,0,0,0,2,4,5.1
1,3,6.7,0,55,69,2,0,0,20.0,25.8,3.0,75.0,4.0,1,1,2,2,1,0,0,7,2.0
0,4,7.7,1,78,84,1,2,2,48.4,57.2,3.3,80.0,4.5,0,1,3,2,1,0,2,2,6.1
1,6,8.7,0,74,84,2,3,3,80.7,69.1,8.1,90.0,4.8,1,1,0,0,0,1,0,2,9.9
1,9,7.1,0,58,63,2,1,1,29.4,18.9,1.7,72.2,3.2,0,0,0,0,0,0,1,7,3.3
1,3,7.1,0,55,70,1,1,0,20.0,12.1,5.0,69.0,3.6,1,1,0,0,0,1,1,9,3.6
1,3,8.2,0,84,78,2,3,1,63.6,62.5,7.9,90.0,4.8,1,1,3,1,1,1,2,9,7.0
1,4,8.6,0,78,72,1,3,0,81.8,62.7,8.5,86.0,3.8,1,1,0,0,0,1,2,8,9.1
0,11,7.5,0,55,72,0,2,0,36.8,25.9,3.5,73.9,3.7,0,1,1,0,0,0,2,1,5.4
1,3,7.2,0,55,59,0,1,1,22.3,24.3,3.6,65.0,3.8,0,1,0,0,0,0,2,7,4.5
1,7,8.1,1,63,81,0,1,0,44.1,40.0,3.0,90.0,4.8,0,1,2,1,1,1,1,1,6.1
0,5,6.7,0,56,67,1,2,1,24.2,13.2,5.5,74.0,4.1,1,1,2,3,1,1,2,8,2.0
0,2,8.1,0,78,78,2,3,2,72.2,72.0,6.4,77.0,4.8,1,0,0,0,0,0,1,9,7.7
1,4,8.6,0,70,86,2,3,3,77.2,54.9,5.4,87.0,4.7,1,1,4,1,1,1,1,6,9.2
1,3,6.5,1,55,65,0,2,0,20.0,26.0,4.8,83.0,4.6,1,1,0,0,0,0,1,4,3.4
1,5,6.5,1,63,68,0,3,0,30.1,25.8,7.7,80.0,4.4,1,1,0,0,0,0,1,8,2.6
1,0,8.4,0,76,86,2,3,2,75.3,31.8,7.4,90.0,4.8,1,1,3,2,1,1,1,0,6.7
1,2,6.5,1,55,72,1,1,0,20.0,22.7,1.5,69.0,3.5,0,1,0,0,0,0,1,4,3.3
1,6,8.3,1,79,88,2,3,2,58.7,48.1,8.6,90.0,4.7,1,1,4,2,1,1,1,3,6.5
1,2,7.7,0,59,63,1,1,1,28.6,17.8,0.5,79.0,3.7,0,1,0,0,0,0,2,5,4.1
1,0,7.1,1,71,61,1,2,0,37.1,45.4,2.9,84.0,4.6,0,1,2,2,1,0,2,4,3.0
1,4,8.3,0,77,81,2,3,2,61.8,58.4,5.5,90.0,4.7,1,1,2,3,1,1,1,4,6.5
0,3,7.7,0,74,83,2,2,2,49.2,34.9,2.5,85.0,4.8,1,1,0,0,0,1,2,8,4.2
0,0,8.2,0,83,79,2,2,2,66.7,43.3,3.4,90.0,4.8,0,1,0,0,0,0,1,5,9.3
1,6,7.4,1,56,70,0,0,0,38.5,19.8,2.8,80.3,3.6,0,0,0,0,0,0,1,9,4.7
0,5,6.5,0,55,70,1,3,0,30.1,33.9,6.0,77.0,4.4,0,0,0,0,0,1,2,2,3.4
1,3,7.8,0,74,87,2,3,2,68.4,66.0,8.3,85.0,4.6,1,1,0,0,0,1,1,7,7.4
1,5,7.6,0,55,69,1,1,1,34.6,51.8,3.8,78.0,4.0,1,1,0,0,0,0,2,1,5.4
1,8,8.2,1,68,61,2,0,0,46.9,25.8,3.3,68.0,3.7,1,0,1,1,0,1,1,4,6.1
1,0,7.9,0,80,88,2,3,2,62.2,63.4,6.4,90.0,4.7,1,1,4,1,1,1,1,5,7.0
1,2,6.8,1,75,71,1,2,0,28.7,33.8,3.3,78.0,4.3,1,1,2,3,1,0,0,8,4.0
0,3,8.7,0,88,87,2,3,2,72.9,52.2,5.8,90.0,4.8,1,1,2,2,1,1,2,0,8.8
0,9,8.7,1,74,82,2,3,0,73.1,61.3,7.5,90.0,4.8,1,1,2,3,1,1,1,8,8.4
1,6,8.4,0,71,84,2,1,2,76.6,66.8,4.6,78.2,4.8,1,1,3,2,1,1,1,2,8.4
0,0,8.7,0,71,83,0,3,2,70.0,45.9,6.7,85.0,4.5,1,0,0,0,0,1,0,5,7.8
1,4,8.3,2,79,66,1,1,1,53.6,49.2,4.5,68.0,4.3,1,1,0,0,0,0,1,3,8.9
0,6,8.3,0,77,85,2,3,1,85.5,56.2,7.5,85.7,4.0,1,1,0,0,0,1,1,2,10.2
1,0,8.1,0,79,87,2,3,2,61.0,62.1,7.6,90.0,4.8,1,1,1,3,1,1,2,4,7.6
1,2,7.9,0,71,84,1,3,3,69.0,52.3,7.4,80.0,4.1,1,1,3,2,1,1,1,7,6.5
0,9,8.7,0,76,87,1,3,2,76.5,62.4,6.4,90.0,4.8,1,1,4,1,1,0,0,8,8.9
1,11,8.2,0,72,68,2,3,1,63.6,46.7,4.3,80.0,4.6,0,1,1,1,0,1,0,5,7.0
0,6,8.1,0,82,88,2,2,3,68.0,54.3,9.3,86.9,4.6,1,1,4,2,1,1,1,9,7.8
0,7,6.5,0,56,68,0,0,1,22.4,21.8,0.4,75.2,4.1,0,0,1,0,0,0,2,6,2.2
1,0,8.3,0,63,82,2,3,2,77.6,62.9,6.0,90.0,4.5,1,1,0,0,0,0,2,0,9.1
1,6,7.3,1,82,87,2,2,3,48.8,37.4,5.6,87.0,4.3,1,1,0,0,0,1,1,9,4.6
1,0,8.2,0,68,60,1,3,0,57.3,47.8,5.4,90.0,4.7,1,1,1,3,1,1,1,7,7.2
1,5,6.5,1,65,65,1,3,1,24.9,10.3,6.3,76.0,4.8,0,1,0,0,0,0,0,8,3.9
1,4,8.4,0,79,84,2,3,2,70.8,44.6,6.9,90.0,4.8,1,1,2,2,1,1,2,0,6.5
1,4,6.5,1,57,65,1,1,2,20.0,29.4,2.7,69.0,4.2,1,0,0,0,0,0,2,2,3.6
0,8,7.4,0,66,87,0,1,1,20.0,21.9,2.9,73.0,4.2,1,0,1,0,0,0,2,8,2.0
0,2,7.7,2,69,88,1,3,2,53.6,33.0,7.7,86.0,4.7,1,1,3,2,1,0,0,8,6.4
0,2,7.5,0,63,71,0,3,0,47.3,38.9,6.3,83.0,3.9,1,1,0,0,0,1,1,9,4.8
0,5,7.6,0,66,69,1,1,0,32.3,30.9,2.8,76.0,4.3,0,1,0,0,0,0,2,8,5.7
1,9,7.5,1,58,65,2,1,1,42.6,23.8,4.7,86.2,4.2,0,1,0,1,0,0,0,8,5.6
0,4,7.9,0,55,63,2,1,1,49.9,37.6,3.5,81.0,4.8,1,0,1,3,1,0,1,4,6.1
1,5,7.9,0,74,69,1,1,1,35.8,42.1,2.3,66.0,4.5,0,0,0,0,0,0,2,8,5.1
1,0,7.4,0,56,62,1,1,0,25.4,17.6,2.6,74.0,4.1,0,1,0,0,0,0,2,9,3.4
0,11,8.3,0,84,82,2,3,2,66.1,39.7,6.8,89.1,4.5,1,1,1,2,1,1,1,7,6.8
1,4,7.5,0,58,67,0,1,1,26.2,22.5,1.9,66.0,4.1,1,1,0,0,0,0,1,9,3.9
1,6,8.2,0,73,67,1,3,0,72.0,49.3,7.9,83.0,4.3,1,1,0,0,0,0,2,4,9.1
1,7,6.9,1,55,65,1,1,1,29.2,28.9,2.4,65.1,3.5,0,0,0,0,0,1,1,7,3.9
1,9,6.5,1,62,72,0,2,0,20.5,14.1,2.3,73.2,3.6,0,0,0,0,0,0,2,1,2.7
0,0,8.3,0,71,70,1,3,2,65.7,62.0,7.5,85.0,4.8,1,1,2,3,1,1,1,5,7.0
0,0,8.2,1,76,87,2,3,2,62.7,43.0,7.4,90.0,4.6,1,1,2,2,1,0,2,0,7.8
1,6,8.5,0,72,69,2,2,3,67.0,63.9,7.2,90.0,4.7,1,1,0,1,0,1,2,2,8.7
1,7,7.5,1,59,65,1,3,0,55.5,50.5,3.5,73.1,4.7,0,1,2,2,1,0,1,6,5.9
1,4,6.8,0,74,85,2,3,0,42.5,20.8,5.2,80.0,4.4,0,1,1,3,1,0,1,9,4.0
1,3,7.3,0,58,76,1,1,2,27.3,32.1,0.9,81.0,3.7,0,1,0,0,0,0,0,9,3.1
1,8,6.5,0,77,66,1,1,1,20.0,18.1,2.9,66.5,3.9,1,1,0,0,0,1,2,2,2.5
1,11,8.1,0,80,79,1,3,3,56.3,53.6,4.9,77.2,4.1,1,1,2,3,1,0,1,8,6.6
1,7,7.5,1,58,60,1,2,0,40.4,30.7,2.3,69.8,4.2,0,0,0,0,0,0,0,6,5.8
1,9,8.6,0,75,85,1,3,2,79.1,73.7,6.8,86.8,4.1,1,1,2,3,1,1,2,2,10.6
1,5,8.3,0,81,67,0,2,2,51.9,30.0,4.6,82.0,4.4,0,1,0,0,0,0,2,8,5.9
1,3,8.4,0,73,83,2,3,2,78.5,61.5,7.5,88.0,4.5,1,1,2,2,1,1,2,6,9.3
0,0,8.6,0,69,84,1,1,1,49.3,26.3,3.4,78.0,4.3,1,1,0,0,0,0,1,5,6.8
1,2,7.9,1,71,68,1,2,1,48.7,39.9,2.7,68.0,4.0,0,1,0,0,0,0,2,8,6.9
0,5,6.8,1,61,65,1,1,0,25.3,18.2,2.1,78.0,3.7,0,1,1,3,1,0,2,8,2.9
0,5,6.5,0,59,73,1,1,1,20.1,33.5,1.9,68.0,4.7,0,0,0,0,0,0,0,8,3.4
1,2,6.7,2,55,64,0,3,0,20.0,16.3,3.9,77.0,4.6,0,0,0,0,0,1,2,1,2.7
0,2,7.4,0,78,70,1,2,1,39.0,36.3,2.6,66.0,4.3,0,0,0,0,0,1,1,2,3.5
0,10,7.8,0,67,87,1,3,1,61.0,30.6,6.0,84.2,4.8,1,0,2,1,1,1,2,1,5.9
0,6,6.5,0,77,78,1,2,1,37.8,45.8,8.8,78.1,4.3,1,0,0,0,0,1,2,1,3.3
1,0,8.4,0,55,64,2,1,2,61.0,34.2,2.7,78.0,4.1,1,1,0,0,0,1,1,1,7.7
1,6,7.9,0,74,78,2,0,2,48.2,42.5,2.9,90.0,4.5,1,0,0,0,0,0,1,3,6.1
1,1,7.5,0,55,70,1,1,1,40.0,35.9,3.3,74.0,4.0,0,0,0,0,0,0,0,8,4.2
0,3,7.6,0,55,87,1,1,1,36.1,36.4,2.1,79.0,4.2,1,0,0,0,0,0,0,6,5.0
1,3,7.8,0,58,61,1,1,1,39.1,38.0,1.0,73.0,4.0,0,0,0,0,0,0,1,7,6.3
1,7,6.7,0,55,66,1,1,2,22.1,23.7,1.7,73.6,4.5,0,0,0,1,0,0,2,6,3.1
1,4,7.9,0,86,79,2,3,2,64.7,45.8,7.9,90.0,4.8,1,1,3,1,1,0,0,0,6.5
1,4,7.9,0,81,87,2,3,2,48.9,39.0,6.5,90.0,4.8,1,1,4,1,1,1,1,9,6.7
1,7,8.4,0,56,65,1,1,0,57.4,38.9,1.4,70.7,3.4,0,1,1,1,0,0,1,3,8.2
1,4,8.5,0,86,84,2,3,0,73.9,59.0,7.4,85.0,4.5,1,1,3,1,1,0,1,5,8.7
1,0,6.6,2,64,85,0,1,1,20.0,31.8,0.7,71.0,4.4,1,1,0,0,0,0,0,9,3.3
1,7,6.5,0,76,71,1,3,1,35.8,41.4,6.7,81.7,3.5,0,1,1,0,0,0,0,1,4.3
1,0,8.3,0,65,82,1,3,1,66.2,68.9,8.2,85.0,4.3,1,1,0,0,0,1,1,0,8.8
1,4,8.3,0,79,81,2,3,2,58.6,47.1,6.9,82.0,4.8,1,1,3,2,1,1,1,5,7.1
0,11,8.4,1,76,88,0,3,1,67.4,49.7,7.2,89.4,4.3,1,1,4,3,1,1,2,2,7.1
1,2,6.5,0,78,68,1,1,1,20.0,33.5,2.4,68.0,4.1,0,1,0,0,0,0,1,8,2.2
1,8,6.9,0,55,66,2,2,0,20.0,19.5,5.1,70.4,4.4,1,1,1,0,0,0,0,5,3.9
1,7,8.2,0,72,71,1,2,2,60.3,48.7,3.9,79.7,4.2,0,1,3,3,1,1,2,5,6.4
1,7,6.5,0,66,84,1,1,3,23.5,34.6,0.1,87.7,4.7,0,1,0,0,0,1,2,2,5.4
1,7,6.8,1,57,69,1,1,0,23.8,20.7,2.2,82.4,4.3,0,1,2,3,1,0,1,6,3.8
1,5,7.5,0,76,86,2,3,0,52.4,42.5,7.5,69.0,3.9,1,1,0,0,0,1,2,0,5.5
1,6,7.8,1,62,68,1,1,0,49.8,49.1,4.1,76.6,4.4,1,1,0,3,1,1,2,7,5.4
1,4,8.1,0,77,67,2,1,1,55.9,48.3,2.9,78.0,4.4,1,1,0,0,0,1,2,8,8.0
1,3,6.9,1,84,67,2,1,0,20.0,10.1,1.7,73.0,4.0,0,1,0,0,0,0,1,8,2.0
1,0,8.4,1,88,82,2,3,2,74.4,65.1,6.0,90.0,4.8,1,1,3,2,1,1,0,0,7.9
1,4,8.3,0,83,86,2,3,2,73.9,62.1,6.6,88.0,4.8,1,1,3,2,1,1,0,2,10.1
0,2,7.4,0,55,72,1,1,0,29.0,36.6,2.5,64.0,4.7,1,1,0,0,0,1,2,0,4.2
1,5,8.2,0,80,73,0,1,2,40.2,40.4,0.8,79.0,4.4,0,1,3,2,1,0,2,8,5.4
1,4,7.5,0,82,81,0,1,0,28.9,25.0,1.6,85.0,3.9,1,1,0,0,0,0,1,2,3.9
1,0,8.1,0,81,82,1,2,2,56.4,60.0,5.7,83.0,4.8,1,1,3,2,1,1,0,0,6.5
0,1,6.7,1,58,65,1,2,0,20.0,21.2,2.3,77.0,4.4,0,1,0,0,0,1,0,8,3.4
0,2,8.0,0,60,66,1,2,1,49.9,44.2,4.5,73.0,3.8,0,1,0,0,0,0,1,6,8.2
1,0,7.5,1,69,84,1,1,0,36.7,15.7,2.2,71.0,3.7,1,1,0,0,0,0,2,5,3.5
1,8,7.4,0,56,63,1,2,1,31.1,28.2,2.4,68.8,3.8,0,1,2,3,1,0,1,5,2.0
0,3,8.1,0,74,80,1,3,2,55.0,50.0,6.3,90.0,4.3,1,1,0,0,0,1,1,8,7.0
0,7,7.7,0,63,82,0,2,2,38.0,24.3,4.4,86.0,4.5,1,1,2,3,1,0,1,6,4.4
0,6,6.5,1,58,67,0,1,1,22.2,23.4,1.3,68.6,3.6,0,0,1,0,0,0,2,9,3.4
0,0,7.5,0,60,68,1,3,0,47.6,42.0,7.4,70.0,4.2,0,1,0,0,0,0,2,4,5.6
1,6,9.0,0,80,88,2,3,3,80.8,59.2,7.4,90.0,4.8,1,0,0,0,0,1,0,1,10.7
1,7,7.8,1,86,80,2,3,1,63.1,50.2,5.0,85.4,4.6,0,1,3,1,1,0,2,0,6.7
1,4,8.1,0,71,69,1,3,0,57.0,40.5,5.1,77.0,4.3,0,1,0,0,0,0,2,7,6.1
0,3,6.5,0,56,62,1,2,0,25.1,23.9,3.2,74.0,4.6,0,1,1,3,1,0,2,4,2.5
1,9,8.7,0,77,83,1,3,0,77.5,56.4,7.1,82.5,4.8,1,1,2,1,1,1,1,6,8.3
0,4,8.7,0,79,87,1,3,3,76.7,57.5,7.0,90.0,4.5,1,1,3,1,1,1,0,0,8.2
1,3,7.4,0,68,84,0,3,0,43.2,35.3,6.0,83.0,3.5,0,1,3,2,1,0,1,8,5.6
1,2,6.6,0,55,67,1,1,0,20.0,24.1,2.6,78.0,4.6,0,1,0,0,0,0,1,8,2.4
1,6,8.7,1,81,83,2,2,1,86.2,55.2,6.8,90.0,4.8,1,1,3,1,1,1,1,1,9.8
1,6,8.0,0,75,84,1,3,2,62.5,42.2,6.4,90.0,4.8,1,1,1,3,1,1,2,8,6.3
0,1,8.2,0,70,66,1,1,1,53.5,46.2,3.4,68.0,3.9,0,1,1,3,1,0,1,8,7.2
1,11,8.3,2,72,84,2,3,2,67.0,40.5,8.0,90.0,4.8,1,1,1,0,0,0,2,8,6.8
0,0,7.7,1,55,66,2,2,1,54.3,42.8,5.3,71.0,4.4,0,1,0,0,0,0,1,5,6.7
1,10,8.0,1,75,72,0,1,1,35.2,21.1,1.8,77.6,4.4,1,1,0,0,0,0,0,3,6.4
1,0,8.0,0,85,83,2,3,2,63.4,57.5,7.1,90.0,4.8,1,1,3,2,1,1,1,2,6.9
0,11,6.5,0,56,70,0,3,0,22.1,33.0,5.2,66.8,4.1,0,1,1,0,0,0,1,7,4.0
0,6,7.2,0,62,75,1,2,1,43.1,42.6,2.0,66.3,3.3,0,1,1,1,0,0,2,7,5.5
0,1,7.2,0,58,59,0,1,1,20.4,25.7,3.1,68.0,4.3,1,1,0,0,0,1,1,1,2.6
0,3,8.4,1,61,65,0,1,1,44.4,34.8,3.4,82.0,3.6,0,1,4,1,1,0,0,8,6.6
1,6,7.3,1,55,65,1,0,0,34.5,30.5,3.3,82.7,4.4,0,0,0,0,0,0,2,5,2.8
1,4,8.7,0,77,86,2,3,2,80.8,54.0,6.6,90.0,4.8,1,1,4,1,1,1,1,5,8.1
1,6,8.3,0,74,86,2,2,0,52.3,52.7,3.9,87.2,4.8,1,0,1,0,0,1,0,1,8.0
1,2,8.3,0,73,84,1,3,0,65.5,42.8,5.7,84.0,4.4,1,1,0,0,0,1,2,8,8.3
1,3,6.6,0,66,68,1,2,0,23.6,23.0,3.0,79.0,4.4,0,1,0,0,0,0,0,8,2.0
0,6,7.3,0,88,87,2,1,1,29.7,36.4,4.7,88.1,4.6,1,0,0,1,0,1,0,5,5.0
0,0,8.2,0,87,88,2,3,2,61.2,49.7,6.3,87.0,4.8,1,1,3,2,1,1,1,7,7.6
1,3,6.6,0,55,62,1,2,0,23.0,46.4,5.8,70.0,4.1,1,1,0,0,0,0,1,2,3.5
1,0,7.5,0,75,66,0,2,1,30.6,23.4,4.7,63.0,3.5,0,1,0,0,0,0,1,2,4.3
1,7,8.0,0,84,85,2,3,3,62.2,37.4,7.4,81.4,4.8,1,1,3,2,1,1,2,8,7.4
1,9,8.5,0,63,71,1,1,1,63.0,50.6,4.0,66.6,3.9,0,1,0,0,0,1,0,8,9.1
0,2,8.6,0,75,83,1,3,2,78.9,51.7,6.5,89.0,4.6,1,1,3,2,1,0,2,0,7.7
0,3,8.2,0,77,67,1,3,0,62.5,45.1,5.4,84.0,4.1,1,1,2,2,1,1,0,8,6.2
1,2,8.1,0,58,86,1,1,0,49.7,31.7,1.4,68.0,4.4,0,0,2,2,1,0,0,8,5.5
1,2,8.4,1,64,81,2,3,0,73.0,45.0,6.6,75.0,4.8,0,0,2,2,1,0,0,5,7.3
0,4,8.5,0,68,86,2,2,2,63.0,55.4,6.0,85.0,4.5,1,1,0,0,0,0,0,6,9.5
1,7,7.7,0,85,63,1,1,0,48.7,45.1,4.4,71.2,4.3,1,1,0,0,0,0,1,8,6.8
1,11,7.3,1,70,73,1,0,1,35.1,31.1,2.3,70.3,4.4,0,1,0,0,0,0,2,0,5.1
0,2,8.1,1,76,88,2,2,0,62.0,58.4,7.2,90.0,4.8,1,1,0,0,0,1,2,8,9.1
1,2,8.4,0,75,64,0,2,1,59.0,54.0,5.3,70.0,4.0,1,0,0,0,0,1,2,7,9.7
0,4,8.1,1,60,69,0,1,0,40.2,46.5,2.2,71.0,4.0,1,1,0,0,0,0,0,7,6.7
1,7,8.6,1,67,82,0,1,1,53.4,29.0,1.9,76.7,4.3,0,1,0,0,0,0,2,1,7.6
1,7,7.8,0,79,88,2,2,2,69.6,54.1,6.6,90.0,4.6,1,1,4,3,1,1,1,5,7.5
0,0,8.5,0,69,83,1,3,2,67.6,37.3,6.1,87.0,3.7,1,1,4,1,1,1,2,0,6.4
1,6,6.9,2,66,76,0,3,1,24.0,27.3,5.8,88.8,4.6,1,1,0,1,0,1,2,2,3.6
1,5,7.4,1,55,61,1,3,1,47.8,26.5,6.5,83.0,4.3,1,1,2,3,1,1,0,9,4.4
1,3,7.6,0,56,65,1,1,0,30.5,33.2,3.3,68.0,3.6,0,0,0,0,0,0,1,8,5.1
1,4,8.0,0,80,67,2,1,0,48.9,37.8,2.3,74.0,4.1,0,1,3,2,1,0,2,1,5.7
1,8,7.7,0,55,60,1,3,0,49.7,37.9,3.5,69.3,3.5,0,1,0,1,0,1,0,1,5.0
1,9,6.5,0,58,66,1,3,0,20.0,33.9,4.0,76.1,4.3,0,0,0,0,0,0,2,8,3.0
1,9,8.2,0,55,66,1,1,3,52.7,42.9,3.9,73.7,4.1,1,1,0,1,0,0,2,3,7.5
1,3,8.1,0,62,84,1,2,2,55.7,43.3,3.9,84.0,4.5,1,1,2,2,1,1,1,3,6.7
1,6,7.7,0,55,59,2,2,1,37.5,25.9,4.0,73.4,3.9,0,1,0,0,0,1,1,2,5.4
0,0,8.5,0,88,80,2,3,1,70.7,51.0,7.5,85.0,4.3,1,1,4,1,1,1,1,5,8.8
0,8,7.9,0,60,71,0,2,1,38.3,46.0,5.5,71.9,4.3,1,1,0,0,0,1,2,6,6.1
1,4,7.9,0,62,69,0,1,0,38.4,42.8,1.3,79.0,4.5,0,0,3,2,1,0,1,5,5.4
1,3,8.1,0,80,79,2,3,2,67.8,74.7,7.1,85.0,4.8,1,1,2,2,1,1,1,8,8.2
1,0,8.1,0,81,83,1,3,2,61.7,49.9,7.5,90.0,4.8,1,1,2,2,1,1,1,3,6.3
1,4,8.7,0,76,82,1,3,2,72.6,47.8,7.5,80.0,4.7,1,1,2,3,1,1,2,0,6.6
0,1,7.6,0,70,87,1,3,2,49.8,46.6,5.2,79.0,4.3,0,1,0,0,0,1,2,8,6.2
0,0,7.5,0,58,70,1,1,0,34.6,30.2,1.6,79.0,4.3,0,0,0,0,0,1,1,4,2.6
1,7,7.8,0,67,72,0,3,1,49.7,41.3,2.3,87.3,3.5,0,1,0,0,0,0,2,1,6.3
1,2,8.7,0,80,84,2,3,2,66.7,52.8,8.2,87.0,4.7,1,1,3,1,1,1,2,7,8.9
0,6,7.4,0,55,62,1,0,0,37.6,28.2,0.5,70.2,3.6,0,0,0,1,0,0,2,1,4.2
1,7,8.3,0,73,86,2,2,3,68.3,59.7,4.9,90.0,4.7,0,1,1,0,0,1,0,9,7.0
0,7,8.2,0,69,86,2,0,2,47.8,23.3,1.5,90.0,4.3,1,0,0,1,0,1,0,6,4.8
1,5,7.6,0,74,73,1,2,1,48.9,51.1,3.9,72.0,4.4,0,0,0,0,0,0,2,8,6.5
1,3,8.5,0,81,80,2,3,2,66.0,56.1,3.6,90.0,4.8,1,1,2,3,1,1,1,8,9.1
1,4,7.8,0,71,65,2,1,0,47.1,37.3,2.9,84.0,4.2,1,1,4,1,1,1,1,7,6.0
1,5,7.0,0,55,66,0,2,2,32.0,38.8,5.5,71.0,4.2,1,0,0,0,0,1,2,8,4.9
0,2,8.2,0,55,81,1,1,1,37.0,46.1,3.2,87.0,4.7,1,1,0,0,0,0,1,0,6.4
1,0,8.5,0,76,81,2,2,2,66.7,71.7,4.2,69.0,4.4,0,1,0,0,0,0,1,2,10.1
1,0,6.5,1,56,72,1,2,0,22.9,30.9,4.8,69.0,4.8,0,1,0,0,0,0,1,5,3.9
0,6,6.5,1,55,62,0,2,0,29.9,31.6,3.7,83.8,4.0,0,1,0,0,0,0,1,2,2.3
1,11,8.9,1,81,85,2,3,2,68.7,45.5,7.0,90.0,4.8,1,1,3,0,1,1,0,0,7.8
1,3,8.2,0,57,67,1,1,0,45.8,50.9,1.3,77.0,3.8,0,0,0,0,0,0,0,8,6.6
0,4,7.5,1,86,62,1,1,0,39.1,51.1,0.7,67.0,4.6,0,0,0,0,0,0,1,3,5.3
1,4,6.6,1,55,75,1,2,1,30.4,23.7,3.7,72.0,4.1,0,0,0,0,0,0,2,4,3.3
1,4,7.6,0,80,66,0,1,2,23.7,33.9,1.9,75.0,4.5,0,0,0,0,0,0,1,7,6.8
1,7,7.8,0,70,81,0,1,1,52.8,55.8,4.6,77.2,4.8,1,1,0,0,0,1,1,6,6.6
1,0,8.5,0,88,86,2,2,2,64.3,46.2,6.2,87.0,4.8,1,1,3,1,1,0,1,0,7.2
0,3,6.5,2,66,62,0,1,0,20.0,19.1,0.0,79.0,4.3,0,0,0,0,0,0,0,1,3.5
1,3,8.1,0,79,83,2,3,2,58.3,66.7,8.2,90.0,4.8,1,1,3,2,1,0,1,5,8.2
1,9,6.5,0,55,66,0,1,0,20.0,18.0,5.1,64.8,4.1,1,0,1,0,0,0,0,7,3.4
0,4,6.8,0,55,68,1,1,0,20.0,16.4,2.8,68.0,3.1,0,0,0,0,0,0,1,3,4.0
1,0,7.7,0,77,67,1,2,0,60.2,37.3,3.0,82.0,4.3,0,1,0,0,0,0,0,3,6.7
0,4,6.5,0,56,62,1,1,1,20.6,31.1,1.9,60.0,3.8,0,0,0,0,0,1,1,3,2.0
1,0,8.5,0,88,85,2,3,2,78.4,66.6,6.1,88.0,4.4,1,1,2,2,1,0,1,2,9.0
1,7,7.8,0,83,82,1,0,2,33.8,23.2,1.5,88.6,4.8,1,1,4,1,1,0,2,9,5.3
1,0,8.2,0,78,82,1,1,2,46.9,37.1,3.6,82.0,4.8,1,1,2,2,1,0,2,5,5.3
1,8,6.5,0,56,61,1,0,1,20.0,13.3,1.4,63.8,3.4,0,0,0,1,0,0,2,8,2.0
0,3,7.6,0,55,68,1,2,1,46.6,42.7,5.2,86.0,4.8,1,1,0,0,0,0,1,8,5.3
0,5,8.4,0,81,68,2,3,2,71.3,49.7,7.3,86.0,4.2,1,1,3,2,1,1,1,7,7.7
1,6,8.0,0,78,83,2,3,1,73.4,64.0,7.4,90.0,4.8,1,1,2,2,1,1,1,2,8.3
1,0,8.0,0,62,64,1,1,0,40.2,16.2,2.5,70.0,4.3,0,0,0,0,0,1,0,1,4.8
1,2,8.1,0,70,62,1,1,1,43.8,34.7,1.9,74.0,4.5,0,0,0,0,0,0,0,3,6.3
1,0,8.2,0,71,81,1,3,2,63.9,62.1,7.9,90.0,4.4,1,1,3,2,1,0,0,1,6.8
1,4,8.2,0,68,68,0,1,2,44.3,30.9,0.3,77.0,4.3,0,0,0,0,0,1,1,3,6.0
0,0,7.5,1,71,72,1,2,0,52.0,32.1,3.5,62.0,3.9,0,0,0,0,0,0,1,1,4.4
1,4,6.6,0,55,69,1,2,0,25.3,27.5,5.8,60.0,4.7,1,1,0,0,0,0,1,4,2.4
1,2,8.7,0,58,73,1,1,2,53.4,36.1,1.6,80.0,3.6,0,1,2,3,1,1,1,5,6.3
1,4,7.6,0,59,70,1,1,1,34.2,31.1,3.1,60.0,4.4,0,1,0,0,0,1,1,5,5.3
1,0,7.6,1,69,84,1,3,0,51.6,39.6,7.3,82.0,4.8,1,1,3,2,1,0,1,3,6.1
0,3,8.2,0,84,80,1,2,0,59.6,59.5,6.3,90.0,4.3,1,0,2,2,1,1,1,4,8.6
0,7,7.5,0,89,85,0,2,2,46.2,39.1,5.8,90.0,4.3,0,1,1,3,1,0,1,6,6.2
1,0,6.5,0,64,72,0,2,0,21.8,22.9,2.4,73.0,3.7,0,1,0,0,0,0,1,1,2.6
1,2,8.3,0,85,86,1,2,0,53.3,51.7,4.9,82.0,4.6,1,1,1,3,1,0,1,8,7.1
1,3,8.2,0,85,78,2,3,2,68.5,45.7,8.2,90.0,4.8,1,0,2,2,1,1,2,6,7.7
0,6,8.4,0,81,84,2,3,3,72.6,64.4,6.8,90.0,4.8,1,1,1,3,1,1,1,1,7.6
1,7,7.6,0,77,71,1,3,3,48.7,35.8,4.7,84.0,4.5,0,1,2,2,1,0,1,7,5.5
1,0,8.7,0,83,86,1,3,2,72.3,63.9,6.3,85.0,4.1,1,1,0,0,0,1,0,5,9.7
0,7,8.6,1,74,83,2,3,2,74.4,53.5,5.8,81.4,4.6,1,1,4,1,1,1,0,2,7.1
1,2,7.7,0,84,88,2,3,2,58.9,51.5,9.2,90.0,4.8,1,1,0,0,0,0,1,6,5.9
1,6,7.6,2,57,64,1,2,1,55.9,46.6,6.4,77.9,4.2,0,1,0,0,0,0,2,2,4.5
1,6,8.5,0,55,72,2,1,1,58.8,47.4,6.1,80.9,4.8,1,0,1,3,1,1,0,0,6.9
0,11,7.5,0,88,86,2,3,0,50.3,29.9,8.6,89.8,4.7,1,0,4,2,1,1,1,8,3.8
0,3,8.2,0,81,63,1,1,0,48.7,37.3,2.8,79.0,4.5,1,1,3,2,1,1,2,6,4.9
1,2,7.8,0,72,84,1,3,0,53.5,56.5,6.7,89.0,4.0,0,1,4,1,1,1,1,8,5.7
1,8,7.4,1,66,73,1,0,0,27.2,14.3,1.9,71.0,4.1,0,1,0,0,0,1,1,7,4.0
1,6,6.6,2,55,69,2,1,0,36.2,32.6,4.7,62.5,3.5,0,1,0,1,0,0,1,2,3.0
1,0,8.2,0,76,82,2,3,1,72.0,57.5,8.9,90.0,3.9,1,1,2,2,1,1,1,1,7.8
1,6,6.9,0,76,63,2,1,0,31.4,32.4,5.6,82.0,4.2,1,1,0,0,0,0,2,9,5.1
1,2,6.6,0,56,69,1,1,0,20.0,16.0,1.8,73.0,3.4,0,0,0,0,0,0,0,0,2.7
1,6,8.2,0,69,88,2,3,1,71.0,65.6,9.0,89.4,4.3,1,0,3,0,1,1,2,5,9.2
0,6,7.6,1,69,62,2,2,1,43.2,40.3,4.8,78.2,4.1,1,1,0,0,0,0,0,0,6.4
0,4,8.2,0,79,68,1,3,1,63.7,51.1,6.5,88.0,3.9,0,0,0,0,0,1,2,6,7.8
1,2,7.7,0,76,84,0,3,2,44.4,32.1,6.8,90.0,4.8,1,1,2,3,1,0,2,4,6.3
1,2,6.5,1,64,69,0,2,0,20.0,28.1,3.8,69.0,4.5,0,0,0,0,0,0,2,7,2.0
1,3,6.5,0,55,75,0,2,0,25.5,23.2,1.4,69.0,3.6,0,1,0,0,0,0,2,0,3.1
1,4,7.2,0,55,72,1,2,1,37.5,29.4,4.4,74.0,3.7,0,0,0,0,0,1,2,0,4.1
1,4,8.6,0,81,69,2,3,2,77.1,56.1,7.2,80.0,4.4,1,1,2,2,1,1,0,2,9.0
1,4,7.4,0,77,88,1,2,2,38.1,34.4,6.2,80.0,3.9,0,1,2,2,1,1,0,3,4.7
1,6,8.4,1,77,85,2,3,2,80.7,69.3,7.0,90.0,4.8,1,1,3,2,1,0,1,4,8.2
0,5,6.6,0,67,72,0,1,2,20.0,8.7,3.7,81.0,4.3,0,1,0,0,0,0,1,1,2.5
0,11,8.6,0,75,88,2,3,2,82.1,57.4,6.4,89.8,4.8,1,1,1,1,1,1,1,8,9.6
1,7,7.6,0,63,70,2,0,0,38.3,26.4,3.9,73.3,4.5,0,0,0,1,0,1,2,2,5.2
0,2,6.7,1,61,67,2,1,1,20.0,31.1,1.4,75.0,4.6,0,0,0,0,0,1,2,8,2.9
0,6,7.6,0,89,87,0,3,2,48.4,44.2,6.5,90.0,4.3,0,1,2,3,1,1,2,1,5.5
0,9,6.8,0,55,69,0,2,0,23.6,8.4,5.5,69.9,4.2,1,0,1,0,0,0,1,2,3.5
0,4,8.3,0,57,71,1,2,0,53.3,54.0,3.8,73.0,3.6,0,1,0,0,0,0,2,0,7.6
0,6,6.5,0,56,62,1,3,2,31.1,31.8,3.8,83.9,4.0,0,1,0,1,0,0,2,2,3.0
0,6,8.9,0,84,83,0,2,3,77.4,55.0,8.5,90.0,4.6,1,1,4,1,1,1,2,2,7.6
0,2,6.6,2,61,68,1,1,1,20.0,17.5,2.9,69.0,4.5,0,1,0,0,0,0,2,6,2.4
1,9,7.4,0,56,67,1,1,1,30.7,3.8,1.8,79.8,4.4,1,1,0,0,0,0,1,8,4.0
0,5,6.6,0,55,70,0,1,1,20.0,14.8,1.1,81.0,3.5,0,1,0,0,0,0,0,6,3.2
1,3,8.7,0,70,80,2,3,0,75.4,60.4,6.3,86.0,4.8,1,1,3,1,1,1,2,7,8.2
1,0,8.6,0,71,68,1,2,1,70.2,40.1,4.3,90.0,4.2,0,1,4,1,1,1,2,2,8.1
0,7,8.4,1,62,79,0,3,2,75.0,58.7,5.9,82.8,4.4,1,1,0,1,0,1,2,4,9.0
0,3,8.2,0,80,81,1,3,2,64.9,55.2,5.3,90.0,4.8,1,1,2,2,1,1,2,9,6.3
1,0,8.4,0,67,82,2,3,2,70.0,58.5,8.2,90.0,4.8,1,1,2,3,1,1,2,4,9.2
0,2,8.2,1,85,83,2,3,2,70.1,65.1,5.9,90.0,4.8,1,1,2,3,1,1,2,5,9.2
1,10,7.6,0,55,66,0,2,1,25.7,20.4,2.6,78.2,4.0,0,1,0,1,0,1,2,8,4.1
0,5,8.2,0,87,86,2,3,2,65.0,55.2,6.9,87.0,4.6,1,0,2,2,1,0,2,1,7.3
1,6,8.1,0,81,85,2,3,2,65.7,61.5,6.9,90.0,4.8,1,1,3,1,1,1,1,9,7.4
1,0,8.7,0,79,85,2,3,2,79.1,57.1,5.6,90.0,4.8,1,1,2,3,1,0,0,2,9.2
0,11,8.7,0,86,80,1,3,1,73.8,53.2,6.2,73.2,4.4,1,1,2,3,1,1,0,4,8.9
1,6,7.6,1,64,71,1,1,1,40.2,27.6,2.1,73.2,4.2,0,0,1,0,0,0,1,0,3.8
0,5,8.7,0,81,80,1,3,1,74.3,61.0,6.5,90.0,4.0,1,1,2,3,1,1,2,8,8.2
1,10,7.8,0,55,57,0,2,0,33.9,24.5,3.3,60.1,3.8,0,0,0,0,0,0,2,6,4.7
1,3,7.1,1,77,83,2,1,1,36.4,48.6,1.8,81.0,4.6,1,1,0,0,0,0,1,6,6.0
0,4,7.7,0,55,71,1,1,1,32.8,39.3,1.2,82.0,3.8,0,0,0,0,0,0,1,5,5.5
0,6,8.0,0,78,88,2,3,1,71.8,56.6,7.2,90.0,4.8,1,1,1,3,1,1,1,8,6.8
1,5,6.6,0,59,70,1,1,0,22.2,23.4,1.7,63.0,3.7,0,0,0,0,0,0,2,8,2.4
0,0,6.9,0,70,60,1,1,0,26.1,27.0,2.5,67.0,3.8,0,0,0,0,0,1,1,5,3.9
1,3,8.3,0,65,83,2,3,2,76.1,64.3,8.1,77.0,4.2,1,1,0,0,0,1,0,5,8.5
1,0,7.6,0,67,62,1,3,1,55.7,49.5,8.6,86.0,4.6,1,1,0,0,0,1,1,4,4.7
1,8,6.9,0,55,70,0,0,1,20.0,22.0,2.9,86.1,3.8,0,1,0,3,1,0,1,4,2.3
0,5,6.5,1,55,75,0,1,0,20.0,19.7,1.8,61.0,3.7,0,0,0,0,0,0,1,0,3.5
1,6,7.5,2,73,63,2,2,0,44.2,36.7,3.3,86.7,4.2,0,1,0,1,0,0,2,5,5.9
0,7,8.5,0,79,83,0,3,0,62.4,44.6,6.8,72.8,4.8,1,1,3,3,1,0,2,7,6.7
1,7,6.5,2,77,61,1,1,3,22.1,21.1,1.4,71.2,3.5,0,0,0,0,0,0,0,0,3.1
1,6,8.1,1,69,84,2,3,0,72.5,69.1,6.7,79.1,4.0,0,1,1,0,0,1,0,2,9.7
0,10,6.7,2,56,67,0,0,0,20.0,9.2,2.5,77.9,3.5,0,1,0,0,0,0,1,4,2.2
0,2,7.7,0,64,68,0,1,2,31.4,25.0,2.0,86.0,4.5,1,1,0,0,0,0,1,0,3.4
1,8,7.8,1,78,77,1,3,3,49.5,49.9,7.5,82.4,4.8,1,0,3,3,1,1,1,8,6.6
0,0,7.6,0,55,67,1,1,1,35.0,22.0,1.4,67.0,3.5,0,0,0,0,0,0,0,5,4.8
1,11,7.8,0,55,69,1,1,0,50.4,54.1,3.3,74.2,4.3,0,0,0,0,0,1,0,2,7.3
1,2,7.6,0,55,62,1,2,1,49.3,40.7,3.4,73.0,3.7,0,1,0,0,0,0,2,8,5.9
0,5,7.7,0,68,68,1,2,1,45.6,36.6,5.5,69.0,3.3,1,1,0,0,0,1,0,5,5.7
0,9,7.4,0,57,66,1,1,1,26.1,30.7,1.6,77.6,3.7,1,1,0,0,0,0,2,7,2.2
0,0,6.8,1,64,80,1,3,2,36.6,29.5,6.1,83.0,4.7,1,0,0,0,0,0,1,3,4.1
0,3,7.4,0,55,62,1,1,1,33.8,27.8,2.3,81.0,4.1,1,0,0,0,0,0,1,4,4.2
1,2,7.9,0,71,87,2,3,3,63.7,47.2,8.5,78.0,4.5,1,1,2,2,1,1,0,8,6.3
1,7,6.9,1,81,78,0,2,0,35.3,40.4,4.8,90.0,3.8,1,1,2,2,1,1,0,4,4.2
1,5,6.8,0,59,65,2,2,0,25.1,24.4,4.3,76.0,4.2,0,1,0,0,0,0,1,1,3.1
0,3,7.5,1,73,66,0,1,0,27.8,29.2,0.0,71.0,4.1,0,1,0,0,0,0,2,7,4.4
1,7,6.6,1,63,70,2,2,1,22.5,19.4,2.0,77.6,3.9,1,1,0,1,0,1,2,7,3.5
1,0,8.5,0,55,72,2,1,0,53.3,43.7,5.5,79.0,4.8,1,0,1,3,1,1,0,2,6.8
1,7,8.7,1,55,64,1,2,0,62.4,47.9,5.4,83.0,4.6,1,1,4,3,1,0,0,1,8.8
1,10,6.8,0,55,66,2,2,3,20.3,29.6,2.5,70.4,4.0,0,1,1,0,0,0,0,8,3.6
0,6,8.2,0,63,77,0,0,0,53.1,31.9,3.4,83.0,4.4,1,0,2,2,1,0,2,8,6.7
1,3,8.0,0,90,87,2,3,2,63.4,46.4,6.5,90.0,4.8,1,1,1,3,1,0,1,7,7.4
0,6,6.5,0,60,69,1,1,0,24.7,9.4,4.6,69.8,3.4,0,0,0,0,0,0,0,2,3.4
1,4,8.4,0,81,81,2,3,2,71.1,53.8,6.3,90.0,4.8,1,1,3,2,1,1,2,4,8.4
1,6,8.8,0,72,82,0,2,2,76.5,67.5,8.2,85.6,4.2,1,1,3,0,1,1,2,4,10.4
1,4,8.4,0,73,85,1,3,0,76.4,79.9,7.3,78.0,3.7,0,1,3,2,1,0,1,0,10.1
0,1,8.1,0,73,87,2,3,2,65.7,60.1,6.1,87.0,4.7,1,0,3,2,1,1,0,2,8.2
0,2,8.4,0,85,87,2,3,2,69.5,56.4,7.1,90.0,4.8,1,1,2,2,1,1,1,8,7.3
1,0,6.8,1,55,67,1,2,2,36.5,34.7,5.0,70.0,3.8,0,1,0,0,0,1,0,1,5.6
1,4,7.6,0,60,87,1,1,2,37.2,21.1,1.9,85.0,4.3,0,1,2,3,1,0,1,4,4.3
0,4,6.5,0,56,68,0,1,0,20.0,23.0,0.6,72.0,4.1,0,0,0,0,0,0,2,2,2.6
1,1,7.9,0,78,88,2,3,1,66.4,46.7,6.7,70.0,4.5,1,0,0,0,0,1,0,8,5.7
0,0,8.6,0,82,85,1,3,2,62.9,52.4,6.2,86.0,4.7,1,1,3,1,1,1,2,2,9.2
1,5,8.6,0,86,84,2,3,3,82.0,54.2,7.7,83.0,4.6,1,0,0,0,0,1,1,9,9.7
0,2,8.3,0,87,84,0,3,2,54.1,60.1,7.8,90.0,4.8,1,1,1,3,1,1,2,8,8.1
1,2,7.9,0,69,81,1,3,3,60.5,47.8,6.0,83.0,4.7,1,1,3,2,1,1,0,7,7.0
1,11,6.5,2,56,68,2,0,0,27.1,42.1,0.1,72.3,4.0,0,0,1,0,0,0,1,2,4.0
1,10,7.5,0,55,72,1,1,1,40.6,43.7,2.4,70.4,4.0,0,0,0,0,0,0,0,4,5.2
1,0,6.6,2,57,70,1,2,1,21.6,15.1,6.9,66.0,4.6,1,0,0,0,0,0,2,7,2.6
1,7,7.4,1,86,69,1,1,1,32.9,32.8,1.3,85.0,4.3,0,1,0,0,0,0,0,6,3.6
1,6,7.6,1,56,75,1,2,0,44.6,44.2,5.9,70.0,4.2,1,1,0,1,0,1,1,6,5.8
0,4,7.4,0,88,86,1,1,2,26.4,32.9,4.0,86.0,4.6,1,0,0,0,0,0,2,5,4.1
0,6,8.6,0,74,88,2,3,2,77.4,75.0,7.1,90.0,4.8,1,1,4,1,1,1,2,1,10.0
0,9,7.7,0,55,63,0,1,1,35.0,26.2,3.7,64.9,4.3,0,1,0,0,0,0,1,9,5.3
1,4,6.6,2,55,64,1,1,1,23.0,19.0,0.1,60.0,4.0,0,0,0,0,0,0,1,0,2.5
1,3,7.5,0,55,72,0,1,2,32.0,41.9,0.0,74.0,4.0,0,1,0,0,0,0,1,8,5.1
1,6,7.8,0,87,82,2,3,1,61.7,35.7,6.2,90.0,4.6,1,1,0,1,0,1,1,0,5.6
1,7,8.3,1,73,85,1,2,2,70.5,59.4,4.8,90.0,4.7,0,1,1,0,0,1,1,0,9.6
1,7,8.4,0,57,69,1,1,3,62.9,38.5,4.7,79.9,4.8,1,1,1,0,0,0,0,0,8.3
1,10,7.7,0,81,85,2,2,0,47.4,47.9,6.7,87.9,4.8,1,0,3,1,1,1,1,9,6.8
0,4,8.1,0,73,83,2,3,0,65.6,62.7,7.4,86.0,4.5,0,1,4,1,1,0,0,0,7.4
1,10,6.6,1,70,70,2,2,1,20.0,25.2,1.0,62.2,3.4,0,1,1,1,0,0,1,7,2.6
1,3,7.6,0,55,84,1,2,0,44.4,31.2,3.9,79.0,4.2,0,0,0,0,0,0,1,8,6.0
0,5,7.6,0,63,76,1,2,1,47.3,29.9,3.6,64.0,3.7,0,1,2,3,1,0,0,8,4.5
0,3,8.2,1,75,82,1,2,3,48.1,39.8,3.0,68.0,4.4,1,1,1,3,1,0,2,6,5.4
1,2,7.6,0,56,85,0,1,2,25.9,7.8,2.4,79.0,4.8,1,1,2,2,1,0,2,8,3.3
1,2,6.7,1,67,63,0,1,0,20.0,24.2,2.8,82.0,3.8,0,0,0,0,0,0,1,8,2.5
1,2,8.8,0,83,86,2,3,2,75.1,60.7,6.2,90.0,4.8,1,1,2,3,1,0,2,0,9.3
0,11,7.7,1,68,88,1,3,2,56.0,36.8,7.7,86.0,4.7,1,1,4,2,1,1,1,5,5.2
0,5,7.7,0,55,68,1,1,1,39.0,34.3,0.9,67.0,3.7,0,0,0,0,0,0,0,0,4.4
1,6,8.5,1,83,85,1,3,1,82.3,62.3,7.3,90.0,4.8,1,1,4,2,1,1,0,8,7.9
1,2,6.6,2,78,73,0,3,0,37.4,24.4,7.1,84.0,4.8,1,1,2,3,1,0,1,4,2.4
0,2,8.4,0,85,82,2,3,2,78.3,54.7,5.9,88.0,4.8,1,1,3,2,1,0,1,8,7.8
1,6,8.5,0,86,85,2,3,0,71.7,60.4,8.2,88.7,4.6,1,1,3,2,1,1,2,1,7.8
1,4,7.5,0,55,74,1,1,0,32.0,25.1,2.8,61.0,3.9,0,0,0,0,0,0,1,0,5.4
0,0,6.5,2,70,71,1,1,1,20.0,22.3,2.6,60.0,4.0,0,0,0,0,0,0,1,0,2.5
1,0,8.5,0,89,86,1,1,2,47.4,45.6,1.6,83.0,4.3,1,1,2,2,1,1,1,1,6.0
0,3,6.5,1,61,70,1,1,0,24.1,19.9,2.4,65.0,4.3,0,0,0,0,0,0,1,6,4.5
1,2,8.5,0,77,59,1,1,1,53.8,42.8,4.3,81.0,4.7,1,1,4,1,1,1,2,8,6.6
0,5,8.2,0,83,80,1,3,2,63.3,57.3,8.1,90.0,4.7,1,1,1,3,1,1,2,8,7.2
1,3,8.0,0,79,78,1,3,0,54.6,32.4,7.6,79.0,4.3,1,1,0,0,0,1,2,8,7.6
0,2,8.0,0,80,87,2,3,2,64.9,39.8,6.2,89.0,4.6,1,1,3,1,1,1,1,8,7.1
1,3,7.6,0,55,68,2,1,1,44.7,34.2,2.7,65.0,4.4,0,1,0,0,0,0,1,4,5.2
1,0,7.6,0,74,69,0,2,0,42.6,35.1,3.4,84.0,4.2,0,0,0,0,0,0,1,4,6.0
1,8,7.3,0,67,62,1,3,0,34.6,30.3,5.5,77.0,4.2,0,0,0,0,0,0,2,8,3.3
0,10,6.6,0,60,60,1,1,0,21.7,20.4,1.1,67.6,4.4,1,0,1,0,0,0,1,7,2.0
1,2,8.6,0,80,85,2,3,2,79.0,81.3,8.7,90.0,4.8,1,1,0,0,0,1,1,4,10.2
0,0,8.0,0,82,83,1,3,1,63.6,59.7,8.3,89.0,4.5,1,1,2,2,1,1,0,4,6.8
1,11,7.5,0,55,64,0,0,0,30.1,31.1,3.4,64.0,3.3,0,1,1,0,0,0,1,7,5.5
1,6,7.4,0,72,68,2,1,1,38.2,28.0,3.2,82.4,4.1,1,1,0,1,0,1,0,9,4.8
0,5,7.7,0,66,72,1,2,0,47.9,39.3,5.4,79.0,4.1,1,1,0,0,0,0,2,8,7.3
1,0,7.7,0,66,82,1,1,1,39.1,36.5,2.0,82.0,4.6,1,1,0,0,0,0,0,8,6.2
0,10,8.5,1,84,83,1,3,2,66.1,63.3,5.5,89.7,4.8,1,1,4,1,1,0,1,9,7.5
1,0,8.1,0,80,84,1,3,2,60.6,47.0,5.5,90.0,4.7,1,1,3,2,1,0,1,0,6.6
0,7,7.5,1,79,87,1,2,0,52.9,41.1,7.4,90.0,4.6,1,1,2,3,1,0,1,3,5.1
0,6,7.9,0,61,86,0,2,0,52.5,55.6,4.1,81.6,3.6,0,0,0,0,0,1,1,2,6.4
1,4,7.5,0,55,69,0,2,1,36.3,39.2,3.5,70.0,4.4,0,1,0,0,0,0,2,3,5.2
1,1,7.5,0,66,74,1,1,0,30.4,20.5,1.7,71.0,4.1,0,1,0,0,0,0,0,0,5.1
1,2,8.0,0,75,73,2,1,0,52.8,44.3,1.5,83.0,4.4,0,1,3,2,1,1,1,8,5.9
0,5,8.1,0,73,69,1,1,1,49.7,62.5,1.4,86.0,4.5,0,1,0,0,0,1,0,8,8.1
1,2,7.5,0,55,62,2,2,0,40.5,35.7,2.7,73.0,3.3,0,0,0,0,0,1,1,2,4.6
1,2,8.1,0,66,86,1,3,3,66.7,55.1,9.0,89.0,4.8,1,1,3,2,1,1,2,2,7.0
1,1,7.7,0,66,75,2,1,0,39.5,42.9,4.2,85.0,4.4,1,0,4,1,1,0,1,8,5.3
1,3,7.5,2,61,70,0,1,0,36.6,28.5,1.2,75.0,3.7,0,0,0,0,0,0,2,7,3.9
1,4,7.4,0,57,66,1,2,0,43.9,41.5,1.3,73.0,3.3,0,1,0,0,0,0,1,5,6.1
1,2,6.5,1,73,82,0,1,2,20.0,38.8,3.9,77.0,3.6,0,1,2,3,1,1,1,7,3.2
0,4,7.9,0,61,62,0,1,0,32.7,31.8,1.1,60.0,3.1,0,0,0,0,0,0,2,4,5.8
0,5,7.3,2,59,80,1,2,1,35.1,25.1,3.1,67.0,4.6,0,0,0,0,0,0,0,8,5.1
0,0,7.6,0,55,68,1,1,0,41.3,27.9,2.6,89.0,4.2,0,1,0,0,0,0,2,7,4.8
1,0,8.6,0,85,84,1,3,2,71.9,65.7,8.0,90.0,4.6,1,1,4,1,1,0,1,5,8.7
1,4,7.4,2,55,68,2,1,1,37.7,32.5,2.1,78.0,4.3,0,0,0,0,0,0,1,0,5.2
1,0,8.3,0,81,81,2,3,2,72.2,74.4,6.6,90.0,4.8,1,1,3,1,1,0,2,5,9.2
1,7,7.4,1,57,63,1,3,0,50.3,39.9,2.3,73.3,4.4,0,1,0,1,0,0,1,7,5.5
0,11,8.3,0,76,84,1,2,1,68.8,46.6,6.4,88.7,4.2,1,1,3,1,1,1,2,2,7.5
1,7,8.8,1,70,80,1,3,2,84.4,64.3,6.3,90.0,4.8,1,1,3,1,1,1,2,0,9.8
0,10,7.5,0,56,68,1,2,1,28.5,35.8,2.7,63.4,3.5,0,0,1,0,0,1,0,2,5.6
0,0,7.8,0,74,69,2,3,0,58.0,39.0,6.4,88.0,4.5,0,1,3,2,1,1,1,2,6.8
1,3,6.5,0,64,71,1,1,0,20.0,17.6,2.7,72.0,4.0,0,0,0,0,0,0,2,5,2.2
0,2,7.8,0,83,75,1,2,0,48.1,43.7,5.1,73.0,4.5,1,1,0,0,0,1,0,7,7.4
1,0,6.5,1,56,85,1,2,0,25.9,27.6,2.2,78.0,3.8,0,0,0,0,0,0,2,1,3.7
1,1,8.7,0,78,71,2,2,0,71.7,51.5,4.9,89.0,4.5,0,1,3,2,1,1,0,7,8.8
0,3,8.1,0,83,72,1,3,2,55.0,53.9,7.4,80.0,4.4,1,1,0,0,0,0,0,7,7.7
0,4,7.9,0,60,86,0,2,0,48.1,52.3,3.6,80.0,3.6,0,0,0,0,0,0,1,4,6.1
1,2,8.5,1,79,80,2,3,0,84.9,55.1,7.3,89.0,4.8,1,1,3,1,1,1,2,4,7.6
0,0,8.2,0,71,88,2,3,2,72.5,60.3,5.5,90.0,4.8,1,1,1,3,1,1,2,0,8.2
1,10,7.6,2,55,75,0,0,0,20.0,15.8,1.1,72.2,4.5,0,1,0,1,0,0,1,1,3.4
1,0,6.7,0,55,63,0,1,0,20.0,18.8,3.5,80.0,3.1,0,1,0,0,0,0,0,5,3.4
1,3,6.7,0,55,84,2,1,2,26.8,32.9,1.7,85.0,3.5,1,1,0,0,0,0,1,8,4.5
1,0,7.5,0,55,71,0,1,0,27.4,32.3,2.5,64.0,3.7,0,1,1,3,1,0,1,0,4.0
0,2,8.3,0,79,86,1,3,1,67.3,59.7,6.6,88.0,4.8,1,1,2,2,1,1,1,7,6.8
1,2,7.8,0,55,67,2,1,1,43.6,36.0,0.4,77.0,4.2,0,0,0,0,0,0,1,8,5.4
1,6,8.0,1,72,70,0,0,0,57.3,47.2,1.8,83.1,4.2,1,1,0,0,0,0,1,2,9.0
0,1,6.5,0,79,81,1,1,2,20.0,29.1,4.3,90.0,4.0,1,1,3,2,1,0,1,8,2.6
0,3,7.5,0,63,72,0,1,1,29.3,29.3,1.3,67.0,3.6,0,0,0,0,0,0,0,8,4.6
1,3,8.2,0,81,81,2,3,2,68.3,59.2,6.6,90.0,4.8,1,1,1,3,1,1,2,4,7.9
1,2,6.5,1,55,82,1,3,2,26.9,33.9,6.3,78.0,4.3,1,1,0,0,0,1,0,2,4.1
1,6,8.2,0,85,87,2,3,2,77.3,60.6,7.6,90.0,4.8,1,1,2,1,1,1,2,2,8.7
0,6,7.8,0,82,80,2,2,3,64.4,55.0,4.4,90.0,4.7,1,1,3,1,1,1,1,2,6.6
1,4,7.9,0,80,75,1,1,2,45.0,43.6,2.1,87.0,4.2,0,1,0,0,0,0,0,3,6.4
0,3,6.7,0,69,68,1,1,1,20.0,23.8,1.3,64.0,4.2,0,1,0,0,0,0,2,8,3.0
1,2,6.5,1,55,66,1,1,0,20.0,21.3,1.3,80.0,4.4,1,1,0,0,0,0,1,4,2.0
0,2,7.3,1,58,67,1,2,0,32.7,24.0,3.9,71.0,4.4,0,1,0,0,0,0,2,8,3.8
1,2,8.3,0,70,82,1,3,2,66.3,39.1,8.7,90.0,4.8,1,1,3,2,1,1,1,8,5.4
1,0,6.6,0,59,68,2,2,0,26.2,30.9,3.2,73.0,4.1,0,0,0,0,0,1,1,1,2.6
1,5,6.5,2,63,67,0,1,0,20.0,19.2,1.7,75.0,3.7,0,1,0,0,0,0,1,8,2.3
1,7,8.5,0,77,80,2,3,2,71.7,46.1,4.3,90.0,4.3,1,0,4,0,1,1,1,4,7.1
0,6,7.8,1,76,83,2,3,1,51.6,25.0,8.0,83.6,4.8,1,1,2,3,1,1,1,9,5.2
1,0,8.6,0,72,86,2,3,2,74.3,60.1,6.9,84.0,4.8,1,1,3,1,1,1,1,1,9.1
1,3,7.0,0,78,84,1,3,1,36.7,31.5,5.9,77.0,4.2,1,1,2,3,1,0,1,8,3.9
0,9,7.6,1,55,59,2,2,1,39.9,28.2,2.0,77.2,3.4,0,0,0,0,0,0,0,7,5.7
1,3,7.8,1,55,69,2,2,0,54.0,42.9,4.7,73.0,4.2,0,1,0,0,0,0,2,8,5.3
1,0,8.7,0,79,79,2,1,3,62.0,30.9,2.1,73.0,4.6,1,1,3,1,1,1,1,7,7.3
1,8,8.3,0,72,71,2,3,3,60.8,31.6,7.2,71.4,4.8,1,1,0,0,0,1,2,7,8.4
1,3,8.8,0,71,79,2,2,2,63.7,60.9,4.0,90.0,4.7,1,0,4,1,1,0,1,8,9.6
0,9,8.3,0,75,85,2,3,2,77.8,52.4,8.7,82.0,4.6,1,1,3,2,1,1,1,1,8.0
0,4,7.8,0,62,69,0,1,0,42.2,39.5,3.3,71.0,3.8,1,0,0,0,0,0,1,6,5.8
1,9,6.7,0,86,82,0,3,2,31.9,38.4,6.9,87.1,4.1,1,1,3,1,1,1,2,8,3.3
1,1,7.4,1,77,69,1,2,0,36.7,29.5,2.1,70.0,4.1,1,0,0,0,0,0,2,3,5.8
1,2,6.8,0,64,64,1,1,0,24.1,26.6,1.8,77.0,4.2,1,1,0,0,0,0,1,8,3.9
0,3,8.2,0,76,81,1,2,0,48.1,42.1,3.5,88.0,4.3,0,0,2,2,1,1,1,8,5.1
1,0,8.6,0,69,62,1,1,0,54.6,38.8,4.1,65.0,3.7,1,0,0,0,0,1,2,1,9.2
0,4,8.2,0,55,73,1,3,0,67.8,57.2,5.4,77.0,4.3,0,0,0,0,0,0,0,1,7.9
1,2,8.4,0,68,83,1,1,2,47.9,50.4,2.7,84.0,4.0,1,1,0,0,0,1,1,1,8.2
0,5,6.5,0,60,60,1,1,1,20.0,19.2,1.2,68.0,4.4,1,0,0,0,0,0,2,5,2.0
1,7,8.3,0,79,75,1,3,2,65.8,52.2,6.7,80.3,4.5,1,1,3,1,1,1,1,7,8.0
1,0,8.2,0,75,80,2,3,2,67.6,61.3,5.7,90.0,4.8,1,0,2,2,1,0,1,2,7.8
1,0,7.3,0,79,84,2,3,2,46.0,29.9,7.4,90.0,4.5,1,1,1,3,1,0,2,5,4.1
1,0,8.2,0,79,61,1,1,0,48.4,38.7,2.9,86.0,4.6,0,1,0,0,0,0,0,7,7.4
0,5,7.4,0,70,81,0,3,0,45.1,35.0,7.5,78.0,4.4,1,1,1,3,1,1,1,8,4.5
0,2,7.4,1,76,67,2,1,2,41.8,31.9,2.1,70.0,4.3,0,1,0,0,0,1,1,7,4.9
1,0,8.7,0,78,85,2,3,2,73.3,55.2,6.4,90.0,4.8,1,1,3,1,1,1,2,5,9.6
1,6,7.7,0,79,67,1,2,0,55.9,45.6,5.5,81.1,4.7,1,1,1,3,1,1,1,1,5.6
1,5,7.6,0,78,60,1,1,2,37.5,33.2,1.8,78.0,4.2,0,0,0,0,0,1,1,8,4.6
1,1,8.2,0,77,83,0,3,0,57.9,44.3,8.1,87.0,4.8,1,1,2,2,1,1,1,8,8.5
1,0,7.6,0,55,68,1,2,0,44.9,49.9,4.4,66.0,3.8,1,0,0,0,0,1,0,4,6.6
0,7,8.5,0,74,85,1,3,3,74.1,55.8,5.7,90.0,4.6,1,1,2,1,1,1,0,4,9.0
1,0,8.8,0,75,84,1,3,3,76.2,64.2,7.6,90.0,4.8,1,1,0,0,0,1,0,0,10.3
0,11,7.7,0,61,69,2,0,0,21.4,28.3,0.1,84.0,4.8,1,1,3,2,1,0,0,8,3.6
1,10,6.8,0,55,69,1,1,0,20.0,26.0,2.0,69.8,4.6,1,0,0,0,0,0,0,7,3.1
1,4,7.4,0,55,67,1,1,1,28.8,25.8,2.4,67.0,4.5,0,0,0,0,0,0,1,5,4.6
0,7,7.6,0,62,63,1,2,1,35.2,28.6,2.3,73.5,4.2,1,1,0,0,0,0,1,5,4.6
0,8,8.4,0,62,73,0,2,0,40.0,33.6,2.5,88.4,3.9,0,1,2,0,1,1,0,8,7.1
1,8,8.0,0,74,68,2,2,0,38.4,29.1,2.0,80.6,4.2,0,1,0,0,0,0,1,6,5.4
1,4,8.4,0,80,85,2,3,2,69.7,58.7,7.5,90.0,4.8,1,1,1,3,1,1,0,4,8.0
1,2,7.4,0,63,68,2,1,0,35.5,35.2,0.8,61.0,3.9,0,0,0,0,0,0,1,8,4.9
0,4,8.0,0,75,82,0,1,0,37.1,36.5,1.8,81.0,4.5,0,0,0,0,0,1,2,4,6.3
1,3,8.3,0,70,84,2,3,2,71.3,50.9,9.0,90.0,4.6,1,1,2,2,1,1,1,8,7.2
0,11,7.6,0,56,66,0,1,1,32.6,21.3,2.8,65.1,4.2,1,1,1,0,0,1,0,2,3.7
1,7,6.9,1,55,66,2,1,0,22.2,17.4,2.5,79.5,4.0,0,0,1,3,1,0,1,5,2.2
1,0,8.2,0,79,86,2,3,2,63.5,59.8,6.8,90.0,4.8,1,1,1,3,1,0,1,0,9.1
1,11,6.8,0,58,75,1,0,0,26.5,32.1,3.5,82.2,4.6,0,1,3,1,1,0,1,8,2.5
0,4,6.9,0,71,83,2,1,0,30.7,44.1,2.1,78.0,4.8,0,1,0,0,0,0,2,2,4.1
0,10,8.2,0,81,81,1,1,1,55.1,48.7,5.2,71.7,4.3,1,1,0,0,0,0,1,8,7.3
1,5,7.0,0,57,61,1,1,0,20.0,20.7,2.4,74.0,4.5,0,0,0,0,0,0,0,6,3.7
1,7,7.5,0,79,82,2,3,2,54.6,37.1,5.8,90.0,4.7,1,1,3,2,1,1,1,8,7.4
1,0,7.7,0,57,80,2,1,2,35.2,42.7,1.1,79.0,4.6,1,1,3,1,1,0,2,1,3.6
1,10,8.3,1,78,88,0,3,2,58.7,48.0,6.1,89.8,4.8,1,1,1,3,1,1,1,8,7.8
1,9,6.6,1,67,66,0,2,1,28.3,23.8,8.0,71.0,3.3,1,1,1,3,1,1,2,8,4.0
1,9,6.7,0,57,70,2,2,0,25.0,17.3,2.8,84.7,4.0,0,1,0,0,0,0,2,7,3.8
1,0,7.7,0,73,77,0,3,0,41.0,28.3,6.8,88.0,4.8,1,1,2,2,1,0,0,2,4.5
1,0,7.5,0,55,70,0,2,0,28.1,32.1,5.7,67.0,3.1,0,0,0,0,0,1,0,2,5.3
1,4,7.6,0,56,68,1,1,0,26.3,35.5,1.2,67.0,3.6,0,1,0,0,0,0,1,0,4.4
1,0,7.4,0,55,70,1,1,1,31.1,36.8,0.7,66.0,3.5,0,1,0,0,0,0,1,3,4.6
1,0,8.0,0,79,84,1,3,3,58.7,35.4,7.7,85.0,4.7,1,1,0,0,0,1,1,2,5.8
1,2,8.6,0,85,81,1,3,2,70.6,61.8,7.5,90.0,4.6,1,1,3,2,1,1,1,2,9.5
1,6,7.4,0,62,82,2,2,0,47.3,27.0,5.9,73.8,4.4,1,1,2,2,1,0,2,3,6.0
1,0,8.4,0,71,85,2,3,2,62.9,51.4,8.8,90.0,4.8,1,1,3,2,1,0,1,5,6.6
1,8,6.5,2,56,65,1,1,0,20.0,23.7,3.4,66.6,3.8,0,0,1,0,0,1,2,8,2.0
1,1,6.8,0,55,64,0,2,0,20.1,30.4,4.5,80.0,4.3,1,0,3,2,1,0,2,7,2.9
0,4,7.7,0,80,82,1,3,0,55.2,63.7,5.5,71.0,4.2,0,1,0,0,0,1,0,0,7.9
1,5,7.6,0,79,85,1,1,0,34.9,21.0,2.2,79.0,4.2,0,1,0,0,0,1,0,8,3.4
1,6,6.5,1,65,60,0,3,2,23.1,30.2,7.1,76.7,4.5,1,0,1,1,0,0,0,2,3.4
1,0,7.7,2,55,62,0,0,1,22.9,16.0,0.4,78.0,3.7,1,1,0,0,0,0,2,0,4.5
1,6,8.2,0,86,77,0,2,0,68.8,68.1,7.6,90.0,4.4,1,1,2,3,1,1,1,1,8.3
1,2,7.5,0,66,73,1,2,1,36.8,22.9,3.9,84.0,4.4,0,0,0,0,0,0,2,8,4.9
0,7,8.2,0,87,83,2,2,1,65.4,57.3,6.3,90.0,4.8,1,1,2,3,1,1,1,7,7.8
0,3,7.6,0,80,69,1,1,2,31.2,30.9,4.1,90.0,4.8,1,1,0,0,0,1,1,0,4.6
1,4,7.7,0,82,81,2,3,2,51.4,43.5,7.2,90.0,4.8,1,1,3,2,1,1,2,7,6.1
0,3,8.3,0,72,81,1,2,0,53.1,47.7,4.7,70.0,4.3,1,1,0,0,0,0,1,6,8.0
0,2,7.4,0,58,71,1,2,0,37.4,29.4,4.5,69.0,4.1,0,0,0,0,0,0,2,5,4.9
1,10,8.8,0,86,83,2,3,3,74.3,52.7,6.2,81.3,4.2,1,1,4,2,1,0,1,9,9.0
1,5,8.0,0,61,87,1,3,2,60.8,60.0,6.2,82.0,4.8,0,1,2,2,1,0,0,8,6.8
0,0,6.8,0,78,67,1,1,1,20.0,33.8,2.3,73.0,3.9,0,1,0,0,0,0,0,9,3.6
1,0,7.8,1,74,87,1,2,1,47.5,34.2,6.5,77.0,4.5,1,1,1,3,1,0,1,7,5.5
1,2,8.0,0,71,74,1,1,2,51.1,42.2,2.4,83.0,4.4,1,0,0,0,0,0,2,8,7.2
0,0,7.7,0,74,74,1,1,1,30.8,34.8,2.4,68.0,4.2,0,1,0,0,0,1,1,2,5.7
1,11,7.3,0,57,75,0,3,2,44.2,24.0,6.2,70.3,3.8,1,0,1,2,1,1,1,8,5.4
1,3,7.3,0,55,72,1,1,0,32.2,32.4,3.5,68.0,4.3,0,0,0,0,0,1,0,9,5.2
1,11,6.6,0,90,63,1,1,0,22.1,26.7,4.4,70.9,4.5,1,0,0,1,0,1,1,2,2.3
0,6,6.7,0,56,62,0,2,2,22.8,19.9,1.7,74.3,4.2,0,1,0,0,0,0,2,1,2.0
1,0,6.5,0,84,83,2,2,2,27.2,30.2,3.3,85.0,4.4,1,1,4,1,1,0,1,2,2.6
1,11,7.4,1,60,69,2,2,1,41.6,37.3,3.9,76.1,4.4,0,1,0,0,0,0,2,8,4.5
1,6,8.1,1,76,85,0,2,2,50.9,31.1,5.2,86.0,4.2,1,1,0,0,0,0,0,2,6.2
1,11,8.8,0,72,76,1,3,2,76.0,64.9,5.8,90.0,4.8,1,1,2,3,1,1,0,8,8.9
1,9,8.0,1,65,61,0,3,1,50.5,29.4,5.4,90.0,4.1,1,1,2,1,1,0,1,8,5.2
1,2,6.6,1,55,71,0,1,0,20.0,14.8,2.5,68.0,4.8,0,0,1,3,1,0,1,0,2.6
1,11,7.5,0,60,69,1,2,1,54.0,40.9,3.7,71.2,3.8,0,1,0,0,0,1,1,8,5.8
0,4,6.7,1,65,60,0,1,0,20.0,16.7,0.4,69.0,4.5,0,0,0,0,0,0,2,4,2.3
1,2,8.3,0,87,85,1,2,1,59.7,46.0,6.8,70.0,4.8,1,1,2,2,1,1,0,4,7.0
1,5,6.9,1,62,76,1,3,0,44.4,53.7,6.5,81.0,4.6,1,1,2,3,1,1,2,8,4.9
1,1,8.2,0,73,70,1,3,2,65.9,37.2,7.2,71.0,4.8,1,1,0,0,0,0,0,0,8.3
1,2,8.5,0,79,88,2,2,2,63.8,44.2,5.6,81.0,4.8,1,1,3,2,1,0,2,4,8.0
1,2,8.4,0,74,84,2,3,0,75.5,55.7,6.4,74.0,4.3,1,1,0,0,0,1,1,5,9.1
1,6,8.6,0,77,73,2,2,0,75.6,45.4,6.2,89.1,4.7,1,1,0,0,0,1,1,3,9.2
0,11,6.8,0,55,61,0,1,0,24.4,15.6,2.5,67.7,3.6,0,0,0,0,0,0,0,4,2.7
0,2,6.9,0,85,85,2,2,2,33.8,16.3,5.9,90.0,4.8,0,1,2,3,1,0,2,0,4.2
1,1,6.6,0,55,66,1,1,0,20.0,23.5,1.8,90.0,3.9,0,1,0,0,0,0,2,8,3.4
0,7,8.0,1,77,87,1,3,1,59.2,56.1,7.1,90.0,4.4,1,1,1,3,1,1,1,0,7.1
0,0,7.5,0,59,63,0,1,0,28.6,20.1,1.1,68.0,3.6,0,0,0,0,0,0,1,9,4.2
1,8,6.6,0,68,70,1,1,0,20.0,31.6,3.4,61.2,3.0,0,0,0,0,0,0,1,0,2.3
1,2,7.5,1,55,67,0,1,2,26.2,25.2,0.7,73.0,3.9,0,1,2,3,1,1,1,6,3.0
1,7,7.6,0,77,83,1,2,1,55.3,51.6,5.3,76.1,4.3,1,1,1,2,1,1,1,6,7.2
1,2,8.3,0,73,80,2,3,2,68.5,61.7,8.0,85.0,4.8,1,1,0,0,0,1,1,7,9.2
1,6,8.3,0,76,84,1,1,1,60.3,57.2,5.6,78.2,4.1,1,1,3,3,1,1,2,1,7.8
0,0,8.4,0,76,67,1,2,1,54.2,40.1,3.6,87.0,4.7,0,1,0,0,0,1,1,9,7.8
1,0,7.7,0,55,85,0,1,2,30.5,22.5,1.6,78.0,4.6,0,1,3,2,1,0,1,2,4.1
1,2,7.3,1,55,72,1,2,1,35.4,44.5,4.6,69.0,4.3,1,0,0,0,0,1,2,0,6.0
1,2,7.6,2,55,70,1,1,1,32.0,28.0,3.5,70.0,4.4,1,1,0,0,0,0,0,4,5.6
1,10,8.4,0,82,83,1,1,0,45.4,46.2,2.1,76.4,4.7,0,1,2,1,1,0,0,9,7.0
0,0,7.5,2,60,77,1,2,1,40.0,26.8,5.4,73.0,4.8,1,0,0,0,0,0,2,0,4.6
1,4,6.5,1,55,67,1,1,1,20.0,19.0,2.4,67.0,4.3,0,0,0,0,0,0,0,4,2.9
0,9,7.3,0,72,69,1,3,1,35.7,33.5,7.3,79.3,3.3,0,1,0,1,0,0,0,8,3.1
1,2,7.4,0,55,67,1,1,0,33.7,21.0,3.4,73.0,4.1,0,1,0,0,0,0,1,1,3.8
0,1,7.8,2,57,82,1,2,1,39.7,43.2,5.9,80.0,4.2,1,1,0,0,0,1,2,2,5.2
0,3,7.6,0,81,84,2,3,2,48.4,30.9,6.9,90.0,4.8,1,1,3,2,1,1,0,7,4.6
1,2,8.1,0,84,83,0,3,3,54.0,50.8,4.8,88.0,4.3,0,1,3,2,1,1,1,9,4.5
1,0,7.5,1,55,67,1,1,1,43.5,37.5,1.9,65.0,4.5,0,0,0,0,0,0,0,9,6.1
1,11,7.8,1,59,62,1,2,1,38.8,41.6,2.1,62.0,3.9,0,0,0,0,0,0,1,8,6.0
1,4,8.7,0,83,86,1,3,2,77.9,62.4,7.0,88.0,4.8,1,1,4,1,1,1,1,4,8.7
0,3,8.2,0,83,83,2,3,2,66.3,52.2,8.1,88.0,4.7,1,1,2,2,1,0,0,8,7.8
0,7,8.3,0,80,80,1,3,3,84.1,64.8,7.0,81.8,4.6,1,0,0,0,0,1,2,5,9.4
1,9,7.7,0,71,79,1,1,1,38.3,28.9,4.8,72.4,4.2,1,1,0,0,0,1,1,8,5.1
0,11,8.3,1,70,69,0,3,1,67.4,64.3,7.3,85.2,4.8,1,1,3,3,1,1,2,6,8.3
0,2,8.2,0,85,84,0,3,2,68.3,67.9,8.7,89.0,4.3,1,0,2,3,1,1,2,1,8.1
1,2,6.7,0,65,58,1,2,1,28.2,19.2,3.1,89.0,4.4,0,1,0,0,0,0,2,7,3.6
1,6,6.6,0,55,63,1,2,0,24.6,22.5,3.5,66.5,3.2,1,1,0,0,0,1,2,9,3.0
0,7,7.4,0,63,70,1,2,0,46.4,42.4,5.6,74.2,3.9,0,1,0,0,0,1,1,4,4.9
0,9,8.3,1,80,86,2,3,2,61.2,51.6,7.4,89.8,4.8,1,1,3,2,1,1,2,8,7.6
1,4,7.6,0,56,74,2,1,1,39.7,15.3,0.7,66.0,3.4,0,0,0,0,0,1,1,0,5.2
1,0,7.7,1,68,79,1,3,1,64.0,50.0,4.9,82.0,4.5,1,1,0,0,0,1,0,4,7.1
0,2,7.3,0,60,73,1,1,0,29.6,26.3,1.6,66.0,3.8,0,0,0,0,0,0,1,5,4.0
0,1,8.0,0,79,83,0,3,2,61.6,49.4,5.8,90.0,4.8,1,1,4,1,1,1,1,9,6.4
0,3,7.9,0,71,87,1,3,2,54.8,49.7,7.4,90.0,4.8,1,1,3,2,1,1,1,8,8.0
1,6,7.6,1,68,80,2,3,1,56.8,54.1,8.4,82.8,3.9,1,1,3,2,1,1,2,2,6.6
0,0,6.5,1,56,71,0,1,0,20.0,16.4,1.4,65.0,3.7,0,0,0,0,0,0,1,5,3.2
1,11,7.8,0,61,68,0,2,0,33.8,25.2,1.0,76.4,4.3,0,0,2,2,1,1,1,2,3.5
0,0,7.6,1,55,63,1,2,0,49.0,52.6,5.2,60.0,3.9,0,0,0,0,0,0,0,1,6.6
1,0,7.1,1,74,82,1,1,3,31.1,32.2,3.3,75.0,4.4,1,1,0,0,0,0,2,6,5.0
0,9,8.3,0,77,81,1,3,2,64.8,39.6,7.4,89.8,4.5,1,1,2,2,1,1,1,8,7.2
1,1,8.2,0,76,60,0,1,0,38.9,24.1,2.3,88.0,4.0,0,0,0,0,0,0,1,8,5.3
0,3,7.3,0,59,65,1,1,1,28.3,32.2,2.2,60.0,4.1,0,0,0,0,0,0,2,6,4.2
0,0,8.7,0,75,85,1,3,2,70.3,55.8,5.9,85.0,4.8,1,1,2,2,1,1,2,4,8.9
1,4,7.4,0,55,71,1,1,0,34.1,38.3,2.8,83.0,4.4,0,1,0,0,0,0,1,2,4.6
1,2,7.9,0,79,80,1,2,0,55.1,41.9,7.1,82.0,4.7,1,1,0,0,0,0,1,4,7.1
1,6,7.8,0,58,70,1,2,0,45.9,38.1,5.1,71.9,3.9,0,1,1,1,0,0,0,7,6.3
0,8,8.6,0,76,80,2,2,0,48.0,39.6,2.6,82.5,4.8,1,1,0,0,0,0,2,5,7.3
1,3,7.4,0,63,69,1,1,1,25.3,28.2,3.7,71.0,4.3,1,1,0,0,0,0,1,8,4.5
0,2,8.0,0,77,82,2,3,3,68.0,58.9,6.4,86.0,4.8,1,1,3,1,1,1,2,8,7.1
0,10,8.3,0,73,87,0,1,0,50.7,49.9,1.9,77.1,4.6,1,1,1,0,0,1,0,0,8.2
1,7,6.6,0,60,66,1,3,1,23.8,18.2,4.0,65.6,4.4,0,1,1,0,0,0,1,5,2.5
1,5,7.7,0,56,85,2,1,1,40.5,23.5,2.6,80.0,4.7,1,1,2,3,1,1,1,8,5.1
0,7,7.7,0,79,80,2,2,0,33.9,27.7,3.8,90.0,4.8,0,1,4,2,1,1,1,7,5.1
0,10,6.9,0,76,71,2,1,0,21.6,16.0,0.2,68.9,3.9,0,1,0,1,0,1,1,2,2.3
1,2,8.1,0,74,79,1,2,0,51.5,45.7,4.8,80.0,4.0,1,1,3,2,1,1,2,8,6.1
1,10,8.3,1,85,85,2,3,1,69.9,59.6,9.0,90.0,4.8,1,1,3,1,1,1,1,8,8.2
0,2,8.0,0,85,88,1,3,2,56.2,43.8,7.1,90.0,4.8,0,1,2,2,1,1,2,7,6.0
0,1,8.2,0,73,88,2,3,2,69.0,52.4,7.8,90.0,4.8,1,1,1,3,1,1,1,0,7.7
1,6,7.0,0,55,70,1,1,0,24.3,10.0,2.5,81.4,4.3,0,0,1,0,0,1,1,0,2.4
0,0,8.3,0,71,85,1,2,1,60.3,52.4,5.0,88.0,4.2,0,1,2,3,1,1,0,3,6.6
1,4,7.6,2,73,81,1,3,2,50.6,32.3,6.5,90.0,4.4,1,0,3,2,1,1,1,4,4.7
1,0,8.3,0,80,67,2,3,0,69.3,60.3,5.3,82.0,4.6,1,1,2,2,1,0,2,5,7.7
1,5,7.4,1,55,64,1,1,1,25.1,30.8,1.7,77.0,4.1,0,0,0,0,0,0,0,1,2.7
0,0,7.5,1,79,71,1,2,0,44.4,38.1,3.9,76.0,3.4,0,1,0,0,0,0,2,2,5.2
1,7,7.5,0,80,68,1,1,1,49.0,35.8,4.5,80.9,4.4,0,1,0,0,0,0,1,7,6.4
0,2,8.0,0,58,70,0,1,0,31.9,36.4,0.0,83.0,3.3,0,1,0,0,0,0,1,0,6.0
1,2,8.2,0,75,75,2,3,0,73.3,50.2,6.9,88.0,4.0,1,1,2,2,1,1,0,3,7.1
1,1,8.2,0,72,88,2,3,2,71.0,51.0,7.4,82.0,4.5,1,1,3,2,1,1,1,9,8.0
1,2,7.5,0,58,84,1,2,1,40.5,57.1,3.4,78.0,4.8,1,1,0,0,0,0,2,4,6.3
1,4,8.9,0,71,88,2,3,2,72.5,50.5,6.1,86.0,4.7,1,1,4,1,1,1,1,0,8.2
1,10,8.1,1,70,75,1,2,1,50.5,42.4,2.6,83.2,4.4,1,0,1,0,0,0,1,9,8.2
1,4,8.6,1,56,64,2,1,0,60.3,44.6,1.1,70.0,4.2,0,1,0,0,0,0,2,8,7.3
0,3,7.3,0,63,62,1,2,0,45.3,36.6,4.9,77.0,3.9,1,1,0,0,0,1,2,6,5.5
0,4,8.2,0,70,85,2,3,2,68.0,59.5,9.8,90.0,4.8,1,1,2,3,1,0,0,0,6.4
1,6,7.5,0,58,69,1,0,0,34.0,32.5,2.2,68.0,4.1,0,1,1,0,0,0,1,4,4.2
1,6,8.4,1,82,88,0,3,3,69.5,50.2,7.6,90.0,4.8,1,1,3,2,1,1,1,2,7.0
1,2,7.9,0,71,70,0,2,1,39.5,32.5,2.4,87.0,4.4,0,0,0,0,0,1,2,6,5.8
1,8,7.6,0,81,67,0,2,0,42.8,11.1,4.3,68.1,4.5,0,1,0,0,0,1,1,2,4.3
0,5,8.5,0,80,77,1,1,2,50.0,50.0,5.5,85.0,4.7,1,1,3,1,1,0,1,8,8.1
1,4,7.5,1,78,85,0,2,0,31.0,39.1,4.9,79.0,3.7,0,0,2,3,1,1,2,5,4.7
0,3,8.3,0,77,81,1,3,2,62.4,50.5,7.2,87.0,4.7,1,1,2,2,1,0,1,0,7.1
0,6,6.8,1,58,87,0,2,1,32.5,22.6,5.0,80.3,4.1,0,1,1,1,0,0,1,2,3.5
1,6,8.2,0,67,86,2,2,3,73.8,62.5,8.4,90.0,4.8,1,1,2,1,1,1,2,7,8.0
1,1,8.2,0,87,85,1,2,1,50.0,50.7,5.2,71.0,4.6,1,1,0,0,0,0,0,2,8.0
0,6,7.4,0,63,66,0,0,2,31.4,33.3,3.7,70.8,3.9,1,1,0,1,0,0,1,5,4.8
0,6,7.5,0,77,87,2,2,0,49.6,46.8,5.2,74.3,4.3,1,1,2,2,1,1,2,2,5.5
0,4,8.5,0,76,87,1,3,2,62.1,54.9,7.6,83.0,4.8,1,1,3,2,1,1,2,1,8.9
1,5,6.8,0,78,69,0,3,2,31.8,20.9,7.3,89.0,4.8,1,1,1,3,1,1,2,6,3.8
1,7,6.5,0,74,66,1,1,2,23.8,22.0,3.3,88.4,4.5,1,1,2,2,1,1,1,6,2.3
1,4,7.6,2,62,64,2,3,1,60.5,41.0,6.3,78.0,3.8,0,1,0,0,0,1,1,7,6.5
0,0,7.4,0,57,66,1,1,0,32.8,20.7,0.5,69.0,4.4,0,0,0,0,0,1,1,2,4.3
1,0,7.4,0,56,73,1,2,1,29.9,51.7,3.5,81.0,4.2,0,1,0,0,0,0,0,4,5.6
1,8,8.1,0,62,66,2,0,0,51.3,41.1,1.4,82.8,4.1,0,0,1,0,0,0,2,9,7.0
1,0,7.5,0,55,65,1,1,0,36.9,31.1,1.1,77.0,4.0,0,1,0,0,0,0,0,4,5.2
0,3,7.5,2,55,60,0,1,1,23.9,27.0,1.8,67.0,3.6,1,0,0,0,0,0,1,8,3.8
0,2,7.6,0,70,83,1,3,0,35.6,35.2,7.7,77.0,4.3,1,1,0,0,0,0,1,8,5.8
1,0,8.2,0,74,79,2,1,2,54.0,61.6,3.8,90.0,4.6,1,1,3,2,1,1,0,9,8.2
0,0,6.6,0,64,69,1,2,1,20.0,12.0,2.7,66.0,4.8,0,0,0,0,0,0,1,4,2.0
1,1,8.2,0,55,85,0,1,1,52.3,34.2,2.7,80.0,4.8,1,1,2,2,1,0,1,8,7.5
1,4,8.5,0,64,61,1,3,0,60.5,40.3,7.8,76.0,3.9,1,1,0,0,0,1,0,6,8.0
1,4,8.1,0,56,68,2,2,1,62.6,57.5,3.2,65.0,4.8,1,0,0,0,0,0,2,2,8.5
0,2,7.9,0,55,58,1,2,2,57.9,37.7,3.3,76.0,4.5,1,1,0,0,0,1,2,5,7.0
1,0,8.3,0,80,67,1,3,1,57.5,47.8,7.2,86.0,4.8,0,1,0,0,0,1,0,1,7.0
1,7,8.2,0,67,87,0,3,2,51.7,29.3,5.1,90.0,4.4,1,1,3,2,1,1,2,1,5.7
1,0,7.6,0,59,71,1,3,0,58.5,45.1,7.2,78.0,3.9,0,1,1,3,1,1,1,1,5.4
1,1,8.7,0,70,88,1,3,2,69.6,60.0,7.8,90.0,4.8,1,1,2,3,1,1,0,7,7.7
1,5,7.4,0,85,71,1,2,3,42.7,43.7,4.3,71.0,4.8,1,1,0,0,0,0,1,0,5.8
1,8,7.5,1,63,64,0,2,0,35.8,22.3,3.7,80.6,4.0,0,0,0,1,0,0,2,0,4.0
0,2,6.8,0,60,65,1,1,0,20.0,36.4,2.4,82.0,3.8,0,0,0,0,0,0,1,4,2.5
0,0,8.4,0,82,80,2,3,2,71.3,56.0,7.1,90.0,4.8,1,1,0,0,0,1,0,4,8.4
0,7,8.0,0,74,82,0,1,0,39.4,35.9,1.3,84.4,4.5,0,0,1,0,0,0,2,6,5.1
1,5,8.1,0,81,88,1,3,2,71.9,61.2,8.2,90.0,4.8,1,1,4,1,1,0,2,8,7.4
0,1,7.4,0,55,67,2,2,0,49.7,34.1,5.4,65.0,3.9,0,0,0,0,0,1,2,8,5.0
1,3,8.2,0,68,85,0,3,0,56.5,47.6,6.6,81.0,4.2,1,1,3,2,1,1,1,8,6.6
0,2,7.8,0,60,64,1,2,0,43.4,42.3,4.6,72.0,3.6,1,1,0,0,0,0,2,0,6.8
1,2,6.9,1,55,69,0,1,0,20.0,19.4,3.1,73.0,4.1,0,1,3,1,1,0,1,5,3.0
1,6,6.5,2,64,85,0,1,2,23.0,34.2,1.3,73.3,4.4,1,1,0,1,0,0,0,5,3.2
0,6,6.9,2,78,85,0,2,1,33.4,32.1,3.8,90.0,3.9,1,1,1,0,0,0,2,2,5.3
1,3,8.1,0,82,88,2,3,2,66.9,48.9,7.6,90.0,4.6,1,1,1,3,1,0,1,7,5.9
1,6,6.5,1,78,74,1,1,0,22.2,30.0,3.5,81.2,4.0,1,1,0,0,0,0,1,0,4.0
1,0,6.6,0,56,66,1,1,1,20.0,17.7,3.0,60.0,3.3,0,0,0,0,0,1,1,0,2.9
1,0,7.6,0,55,69,1,1,1,37.5,14.6,2.9,70.0,4.7,0,1,0,0,0,1,1,4,3.7
1,0,8.1,0,55,79,1,3,0,74.2,45.0,7.6,85.0,3.7,1,1,1,3,1,1,0,2,7.1
0,3,9.0,0,72,84,2,3,2,79.8,73.8,5.0,88.0,4.8,0,1,4,1,1,1,2,2,9.6
1,2,8.2,1,83,83,2,3,2,65.5,45.5,6.9,90.0,4.6,1,1,3,1,1,1,2,0,6.3
0,4,7.6,0,57,68,1,2,0,38.8,38.3,2.1,88.0,4.8,0,1,0,0,0,0,2,3,6.3
0,6,7.6,0,55,70,1,1,0,39.0,37.4,3.5,81.4,4.8,1,1,1,0,0,0,1,4,4.7
0,2,7.6,0,90,87,1,2,0,44.5,34.8,3.9,73.0,4.2,0,1,0,0,0,0,0,4,5.9
0,5,6.8,1,55,69,1,1,1,31.4,31.2,2.6,84.0,4.2,0,0,0,0,0,0,1,7,5.0
0,6,8.7,0,55,69,2,3,0,72.2,57.4,5.2,82.2,4.2,0,0,0,0,0,0,2,9,8.9
1,9,6.9,1,58,71,2,1,0,20.0,26.2,6.6,69.1,3.7,0,1,0,1,0,1,1,8,2.0
1,0,8.1,0,73,87,1,1,2,53.2,34.1,3.7,77.0,4.8,1,1,4,1,1,1,2,2,6.0
1,0,7.5,0,62,78,1,1,1,34.9,47.7,2.4,74.0,4.5,1,1,0,0,0,0,1,0,5.1
1,2,8.5,0,86,87,1,3,2,66.5,41.6,5.3,90.0,4.7,1,1,4,1,1,1,0,9,7.3
1,3,7.9,0,57,66,1,2,0,46.4,40.6,5.0,75.0,3.8,1,0,0,0,0,1,1,8,6.3
0,6,7.6,0,77,71,0,3,1,46.9,53.0,7.8,89.6,4.1,1,1,1,3,1,1,1,1,4.9
1,3,8.3,0,86,85,2,3,2,67.3,52.4,6.3,90.0,4.8,1,1,2,2,1,1,1,8,8.2
1,6,8.1,0,59,58,1,0,1,53.2,50.4,5.3,68.6,3.8,0,0,0,0,0,0,0,4,8.5
0,0,7.9,0,71,67,1,1,1,39.2,37.4,2.2,75.0,4.5,1,1,0,0,0,1,2,3,5.4
0,2,7.7,0,69,72,1,1,0,42.3,41.1,2.3,78.0,3.9,0,1,0,0,0,0,1,7,6.4
0,11,6.7,0,72,67,2,3,1,27.0,32.1,3.6,68.1,4.6,0,1,0,1,0,0,2,9,4.0
1,0,7.9,1,77,83,0,3,2,55.0,57.3,6.6,80.0,4.7,1,1,3,2,1,1,1,0,8.1
1,4,8.6,0,75,85,0,3,0,65.1,53.5,7.1,90.0,4.0,1,0,0,0,0,0,1,9,9.1
1,4,7.6,0,55,58,1,2,0,37.8,40.2,6.4,77.0,4.1,0,1,0,0,0,1,1,4,4.7
1,7,8.5,0,81,85,2,3,2,73.2,57.7,7.3,90.0,4.8,1,1,1,3,1,1,1,5,7.4
0,9,7.4,0,67,85,1,1,1,33.4,24.9,3.4,81.3,4.6,1,1,2,2,1,0,1,7,5.0
1,5,7.5,0,60,67,1,1,0,39.7,26.1,5.5,81.0,4.6,1,1,0,0,0,1,1,8,5.0
1,0,7.8,0,79,72,1,3,0,51.4,60.6,7.6,81.0,4.5,1,1,2,2,1,0,0,4,8.1
1,5,7.2,0,70,74,1,2,3,38.6,33.3,3.6,78.0,4.5,1,1,0,0,0,0,2,1,4.2
0,2,7.6,2,55,73,0,1,0,24.3,26.3,2.1,80.0,4.2,0,0,0,0,0,0,1,2,3.9
1,10,7.2,1,62,72,1,1,1,24.8,10.2,0.9,79.7,4.6,0,0,0,0,0,0,0,5,2.3
0,2,7.6,0,80,83,0,3,2,41.9,50.2,7.7,85.0,3.7,1,1,0,0,0,0,2,4,6.5
0,2,8.0,0,72,85,2,3,0,68.8,57.4,8.3,90.0,4.4,1,1,3,1,1,0,1,7,6.9
1,2,8.4,0,55,69,1,1,0,53.7,17.2,2.6,78.0,4.3,1,1,1,3,1,0,2,0,7.0
0,3,8.2,0,79,81,0,3,2,61.1,61.4,5.2,90.0,4.8,1,1,2,3,1,1,1,8,6.7
1,0,8.3,0,77,86,2,3,2,71.4,50.5,7.2,90.0,4.8,1,1,2,2,1,1,1,1,6.9
1,9,7.1,0,77,62,2,0,1,20.3,26.8,3.3,72.7,4.2,1,0,1,0,0,0,0,8,3.3
1,8,8.5,0,57,70,0,2,1,52.9,30.0,3.2,76.1,3.8,0,1,0,0,0,0,0,8,7.9
0,6,8.2,1,71,82,0,3,1,69.0,48.3,8.5,89.8,4.8,1,1,0,0,0,1,0,7,8.5
0,7,7.8,0,62,64,1,1,1,43.6,38.7,1.0,86.2,4.8,1,1,1,3,1,0,0,4,6.0
1,8,6.8,0,85,83,1,3,2,30.6,31.9,7.0,86.2,4.1,1,1,3,1,1,1,1,8,3.2
1,3,6.7,0,81,69,1,3,0,27.1,18.1,5.7,87.0,4.6,1,0,0,0,0,0,1,6,3.7
1,8,7.5,1,61,81,1,2,1,33.1,27.8,2.2,76.3,4.7,1,1,0,3,1,0,1,5,4.6
1,10,8.1,1,78,79,0,3,0,55.1,41.1,7.1,82.6,4.7,1,1,0,0,0,1,0,7,5.9
0,3,7.6,0,56,66,1,2,0,41.5,36.7,3.8,73.0,4.4,0,1,2,3,1,0,0,6,4.6
1,5,6.5,0,55,59,1,2,1,20.0,21.3,3.6,65.0,4.7,0,0,0,0,0,0,0,8,2.0
1,6,6.8,1,77,68,0,3,1,51.4,52.3,8.2,82.0,4.4,1,0,0,0,0,1,0,3,5.9
0,0,7.9,0,58,76,2,1,1,43.0,32.0,3.4,78.0,4.1,1,1,0,0,0,1,1,8,5.6
0,10,7.7,0,76,71,1,3,0,32.1,30.3,4.0,80.4,4.3,0,0,0,0,0,0,0,4,4.1
1,6,7.8,0,72,65,2,0,0,49.6,41.6,3.5,86.1,4.2,1,1,4,2,1,0,1,2,4.6
0,4,7.3,0,61,74,1,1,0,39.7,38.3,1.6,65.0,3.3,0,1,0,0,0,1,2,0,5.5
1,5,6.6,1,68,71,1,1,2,20.5,11.5,2.8,81.0,4.8,1,0,0,0,0,0,0,6,2.4
1,2,7.6,0,64,67,1,2,1,46.0,38.8,6.3,75.0,4.1,1,1,0,0,0,0,0,8,6.4
1,5,7.4,0,60,70,0,1,0,26.2,42.3,0.2,76.0,4.0,0,0,0,0,0,0,1,0,4.6
1,7,7.4,0,55,76,2,3,1,44.2,32.1,4.4,79.1,3.9,0,1,0,0,0,0,1,8,6.3
0,0,8.5,0,78,68,2,3,2,71.5,61.6,7.1,85.0,4.7,1,1,2,2,1,0,0,3,8.6
1,10,7.7,0,55,70,1,2,1,35.0,33.5,1.8,71.6,4.1,1,1,1,0,0,0,2,9,6.2
1,7,8.1,1,70,84,0,3,0,69.2,66.8,5.7,80.7,4.1,0,1,1,0,0,1,2,9,7.1
1,4,7.8,0,79,69,2,3,0,68.5,59.6,6.5,83.0,4.6,1,1,3,2,1,1,2,6,6.9
1,2,6.5,2,55,82,1,3,0,23.2,22.9,6.9,82.0,4.7,1,1,2,2,1,1,2,7,3.1
0,2,8.2,0,84,88,2,3,2,68.3,48.5,6.1,83.0,4.5,1,1,3,2,1,1,1,6,7.0
1,6,6.5,0,68,84,0,1,2,23.1,25.0,2.4,81.3,4.2,1,0,3,3,1,1,2,1,2.0
0,7,7.5,0,78,68,2,3,2,52.3,44.9,6.5,70.3,3.7,1,1,2,2,1,1,1,8,5.0
0,0,8.0,1,59,66,1,1,1,43.4,30.9,2.3,68.0,4.2,0,1,0,0,0,1,2,5,6.2
1,0,8.5,0,72,84,1,3,2,67.8,38.6,7.3,85.0,4.3,1,1,4,1,1,1,1,7,7.3
1,6,6.7,0,56,60,0,0,2,24.1,29.0,3.5,68.1,3.9,0,1,0,0,0,0,1,1,2.6
0,0,8.3,0,66,88,1,3,2,56.0,54.1,8.0,86.0,4.8,1,1,3,2,1,1,0,7,8.7
0,2,7.4,0,55,64,1,2,1,35.4,21.7,4.0,68.0,3.6,0,0,0,0,0,0,1,8,5.8
0,2,7.0,0,71,60,0,1,0,24.4,11.4,3.9,74.0,4.4,0,0,0,0,0,1,1,2,3.4
0,11,6.5,0,57,70,1,2,0,23.4,26.4,4.0,60.0,4.3,0,0,0,0,0,0,2,8,2.1
0,4,7.6,0,56,66,0,1,0,28.4,28.7,3.0,83.0,3.8,0,1,0,0,0,0,0,2,5.2
1,2,7.4,0,68,84,2,1,1,30.7,31.5,2.1,87.0,4.5,1,1,0,0,0,0,2,0,4.9
1,7,7.7,0,82,86,2,2,0,63.6,49.3,4.6,84.2,4.8,1,0,4,2,1,0,0,7,5.8
0,6,6.6,0,59,68,1,0,2,23.1,10.3,4.6,69.9,3.4,0,0,0,0,0,0,1,2,2.6
0,0,8.4,0,84,85,2,3,2,75.6,58.6,6.3,90.0,4.5,1,1,0,0,0,1,1,7,10.1
1,4,8.5,0,76,77,1,3,2,74.0,57.0,6.9,75.0,4.1,1,1,2,2,1,1,1,1,7.6
0,3,8.2,0,77,81,0,3,2,53.9,57.5,8.5,81.0,4.6,1,1,0,0,0,1,1,8,7.2
1,2,8.2,0,66,88,1,3,0,57.4,48.1,5.5,88.0,4.2,1,1,2,2,1,0,1,7,5.6
1,2,8.2,0,77,86,2,3,2,74.2,64.1,6.8,90.0,4.8,1,1,0,0,0,0,0,1,8.6
0,6,6.6,1,65,69,1,3,1,23.7,16.8,3.3,68.2,4.8,0,0,1,1,0,0,2,4,2.2
1,1,8.7,0,78,83,2,3,0,78.2,56.0,7.3,82.0,4.8,1,1,2,2,1,1,1,8,8.1
1,5,6.7,0,55,67,2,2,1,33.1,18.0,4.5,71.0,4.4,0,0,0,0,0,0,2,8,2.4
1,7,6.5,1,56,69,0,0,0,25.0,41.7,1.5,77.2,4.7,0,1,1,3,1,0,2,6,3.5
1,4,8.0,0,77,84,2,3,2,68.3,61.6,7.0,90.0,4.6,1,1,4,1,1,1,0,6,7.7
1,5,6.5,0,61,66,0,1,0,20.0,1.9,2.4,66.0,3.5,0,0,0,0,0,1,2,8,2.0
0,10,7.8,0,71,68,2,1,0,56.6,60.4,3.9,70.3,4.5,1,1,0,0,0,0,2,2,7.3
1,0,8.3,0,82,80,1,3,0,69.9,62.3,6.2,84.0,4.4,1,1,2,2,1,1,2,1,9.4
0,5,7.4,0,80,66,2,3,2,54.5,35.6,6.0,75.0,4.2,0,1,0,0,0,1,2,8,7.0
1,0,8.7,0,81,84,2,3,2,84.5,61.3,7.1,85.0,4.4,1,1,4,1,1,1,1,1,9.2
0,0,8.8,0,83,83,1,3,2,74.0,49.5,8.1,90.0,4.6,1,1,4,1,1,1,2,5,8.3
0,7,7.6,1,73,72,1,3,0,58.9,56.2,5.0,72.2,4.3,0,1,3,3,1,1,0,3,6.4
1,2,6.8,0,76,87,1,2,0,27.6,16.8,4.3,82.0,4.0,0,1,0,0,0,1,0,0,4.4
1,9,6.7,1,55,68,0,0,0,23.7,30.6,1.7,74.6,4.1,0,1,0,0,0,1,1,1,3.5
1,0,6.7,0,56,68,1,2,1,31.6,31.7,5.3,68.0,4.3,0,1,0,0,0,0,1,4,3.1
1,2,8.7,0,80,79,2,3,2,80.8,61.9,6.8,90.0,4.8,1,1,2,2,1,0,1,8,8.7
0,1,7.3,0,55,58,0,1,0,24.9,30.1,2.9,67.0,3.6,0,0,0,0,0,0,1,1,3.5
1,4,8.4,0,55,57,1,2,1,54.6,41.5,3.5,87.0,3.6,0,1,0,0,0,0,1,9,7.2
1,6,7.5,0,56,71,1,0,0,38.6,31.3,3.3,82.5,3.5,0,1,0,0,0,0,2,2,4.5
0,7,7.5,0,55,65,1,1,2,46.0,29.9,0.5,77.7,3.9,0,0,1,1,0,0,0,8,5.6
1,2,6.7,0,55,65,1,1,0,20.0,14.9,3.1,63.0,4.0,0,1,0,0,0,0,0,8,2.0
1,3,7.5,0,75,83,0,3,1,42.8,47.5,8.2,77.0,4.8,1,1,0,0,0,0,1,3,5.7
1,9,7.1,0,60,64,1,0,0,28.9,27.8,1.8,69.8,3.5,0,0,0,1,0,0,2,6,4.0
0,0,8.3,0,76,85,1,2,1,59.1,45.1,5.4,82.0,4.4,1,1,3,2,1,1,2,4,7.1
1,3,8.4,0,69,82,1,3,2,70.2,46.8,7.6,90.0,4.8,1,1,2,2,1,1,1,8,7.5
1,3,6.5,0,56,68,1,2,1,20.0,27.4,4.1,70.0,3.9,0,0,0,0,0,0,2,1,4.0
1,5,7.0,0,56,73,1,1,0,25.2,27.4,1.3,71.0,4.1,0,1,0,0,0,0,1,8,3.3
0,9,8.2,1,70,85,2,2,1,57.9,46.3,4.6,90.0,4.8,1,0,0,1,0,0,2,7,6.4
1,2,7.9,0,55,65,0,1,0,38.2,31.5,3.0,68.0,4.1,0,1,0,0,0,0,0,0,6.7
1,11,6.5,1,79,64,0,3,2,24.8,33.1,4.6,87.1,4.8,1,0,0,0,0,1,1,1,4.0
1,7,7.8,0,88,76,1,3,3,62.6,52.5,6.7,90.0,4.8,1,0,2,3,1,0,1,4,6.5
1,9,7.1,1,55,61,0,0,0,20.4,27.1,1.9,79.6,3.9,0,0,0,0,0,0,1,8,4.3
1,2,8.2,0,78,83,1,3,0,59.1,57.7,7.2,90.0,4.7,1,1,1,3,1,0,0,8,6.2
1,0,7.5,0,55,65,0,1,1,28.2,27.2,3.5,68.0,3.6,1,1,0,0,0,1,1,5,4.7
0,0,8.6,0,65,72,1,2,2,73.1,60.6,5.0,83.0,4.0,1,1,0,0,0,1,1,0,9.5
1,6,7.4,2,55,72,0,1,0,26.8,20.4,1.6,60.7,3.4,0,0,0,1,0,0,1,2,4.0
1,7,7.7,0,57,68,0,3,0,54.9,53.2,4.6,82.6,4.0,0,1,0,1,0,0,1,1,6.8
1,11,8.6,0,81,73,1,3,0,76.4,49.2,7.2,89.2,4.5,1,1,4,2,1,1,1,6,8.0
0,6,8.3,1,76,83,2,3,0,78.1,73.4,8.2,88.3,4.7,1,1,3,2,1,1,2,3,9.2
1,9,7.5,1,57,69,1,1,1,34.5,38.0,2.4,74.5,4.6,0,1,0,1,0,0,1,8,5.9
1,0,7.8,0,85,69,1,3,2,53.8,47.6,5.8,82.0,4.2,0,1,2,2,1,0,1,0,5.9
0,11,7.4,0,64,83,0,3,3,35.8,39.9,4.6,89.2,4.4,0,1,1,2,1,0,2,9,4.3
1,7,7.4,0,70,83,2,3,0,41.0,35.4,6.1,90.0,4.8,1,1,3,2,1,1,1,0,5.9
1,0,6.5,0,64,81,0,1,0,20.0,19.5,3.7,70.0,4.2,1,0,0,0,0,0,0,4,2.6
0,0,7.4,0,56,59,1,1,0,31.8,29.2,2.5,64.0,3.7,0,0,0,0,0,0,1,4,4.8
1,1,8.1,0,81,84,2,3,2,65.4,62.6,6.4,90.0,4.5,1,1,3,1,1,1,2,8,7.9
1,4,8.7,0,55,64,1,2,0,58.6,47.6,5.7,80.0,4.5,1,1,3,2,1,1,0,0,8.3
1,4,7.5,0,76,85,1,3,1,46.3,38.2,4.6,72.0,4.4,0,1,0,0,0,0,1,2,5.0
0,9,6.8,1,73,62,0,2,1,20.0,22.3,1.4,74.7,4.3,0,0,0,0,0,0,0,8,3.1
1,10,7.2,0,59,63,0,1,1,28.0,19.4,1.6,72.1,3.2,0,0,0,0,0,0,2,8,4.3
1,3,8.7,0,68,82,2,1,2,68.5,67.8,1.0,80.0,3.9,0,0,0,0,0,0,1,7,11.4
1,6,7.8,0,82,64,1,1,1,49.7,42.4,5.9,73.8,3.6,1,1,2,2,1,1,2,1,5.8
1,2,7.3,0,56,74,1,1,0,31.0,38.7,0.1,75.0,3.7,0,1,0,0,0,0,1,0,5.2
1,4,7.6,0,56,58,1,1,0,30.1,27.7,2.8,71.0,4.0,0,0,0,0,0,0,0,1,3.6
1,3,6.5,0,65,65,1,1,1,20.0,14.7,3.3,78.0,4.0,0,0,0,0,0,0,1,8,3.0
1,8,7.6,1,80,66,0,2,0,41.7,12.1,4.4,68.2,4.5,0,1,1,0,0,0,2,2,6.3
1,3,7.5,0,55,71,1,1,1,35.3,18.6,0.0,69.0,3.6,0,1,0,0,0,0,0,8,3.6
1,7,7.8,1,63,59,1,2,0,41.4,41.8,3.1,80.3,4.7,1,1,0,0,0,0,0,7,6.4
1,9,7.1,0,60,64,1,1,2,20.0,20.4,3.3,68.5,3.7,1,0,0,0,0,0,2,8,3.5
1,0,8.8,0,70,79,2,3,2,79.8,63.1,6.7,90.0,4.8,1,1,3,2,1,1,1,6,9.1
1,4,6.6,1,78,69,0,1,0,20.0,15.5,1.0,76.0,3.9,0,1,1,3,1,0,0,7,2.0
0,0,7.8,0,71,85,1,3,0,54.6,46.6,6.5,90.0,3.7,1,1,0,0,0,0,0,5,6.8
1,0,7.9,2,81,70,1,1,1,36.6,30.0,2.0,89.0,4.0,0,1,0,0,0,1,1,1,7.1
0,4,7.9,1,89,86,2,3,0,66.4,49.6,5.2,81.0,3.6,1,0,2,2,1,0,1,7,8.0
0,6,7.2,1,70,84,0,3,2,57.8,51.3,7.4,85.2,4.7,1,1,2,2,1,1,1,5,6.2
0,0,8.2,0,77,82,1,3,2,64.1,47.6,7.2,90.0,4.3,0,1,3,1,1,1,1,0,8.1
1,10,6.9,2,84,81,2,2,1,29.4,9.8,7.7,80.6,4.8,1,0,2,3,1,0,2,0,2.0
1,10,7.6,1,55,64,1,1,3,39.9,38.5,2.2,77.5,4.4,0,1,0,1,0,0,0,8,5.6
0,6,6.5,0,58,71,2,3,1,35.2,48.8,7.7,64.5,3.8,1,1,0,1,0,0,1,4,5.1
1,2,8.4,0,70,84,2,3,2,75.8,55.4,8.3,88.0,4.8,1,1,3,2,1,1,1,8,8.1
1,5,8.2,0,73,88,1,0,2,48.6,38.3,1.4,90.0,4.7,1,1,2,3,1,0,1,7,5.9
0,0,8.5,0,80,84,2,3,2,70.0,56.7,6.6,90.0,4.8,1,1,2,2,1,1,1,2,7.3
1,4,8.1,0,78,88,1,3,2,62.5,56.5,7.5,90.0,4.8,1,1,3,2,1,1,2,7,7.0
1,10,8.6,1,55,66,0,2,1,55.4,61.6,5.6,84.7,4.8,1,1,2,2,1,1,2,7,8.2
1,0,7.5,0,56,69,1,1,0,32.0,21.5,1.1,84.0,4.2,0,1,0,0,0,0,0,2,5.7
1,9,8.4,0,81,88,1,3,1,61.4,50.2,5.9,89.8,4.8,1,1,0,0,0,0,0,1,7.4
0,4,7.5,1,63,65,1,1,1,34.6,31.3,2.9,77.0,3.8,0,1,0,0,0,0,1,0,5.9
1,0,8.4,0,71,82,1,1,0,49.3,36.4,3.1,87.0,4.8,1,1,0,0,0,0,1,5,5.4
0,3,7.6,0,62,68,1,1,0,35.1,33.6,3.3,68.0,4.3,0,0,0,0,0,0,0,8,6.0
1,8,8.4,1,62,60,1,1,1,44.5,39.5,2.6,73.5,4.5,0,0,0,0,0,0,2,2,5.9
0,6,8.5,0,70,88,0,3,2,68.3,60.2,7.5,90.0,4.8,1,1,3,2,1,1,2,3,8.8
0,0,8.3,0,74,85,0,3,0,53.9,42.0,5.9,90.0,4.8,1,1,3,2,1,0,1,5,8.0
1,2,8.4,0,83,86,2,3,2,64.0,59.3,7.0,90.0,4.5,1,1,1,3,1,1,1,5,7.9
1,3,7.3,0,64,65,1,1,0,20.2,30.9,2.0,80.0,4.7,0,1,0,0,0,0,0,4,3.8
0,0,8.7,0,77,79,0,1,0,51.1,37.2,3.9,87.0,4.8,1,0,4,1,1,0,1,7,6.8
0,1,8.0,0,73,63,0,3,2,53.2,40.9,6.0,87.0,3.8,0,0,2,2,1,0,1,2,6.3
1,0,7.4,0,82,61,1,1,1,26.2,22.9,2.5,81.0,4.2,0,0,0,0,0,0,2,3,3.1
1,8,8.0,1,84,70,0,3,1,51.9,45.3,5.9,88.0,4.6,1,1,2,2,1,0,1,3,6.9
1,8,8.3,1,75,68,1,3,1,61.2,54.4,7.9,82.9,4.7,1,1,2,1,1,1,0,9,8.6
0,1,6.6,0,66,72,1,1,0,20.0,16.7,2.1,73.0,4.6,0,0,0,0,0,0,0,8,2.0
1,8,6.6,1,74,69,1,3,1,35.1,27.2,2.7,66.7,4.1,1,1,0,1,0,0,0,1,2.0
1,4,7.6,2,55,86,1,3,2,54.0,50.0,7.0,90.0,4.3,1,1,1,3,1,1,2,0,5.2
1,0,8.2,0,62,68,0,2,1,46.1,41.1,5.3,68.0,4.3,1,1,2,3,1,0,2,1,6.2
1,5,7.3,0,80,80,0,3,2,43.1,42.7,8.9,90.0,4.1,1,1,2,2,1,1,2,2,5.7
0,5,7.6,1,75,88,1,3,2,45.8,26.2,6.3,79.0,3.8,1,1,2,3,1,1,2,7,3.8
0,1,8.3,0,78,82,2,3,2,74.3,65.3,8.3,87.0,4.6,1,1,3,1,1,1,0,3,8.7
0,2,8.2,0,70,83,1,3,2,73.4,58.0,6.8,84.0,4.4,1,1,3,2,1,1,2,6,6.2
1,0,6.5,2,86,81,2,1,1,20.0,22.8,2.5,73.0,4.3,1,0,0,0,0,1,1,3,2.7
1,0,8.3,0,84,86,2,3,0,66.2,44.3,8.2,90.0,4.8,1,1,3,2,1,1,1,1,6.3
1,3,6.6,0,75,67,0,1,3,20.0,19.3,1.4,84.0,3.7,0,0,0,0,0,0,1,7,3.3
1,0,8.4,0,77,72,0,1,0,41.3,27.5,0.7,80.0,4.5,0,0,3,2,1,0,1,0,6.0
1,0,8.0,0,80,66,2,1,2,48.2,55.9,3.7,78.0,4.4,0,1,3,2,1,1,2,3,6.5
1,4,6.5,1,71,65,1,1,0,20.0,19.7,1.6,82.0,4.4,0,0,0,0,0,1,0,4,3.3
0,3,8.0,0,76,82,0,2,2,43.7,53.7,5.4,75.0,3.8,1,0,0,0,0,0,2,8,7.2
1,0,7.5,0,62,72,1,1,0,33.0,25.6,0.7,82.0,4.5,0,1,0,0,0,0,2,2,6.3
0,4,7.4,0,55,66,1,1,1,25.5,26.3,0.7,78.0,4.3,0,1,0,0,0,0,2,0,3.7
1,2,8.1,0,80,81,0,3,1,51.8,44.7,9.5,80.0,4.6,1,1,4,1,1,0,0,8,5.9
1,8,6.5,0,85,73,1,0,0,20.0,13.4,2.3,84.4,4.6,0,0,0,0,0,0,0,7,2.4
0,4,7.2,0,55,61,1,2,0,38.4,28.8,4.9,69.0,4.0,0,1,0,0,0,0,1,0,5.3
0,2,7.5,0,77,64,1,2,0,44.9,51.1,4.8,82.0,4.2,0,1,0,0,0,1,1,0,7.0
1,8,7.6,0,63,74,1,0,0,32.2,31.9,3.4,66.7,4.1,0,1,0,0,0,0,0,3,6.0
0,0,8.5,0,72,69,2,3,2,71.1,53.9,7.3,79.0,4.8,0,0,0,0,0,0,2,0,8.9
1,4,8.4,0,76,82,1,3,2,67.1,66.6,8.1,85.0,4.8,1,1,3,1,1,1,0,1,7.1
1,10,6.7,0,73,60,1,3,0,30.7,21.3,3.7,69.4,4.1,0,1,1,0,0,0,1,8,3.4
0,3,8.4,0,88,71,2,3,0,79.4,68.3,6.9,89.0,4.1,1,1,3,2,1,1,2,8,9.3
1,0,7.5,0,62,69,1,1,1,32.8,23.5,3.5,68.0,4.4,1,0,0,0,0,0,1,5,3.7
1,7,7.6,0,69,86,1,1,1,44.5,45.9,1.2,90.0,4.6,1,1,4,2,1,0,2,3,7.4
1,5,6.9,0,70,68,0,2,0,20.0,19.6,4.1,77.0,4.2,0,0,0,0,0,0,1,8,2.4
1,7,6.9,0,55,57,1,1,0,35.5,37.8,4.3,76.6,4.2,0,0,1,0,0,0,1,7,5.5
1,2,8.4,0,83,81,2,3,2,69.4,61.7,5.3,90.0,4.4,1,1,4,1,1,1,0,8,7.2
1,2,8.5,0,79,88,2,3,2,77.1,46.2,8.1,90.0,4.8,1,1,2,2,1,0,1,1,8.5
0,11,8.0,0,77,88,0,2,2,53.7,48.2,4.3,90.0,4.7,1,1,0,0,0,0,1,6,7.0
1,5,6.5,0,83,76,2,3,2,36.6,27.4,4.7,81.0,3.3,0,1,4,1,1,0,2,8,2.0
1,6,8.3,1,79,75,1,3,1,67.7,54.3,7.6,79.1,4.4,1,1,3,3,1,1,2,2,7.5
1,11,7.5,0,79,83,1,3,0,54.4,41.9,7.8,89.8,4.3,1,1,4,1,1,1,0,6,6.9
1,4,8.8,0,77,76,1,3,2,76.7,77.4,5.6,89.0,4.4,1,1,3,1,1,1,0,5,9.7
1,1,8.0,0,68,82,1,2,2,47.5,30.1,4.9,85.0,4.8,1,1,3,2,1,0,1,0,4.4
0,3,8.0,0,76,87,2,3,2,65.9,48.6,8.4,89.0,4.5,1,1,1,3,1,1,1,8,6.4
1,5,6.7,2,84,82,2,3,2,30.6,9.5,7.7,82.0,4.8,1,0,1,3,1,0,1,8,2.3
1,2,6.5,0,59,69,1,1,0,20.0,17.8,1.0,80.0,4.4,0,1,0,0,0,0,0,9,3.2
1,0,8.7,1,69,85,2,3,2,79.0,78.6,8.0,90.0,4.4,1,1,2,2,1,1,1,4,9.6
1,4,8.1,0,83,84,2,3,2,63.7,49.0,8.1,85.0,4.8,1,1,1,3,1,1,1,5,8.8
1,4,8.2,0,60,60,1,1,1,44.3,39.7,0.0,81.0,4.8,0,1,2,2,1,0,0,6,5.7
1,3,8.1,0,86,88,2,3,0,77.0,43.3,6.9,90.0,4.7,1,1,2,2,1,0,2,4,8.1
0,7,8.2,1,77,78,0,3,1,58.4,64.2,7.2,90.0,4.8,1,0,2,3,1,1,1,6,7.9
1,6,7.5,0,55,65,1,0,1,36.0,40.2,3.6,85.9,4.0,0,0,0,0,0,0,1,2,5.2
0,7,6.8,0,67,58,2,3,2,38.5,27.3,1.9,86.2,3.2,0,0,3,1,1,0,1,2,2.7
1,5,8.9,0,77,72,0,3,2,65.6,50.9,7.1,85.0,4.6,0,1,0,0,0,0,0,8,9.3
1,5,8.1,0,90,83,2,3,2,62.9,45.2,6.1,90.0,4.8,1,1,2,2,1,1,2,5,6.3
1,0,8.7,0,87,88,2,3,2,71.1,52.5,7.5,90.0,4.8,1,1,2,2,1,0,2,0,8.6
0,0,7.4,0,59,69,0,1,1,28.0,21.7,0.9,67.0,3.9,0,1,0,0,0,0,2,5,5.5
0,2,7.5,1,59,84,1,2,1,43.7,40.3,4.8,90.0,4.3,1,1,2,3,1,0,1,0,6.7
1,11,6.5,1,64,62,1,3,0,30.7,26.0,7.1,68.1,4.2,1,0,1,3,1,1,1,2,2.1
1,3,7.9,0,75,81,2,3,2,62.8,51.6,6.7,85.0,4.8,1,1,2,3,1,1,1,2,7.8
0,6,6.5,0,77,84,1,3,1,36.2,33.2,5.6,87.0,4.7,1,1,3,2,1,0,1,2,3.2
1,4,7.6,2,55,62,1,2,1,42.2,37.2,3.4,83.0,4.8,1,1,0,0,0,0,1,0,4.3
1,6,7.5,1,60,69,2,0,1,36.3,18.6,4.0,72.1,4.4,0,0,0,1,0,0,1,5,3.7
1,2,7.0,0,61,69,1,1,0,20.0,0.0,2.3,69.0,3.7,0,0,0,0,0,0,0,1,2.6
0,8,7.5,0,77,78,0,3,1,37.3,41.0,6.0,83.3,4.5,0,1,0,0,0,1,0,8,4.6
0,0,8.7,0,75,88,1,2,1,58.5,40.2,6.1,90.0,4.6,1,1,4,1,1,0,0,0,7.6
0,7,8.5,0,76,82,2,3,2,73.5,65.5,8.3,86.8,4.8,1,1,3,1,1,1,1,7,8.9
1,4,8.4,0,74,88,2,3,2,66.1,50.5,6.5,90.0,4.8,1,1,2,2,1,0,1,5,7.6
1,7,7.5,0,81,63,0,2,0,39.7,38.9,4.6,72.4,3.7,0,0,0,1,0,0,2,7,7.6
1,5,8.2,0,83,69,1,3,1,66.7,59.9,4.3,85.0,4.4,0,1,0,0,0,1,0,8,8.2
1,8,7.1,0,78,65,2,2,2,43.9,22.5,7.9,87.6,4.0,1,1,1,2,1,0,0,5,3.5
1,4,6.5,0,57,67,1,2,3,35.2,30.1,3.0,81.0,4.2,0,1,0,0,0,0,1,3,3.8
1,0,7.6,1,82,81,0,3,0,48.1,40.1,8.6,88.0,4.6,1,0,1,3,1,0,0,3,5.7
1,9,8.4,0,73,83,2,3,2,80.3,66.5,7.9,90.0,4.5,1,1,3,1,1,1,2,9,8.8
0,6,8.6,0,78,84,2,2,2,73.8,61.7,5.3,90.0,4.8,1,1,3,2,1,1,0,5,9.6
1,2,7.6,0,55,67,2,1,1,33.2,35.0,2.8,89.0,3.9,0,1,0,0,0,0,2,0,5.1
0,8,7.3,1,61,68,2,1,0,20.0,17.9,2.8,79.2,4.3,1,1,0,0,0,0,2,6,3.1
1,5,8.1,0,80,83,0,2,0,46.6,45.8,4.3,81.0,4.5,1,1,0,0,0,0,1,8,6.0
1,3,7.4,0,84,87,1,1,0,33.3,32.0,3.2,82.0,4.7,1,1,0,0,0,0,2,8,5.9
1,2,8.0,0,77,88,1,3,2,58.2,43.0,6.2,90.0,4.8,1,1,1,3,1,0,1,5,5.5
1,11,8.6,0,76,77,2,2,0,71.8,38.2,7.6,90.0,4.8,1,0,2,1,1,1,2,5,8.2
0,4,6.5,2,64,65,1,1,0,20.0,9.3,2.9,82.0,4.1,0,1,0,0,0,1,0,1,2.0
1,7,7.5,0,86,88,0,3,1,39.7,50.0,5.0,80.0,4.7,1,1,3,3,1,0,2,1,5.8
1,3,8.4,0,82,83,1,3,2,62.8,54.8,7.5,76.0,4.5,1,1,3,2,1,0,0,8,8.4
1,3,8.6,0,83,85,2,3,0,75.0,58.1,7.3,89.0,4.8,1,1,3,2,1,0,1,3,8.5
1,4,8.4,0,78,82,2,3,2,73.4,63.9,8.6,87.0,4.7,1,1,1,3,1,0,2,4,8.4
1,11,7.4,0,75,88,2,3,0,48.5,39.7,8.2,89.9,4.7,1,1,0,1,0,1,1,6,6.9
1,4,6.6,0,55,67,1,2,0,20.0,23.9,3.6,71.0,4.6,0,0,0,0,0,0,0,6,3.7
1,10,8.4,0,68,62,1,2,1,48.5,31.1,3.8,68.3,3.7,1,0,0,0,0,1,0,1,7.8
1,3,6.9,0,66,66,1,1,0,24.9,20.3,1.7,61.0,3.5,0,0,0,0,0,0,0,7,3.0
0,3,7.7,1,60,80,1,2,1,44.5,31.8,3.3,66.0,3.4,0,1,0,0,0,1,1,1,5.0
1,9,7.5,0,62,63,1,2,1,37.7,46.2,2.4,83.7,3.8,0,0,2,2,1,0,1,7,5.4
1,8,6.5,0,80,69,0,2,2,20.0,19.8,4.1,81.4,4.6,1,1,2,2,1,1,1,1,2.4
0,0,7.7,0,80,64,0,1,1,38.6,39.6,2.5,90.0,4.4,0,1,0,0,0,1,2,4,5.0
1,1,7.4,0,67,66,0,2,0,33.7,17.1,5.2,72.0,3.5,0,1,0,0,0,1,0,3,3.7
1,7,7.5,0,58,71,2,1,0,39.5,40.6,1.6,67.0,4.0,0,0,1,0,0,1,2,0,4.4
1,0,8.4,2,84,83,2,3,2,73.7,56.0,6.7,90.0,4.8,1,1,4,1,1,1,1,3,8.3
1,3,6.6,1,77,77,0,3,0,31.6,39.9,6.5,87.0,4.6,1,1,2,3,1,0,2,1,2.6
1,4,7.9,0,62,70,1,3,0,57.1,49.3,7.7,69.0,4.0,1,1,1,3,1,1,2,0,7.1
0,2,7.7,1,55,73,1,3,2,50.9,43.9,7.5,81.0,4.8,0,1,0,0,0,0,2,7,6.5
1,3,7.6,0,80,70,0,1,0,21.7,4.4,3.1,82.0,3.8,0,0,0,0,0,0,0,8,4.1
0,7,8.4,0,78,82,2,2,3,68.4,63.8,4.9,75.6,4.8,1,0,1,2,1,1,1,6,8.3
1,1,7.7,1,58,67,0,2,0,46.2,39.0,4.0,76.0,3.7,0,1,0,0,0,0,2,8,4.4
1,3,6.9,0,58,62,1,1,1,20.0,12.1,2.7,60.0,3.3,0,0,0,0,0,0,2,8,2.0
0,6,8.5,0,68,82,2,2,2,43.7,26.0,2.3,77.4,4.5,1,1,0,0,0,1,0,5,7.6
1,6,8.5,0,84,88,1,2,2,77.2,59.8,8.0,90.0,4.7,1,1,3,1,1,1,1,1,9.8
0,11,6.5,0,56,69,1,1,1,24.4,27.9,4.0,60.0,4.3,0,0,1,1,0,0,2,8,3.7
1,0,7.9,0,59,64,1,2,0,52.5,49.2,5.9,85.0,4.1,1,1,0,0,0,0,0,5,6.0
1,2,8.0,0,71,83,2,1,0,48.4,34.8,2.8,90.0,4.3,0,1,0,0,0,1,1,7,6.5
1,6,7.1,1,71,62,1,2,1,41.6,48.0,3.4,85.7,4.6,0,1,3,1,1,0,2,6,4.7
0,3,6.7,1,55,66,1,1,2,20.0,28.5,2.5,73.0,4.5,0,0,3,2,1,0,1,4,2.9
1,7,8.1,1,84,79,2,3,2,77.9,54.5,4.6,85.1,4.3,1,1,4,3,1,1,1,2,7.1
0,2,8.2,0,59,72,1,2,2,61.3,56.1,3.6,82.0,4.3,1,1,0,0,0,0,1,8,8.4
1,3,8.4,0,56,81,2,1,1,59.8,40.5,0.9,83.0,3.5,1,1,2,3,1,0,1,8,7.0
1,4,8.2,0,69,82,1,2,3,52.8,39.5,3.9,85.0,4.5,1,1,0,0,0,0,1,6,6.4
0,0,8.4,0,61,68,0,2,0,54.6,54.9,5.1,81.0,4.4,1,1,2,3,1,0,2,2,6.7
0,4,7.7,0,56,67,1,1,0,35.6,47.6,1.9,78.0,4.3,0,0,0,0,0,1,1,4,6.1
1,6,7.1,0,68,69,0,2,0,33.7,25.3,3.0,81.3,4.3,1,1,2,3,1,1,2,2,3.6
1,11,7.0,0,55,82,1,2,0,33.0,35.5,2.8,86.6,4.0,0,1,1,3,1,0,2,5,5.4
1,5,7.9,0,58,75,1,2,0,55.8,50.9,4.6,84.0,4.1,0,1,1,3,1,0,2,8,7.9
1,0,8.6,0,72,88,2,2,2,67.8,49.1,4.3,90.0,4.8,1,1,3,1,1,1,1,1,7.9
1,2,8.1,1,81,67,2,3,0,69.7,58.1,6.4,89.0,4.1,1,0,0,0,0,1,0,7,7.9
0,10,6.8,0,70,65,0,2,1,27.0,28.7,4.2,73.1,4.3,0,1,0,1,0,1,2,1,2.0
1,0,8.7,0,73,82,2,3,2,83.8,74.7,6.9,90.0,4.8,1,1,4,1,1,1,0,3,10.1
1,9,7.5,0,61,82,1,1,1,38.8,33.8,2.4,74.9,4.7,1,1,0,2,1,1,1,2,4.6
1,2,7.5,1,56,82,1,1,0,33.0,38.3,2.3,80.0,4.7,0,0,3,2,1,0,0,6,3.8
1,4,8.5,1,70,84,1,3,0,72.7,53.3,4.8,88.0,4.6,0,1,3,1,1,1,1,4,8.3
1,4,7.7,0,61,70,1,2,0,50.1,37.5,3.1,78.0,3.8,0,1,0,0,0,1,1,7,5.0
1,2,7.4,1,55,77,1,2,0,33.1,30.2,5.1,77.0,4.1,1,1,0,0,0,1,1,4,4.3
1,3,6.6,0,61,72,1,1,1,20.0,29.4,0.9,75.0,3.6,0,0,1,3,1,0,1,9,2.3
1,9,7.9,0,82,80,2,3,2,58.6,44.3,7.1,90.0,4.6,1,1,3,1,1,1,0,8,5.5
1,9,6.5,2,65,68,2,1,0,21.6,20.8,2.2,66.7,3.1,0,0,1,0,0,1,1,8,2.0
1,0,7.5,0,79,88,1,1,0,31.5,29.6,2.7,76.0,4.5,1,1,2,2,1,0,1,2,3.8
0,5,8.2,0,62,69,1,1,1,38.7,26.1,3.7,66.0,3.6,0,1,0,0,0,0,2,8,5.9
0,4,7.5,0,55,72,1,1,1,39.4,34.3,2.1,65.0,3.9,0,1,0,0,0,0,2,5,7.0
0,1,7.5,0,59,63,1,1,1,33.4,22.8,4.4,67.0,3.8,0,0,0,0,0,1,2,9,4.8
1,6,7.7,0,82,76,1,3,1,48.9,43.8,4.2,84.0,4.8,0,1,2,3,1,0,0,1,5.5
0,3,7.6,0,61,58,1,1,1,38.9,48.4,2.7,80.0,3.7,0,1,0,0,0,0,1,8,7.0
1,6,6.5,0,59,69,0,1,1,22.7,24.8,4.2,75.6,4.1,0,0,1,1,0,1,1,1,2.0
1,2,7.5,2,61,72,1,1,0,34.5,21.8,2.0,70.0,4.8,0,0,0,0,0,0,1,8,3.9
1,5,7.3,0,80,71,1,2,0,38.9,40.5,2.6,75.0,3.9,0,1,0,0,0,1,1,8,4.8
1,8,8.0,0,73,67,2,0,1,38.4,37.7,2.4,82.0,4.5,1,1,0,0,0,0,2,9,6.7
0,4,8.5,0,74,85,2,3,2,69.5,57.1,6.2,90.0,4.6,1,1,3,2,1,1,1,4,6.9
1,0,8.0,0,55,70,0,2,0,42.5,33.9,2.4,60.0,4.2,0,0,0,0,0,1,1,0,6.3
0,6,7.3,0,59,69,1,1,0,39.0,29.3,5.4,85.0,4.5,0,0,0,1,0,0,2,7,5.3
1,3,7.8,0,57,67,1,1,0,37.0,46.1,0.6,66.0,4.6,0,0,0,0,0,0,0,8,5.8
1,8,6.7,2,55,70,0,0,0,20.0,20.1,2.5,76.3,4.0,0,1,0,0,0,1,2,8,4.0
0,11,8.2,1,76,88,2,2,2,80.1,68.7,8.0,89.3,4.8,1,0,2,3,1,1,2,7,9.0
1,8,7.7,1,55,71,0,3,1,42.2,28.0,9.8,71.5,4.6,1,0,1,0,0,0,0,1,3.8
1,0,7.7,1,61,68,1,1,0,40.5,29.2,2.4,72.0,4.1,0,0,0,0,0,0,2,3,5.4
0,2,8.0,0,79,81,2,3,2,67.9,57.9,7.0,83.0,4.5,1,0,0,0,0,1,2,8,9.4
1,5,7.4,0,61,60,1,1,2,24.9,33.4,0.8,68.0,4.3,0,1,0,0,0,0,2,1,3.0
1,1,7.3,0,55,68,1,1,0,38.7,39.8,1.1,66.0,4.3,0,1,0,0,0,0,0,9,5.8
1,0,8.2,0,80,84,1,3,3,68.4,66.9,9.1,82.0,4.0,1,1,0,0,0,1,0,1,8.2
1,11,7.4,0,82,77,1,0,2,26.5,23.4,3.9,79.6,4.8,1,0,1,0,0,1,1,1,4.7
1,3,8.1,0,62,67,1,1,1,42.1,49.4,0.0,70.0,4.6,0,0,0,0,0,0,0,9,5.7
1,2,7.8,0,59,71,1,2,1,50.0,40.4,3.9,70.0,4.3,1,1,3,2,1,0,0,4,5.9
1,6,8.4,0,85,82,2,1,2,65.9,56.9,4.2,86.0,4.7,1,1,3,2,1,1,1,3,7.6
1,7,7.8,0,78,66,1,3,1,45.9,40.3,6.3,81.6,4.8,1,1,0,0,0,0,0,3,7.1
1,2,8.6,0,82,84,0,3,2,70.3,60.7,5.7,81.0,4.8,1,1,1,3,1,1,2,4,8.7
0,3,7.4,1,55,57,0,1,1,25.9,30.9,3.1,73.0,4.4,0,0,0,0,0,0,1,3,4.4
1,11,8.9,1,75,84,1,3,1,78.9,62.1,6.5,89.6,4.8,1,1,4,0,1,0,0,8,8.9
1,7,8.2,0,83,88,2,3,0,74.0,54.3,5.8,90.0,4.7,1,1,3,3,1,0,1,8,8.3
1,8,7.5,0,66,84,0,1,1,43.0,33.4,4.2,78.3,4.0,1,1,0,0,0,1,0,8,5.2
1,2,6.5,1,60,69,1,2,1,25.9,13.8,4.1,72.0,4.5,0,0,0,0,0,0,0,4,5.1
0,10,8.6,0,66,82,1,2,2,55.5,49.1,3.2,81.8,3.6,1,1,0,0,0,1,1,1,6.9
0,9,7.9,1,78,88,0,3,1,53.0,51.0,6.4,90.0,4.6,1,1,2,1,1,1,1,7,7.3
0,2,6.5,0,64,67,0,1,0,20.0,26.3,2.0,78.0,3.9,0,0,0,0,0,0,1,2,3.8
1,0,6.5,0,82,86,0,3,2,20.7,41.5,6.8,90.0,4.8,1,1,3,2,1,1,1,3,2.5
1,7,8.5,0,77,88,2,3,3,65.3,50.7,7.6,90.0,4.8,1,1,3,1,1,1,1,1,7.8
0,2,7.7,1,75,85,1,3,3,50.5,38.6,6.2,88.0,4.8,1,0,0,0,0,1,1,7,6.0
1,9,6.6,0,55,84,2,1,1,31.5,38.8,2.9,88.5,4.7,0,1,1,0,0,1,1,8,3.8
1,2,8.2,0,80,84,0,3,2,58.4,41.4,5.9,90.0,4.2,1,0,0,0,0,1,2,0,6.5
1,4,6.8,0,55,71,0,1,0,20.0,32.9,3.4,86.0,4.0,0,0,0,0,0,0,1,2,3.5
0,2,8.2,0,89,87,2,3,2,71.3,55.8,6.9,90.0,4.8,1,1,2,3,1,0,0,8,7.6
1,2,7.1,0,58,68,1,1,1,27.5,15.4,2.5,63.0,3.6,0,1,0,0,0,0,1,1,4.1
0,4,8.0,0,82,83,2,2,2,60.9,50.2,6.2,87.0,4.8,1,0,4,1,1,1,2,3,7.4
1,9,7.1,0,72,72,1,0,2,39.9,21.9,4.2,71.4,4.8,1,0,0,0,0,1,0,8,3.8
1,4,6.5,0,77,69,1,1,1,21.2,35.5,1.3,78.0,4.3,0,1,0,0,0,0,1,6,2.0
1,9,7.1,0,58,63,1,1,2,28.4,18.6,1.7,71.9,3.2,0,0,0,0,0,1,2,0,3.2
1,9,6.7,0,55,68,2,3,1,33.2,16.3,4.7,71.6,4.4,0,0,0,0,0,0,0,9,4.0
0,7,7.5,0,56,87,1,1,0,24.4,17.0,0.9,74.7,4.0,0,1,0,0,0,0,2,5,4.2
1,5,6.6,0,55,68,1,1,0,20.0,12.8,1.7,72.0,3.2,0,1,0,0,0,0,1,1,2.0
0,0,7.7,0,77,68,1,3,0,51.2,35.8,8.3,81.0,4.1,1,1,4,1,1,1,2,4,5.3
1,2,7.4,0,55,74,1,3,0,44.5,34.9,6.5,88.0,4.2,1,1,0,0,0,1,2,1,4.7
0,3,6.9,0,78,59,0,2,1,21.3,16.1,5.3,82.0,3.9,0,1,0,0,0,1,2,8,2.8
1,1,6.5,0,60,73,1,1,1,20.0,12.7,1.9,66.0,4.0,0,1,0,0,0,0,1,8,3.9
1,2,6.5,0,77,73,1,3,1,23.8,23.4,8.3,71.0,4.0,1,1,0,0,0,0,1,0,2.8
1,10,8.4,0,75,86,1,2,3,67.0,67.5,8.3,90.0,4.8,1,1,1,2,1,1,1,8,8.2
1,0,8.4,0,76,82,1,2,1,62.9,45.1,4.9,79.0,3.8,1,1,1,3,1,1,1,5,7.3
0,5,7.3,0,55,82,1,2,1,40.8,33.9,3.5,74.0,3.9,0,1,0,0,0,0,2,7,5.7
0,4,8.4,0,60,64,1,2,0,68.7,63.2,4.7,79.0,3.8,0,1,0,0,0,1,1,9,8.8
1,9,8.3,1,63,87,1,0,1,47.3,36.1,4.6,89.2,4.8,1,1,3,2,1,1,2,7,6.0
1,4,7.7,0,57,71,1,1,1,38.2,27.3,0.9,71.0,4.3,1,0,0,0,0,0,0,5,4.6
1,1,8.2,0,61,73,1,3,1,61.8,56.9,4.7,72.0,3.9,0,1,0,0,0,0,0,8,7.0
0,3,7.4,0,75,65,1,2,0,27.3,25.7,5.6,76.0,4.2,1,1,0,0,0,0,0,6,5.6
0,4,8.2,0,86,83,1,3,2,64.2,53.9,7.0,86.0,4.8,1,1,2,2,1,0,1,6,7.6
0,4,7.6,0,55,69,0,2,0,45.9,48.2,2.7,84.0,4.4,0,1,0,0,0,0,0,5,6.2
1,2,8.3,0,71,80,1,3,0,69.7,61.1,6.9,84.0,4.6,1,1,3,2,1,0,1,5,8.5
0,2,8.4,0,75,82,2,3,2,72.1,55.8,6.1,90.0,4.7,1,1,2,2,1,0,2,8,8.0
1,4,7.8,0,55,72,1,1,1,37.8,29.6,1.2,78.0,4.2,0,0,0,0,0,0,2,5,4.8
1,0,7.5,0,60,72,0,1,0,22.3,15.7,4.0,71.0,4.1,0,0,0,0,0,0,2,7,3.1
1,9,6.6,1,62,64,1,2,0,20.0,19.1,2.7,80.1,3.8,0,1,0,1,0,0,0,8,2.6
1,3,8.2,0,79,68,2,1,2,57.9,46.5,2.3,90.0,4.8,1,1,1,3,1,0,1,0,6.8
1,4,8.7,0,79,80,1,3,2,73.6,52.4,7.0,90.0,4.7,1,1,4,1,1,0,2,1,8.7
1,4,8.5,0,74,83,1,1,2,45.1,44.8,0.9,86.0,4.5,1,1,3,1,1,0,0,3,6.5
0,4,8.0,0,72,68,1,1,0,43.1,36.8,3.7,77.0,3.9,1,1,3,1,1,0,1,4,5.2
1,9,6.5,1,81,68,0,3,0,29.7,25.9,8.4,80.5,4.3,1,1,0,1,0,0,2,1,5.7
1,4,6.5,2,63,69,1,2,1,20.0,15.6,4.3,79.0,3.1,0,1,2,2,1,0,0,4,2.0
0,3,8.1,0,67,59,0,3,0,53.5,35.0,7.2,69.0,4.1,1,0,0,0,0,0,2,0,5.6
0,0,8.1,0,59,58,1,1,0,43.0,49.1,2.5,80.0,4.6,0,0,0,0,0,0,0,5,7.2
1,4,7.9,0,62,71,1,1,1,47.2,42.5,2.2,70.0,3.4,0,0,0,0,0,0,0,4,6.2
0,2,7.2,0,90,63,2,1,1,31.4,42.9,2.0,78.0,4.3,1,1,2,2,1,0,1,8,4.1
0,4,7.5,0,79,85,1,1,0,35.3,36.6,2.7,84.0,4.7,1,1,3,1,1,0,2,9,4.9
0,6,8.0,1,70,86,2,3,2,64.2,42.5,7.7,88.4,4.8,1,1,0,0,0,1,1,7,6.4
1,7,8.0,0,85,85,1,2,2,60.8,39.1,7.2,81.9,4.8,1,1,2,3,1,1,2,2,6.2
1,9,8.7,0,76,86,2,2,3,73.8,67.4,7.1,90.0,4.8,1,1,1,2,1,1,1,1,9.3
0,8,7.4,0,56,68,2,1,1,25.2,21.6,3.6,86.5,4.2,0,1,1,1,0,0,2,8,3.9
1,2,7.7,0,76,86,1,3,0,53.9,50.7,5.2,80.0,4.8,1,1,1,3,1,0,1,6,6.2
1,2,8.3,0,68,80,2,3,2,63.4,47.4,6.9,84.0,4.7,1,1,1,3,1,1,1,2,8.7
0,5,7.9,0,81,77,1,1,0,38.8,28.0,3.5,76.0,3.3,1,0,0,0,0,0,2,4,4.5
1,0,7.7,0,56,69,1,2,1,52.8,46.1,5.5,76.0,4.1,0,1,0,0,0,1,2,7,6.5
0,1,8.3,0,87,86,0,2,2,56.0,38.4,5.6,84.0,4.8,1,1,1,3,1,0,2,8,7.6
1,0,8.6,0,69,86,0,2,1,62.1,53.2,4.0,79.0,3.8,1,1,3,1,1,1,0,4,8.5
0,0,7.5,0,55,64,1,1,1,31.1,26.4,3.5,70.0,4.0,1,1,0,0,0,0,2,5,4.7
1,7,7.3,2,70,66,0,3,2,44.7,33.5,4.5,85.0,4.2,0,0,0,1,0,0,0,4,5.7
1,5,8.1,0,81,86,2,3,1,65.9,57.6,5.8,90.0,4.5,1,1,1,3,1,1,2,1,6.4
1,5,8.4,0,74,81,1,3,2,65.6,61.3,7.5,90.0,4.8,1,1,4,1,1,1,1,0,7.5
1,4,8.3,0,76,87,2,3,2,68.8,71.2,8.1,90.0,4.8,1,1,2,2,1,1,0,7,9.0
1,6,8.5,1,79,82,1,3,0,74.7,66.2,7.4,87.2,4.8,1,1,3,2,1,0,1,2,8.3
1,11,7.9,0,55,71,1,2,1,59.5,49.8,4.2,80.0,4.4,0,0,0,0,0,0,1,0,6.8
1,4,8.4,0,75,64,0,3,2,61.9,47.0,7.7,79.0,4.5,1,1,0,0,0,1,1,6,7.0
1,7,8.4,1,76,88,1,2,1,70.5,51.8,6.1,90.0,4.8,1,1,2,1,1,1,2,4,8.2
1,4,8.0,0,61,66,1,1,2,42.1,28.7,3.5,76.0,3.4,1,1,0,0,0,1,1,6,6.6
1,9,6.5,1,56,62,1,0,0,20.7,19.9,0.0,65.8,3.7,0,0,1,0,0,0,0,2,2.2
1,7,8.1,0,78,61,1,2,1,50.2,38.9,2.4,89.3,4.6,0,1,1,0,0,0,1,2,6.8
1,7,8.1,1,82,85,1,3,1,74.1,75.8,8.0,90.0,4.7,1,1,3,3,1,1,2,7,7.2
0,2,7.4,0,66,70,0,2,0,39.7,42.1,4.9,76.0,3.8,0,1,0,0,0,1,2,8,5.3
0,4,8.3,0,56,67,1,2,2,58.8,48.1,5.6,71.0,4.5,1,1,2,2,1,1,1,6,8.0
1,4,8.4,0,60,73,2,2,0,62.7,45.1,6.3,74.0,4.3,1,0,3,2,1,1,2,5,7.5
1,8,8.6,0,72,87,2,2,3,70.9,50.7,7.4,89.8,4.8,1,1,4,0,1,1,0,7,8.0
1,6,8.0,0,84,64,2,0,2,47.9,44.2,3.1,78.7,3.8,0,1,0,1,0,0,1,7,6.3
1,10,7.5,1,55,68,1,1,1,32.1,31.3,2.0,88.4,4.1,0,0,0,1,0,0,2,8,4.1
1,0,8.5,0,80,87,1,3,0,70.4,54.6,8.8,74.0,4.3,1,1,0,0,0,1,1,5,8.7
0,4,7.1,0,56,65,1,1,0,24.1,9.2,3.6,70.0,4.1,1,1,0,0,0,0,0,1,3.1
1,4,8.3,0,60,71,0,1,1,48.3,43.8,2.1,72.0,3.5,0,0,0,0,0,0,1,7,7.8
1,2,8.1,0,77,83,1,2,0,52.8,37.9,6.7,89.0,4.8,1,1,0,0,0,1,1,8,7.1
1,6,7.6,2,56,61,1,1,0,45.9,48.7,3.8,81.3,4.2,1,0,0,0,0,0,0,2,7.5
1,11,7.0,0,70,67,2,1,0,23.8,17.7,2.6,74.4,3.8,1,1,2,3,1,0,0,7,2.0
0,2,6.8,0,57,67,1,1,1,22.9,21.5,1.7,75.0,3.8,0,1,0,0,0,1,2,8,3.0
1,2,8.3,0,83,82,1,3,0,57.7,50.6,6.5,82.0,4.7,1,1,0,0,0,1,0,6,6.8
1,0,8.3,0,74,62,1,2,2,51.7,34.0,6.3,76.0,4.0,1,1,0,0,0,1,1,6,7.5
1,8,6.7,2,85,68,0,0,0,20.0,17.4,4.5,65.8,3.5,1,0,1,0,0,0,2,9,2.7
1,5,8.2,0,76,85,0,3,2,51.0,62.4,6.2,90.0,4.7,1,1,2,2,1,1,2,9,7.8
0,0,7.5,0,55,64,1,3,1,43.6,30.7,7.5,78.0,4.3,0,1,0,0,0,1,1,5,3.8
1,0,8.2,1,75,84,0,3,3,53.8,34.1,5.4,90.0,4.6,1,1,2,3,1,0,1,8,4.5
0,0,8.7,0,72,79,2,3,0,69.3,64.8,7.7,82.0,4.1,1,1,3,1,1,1,0,3,10.1
1,4,7.7,0,55,61,1,1,0,40.6,41.8,1.3,76.0,3.8,0,0,0,0,0,0,1,1,7.9
1,8,6.9,0,55,70,0,1,0,20.0,20.6,2.7,86.1,3.7,0,1,1,3,1,0,0,2,2.4
0,3,6.7,0,61,61,1,2,2,23.8,42.3,5.5,76.0,3.8,0,1,0,0,0,0,0,3,4.9
1,5,8.4,1,90,79,0,3,2,65.1,33.6,5.9,85.0,4.6,1,1,0,0,0,0,0,4,7.1
1,7,8.4,1,86,85,0,3,2,62.9,62.8,7.0,83.0,4.8,1,1,1,2,1,0,1,7,6.5
0,7,6.5,1,66,65,1,1,1,27.6,28.7,0.3,88.9,4.2,1,1,0,0,0,0,0,5,4.1
0,4,8.0,0,56,69,2,3,1,60.0,39.0,7.0,69.0,3.9,0,1,0,0,0,0,0,5,7.1
0,7,8.1,0,66,86,1,1,2,48.2,29.4,1.2,90.0,4.6,0,0,0,0,0,1,2,8,7.2
0,2,8.0,0,65,83,2,2,0,55.1,47.3,5.1,87.0,4.2,1,1,0,0,0,0,0,7,7.9
0,9,7.5,0,65,82,2,3,3,63.0,49.6,6.6,90.0,4.7,1,1,1,0,0,0,1,7,7.0
1,2,8.4,0,82,84,2,3,2,67.6,50.8,6.6,90.0,4.8,1,1,2,2,1,1,1,0,6.7
0,0,8.0,0,80,71,1,3,0,61.3,48.5,8.4,81.0,4.3,1,1,0,0,0,0,1,9,7.2
0,11,6.6,0,77,84,1,2,1,23.0,24.1,6.2,69.4,4.6,1,1,0,1,0,0,0,8,2.8
1,4,8.4,1,81,88,2,3,2,73.8,69.1,7.0,90.0,4.8,1,1,2,2,1,1,0,0,9.2
1,0,8.1,0,74,83,1,3,2,61.8,47.9,6.6,75.0,3.9,1,1,0,0,0,1,2,2,8.1
1,3,7.9,0,83,69,2,3,1,60.0,54.3,6.2,82.0,4.2,1,1,0,0,0,0,1,8,8.2
1,3,8.0,0,76,78,1,3,2,64.2,52.8,7.2,84.0,4.3,1,1,3,1,1,0,0,8,6.8
1,8,6.6,1,55,70,0,0,1,20.0,20.7,2.6,76.7,4.0,0,1,0,0,0,1,1,8,2.6
1,8,6.5,1,62,71,0,1,2,20.0,8.0,4.5,83.9,4.3,1,0,0,3,1,0,1,8,2.8
1,10,8.5,0,76,65,1,1,2,53.9,48.1,3.1,68.9,4.4,0,0,0,0,0,0,0,2,7.6
1,8,6.5,2,77,73,2,3,0,25.4,17.4,7.7,89.6,4.4,1,1,3,3,1,1,1,8,2.0
0,11,6.5,0,55,71,1,1,0,22.5,16.0,3.1,78.1,4.0,0,0,0,0,0,0,1,8,3.7
1,9,7.8,1,56,86,2,1,3,32.7,31.3,4.0,82.1,4.2,1,1,0,0,0,1,1,8,5.1
1,11,7.9,2,75,65,2,2,2,57.6,41.1,2.1,81.6,4.8,0,1,0,1,0,1,2,1,7.2
1,6,7.5,0,78,87,2,2,0,37.6,33.6,3.3,78.6,4.5,1,1,2,2,1,0,1,4,5.2
0,2,8.5,0,78,82,2,3,2,75.5,62.3,7.2,89.0,4.8,1,1,4,1,1,1,2,3,7.9
1,5,8.2,0,67,62,1,1,0,49.9,43.2,0.9,71.0,3.8,0,0,0,0,0,0,1,9,8.0
1,2,6.5,1,55,65,1,1,1,20.0,27.4,1.6,83.0,4.4,0,0,0,0,0,0,1,8,3.3
1,1,6.7,0,61,62,1,1,0,21.0,33.9,2.2,60.0,4.0,0,0,0,0,0,0,1,8,2.6
0,5,7.4,0,63,64,1,1,0,24.6,24.8,1.7,60.0,3.7,0,0,0,0,0,0,1,8,4.3
1,4,8.6,0,83,81,1,2,2,58.7,49.6,4.5,90.0,4.5,1,1,0,0,0,1,0,4,6.5
1,0,7.9,1,67,83,1,3,0,60.8,42.0,4.9,79.0,3.7,0,1,0,0,0,1,2,0,7.6
1,1,6.8,1,55,63,1,1,0,21.9,40.1,1.7,68.0,4.2,0,1,0,0,0,0,2,5,3.4
1,4,8.4,0,81,83,2,1,2,62.4,56.2,2.7,90.0,4.5,1,1,3,2,1,1,1,1,8.4
1,7,7.6,0,56,58,1,2,1,39.9,40.4,6.0,79.8,4.1,0,1,0,1,0,1,1,1,6.3
0,0,8.7,0,84,68,2,1,2,68.2,51.8,1.6,85.0,4.8,1,1,4,1,1,1,2,0,8.4
1,11,7.8,0,79,77,2,3,2,53.3,54.1,6.1,90.0,4.8,1,0,0,0,0,0,2,8,7.4
0,3,6.5,0,78,62,1,1,0,20.0,15.8,2.2,66.0,4.2,0,0,0,0,0,0,1,1,2.0
1,2,8.3,0,70,80,0,3,0,56.2,29.4,5.3,88.0,4.7,1,1,0,0,0,0,0,0,6.2
0,2,7.4,0,60,70,0,2,1,37.3,39.2,4.6,72.0,4.4,0,1,1,3,1,0,2,4,3.8
1,3,8.5,0,76,65,2,3,2,70.3,59.4,5.7,82.0,4.4,1,1,1,3,1,1,0,8,8.5
1,0,7.5,0,79,72,1,1,0,31.7,28.6,3.5,77.0,4.6,0,0,0,0,0,1,1,4,3.8
1,5,8.2,0,79,83,0,1,1,38.8,40.3,2.3,68.0,3.8,1,0,2,2,1,0,1,4,5.9
0,2,8.6,0,86,81,1,3,0,71.5,50.5,6.2,74.0,4.4,1,1,1,3,1,1,1,2,8.5
1,9,7.9,0,83,83,2,2,2,69.7,55.6,6.7,88.8,4.8,1,1,1,2,1,1,0,8,6.7
1,7,6.7,0,62,60,1,1,1,28.2,28.3,2.6,72.1,3.8,0,1,0,0,0,0,1,5,4.5
1,10,7.7,0,59,84,1,2,1,40.1,56.9,3.4,78.3,4.8,1,1,0,1,0,0,1,6,7.3
0,3,6.6,0,64,70,0,1,1,20.0,29.7,1.5,72.0,4.1,0,1,0,0,0,0,1,8,3.1
1,7,8.2,0,71,87,2,3,3,70.5,68.8,6.0,90.0,4.4,1,1,3,1,1,1,0,7,8.4
1,3,7.7,0,70,63,1,2,1,42.9,35.8,4.6,81.0,3.6,1,1,1,3,1,0,1,0,5.1
0,3,6.5,0,78,63,1,2,1,27.2,30.4,3.3,78.0,4.1,0,0,0,0,0,0,2,8,3.2
0,5,8.1,0,82,82,2,3,2,56.1,44.3,7.2,90.0,4.7,1,1,4,1,1,1,1,2,6.3
1,11,7.7,2,77,81,1,2,0,47.8,38.7,5.9,89.2,4.8,1,0,0,0,0,0,1,1,4.2
1,6,9.0,1,79,87,0,0,1,63.6,43.8,1.9,90.0,4.6,0,1,3,0,1,1,1,0,9.1
1,7,8.3,1,73,68,2,3,2,71.0,53.8,7.6,82.1,4.7,1,1,3,1,1,1,2,6,7.6
1,4,8.3,0,83,82,2,3,2,77.3,77.2,5.5,89.0,4.8,1,1,2,2,1,1,1,5,8.6
1,8,7.5,0,74,74,1,0,0,29.6,15.7,2.1,72.7,4.1,0,1,1,0,0,0,0,8,3.2
1,6,8.1,0,77,83,1,3,1,54.7,47.6,4.6,86.0,4.3,1,1,0,0,0,1,0,4,7.5
1,0,7.8,0,55,73,0,1,1,31.5,36.1,3.5,90.0,4.2,1,1,3,2,1,0,0,0,5.4
0,3,8.3,0,65,69,2,3,0,74.9,70.0,5.2,90.0,4.7,1,1,3,2,1,1,2,0,9.4
1,6,8.1,0,72,82,0,3,3,71.8,47.8,3.9,86.2,4.8,0,1,1,3,1,1,1,3,5.7
1,5,6.6,1,63,70,0,1,0,20.0,22.7,4.0,70.0,4.6,0,0,0,0,0,0,2,4,2.0
1,3,6.8,0,78,68,0,1,0,20.0,26.2,1.4,70.0,3.9,0,1,0,0,0,0,2,4,4.1
1,10,7.6,0,73,80,2,1,0,41.9,22.8,3.0,76.6,4.3,0,1,0,0,0,0,2,7,4.6
0,0,6.5,0,55,69,1,2,1,21.5,22.3,3.9,64.0,3.7,0,1,0,0,0,0,2,0,2.4
0,2,8.3,0,82,68,2,3,2,72.4,60.4,7.4,70.0,4.2,1,1,0,0,0,1,1,1,9.0
0,4,7.4,0,78,65,1,2,0,41.0,25.9,4.9,78.0,4.6,0,0,0,0,0,0,0,7,5.1
1,4,7.8,0,81,73,0,3,0,59.1,35.4,7.3,83.0,4.4,1,1,0,0,0,1,0,0,7.1
1,5,7.8,1,64,72,1,3,3,54.7,50.7,6.1,84.0,3.9,1,1,0,0,0,0,1,7,7.5
1,0,8.2,0,84,87,2,3,2,72.0,55.4,7.0,90.0,4.8,1,1,3,1,1,1,2,2,7.6
1,5,7.7,0,56,64,1,1,2,31.6,34.8,2.3,71.0,4.0,0,1,0,0,0,0,1,4,5.2
1,3,7.7,1,60,69,1,1,1,35.4,45.8,3.8,65.0,3.5,0,0,0,0,0,0,1,8,5.2
1,2,7.4,0,58,73,1,3,1,46.3,42.4,6.9,61.0,4.8,0,0,0,0,0,0,2,8,6.3
1,0,7.5,0,63,70,0,1,0,24.0,18.5,2.7,76.0,4.4,0,0,0,0,0,0,1,4,5.1
1,2,8.0,0,55,64,1,1,2,50.2,56.9,1.7,75.0,3.6,1,1,0,0,0,0,1,1,6.8
1,4,8.2,0,72,64,2,2,0,65.5,56.4,4.7,72.0,4.8,0,1,0,0,0,1,2,0,7.7
1,0,8.1,0,90,83,0,3,2,53.2,38.9,7.8,87.0,4.8,1,0,3,2,1,0,1,0,6.3
1,5,7.6,0,55,63,1,1,0,31.0,30.2,1.4,70.0,3.8,0,1,0,0,0,0,1,8,4.8
0,3,7.8,0,56,68,0,1,0,38.8,23.1,1.5,61.0,4.0,0,0,0,0,0,0,1,8,5.3
1,8,8.3,0,59,70,1,0,1,45.7,47.1,3.6,70.4,4.3,0,0,0,0,0,1,1,1,8.0
0,7,8.3,0,74,77,2,2,0,51.9,39.0,3.5,88.7,4.6,1,1,0,0,0,0,1,9,6.3
1,11,8.4,0,63,63,1,2,2,59.8,44.0,5.2,82.6,4.0,1,0,3,2,1,1,0,0,6.6
0,9,7.9,0,55,74,1,2,1,53.1,33.5,6.5,78.0,4.3,0,1,4,1,1,1,1,7,5.8
1,8,6.6,0,71,69,0,0,0,20.0,26.4,1.6,81.2,4.1,0,0,0,0,0,0,1,1,2.1
1,3,7.8,0,81,82,2,2,2,54.0,59.1,6.0,90.0,4.8,1,0,3,2,1,0,0,1,7.0
0,2,6.7,0,62,68,1,1,1,20.7,33.2,2.0,76.0,4.6,0,0,0,0,0,0,1,6,4.0
1,7,8.0,0,77,78,2,1,0,57.1,44.0,1.7,76.6,4.6,1,1,4,0,1,0,1,6,5.9
1,0,8.5,0,73,86,2,3,2,81.9,79.6,6.6,87.0,4.6,1,1,3,1,1,1,1,4,8.3
0,3,7.9,0,80,79,1,1,2,43.6,35.8,2.4,74.0,4.8,1,0,0,0,0,0,1,6,6.8
0,2,7.2,0,59,68,1,1,1,27.1,27.8,1.9,83.0,4.4,0,0,0,0,0,1,1,8,3.1
1,8,7.3,0,62,68,1,2,0,35.8,43.5,1.6,81.1,3.9,0,1,0,0,0,0,1,7,6.2
0,4,6.7,0,55,69,1,1,0,21.0,19.6,1.0,74.0,4.4,1,1,0,0,0,1,2,8,4.0
1,6,8.6,0,76,73,1,3,0,73.9,44.8,6.2,89.0,4.7,1,1,1,0,0,1,1,1,8.7
1,10,8.2,0,78,85,2,2,1,67.2,57.2,6.6,90.0,4.4,0,1,3,2,1,1,2,1,7.5
0,5,8.4,0,82,80,1,3,0,73.7,68.1,7.3,85.0,4.6,1,1,3,2,1,0,1,8,8.5
1,4,7.7,0,58,65,1,1,1,34.5,38.0,1.5,74.0,4.3,0,1,0,0,0,0,1,1,4.9
0,0,7.9,0,79,80,0,1,1,36.2,27.6,1.1,73.0,4.1,0,1,0,0,0,0,1,4,5.7
0,7,7.5,0,59,76,1,2,1,53.2,39.4,4.4,78.2,4.6,0,1,1,0,0,1,2,9,6.3
1,2,8.3,0,55,67,1,1,1,47.4,35.9,3.3,77.0,3.6,0,1,0,0,0,0,2,0,5.5
0,5,8.2,0,77,85,1,3,2,51.0,43.5,6.1,83.0,4.4,1,1,4,1,1,1,1,8,6.3
0,2,8.2,0,84,88,1,3,2,63.3,55.0,5.8,89.0,4.5,1,1,2,2,1,1,1,0,7.2
1,7,7.7,0,56,66,1,1,2,40.9,31.3,3.1,70.0,4.8,0,0,1,0,0,1,2,0,6.8
1,3,6.8,2,63,68,1,1,0,20.0,17.7,1.6,73.0,4.3,0,0,0,0,0,1,2,8,3.8
1,11,7.4,0,56,68,1,3,0,43.5,32.1,3.3,79.6,4.8,0,1,1,0,0,1,2,8,4.5
1,6,7.6,0,69,67,1,0,1,32.8,42.7,2.0,65.2,4.1,0,0,0,0,0,0,0,1,4.3
1,8,6.8,0,72,83,0,3,1,26.5,26.9,5.9,79.5,4.6,1,1,0,3,1,0,0,9,4.4
1,3,6.7,1,56,62,2,1,0,31.3,38.5,3.2,78.0,4.4,0,1,0,0,0,1,1,8,3.7
1,0,7.9,0,79,86,1,2,0,46.7,36.1,5.5,82.0,4.2,1,1,3,2,1,0,2,5,6.6
1,7,7.8,0,62,70,1,2,0,59.8,49.4,7.1,72.7,4.0,1,1,0,3,1,1,0,0,6.0
1,0,8.5,0,79,81,2,3,2,86.5,64.4,6.8,90.0,4.8,1,1,2,2,1,1,1,4,8.8
1,7,6.9,0,56,68,1,2,1,22.7,15.3,2.5,74.9,4.6,0,1,1,0,0,0,1,4,3.7
1,0,8.2,0,75,82,1,3,2,60.8,51.8,6.2,88.0,4.8,1,1,2,3,1,0,1,1,7.1
1,4,7.3,1,68,64,0,1,1,27.9,32.3,0.4,69.0,4.6,0,1,0,0,0,0,2,5,4.8
1,3,7.7,0,64,57,1,2,1,45.1,46.9,5.6,74.0,4.6,1,1,1,3,1,1,1,8,4.7
1,5,7.3,0,55,74,1,1,1,35.2,15.5,2.2,75.0,3.7,0,1,0,0,0,0,2,8,4.6
1,11,7.9,0,83,84,2,3,3,64.7,44.9,6.2,89.2,4.3,1,1,1,3,1,1,1,2,6.1
1,4,6.5,0,71,64,1,3,0,24.2,30.8,6.6,64.0,4.6,0,0,0,0,0,0,1,6,3.0
0,0,8.5,0,82,86,1,3,2,83.3,61.6,5.8,90.0,4.8,1,1,4,1,1,0,1,9,8.8
1,7,7.7,0,70,63,0,0,1,30.0,34.5,4.1,83.6,4.8,1,1,2,2,1,0,1,7,5.5
1,6,7.8,1,70,68,1,2,0,53.4,34.5,5.4,90.0,4.6,0,1,0,0,0,1,1,2,5.6
0,2,6.5,1,60,64,1,1,1,20.0,12.2,0.8,75.0,3.6,0,1,0,0,0,0,2,4,3.0
1,2,7.6,0,56,62,0,1,0,38.2,24.0,1.4,63.0,3.7,0,0,0,0,0,0,1,1,3.6
0,2,8.3,0,76,86,1,3,2,59.4,29.9,7.8,81.0,4.7,1,1,0,0,0,1,0,2,6.7
1,0,7.8,1,72,85,1,3,1,56.2,44.9,8.7,77.0,3.7,0,1,0,0,0,1,2,7,8.4
0,6,8.7,0,77,85,0,3,2,64.1,50.1,4.5,90.0,4.6,1,1,1,2,1,0,0,0,7.8
1,3,7.5,0,57,67,1,2,1,40.8,30.1,4.0,72.0,4.3,0,1,0,0,0,0,1,7,5.4
0,7,7.5,0,76,81,0,2,1,58.4,46.7,6.8,86.0,4.1,1,1,2,2,1,1,1,0,6.5
1,1,6.9,0,57,57,1,1,1,20.0,20.9,1.2,74.0,4.3,0,1,0,0,0,0,1,8,4.4
0,7,8.1,0,56,63,0,1,1,50.6,41.7,0.6,73.0,3.6,0,0,1,0,0,1,0,2,6.7
0,2,8.9,0,80,85,0,3,0,74.1,72.7,7.8,83.0,4.8,1,1,3,2,1,1,1,7,10.3
1,1,6.9,0,55,70,0,1,1,20.0,24.4,2.9,86.0,3.8,0,1,1,3,1,1,0,2,3.3
0,6,8.5,0,84,88,1,3,1,69.7,58.4,6.3,79.9,4.8,1,1,1,3,1,0,1,3,8.9
1,6,6.7,2,55,69,1,0,0,25.0,23.1,3.1,81.7,4.3,0,1,0,3,1,0,1,2,2.3
1,4,7.5,0,55,61,0,2,1,33.5,42.6,3.3,66.0,3.9,0,1,0,0,0,0,1,5,5.2
1,0,7.4,0,66,68,0,2,1,38.2,21.0,5.0,77.0,4.8,1,1,0,0,0,0,0,2,4.7
1,1,6.5,1,55,65,0,2,1,20.0,17.4,1.9,80.0,3.9,0,0,0,0,0,0,0,8,2.7
0,5,6.9,2,79,85,2,3,2,45.6,36.1,8.2,86.0,4.8,1,1,2,3,1,0,1,8,3.6
0,11,6.6,2,83,70,2,2,0,22.3,34.6,1.9,78.6,4.3,0,1,0,0,0,0,1,5,4.1
1,4,6.5,0,84,72,1,2,0,23.6,37.2,5.6,73.0,3.6,1,1,0,0,0,0,2,0,3.9
0,6,8.2,0,79,85,0,2,1,67.6,63.7,6.8,88.7,4.6,1,1,3,1,1,0,1,9,7.3
0,10,7.5,0,59,66,0,0,1,26.3,17.0,4.1,66.5,4.7,0,0,0,0,0,0,0,8,4.2
1,11,8.4,0,66,88,0,1,2,56.9,49.8,1.1,90.0,4.8,0,1,3,3,1,0,1,8,6.9
0,9,7.5,1,67,61,2,2,0,41.8,18.9,2.9,65.8,4.4,0,0,0,0,0,0,1,8,6.0
1,10,8.4,0,83,68,0,3,2,67.2,57.9,4.2,84.4,4.4,0,1,0,0,0,1,1,7,8.9
0,2,6.6,0,55,73,1,1,1,20.0,19.7,1.7,71.0,4.5,0,1,0,0,0,0,0,1,3.0
0,3,8.7,0,83,84,0,2,2,60.7,48.3,5.9,84.0,4.5,1,1,0,0,0,1,0,8,9.0
1,3,8.0,0,87,70,1,3,2,56.3,55.7,6.8,90.0,4.5,1,1,3,1,1,1,2,8,6.8
0,9,7.6,0,69,87,1,3,2,51.0,45.8,5.3,78.4,4.3,0,1,1,0,0,0,1,6,2.8
1,7,6.5,0,57,68,1,0,1,22.6,17.3,0.8,75.8,3.7,0,0,0,0,0,0,1,9,3.0
1,5,7.3,1,57,57,1,1,1,30.8,22.2,1.7,71.0,3.8,0,1,0,0,0,0,1,9,3.9
1,11,6.5,1,55,62,0,1,1,21.4,22.4,3.0,70.5,3.8,0,0,0,0,0,0,1,2,3.2
1,2,7.7,0,71,84,1,2,3,51.0,53.8,4.9,78.0,4.2,1,1,0,0,0,0,0,7,6.8
1,9,7.5,1,82,74,0,0,0,29.3,20.4,1.1,77.5,4.2,1,1,0,0,0,0,2,8,3.5
1,2,7.7,0,56,66,1,1,2,31.1,35.5,1.8,79.0,3.9,0,1,0,0,0,0,0,8,5.7
1,10,7.6,0,55,70,0,3,2,29.5,28.3,3.5,74.3,4.3,0,0,0,0,0,1,0,8,4.6
0,4,6.8,0,59,69,1,2,0,25.1,29.4,4.8,82.0,4.4,1,1,3,2,1,0,2,5,3.3
1,0,7.4,0,61,67,1,2,0,28.7,27.9,2.4,87.0,3.5,0,1,0,0,0,0,0,0,4.9
0,0,8.6,0,76,82,1,2,2,59.4,32.6,6.2,73.0,4.8,1,0,3,2,1,0,1,3,6.5
0,4,8.8,0,68,84,2,2,0,72.9,66.6,5.7,83.0,4.4,1,1,0,0,0,1,0,9,10.4
1,3,8.7,0,68,60,1,1,1,61.5,57.9,0.7,70.0,4.1,0,0,0,0,0,0,1,4,9.5
1,0,8.4,0,57,65,2,3,0,72.9,57.4,7.0,79.0,4.6,1,0,0,0,0,1,1,7,9.3
1,4,8.5,0,76,84,2,2,2,67.5,47.9,5.5,88.0,4.8,1,1,4,1,1,1,2,2,8.2
0,4,6.5,1,56,70,2,3,0,36.1,28.2,5.2,82.0,4.3,0,1,0,0,0,0,2,5,3.1
1,9,6.5,1,55,63,1,0,2,20.0,5.8,1.0,68.3,3.9,0,0,1,1,0,1,1,8,2.0
1,5,6.8,1,62,67,1,1,0,21.8,23.0,0.4,74.0,3.8,0,1,0,0,0,0,0,8,3.1
1,0,7.6,0,61,61,1,1,0,31.3,15.5,2.1,74.0,4.2,0,1,0,0,0,0,2,6,4.7
1,4,7.6,0,60,80,1,2,1,38.8,31.3,4.9,87.0,4.3,0,0,0,0,0,1,2,1,5.7
0,2,7.5,0,63,69,1,2,0,48.3,26.5,4.6,72.0,4.2,1,0,0,0,0,0,2,2,4.8
1,2,8.0,0,61,68,1,1,0,49.5,40.4,2.6,83.0,4.8,0,1,0,0,0,0,0,2,6.3
1,2,8.3,0,87,68,2,3,0,64.0,51.1,6.6,80.0,4.2,0,0,0,0,0,1,1,0,8.3
1,0,7.8,1,74,62,1,1,1,44.2,37.9,2.8,83.0,3.7,1,0,0,0,0,1,1,7,5.8
0,2,7.6,0,55,81,1,2,0,43.6,51.1,7.0,90.0,4.8,1,1,0,0,0,1,2,0,7.1
1,4,7.7,1,81,82,1,3,1,54.6,40.6,7.1,90.0,4.6,1,1,3,1,1,1,1,9,6.0
0,10,6.8,2,56,66,1,0,0,23.1,17.5,3.7,75.4,3.8,1,1,3,2,1,0,2,8,3.2
1,4,7.3,1,60,67,0,1,0,20.0,27.5,2.3,78.0,3.3,0,0,0,0,0,0,1,1,3.6
1,8,6.6,0,55,73,0,0,0,20.0,28.2,1.4,78.1,4.4,0,1,1,0,0,0,2,2,4.8
1,3,8.3,0,81,85,1,3,2,65.8,63.3,7.9,89.0,4.8,1,1,2,2,1,1,2,8,8.4
1,6,7.5,0,65,71,2,1,1,44.8,37.3,4.1,79.9,3.8,0,1,0,0,0,1,2,2,5.0
0,2,7.7,1,70,81,2,3,0,54.8,48.1,7.5,78.0,4.1,1,1,0,0,0,0,1,5,6.5
1,5,7.6,0,77,84,1,3,0,49.4,38.9,6.5,80.0,4.7,1,1,2,3,1,1,0,7,6.0
0,0,6.5,2,81,72,2,2,2,29.4,25.6,4.9,80.0,4.6,1,1,3,2,1,0,1,9,4.4
0,2,8.3,0,74,77,2,1,0,53.2,38.0,1.3,89.0,4.6,0,0,2,2,1,0,2,6,6.5
1,0,7.5,0,80,69,1,3,0,49.7,39.6,7.9,85.0,4.6,1,1,3,2,1,0,0,5,6.1
0,2,8.6,0,55,68,1,2,0,66.7,63.4,2.9,77.0,4.7,0,1,3,2,1,0,1,2,9.4
0,2,8.3,0,71,73,2,3,2,69.9,53.2,5.2,90.0,4.7,0,1,4,1,1,1,2,4,8.2
1,4,8.1,0,66,67,2,1,0,44.0,39.6,2.6,71.0,3.4,1,0,0,0,0,0,2,1,6.6
1,8,8.6,0,73,81,2,3,0,70.6,69.6,7.1,81.4,4.3,1,1,2,3,1,0,1,7,8.8
1,8,7.2,0,60,65,1,2,0,24.6,22.9,2.2,69.1,3.5,0,0,0,1,0,0,2,1,3.3
1,0,7.6,0,55,57,1,1,0,36.2,39.0,2.8,70.0,4.0,0,1,0,0,0,1,0,0,5.5
1,4,7.5,0,63,83,2,3,2,54.0,36.5,6.6,90.0,4.1,0,1,3,2,1,1,1,0,5.6
1,3,7.4,0,61,70,1,1,0,34.5,23.9,2.3,68.0,3.5,0,0,0,0,0,0,1,6,4.9
1,6,8.5,0,79,88,0,2,1,67.1,57.9,8.1,90.0,4.8,1,1,2,1,1,1,2,5,7.2
1,3,6.6,0,73,78,1,1,0,20.0,19.0,1.9,82.0,3.9,1,0,0,0,0,0,1,8,2.3
1,6,8.2,1,73,86,0,2,1,66.1,52.7,7.9,88.5,4.7,1,1,4,2,1,1,0,4,6.7
1,4,8.0,0,55,65,1,1,0,34.6,33.2,2.9,74.0,4.5,1,1,0,0,0,0,1,9,5.8
1,4,6.5,0,70,82,2,2,2,24.6,21.5,4.5,87.0,4.7,1,1,1,3,1,1,1,4,2.9
1,11,7.6,1,55,62,2,3,1,52.6,45.9,5.6,72.4,4.4,0,1,0,0,0,1,2,8,6.1
1,0,8.0,0,78,85,2,3,2,50.1,39.8,5.9,86.0,4.8,1,1,3,2,1,1,1,0,5.6
1,3,6.9,0,69,63,0,1,1,20.0,17.0,2.4,73.0,3.5,0,1,0,0,0,0,2,5,3.0
0,8,6.5,0,78,81,0,2,3,22.1,29.9,7.5,76.8,4.2,1,1,0,1,0,1,1,4,2.0
1,7,8.7,1,55,84,2,3,2,80.7,70.6,7.5,89.6,4.8,1,1,4,0,1,0,2,6,9.3
0,2,8.2,0,73,87,1,3,2,50.1,36.9,8.2,90.0,4.5,1,1,4,1,1,1,2,1,6.8
0,6,8.6,0,57,73,1,1,1,60.8,47.7,3.8,68.0,4.4,0,1,0,0,0,0,0,5,8.6
1,5,8.2,0,80,83,2,3,2,61.3,41.4,7.2,82.0,4.4,1,1,4,1,1,1,1,9,7.4
1,0,7.6,0,82,87,0,3,3,42.5,32.1,6.9,75.0,4.3,1,1,2,2,1,1,2,0,6.3
1,0,7.5,0,71,72,1,2,1,36.8,40.2,5.5,82.0,4.5,1,0,0,0,0,1,0,1,5.1
0,4,8.2,0,76,78,0,3,1,55.4,63.7,7.5,89.0,4.8,1,0,2,3,1,1,2,1,8.0
1,4,7.6,0,55,63,0,3,1,39.0,17.6,6.4,70.0,4.1,1,0,0,0,0,1,0,0,3.6
1,11,6.5,1,59,64,0,0,0,24.2,20.0,2.6,67.3,4.5,0,0,0,0,0,0,2,7,4.1
0,9,6.6,2,69,64,0,1,0,21.7,26.1,2.2,68.8,4.5,1,1,0,0,0,0,0,7,2.9
1,2,7.4,0,79,68,1,2,0,31.6,23.7,3.5,65.0,4.6,0,0,0,0,0,1,1,8,3.3
0,11,6.8,1,75,79,1,3,2,45.5,29.2,8.0,85.2,4.8,1,1,1,0,0,1,1,5,3.9
1,3,6.5,0,55,57,1,1,1,20.0,36.4,1.9,72.0,4.2,0,0,0,0,0,0,0,4,3.0
1,8,6.5,2,55,69,2,1,1,20.0,36.0,0.0,72.6,4.0,0,0,0,0,0,0,1,6,4.3
1,2,7.7,1,58,63,1,2,0,43.2,25.6,5.5,74.0,3.8,1,1,0,0,0,1,2,5,5.2
1,9,7.6,0,63,72,1,1,1,39.9,40.6,2.6,67.7,4.3,1,1,0,1,0,1,1,8,6.5
1,7,8.1,0,84,87,1,3,3,70.4,74.3,6.5,90.0,4.8,1,1,4,3,1,1,2,4,9.0
0,2,7.5,0,55,67,0,2,0,39.9,31.4,3.3,70.0,4.1,0,1,0,0,0,0,2,8,4.2
1,7,8.2,1,87,84,1,3,1,62.0,52.5,4.3,90.0,4.8,0,0,3,1,1,0,1,0,6.5
1,0,8.4,0,62,63,1,1,0,45.4,45.4,2.7,84.0,4.7,1,0,0,0,0,0,1,0,8.6
0,7,7.8,1,84,82,1,2,3,66.6,46.9,5.8,90.0,4.7,1,1,3,3,1,0,2,7,7.5
0,6,6.5,0,58,68,1,3,3,27.8,27.9,6.0,86.5,4.7,0,0,0,0,0,0,1,2,3.3
1,3,8.2,0,70,70,2,2,1,55.4,52.4,3.5,87.0,4.5,1,1,0,0,0,1,1,9,8.0
1,8,8.2,0,77,83,0,3,0,54.0,39.1,8.1,87.2,4.7,1,1,2,2,1,1,2,9,4.3
1,6,7.6,0,79,82,2,3,0,59.4,51.2,8.0,82.7,4.7,1,1,3,2,1,1,2,2,6.9
1,7,8.2,0,71,65,0,3,1,53.6,37.5,5.4,85.6,4.8,0,1,1,0,0,1,1,8,7.9
0,2,6.7,0,55,69,1,1,1,20.0,8.7,0.3,67.0,4.0,0,1,0,0,0,0,0,7,2.0
1,5,7.6,0,55,65,1,1,0,34.0,41.6,1.6,79.0,3.7,0,1,3,2,1,0,1,9,5.3
1,3,7.6,0,55,66,0,1,0,31.9,19.7,3.3,75.0,4.3,1,1,0,0,0,0,2,8,3.8
0,5,8.2,0,84,85,2,3,2,68.8,65.3,6.9,90.0,4.8,1,1,3,2,1,1,1,8,7.3
1,6,8.4,1,57,63,1,2,0,54.5,27.4,4.2,72.5,3.8,1,1,0,0,0,0,2,1,6.6
1,3,8.5,0,84,60,0,3,2,66.6,58.7,7.1,90.0,4.7,1,0,3,1,1,1,1,7,7.6
1,11,8.2,1,57,65,0,1,2,42.3,43.1,2.8,73.0,4.6,1,0,1,1,1,0,1,6,6.4
0,2,7.8,0,77,70,1,3,0,57.9,58.9,7.0,78.0,4.4,0,1,2,2,1,1,1,5,6.7
1,2,8.3,0,69,78,0,3,0,65.6,54.1,6.8,86.0,4.5,1,1,3,2,1,1,1,7,8.7
0,5,7.9,0,82,84,2,3,2,51.5,28.5,7.5,90.0,4.8,1,1,4,1,1,1,2,8,5.1
1,2,8.3,0,56,65,0,3,0,64.1,55.2,4.8,86.0,4.3,1,0,0,0,0,1,0,0,8.5
0,2,7.4,1,58,64,1,2,1,43.6,42.8,4.7,67.0,4.2,0,1,0,0,0,1,2,8,5.9
0,6,7.1,0,55,70,1,1,0,26.5,29.0,2.6,65.6,4.2,0,1,1,0,0,1,1,4,2.9
0,8,6.9,0,63,66,2,2,0,20.3,27.2,0.9,69.9,3.7,0,0,0,0,0,0,2,2,3.7
1,0,8.1,0,75,88,2,3,2,70.8,53.0,7.1,90.0,4.8,1,1,2,2,1,1,2,2,7.6
0,8,8.5,0,56,74,0,2,2,50.6,49.6,7.0,82.3,4.0,1,0,4,3,1,1,1,1,7.5
1,1,6.5,0,62,68,0,1,0,20.0,30.0,2.8,62.0,3.9,0,0,0,0,0,0,2,8,3.6
0,0,7.6,0,90,84,2,2,1,45.8,43.1,6.2,84.0,4.8,1,1,0,0,0,1,1,5,7.0
1,2,6.9,0,59,71,0,1,1,20.0,20.9,1.4,70.0,3.5,0,1,0,0,0,0,1,5,3.5
1,4,7.4,0,81,69,1,2,1,40.2,36.7,5.4,72.0,3.3,1,1,4,1,1,0,2,7,5.3
1,11,8.7,1,67,82,2,3,2,80.6,57.6,6.0,86.9,4.8,1,1,3,2,1,1,2,5,8.4
0,7,7.5,0,56,67,0,1,0,29.8,24.9,1.9,74.5,4.3,0,1,0,0,0,0,1,7,4.7
1,2,6.7,0,55,68,1,1,1,20.0,20.8,2.7,81.0,4.5,0,1,0,0,0,1,2,6,2.7
1,9,8.6,1,81,73,1,3,0,72.6,46.2,7.2,89.8,4.5,1,1,4,2,1,1,1,7,5.6
1,2,6.5,0,58,74,1,2,0,20.0,6.6,3.7,79.0,4.4,0,1,1,3,1,1,1,6,2.0
0,8,6.6,1,69,64,0,1,0,20.0,21.6,2.1,68.8,4.5,1,1,0,0,0,0,0,1,2.0
1,0,8.2,0,76,83,1,2,2,48.5,26.8,4.6,89.0,4.3,1,1,4,1,1,1,1,0,6.0
1,6,8.3,0,88,81,2,3,1,76.0,70.7,7.1,90.0,4.8,1,1,1,3,1,0,1,2,8.6
1,3,7.5,0,55,63,1,2,0,40.2,26.1,4.5,87.0,3.9,0,0,0,0,0,0,1,8,2.4
0,0,8.4,0,75,82,0,3,1,63.8,36.7,6.7,90.0,4.5,1,1,3,2,1,0,1,6,6.3
0,0,8.4,0,59,82,1,3,0,58.2,44.0,6.7,90.0,4.5,1,1,3,2,1,1,0,8,5.8
1,5,8.2,1,88,84,0,3,2,63.0,55.0,5.9,81.0,4.3,1,0,0,0,0,0,1,8,8.2
0,4,7.5,0,55,66,0,1,1,26.2,33.7,3.9,64.0,3.7,0,1,0,0,0,0,2,0,4.7
1,3,8.2,0,77,72,0,2,0,50.3,51.5,5.0,86.0,4.5,1,1,2,2,1,0,0,9,7.0
1,0,7.5,0,74,86,1,2,2,33.8,32.5,5.7,82.0,4.8,1,1,0,0,0,0,2,0,5.4
0,9,8.4,0,78,68,2,3,3,70.3,63.9,7.6,85.1,4.1,1,0,4,1,1,1,2,8,8.7
1,2,8.5,0,76,87,1,3,2,67.1,53.6,7.0,90.0,4.7,1,1,3,2,1,1,1,7,8.2
1,2,8.3,0,77,68,1,3,2,63.4,51.3,6.6,88.0,4.8,1,1,2,3,1,1,2,8,7.4
0,2,7.4,0,57,72,1,1,0,28.5,36.0,1.5,71.0,3.9,0,0,0,0,0,1,2,0,4.5
1,0,8.6,0,81,81,2,3,2,72.4,60.3,7.4,90.0,4.8,1,1,2,2,1,1,0,0,9.0
1,5,7.9,0,73,87,1,2,1,53.1,37.9,3.8,86.0,3.8,1,1,0,0,0,1,1,8,5.6
1,9,8.3,0,84,86,1,3,2,62.9,47.4,7.1,89.8,4.8,1,1,2,1,1,0,1,8,7.4
0,0,7.6,0,60,62,0,1,0,34.0,14.1,3.2,69.0,3.1,0,0,0,0,0,0,1,3,3.9
0,4,7.2,0,83,82,2,2,2,36.4,38.6,4.5,79.0,4.4,1,1,2,3,1,0,1,4,4.1
1,0,7.6,0,64,72,1,1,0,32.1,36.5,0.7,71.0,3.3,0,1,0,0,0,0,2,7,4.9
1,5,7.4,1,55,73,1,2,0,38.9,45.4,4.1,76.0,4.4,1,1,0,0,0,0,2,7,5.9
1,7,7.6,0,59,62,0,2,1,34.9,29.3,1.6,77.3,3.6,0,1,0,0,0,1,1,0,6.7
1,9,6.5,1,66,66,0,3,1,28.6,41.3,6.1,80.2,4.1,0,1,0,0,0,0,2,4,3.4
0,2,7.7,2,77,65,0,3,1,52.8,55.0,6.4,85.0,4.3,1,1,2,2,1,1,1,6,6.3
1,2,7.7,1,56,63,1,2,1,48.9,38.3,4.0,68.0,4.5,0,1,0,0,0,1,0,0,5.6
0,10,7.7,1,82,88,1,3,2,50.5,56.7,6.3,81.6,4.8,1,0,2,2,1,1,0,8,5.3
0,10,6.7,0,57,70,1,0,1,20.0,9.9,1.2,71.2,3.4,0,0,0,0,0,0,1,8,2.3
1,6,7.7,0,58,85,2,3,3,49.3,54.5,4.1,90.0,4.7,1,1,3,2,1,1,2,2,5.5
1,8,7.6,1,68,70,2,1,0,39.6,27.2,3.0,83.4,4.4,0,1,1,0,0,0,0,8,5.8
0,3,7.5,0,61,69,1,1,0,38.0,23.6,0.4,67.0,4.3,0,0,0,0,0,0,1,1,5.3
0,0,7.5,0,77,81,1,2,2,35.2,20.9,5.4,86.0,4.8,1,1,3,2,1,0,1,5,3.8
1,11,8.1,0,88,80,2,3,2,62.1,63.2,4.4,90.0,4.6,0,0,0,0,0,0,1,8,8.9
1,10,7.0,0,55,58,0,1,2,26.3,22.1,0.2,77.7,3.3,0,1,0,1,0,0,1,0,2.8
0,3,7.4,0,58,63,1,1,0,36.9,28.8,2.6,90.0,4.4,0,1,0,0,0,0,0,8,3.6
0,8,7.0,0,62,57,0,2,0,20.0,19.4,2.7,72.9,4.3,1,1,0,0,0,0,0,8,3.2
1,11,8.2,0,78,82,1,3,3,66.6,49.9,7.5,89.7,4.8,1,1,4,2,1,1,1,8,8.8
1,11,8.4,0,79,84,0,2,3,57.5,38.3,5.6,83.1,4.2,1,0,2,2,1,0,1,4,6.5
1,10,6.6,1,69,69,1,2,0,20.0,21.6,4.5,68.6,4.0,1,0,0,0,0,0,2,2,3.1
0,9,7.3,1,62,64,0,2,1,24.6,18.2,5.5,78.5,4.2,1,1,0,1,0,0,0,3,4.7
1,8,7.7,0,72,63,1,1,0,39.2,32.5,2.3,74.7,4.1,1,1,0,1,0,0,1,2,5.8
1,3,7.4,0,61,69,1,1,1,34.7,40.3,4.0,73.0,4.8,1,1,0,0,0,0,1,4,4.9
1,11,8.9,0,71,85,0,2,0,72.0,55.9,3.8,76.8,4.5,1,1,0,1,0,1,1,8,9.8
0,0,8.7,0,75,88,2,3,2,78.9,68.1,6.6,90.0,4.8,1,1,3,1,1,1,1,0,10.0
0,0,6.6,0,77,69,1,1,1,20.0,25.7,4.1,68.0,4.1,1,1,0,0,0,1,0,5,3.1
0,3,6.8,0,56,62,1,2,1,37.2,35.5,3.3,71.0,3.7,0,1,0,0,0,0,2,8,3.5
1,0,7.4,0,56,71,1,1,0,37.8,31.9,1.3,64.0,4.2,0,1,0,0,0,0,2,6,4.2
1,3,6.8,2,79,61,2,1,2,37.3,30.8,2.7,83.0,4.7,1,0,0,0,0,0,1,1,4.2
1,7,8.1,0,66,67,2,1,1,51.4,38.1,1.8,81.3,4.4,0,0,0,1,0,0,1,5,7.1
1,3,8.3,0,82,80,1,2,1,60.4,46.0,4.3,77.0,4.6,1,1,3,2,1,1,0,8,6.5
0,3,6.6,2,76,84,1,3,0,34.1,24.5,5.6,83.0,4.8,1,1,2,3,1,1,0,3,3.1
1,4,8.0,0,72,88,2,2,2,64.1,54.6,6.3,83.0,4.5,1,1,0,0,0,0,0,4,8.3
1,0,7.6,1,75,84,2,2,2,42.6,30.9,5.3,74.0,3.8,1,1,0,0,0,0,2,1,5.3
1,1,7.7,0,70,79,1,1,1,39.8,29.1,4.7,73.0,4.2,1,1,0,0,0,1,0,6,5.1
0,3,6.5,0,63,87,1,3,3,32.4,35.3,7.3,79.0,4.3,1,1,2,3,1,1,0,7,3.0
0,6,7.6,1,76,84,2,3,3,53.2,57.6,7.9,90.0,4.4,1,1,4,1,1,1,0,9,5.7
1,0,7.8,1,67,69,1,1,1,43.7,59.6,1.3,83.0,4.0,0,1,2,3,1,0,0,4,7.1
0,9,7.8,1,61,73,0,1,0,34.9,32.5,4.3,75.7,4.6,1,1,0,0,0,0,1,6,5.7
1,0,6.8,0,63,69,1,1,0,20.0,18.7,2.2,71.0,4.5,0,0,0,0,0,0,1,3,3.0
1,7,8.0,0,76,61,1,0,2,48.2,27.8,2.9,82.3,4.6,1,0,1,2,1,0,1,4,5.4
1,0,8.1,0,76,69,1,2,1,57.8,46.6,4.9,75.0,4.2,1,0,0,0,0,1,1,1,7.8
0,4,7.6,0,66,68,1,1,0,35.9,33.6,2.2,68.0,4.3,0,1,0,0,0,0,1,5,5.5
1,6,7.8,0,55,83,1,3,0,58.3,52.4,7.2,84.9,3.9,0,0,0,0,0,0,2,4,6.2
0,2,6.5,2,70,68,1,2,2,21.4,17.1,6.5,90.0,4.8,0,1,0,0,0,1,1,2,3.8
1,7,8.7,0,85,75,2,3,3,78.6,57.1,6.6,80.9,4.8,1,1,3,2,1,1,1,8,8.4
1,5,8.3,0,68,84,0,3,2,56.2,44.7,8.6,79.0,3.7,1,1,2,2,1,0,2,8,7.1
1,5,6.5,0,55,70,1,1,0,20.0,12.5,3.1,79.0,4.0,0,0,0,0,0,0,1,8,2.6
1,7,8.4,0,76,88,1,3,2,67.0,72.3,7.5,90.0,4.6,1,1,3,3,1,1,1,7,10.0
1,4,6.6,1,62,67,1,1,0,20.0,34.2,3.1,60.0,4.2,0,1,0,0,0,1,0,5,3.1
0,0,7.6,0,58,65,0,1,1,29.5,20.0,2.8,65.0,4.2,1,1,0,0,0,1,0,8,4.9
1,1,6.9,2,77,84,1,3,1,30.0,16.2,5.4,86.0,4.5,1,1,2,2,1,1,0,8,2.4
1,7,8.4,1,83,86,2,3,3,86.1,65.0,7.9,90.0,4.3,1,0,0,0,0,1,2,7,10.9
0,7,7.6,0,59,64,2,2,1,43.8,40.4,3.4,90.0,4.5,0,0,0,0,0,0,1,4,6.1
1,7,8.1,0,61,81,0,3,1,54.9,44.6,4.1,79.7,4.8,0,0,0,1,0,1,0,0,6.8
0,7,7.7,1,59,62,0,1,0,27.8,19.7,3.0,63.3,4.7,0,0,1,0,0,0,0,7,3.4
1,6,8.8,0,56,66,0,3,0,70.0,49.6,8.0,70.4,4.1,1,1,0,0,0,1,0,1,8.9
0,0,8.4,0,75,84,2,3,2,63.0,39.1,7.1,90.0,4.8,1,1,3,2,1,1,1,1,7.0
0,5,6.5,2,58,71,1,2,0,25.5,13.3,1.6,75.0,4.0,0,0,0,0,0,0,1,8,3.2
1,9,8.6,0,55,83,2,1,3,66.2,56.6,3.6,73.9,4.6,1,0,1,0,0,0,1,8,8.1
1,7,8.4,0,56,73,0,2,0,55.4,41.1,4.2,72.3,4.0,1,1,3,2,1,0,2,6,6.9
1,0,7.9,2,83,88,2,3,2,64.0,52.9,5.9,90.0,4.8,1,1,3,2,1,1,2,7,6.5
0,2,7.7,0,83,86,1,3,2,65.5,50.5,9.9,83.0,4.7,1,1,0,0,0,1,2,2,7.8
1,4,8.2,1,70,83,1,3,2,64.0,51.2,7.0,81.0,4.5,1,0,3,2,1,1,2,6,7.1
0,9,8.3,0,77,85,1,2,3,62.7,52.8,6.9,87.5,4.8,1,1,2,2,1,1,2,8,8.4
0,0,8.3,0,73,85,1,3,0,65.9,56.0,6.5,88.0,4.8,1,1,3,1,1,0,2,5,8.7
1,3,7.4,0,59,66,1,2,1,42.9,39.6,4.3,82.0,4.5,0,1,0,0,0,1,1,8,4.7
1,2,7.2,0,61,69,1,2,2,29.9,22.9,5.2,70.0,4.1,0,0,0,0,0,0,0,7,2.7
0,8,6.5,2,61,65,1,1,0,20.0,11.0,0.2,70.1,4.5,0,0,0,0,0,0,0,2,2.0
1,0,7.8,0,72,81,2,3,0,58.5,52.0,8.3,75.0,4.5,1,1,3,2,1,0,1,1,6.8
1,2,8.8,0,73,85,0,3,0,78.2,49.7,7.2,90.0,4.1,1,1,4,1,1,1,2,7,7.4
1,8,8.3,0,79,83,2,2,3,72.2,50.8,7.5,90.0,4.7,1,1,3,3,1,1,0,4,7.6
1,0,8.3,0,79,84,1,3,2,65.0,54.0,7.4,90.0,4.8,1,1,4,1,1,0,2,5,8.6
1,3,7.6,0,90,79,1,2,1,33.8,31.5,5.9,86.0,4.4,1,1,0,0,0,0,2,0,5.2
0,0,7.4,0,57,85,0,1,1,28.7,31.7,1.7,69.0,3.5,0,1,0,0,0,0,1,0,3.7
1,3,7.4,0,55,62,1,1,1,23.4,21.2,1.1,71.0,3.3,0,0,0,0,0,0,1,8,4.3
1,2,7.5,0,81,71,1,3,0,50.9,50.7,6.7,86.0,4.2,1,1,0,0,0,1,0,8,5.5
0,0,6.7,1,59,68,1,1,1,20.0,20.9,4.0,66.0,3.4,0,1,0,0,0,0,1,1,4.1
0,4,7.3,0,59,60,0,1,0,20.0,25.0,2.4,81.0,4.2,0,1,0,0,0,0,0,0,3.2
1,4,8.5,0,76,84,2,3,2,82.3,54.9,7.7,90.0,4.8,1,0,0,0,0,1,1,3,9.0
0,6,8.5,0,73,65,0,2,0,76.3,50.5,6.4,86.0,4.5,1,1,1,3,1,1,1,2,8.2
1,11,8.6,1,78,85,1,2,2,59.3,37.2,5.6,81.8,4.2,1,0,2,2,1,0,1,6,6.0
1,9,7.9,0,82,82,2,2,1,60.0,45.0,6.9,90.0,4.6,1,1,3,3,1,0,1,9,7.3
0,0,8.2,0,79,79,2,3,2,63.1,51.0,6.8,90.0,4.8,1,1,2,2,1,0,1,1,8.1
1,3,8.3,0,55,59,0,1,0,39.8,31.7,2.3,71.0,4.1,1,1,3,2,1,0,1,4,6.0
0,2,8.1,0,77,87,1,3,2,57.6,54.8,7.4,90.0,4.8,1,1,3,2,1,0,2,6,7.4
1,6,7.6,0,68,75,1,3,1,55.0,60.4,4.9,74.0,4.2,0,1,0,0,0,1,0,3,7.2
1,9,7.3,0,59,58,0,0,0,20.0,19.2,1.6,68.4,3.7,0,1,1,1,0,0,2,8,4.4
1,0,7.9,1,61,68,1,1,0,32.2,21.8,2.8,81.0,4.6,1,0,1,3,1,0,0,7,4.3
1,3,7.6,0,55,63,1,1,1,30.9,46.0,0.7,75.0,3.7,0,0,0,0,0,0,0,7,5.3
1,9,6.6,1,63,62,0,3,0,24.9,22.6,8.6,84.7,4.0,1,0,1,3,1,0,2,8,2.2
1,2,7.5,0,55,71,1,2,0,39.3,47.6,4.6,86.0,4.8,1,1,0,0,0,0,2,8,6.3
1,11,7.5,1,63,70,1,0,2,38.9,20.7,2.7,68.2,4.6,1,0,0,0,0,0,1,8,3.6
1,5,6.5,1,55,62,0,1,1,20.0,5.9,0.9,69.0,3.9,0,0,0,0,0,0,2,8,2.0
1,2,7.8,1,80,81,0,2,0,46.9,36.1,4.4,79.0,4.5,1,0,0,0,0,0,1,8,7.0
1,0,7.5,1,55,71,1,1,1,43.4,36.9,1.8,64.0,4.3,0,0,0,0,0,0,2,8,6.3
1,3,6.8,0,66,72,1,1,1,20.0,26.3,1.0,61.0,3.5,0,0,0,0,0,1,0,8,3.6
0,3,7.6,0,55,86,1,1,0,30.5,35.7,2.4,84.0,4.1,0,0,0,0,0,0,2,1,4.9
0,0,6.7,0,56,70,1,1,0,20.0,18.8,2.0,79.0,4.1,0,1,0,0,0,0,2,1,4.1
1,2,6.9,0,79,78,1,3,1,36.7,28.4,8.1,78.0,4.4,1,1,0,0,0,0,2,1,3.2
0,4,6.5,0,55,70,2,1,0,20.6,28.4,1.2,75.0,4.0,0,0,0,0,0,0,2,0,2.5
1,2,6.5,2,81,64,1,2,1,27.0,16.5,2.2,79.0,4.2,1,1,1,3,1,0,1,8,2.2
1,4,6.5,0,58,58,1,1,0,20.0,23.7,3.5,70.0,4.1,1,1,0,0,0,0,1,2,2.6
0,1,8.5,0,79,81,2,3,2,72.9,55.7,6.7,90.0,4.6,1,1,3,1,1,1,1,1,8.0
1,0,8.7,0,81,86,2,3,2,81.4,37.9,7.7,90.0,4.8,1,1,2,2,1,1,2,3,8.2
1,1,7.8,1,74,65,0,2,0,38.3,20.5,4.4,71.0,4.4,0,1,0,0,0,0,1,9,4.9
0,2,7.4,0,62,64,0,1,1,27.0,36.8,0.0,67.0,3.4,0,0,0,0,0,0,1,4,4.9
1,9,7.7,1,65,67,0,1,0,39.2,47.1,2.5,78.2,4.2,1,1,0,1,0,1,2,7,5.2
1,2,6.5,1,71,72,0,1,0,20.0,13.1,2.9,69.0,3.6,0,1,0,0,0,0,0,4,2.5
0,0,8.1,0,65,76,1,2,0,56.0,34.5,4.7,79.0,4.5,1,1,0,0,0,1,2,9,6.2
1,6,8.3,0,84,88,2,3,3,79.0,71.3,7.8,90.0,4.8,1,1,3,2,1,1,2,7,10.3
0,4,7.5,1,72,71,1,3,1,47.8,39.9,5.9,89.0,4.2,0,1,0,0,0,1,0,4,6.7
1,2,8.6,0,55,63,1,1,0,45.7,42.0,1.4,81.0,4.3,1,1,0,0,0,0,0,9,6.7
0,6,8.2,1,78,69,2,1,1,54.1,44.0,4.0,73.6,4.4,1,1,0,0,0,0,2,6,6.7
1,3,8.0,0,74,84,1,3,2,62.3,53.2,6.0,90.0,4.7,1,1,3,2,1,1,1,8,7.0
0,3,6.5,0,55,64,1,1,0,20.0,24.1,3.4,79.0,3.6,0,1,0,0,0,0,2,7,3.0
1,0,6.9,2,83,85,0,3,0,38.5,24.5,6.3,81.0,4.2,0,1,3,2,1,1,0,4,3.7
0,3,6.6,0,55,70,1,2,1,37.8,22.3,2.9,69.0,3.6,0,1,0,0,0,0,0,8,2.9
0,3,7.5,0,90,80,1,3,1,45.5,33.3,8.1,72.0,4.2,1,0,0,0,0,1,0,8,4.5
1,4,7.7,2,59,64,1,2,1,45.5,29.1,4.2,76.0,3.8,0,1,0,0,0,0,2,4,5.9
1,11,7.2,0,65,69,2,2,2,36.7,41.4,5.3,75.3,4.2,0,1,0,1,0,1,1,0,5.3
1,5,6.9,0,55,66,0,1,0,26.1,23.9,2.4,77.0,3.7,0,1,0,0,0,0,2,8,2.8
1,9,7.6,0,60,60,2,0,2,40.7,26.1,2.6,73.8,4.3,1,1,0,0,0,0,2,8,5.2
1,3,7.9,0,75,74,2,3,2,65.8,41.3,7.5,90.0,4.7,1,1,2,2,1,0,1,7,8.3
0,4,7.4,0,62,64,0,3,0,36.5,29.0,5.6,79.0,3.3,0,1,0,0,0,0,0,8,5.2
1,5,8.0,0,77,88,0,3,2,57.5,46.4,8.0,74.0,4.7,1,1,1,3,1,1,0,4,7.1
1,6,8.5,0,75,88,1,3,3,80.8,62.1,8.4,90.0,4.8,1,1,3,2,1,1,2,2,8.0
0,4,6.9,1,64,71,1,1,0,23.4,30.7,1.4,69.0,4.0,0,1,0,0,0,1,0,8,4.3
0,8,6.5,0,63,65,1,1,0,20.0,14.4,4.2,69.0,3.7,1,0,0,1,0,0,2,0,2.0
1,3,6.9,1,57,64,1,1,1,20.0,23.3,2.5,79.0,3.5,0,0,0,0,0,0,2,5,4.3
1,5,8.2,0,71,83,2,3,2,62.1,58.8,6.7,84.0,4.8,1,1,2,2,1,1,1,8,8.9
1,8,8.3,0,56,71,1,2,3,60.6,56.8,7.8,89.6,4.5,1,1,2,2,1,0,1,8,6.8
1,4,8.2,0,72,66,1,0,0,30.0,25.7,0.0,85.0,4.8,0,1,3,2,1,0,2,1,4.7
0,0,8.3,0,78,86,2,2,0,53.5,34.4,5.3,81.0,4.7,1,1,0,0,0,0,2,0,6.0
1,6,7.4,0,82,79,1,3,0,35.3,17.0,6.0,82.5,4.2,1,1,0,3,1,1,2,9,3.2
0,11,7.7,2,79,64,0,3,1,55.8,57.1,6.4,85.9,4.3,1,1,2,2,1,0,1,4,6.0
1,4,7.5,0,57,73,1,1,0,28.3,31.5,2.5,74.0,3.4,0,1,0,0,0,0,1,5,5.1
0,4,6.5,0,57,68,1,1,0,20.0,16.1,3.5,63.0,4.5,0,1,0,0,0,0,1,5,3.1
1,2,8.0,0,67,84,0,1,0,40.5,35.3,3.5,75.0,3.6,0,1,0,0,0,0,2,2,4.7
1,9,7.8,0,82,85,0,2,3,36.1,27.0,1.8,67.6,4.5,0,0,3,2,1,0,1,7,4.7
0,3,7.3,0,55,70,1,1,2,38.6,49.9,1.7,76.0,4.3,0,0,2,3,1,0,2,3,6.7
1,2,7.7,2,67,80,0,2,3,39.7,31.0,3.2,77.0,4.8,1,1,0,0,0,0,0,8,4.7
1,0,7.4,0,84,72,1,2,2,29.3,11.7,5.5,74.0,4.4,1,1,0,0,0,1,2,2,2.8
1,3,8.2,0,77,82,2,3,2,65.7,51.5,7.7,89.0,4.0,1,0,1,3,1,1,1,9,8.0
0,2,7.5,0,58,67,1,3,1,41.9,33.8,7.6,79.0,3.8,1,1,0,0,0,1,2,8,4.3
1,5,7.8,0,81,88,2,3,2,61.9,23.8,4.5,90.0,4.8,1,1,3,2,1,0,0,8,5.9
1,0,8.6,0,77,85,2,3,1,68.1,59.1,7.7,86.0,4.8,1,0,2,2,1,0,2,2,7.7
0,9,8.2,0,82,85,1,2,2,63.3,55.2,7.9,90.0,4.4,1,1,0,0,0,1,1,8,7.6
1,3,7.4,1,71,67,1,1,0,33.1,45.8,2.5,77.0,4.0,0,0,0,0,0,1,1,6,5.6
0,4,7.5,0,55,64,1,1,1,30.1,28.3,0.6,70.0,3.6,0,1,0,0,0,1,1,9,4.4
1,1,7.6,0,55,75,2,2,0,45.2,35.0,3.1,84.0,4.1,0,1,0,0,0,0,1,9,4.6
1,9,7.4,0,56,68,1,0,0,32.2,25.4,2.1,67.5,4.5,1,0,1,1,0,1,1,9,3.9
1,9,8.2,0,81,78,2,3,3,70.1,65.2,8.0,85.5,4.8,1,0,0,0,0,1,0,8,10.0
0,3,8.4,0,79,83,2,3,2,73.4,69.5,8.2,90.0,4.8,1,1,3,2,1,1,1,5,10.1
1,3,8.2,0,84,84,2,2,0,59.1,56.3,4.0,85.0,4.1,0,1,2,3,1,0,1,0,7.1
0,7,8.2,0,71,88,2,3,1,75.5,59.9,4.8,90.0,4.8,1,1,0,2,1,1,1,1,9.9
1,9,8.2,0,65,82,2,3,1,53.8,44.2,6.4,86.1,4.5,0,1,1,3,1,1,2,8,4.8
1,2,8.6,0,71,82,1,3,2,71.8,53.2,8.5,81.0,4.8,1,1,2,3,1,1,1,8,9.2
1,9,7.5,0,56,66,2,1,0,31.7,24.7,1.7,71.2,4.2,1,1,2,3,1,0,0,8,4.9
0,3,8.1,0,87,79,0,3,2,64.8,61.9,5.8,85.0,4.7,1,0,0,0,0,1,2,8,7.6
1,4,8.4,0,79,86,2,3,2,76.3,70.2,7.4,90.0,4.8,1,1,3,2,1,1,1,0,8.8
0,5,6.8,1,55,69,0,2,0,23.1,8.1,5.4,70.0,4.2,1,0,0,0,0,1,1,1,2.0
1,0,7.7,0,55,66,1,1,1,36.7,9.7,1.2,67.0,3.9,0,0,0,0,0,0,2,1,4.3
0,0,8.1,0,74,84,1,3,0,64.3,54.5,7.6,90.0,4.8,1,1,2,2,1,1,2,3,7.2
1,5,8.5,0,69,86,2,3,3,65.7,36.2,7.0,79.0,4.1,1,1,0,0,0,1,1,6,6.0
1,4,7.5,0,79,83,1,3,1,50.4,49.5,7.5,72.0,4.5,1,1,2,3,1,0,1,4,5.1
0,4,8.3,0,62,67,2,1,0,49.0,30.6,0.8,79.0,4.0,1,1,1,3,1,0,2,2,5.9
1,5,7.6,0,70,68,1,2,0,41.5,38.8,2.9,83.0,4.6,0,0,0,0,0,1,2,0,4.5
1,6,7.9,1,69,66,0,3,0,63.0,48.8,8.3,79.4,3.8,1,0,1,0,0,1,0,1,6.9
1,2,7.9,1,69,82,1,3,0,55.4,38.6,7.9,81.0,4.8,1,1,3,2,1,1,1,7,4.4
1,2,7.7,0,77,70,2,1,1,42.0,13.0,1.3,64.0,3.7,0,1,0,0,0,1,2,7,4.9
1,4,7.7,0,56,66,0,1,1,38.3,30.5,3.6,67.0,4.8,0,0,0,0,0,0,2,2,6.7
0,4,7.9,0,59,68,0,2,1,37.8,36.1,3.7,70.0,3.9,0,0,0,0,0,0,0,4,5.8
1,5,6.7,0,77,80,1,2,1,21.7,30.6,7.1,82.0,4.3,1,1,1,3,1,0,1,0,3.2
0,3,8.7,0,79,83,2,3,0,78.7,59.7,8.2,84.0,4.1,1,0,0,0,0,1,1,8,9.0
1,4,7.5,0,70,64,1,1,0,33.6,20.3,2.5,70.0,4.4,0,1,0,0,0,0,0,1,4.6
1,11,7.7,0,57,72,1,2,0,36.8,35.6,5.3,85.9,4.8,1,1,3,1,1,1,2,4,4.4
1,4,8.5,0,73,67,0,1,0,41.8,35.1,3.4,73.0,4.3,1,1,0,0,0,0,1,0,5.5
1,7,7.7,0,83,67,0,3,2,55.4,43.1,4.7,88.3,4.4,1,1,2,3,1,1,1,7,6.6
1,4,6.7,1,55,60,0,1,1,20.0,26.3,1.7,72.0,4.4,0,0,0,0,0,0,1,6,2.6
0,0,7.7,0,59,82,1,1,1,37.9,28.3,2.4,76.0,4.6,1,1,0,0,0,0,2,5,6.3
1,2,8.5,0,69,88,1,3,3,66.1,52.3,3.7,84.0,4.6,1,1,2,3,1,1,2,5,6.7
1,5,7.7,1,77,81,0,2,0,44.3,35.7,5.8,88.0,4.8,1,0,0,0,0,1,2,8,6.2
1,10,7.9,0,72,84,2,1,3,49.4,54.5,4.9,78.6,4.2,1,1,0,1,0,1,2,7,6.8
0,9,6.5,0,86,66,1,1,1,20.0,20.1,2.6,78.0,3.6,0,1,0,0,0,1,2,1,2.7
1,7,7.8,0,62,86,1,2,2,44.0,27.1,4.0,90.0,4.8,0,0,0,0,0,1,1,1,6.6
0,0,7.6,1,79,67,2,3,0,64.6,43.9,7.0,90.0,4.8,1,1,2,2,1,0,0,5,6.7
0,4,7.7,0,75,80,2,2,3,50.3,45.8,4.9,83.0,4.3,1,1,0,0,0,0,2,0,8.1
0,0,6.5,2,62,70,1,2,1,20.0,24.6,4.5,72.0,4.0,0,0,0,0,0,1,1,2,3.2
1,4,8.4,0,70,85,2,3,2,77.6,69.5,7.7,90.0,4.8,1,1,3,1,1,1,1,2,9.8
1,3,7.5,1,68,65,1,1,0,28.0,19.1,3.0,76.0,4.0,0,0,0,0,0,0,2,3,4.5
0,0,7.4,1,79,62,0,1,0,30.7,21.3,1.4,75.0,3.8,0,0,0,0,0,0,1,5,2.8
1,7,8.1,1,84,65,0,2,0,54.3,50.1,0.0,70.9,3.9,0,1,1,1,0,1,2,7,8.3
0,6,8.4,0,63,87,2,3,2,73.9,65.9,8.3,90.0,4.7,1,1,4,2,1,1,1,1,8.3
0,6,7.8,0,62,64,1,1,1,46.4,43.0,1.9,85.1,4.8,1,1,1,3,1,0,0,0,6.2
0,11,7.6,0,55,64,2,1,0,55.3,37.7,1.2,75.9,4.1,0,1,0,0,0,1,2,7,6.2
0,9,7.2,0,65,84,1,2,2,44.3,59.1,6.6,74.8,4.2,1,1,0,0,0,1,2,8,5.2
1,4,8.7,0,87,84,0,3,2,76.3,68.4,6.9,88.0,4.8,0,0,0,0,0,1,1,4,9.3
1,7,7.7,0,55,62,1,1,0,40.7,45.1,1.8,90.0,4.4,0,0,1,0,0,0,1,6,5.9
0,0,8.5,0,74,85,2,2,2,75.5,55.2,5.7,90.0,4.4,1,1,2,2,1,1,1,4,7.7
1,4,8.1,0,73,83,0,2,3,56.5,56.5,5.6,72.0,3.2,1,1,3,2,1,0,1,4,6.9
0,4,8.1,1,87,80,0,2,1,51.4,48.6,5.4,85.0,4.8,1,0,0,0,0,0,0,5,6.4
0,3,6.7,1,82,82,0,3,2,20.9,18.6,7.0,88.0,4.7,1,1,2,3,1,0,0,8,2.0
1,4,7.1,0,57,71,1,1,2,25.9,30.8,2.7,71.0,4.2,0,1,0,0,0,0,1,9,3.6
1,4,8.3,0,58,63,1,1,1,51.7,47.6,3.1,77.0,3.4,0,0,0,0,0,0,1,2,8.1
1,0,6.5,0,67,65,1,1,0,20.0,16.4,1.9,76.0,3.7,0,0,0,0,0,0,0,5,2.4
1,2,7.6,0,55,68,1,1,0,35.9,46.2,1.9,75.0,3.6,0,1,0,0,0,0,1,5,6.3
1,3,8.1,0,55,69,2,1,1,55.5,33.2,3.5,87.0,4.1,1,1,0,0,0,0,0,9,6.7
1,4,8.1,0,80,88,1,3,2,59.5,49.6,7.9,90.0,4.8,1,1,1,3,1,1,1,0,7.0
0,0,8.1,0,74,88,2,3,2,64.9,46.0,6.2,90.0,4.8,1,1,2,3,1,1,2,0,6.6
1,10,8.5,0,59,64,2,1,0,55.3,52.0,3.9,74.6,3.7,1,0,1,0,0,0,2,1,8.4
1,9,7.8,1,83,66,1,3,3,50.6,47.6,6.1,78.5,4.8,1,0,0,0,0,1,2,8,7.5
1,0,7.7,1,68,69,1,2,0,52.5,45.2,5.0,83.0,4.0,1,1,0,0,0,1,0,2,7.1
0,0,8.4,0,77,85,2,3,2,77.5,53.2,8.1,90.0,4.8,1,1,2,3,1,1,2,2,5.9
1,2,6.9,0,78,88,1,2,0,30.2,27.1,6.1,70.0,4.8,1,1,0,0,0,0,0,8,3.6
1,2,7.7,0,59,59,0,1,0,45.7,39.6,2.5,79.0,4.0,0,1,0,0,0,0,1,5,5.4
1,0,7.6,0,61,85,1,2,1,38.3,29.8,5.1,87.0,3.8,1,1,0,0,0,1,2,2,5.4
0,0,6.5,0,56,65,1,3,1,27.5,30.6,6.5,79.0,4.2,1,1,0,0,0,1,1,5,2.6
0,11,7.9,1,81,86,0,1,0,37.6,37.7,2.8,88.9,4.8,1,1,1,2,1,0,2,2,5.6
1,9,8.3,0,84,80,2,3,1,71.6,63.7,7.0,90.0,4.7,1,0,4,1,1,0,2,8,7.1
0,4,7.5,0,76,71,0,1,1,32.6,33.9,1.5,79.0,4.4,0,1,0,0,0,0,1,0,3.8
0,7,7.3,1,68,68,2,0,0,42.5,38.0,2.7,71.8,4.5,0,0,0,1,0,0,0,0,6.3
1,1,8.1,0,55,64,2,2,1,54.2,33.2,4.1,75.0,3.8,0,0,0,0,0,0,2,8,6.2
1,6,7.5,0,55,66,1,1,1,44.7,36.5,3.4,82.0,3.7,0,1,0,1,0,1,1,2,4.8
1,4,7.4,0,55,65,1,1,0,27.3,18.2,1.3,66.0,4.4,0,0,0,0,0,0,0,3,3.2
1,10,8.8,1,79,87,2,3,3,68.5,43.8,5.8,83.3,4.8,1,1,3,3,1,1,0,7,8.2
1,6,7.7,0,55,72,2,1,0,51.7,42.2,5.2,73.6,4.0,0,1,2,2,1,1,2,2,4.9
1,2,7.7,0,68,87,1,3,2,55.6,54.0,7.1,76.0,4.8,0,1,1,3,1,1,1,6,6.6
1,6,8.0,0,75,84,0,1,0,59.5,46.3,6.3,90.0,4.5,1,1,1,0,0,0,2,1,6.4
1,2,8.1,0,58,67,1,0,1,35.8,34.1,1.0,82.0,3.4,1,0,0,0,0,0,1,9,6.0
1,2,7.5,0,67,86,0,3,0,49.3,60.8,6.8,88.0,4.4,1,1,0,0,0,0,1,4,6.8
1,1,8.3,0,71,84,1,3,2,65.9,56.3,7.5,90.0,4.8,1,1,2,2,1,0,1,8,7.6
1,10,7.8,0,73,82,2,2,3,42.2,30.5,4.2,80.2,4.6,1,1,0,0,0,0,2,9,6.1
0,8,6.6,0,79,82,0,1,2,20.0,23.9,4.2,90.0,4.0,1,1,3,2,1,0,1,8,3.5
1,10,6.6,1,56,71,1,1,2,23.9,5.8,3.5,68.9,3.8,0,1,0,0,0,0,0,4,3.9
0,3,7.0,1,55,68,1,1,1,29.6,33.6,1.7,68.0,3.7,0,0,0,0,0,0,0,8,2.5
1,0,7.8,0,55,67,1,2,1,45.0,39.8,6.8,82.0,4.4,1,1,0,0,0,1,2,4,7.2
1,9,7.9,0,89,86,2,2,1,64.5,38.1,7.7,88.3,4.4,1,1,3,3,1,1,2,8,7.2
0,4,7.7,2,57,69,1,1,0,32.0,27.6,0.2,71.0,4.7,0,1,0,0,0,0,1,2,5.3
1,5,8.4,0,69,88,2,3,2,80.5,61.7,6.8,90.0,4.7,1,1,2,2,1,1,1,8,9.2
1,3,8.3,0,71,62,1,1,0,55.3,47.0,2.9,80.0,4.4,0,0,0,0,0,0,1,8,8.8
1,2,7.5,0,66,64,1,3,1,41.4,17.8,4.9,86.0,4.2,0,1,0,0,0,1,2,8,4.6
0,2,6.9,1,81,80,0,1,0,20.0,27.5,4.1,90.0,4.5,1,1,4,1,1,0,0,4,3.4
1,2,8.4,0,82,75,0,3,2,64.2,58.9,5.9,87.0,4.8,1,0,2,2,1,1,2,0,7.7
1,4,8.1,0,72,81,2,2,1,47.6,18.6,6.8,79.0,4.5,1,1,0,0,0,1,2,8,5.9
1,10,7.9,0,79,57,2,3,0,56.7,43.7,8.3,80.5,3.8,1,1,1,1,1,0,1,8,7.5
0,7,8.0,0,73,84,0,3,1,67.3,54.4,7.4,90.0,4.8,1,1,3,2,1,1,2,7,7.0
1,9,7.4,0,55,70,0,2,0,22.4,15.2,0.8,82.1,4.5,0,1,0,0,0,0,1,7,3.9
0,6,8.6,1,85,83,1,2,0,84.1,67.0,7.4,85.0,4.6,1,1,2,3,1,1,1,0,9.0
1,11,8.3,0,78,74,2,0,0,54.0,61.9,2.8,79.0,4.2,1,0,0,0,0,0,0,6,8.7
1,9,7.5,0,76,58,2,1,0,29.0,25.4,0.6,81.8,4.7,0,1,4,1,1,0,2,5,4.0
1,4,7.6,0,70,82,1,2,2,40.5,39.1,4.1,79.0,4.3,1,1,2,2,1,1,1,3,5.1
1,3,7.6,0,79,62,0,3,2,47.1,24.1,7.0,87.0,4.8,0,1,2,2,1,1,2,6,4.4
1,0,8.0,0,55,74,0,1,1,44.6,29.9,3.3,86.0,4.0,0,1,0,0,0,1,1,2,6.1
0,0,6.9,0,58,66,1,1,1,20.0,24.1,2.3,76.0,4.8,1,1,0,0,0,0,1,4,4.2
0,4,8.2,0,73,84,1,2,0,48.5,45.3,4.8,87.0,4.2,1,1,0,0,0,0,2,3,7.7
0,6,8.2,1,87,88,2,3,2,64.3,53.9,6.7,89.2,4.8,1,1,3,2,1,1,1,0,8.5
0,2,7.7,0,72,63,1,1,0,30.7,26.6,2.5,72.0,4.5,0,1,2,2,1,0,0,7,4.4
1,2,6.6,0,55,66,1,1,1,20.0,23.3,2.5,70.0,4.6,0,1,3,2,1,0,2,6,2.1
1,5,7.6,0,55,82,1,2,0,55.7,44.5,4.3,77.0,4.2,1,1,0,0,0,0,0,8,7.3
1,4,8.3,0,86,84,1,3,2,62.3,48.7,7.2,90.0,4.8,1,1,2,2,1,1,2,7,7.7
1,11,8.2,0,72,85,1,2,1,64.6,51.9,7.1,87.0,4.7,1,1,4,0,1,1,2,9,6.2
1,9,6.8,1,55,69,1,1,1,20.3,14.3,3.7,60.1,3.6,0,1,1,0,0,0,0,8,4.1
1,4,8.0,0,75,85,1,1,0,43.1,40.3,0.0,75.0,4.3,1,1,2,2,1,0,1,6,6.2
1,2,8.7,0,64,66,2,3,0,77.4,57.1,6.9,72.0,4.3,0,1,3,2,1,1,2,8,9.6
1,6,7.3,1,55,72,2,3,0,34.8,35.7,6.6,84.1,4.5,1,1,0,2,1,1,2,9,5.3
1,6,8.5,0,72,81,1,3,3,70.1,63.3,6.8,90.0,4.5,1,1,4,1,1,1,1,5,9.0
0,2,7.4,0,74,83,1,2,0,47.3,49.0,6.5,89.0,4.2,1,1,0,0,0,0,1,0,6.0
1,5,7.9,0,81,87,2,3,2,59.6,49.8,8.3,87.0,4.8,1,1,3,2,1,1,1,8,5.6
1,7,8.6,0,79,79,2,3,0,70.1,42.5,5.7,90.0,4.7,1,1,4,0,1,0,1,4,7.6
1,3,8.4,0,74,80,1,3,1,65.6,52.4,7.6,80.0,4.4,1,1,0,0,0,1,1,2,7.4
0,1,8.4,0,75,88,1,3,2,64.4,53.9,8.1,87.0,4.8,1,1,4,1,1,1,1,0,6.8
0,0,8.5,0,67,88,2,3,2,69.7,52.1,6.9,88.0,4.3,0,1,0,0,0,0,1,5,8.4
1,0,8.5,0,85,84,2,3,2,75.3,65.2,7.4,88.0,4.6,1,1,3,2,1,1,1,5,9.1
1,4,6.5,0,61,70,1,2,1,20.0,20.5,2.9,70.0,3.8,0,0,0,0,0,0,2,5,2.0
1,2,8.3,0,77,83,0,3,2,59.6,31.7,6.3,87.0,4.7,1,1,1,3,1,1,1,0,6.1
0,0,7.6,0,55,74,1,2,1,39.1,34.0,4.4,75.0,4.1,0,0,0,0,0,0,0,5,5.2
1,0,6.5,1,70,77,1,1,2,20.0,23.0,2.4,80.0,4.3,0,1,0,0,0,0,0,7,3.2
0,4,7.8,0,70,73,1,2,1,55.7,39.5,5.4,89.0,4.8,1,1,0,0,0,0,0,4,4.4
1,2,7.4,0,79,82,2,2,0,45.7,37.8,5.0,84.0,4.3,0,1,0,0,0,0,2,8,6.4
0,6,6.5,1,61,68,1,1,1,23.2,26.9,1.7,62.1,3.6,0,0,1,0,0,0,1,4,3.2
1,4,7.6,0,56,71,1,1,1,46.8,43.2,2.5,66.0,4.3,0,0,0,0,0,0,0,1,4.3
0,0,6.5,1,66,70,1,1,1,20.0,15.3,2.4,72.0,4.5,0,0,0,0,0,0,2,5,3.3
1,4,8.6,0,71,85,2,3,2,81.4,77.0,6.1,90.0,4.8,0,1,4,1,1,1,0,4,9.4
0,7,8.6,0,65,72,1,1,2,75.9,60.6,4.9,85.9,4.0,1,1,1,0,0,1,1,5,8.9
0,0,6.8,1,67,70,0,2,2,20.0,15.9,4.4,84.0,4.5,0,0,0,0,0,1,2,0,2.6
0,0,7.8,0,74,67,1,2,0,52.0,33.4,4.8,70.0,4.8,1,1,0,0,0,0,2,7,7.4
0,2,7.4,0,62,65,1,3,0,45.5,34.9,4.6,85.0,4.6,0,0,0,0,0,1,0,6,4.2
0,11,8.5,1,67,86,1,3,1,68.4,55.2,6.3,75.6,4.4,1,1,1,2,1,0,2,0,7.3
1,5,6.9,0,55,58,1,2,0,23.1,18.3,4.7,69.0,4.0,0,1,0,0,0,0,1,4,3.9
0,0,8.3,0,80,82,1,3,2,66.4,48.3,7.4,85.0,4.8,1,1,3,1,1,0,1,1,6.6
1,11,8.8,0,71,77,2,2,3,76.6,63.8,5.5,90.0,4.8,1,1,2,3,1,1,1,6,8.8
1,4,8.5,0,57,70,1,2,2,59.7,38.5,5.0,78.0,4.8,1,1,0,0,0,0,2,0,8.6
0,3,7.6,0,67,73,1,1,0,35.4,19.3,2.2,66.0,4.1,0,0,0,0,0,1,1,6,4.8
0,2,8.0,0,66,71,1,2,1,47.9,25.0,3.5,85.0,4.5,0,1,0,0,0,0,2,6,6.1
0,6,8.4,0,77,86,2,1,0,66.9,43.9,5.6,90.0,4.5,1,1,0,1,0,0,2,6,9.1
0,9,7.8,0,55,66,1,0,1,49.9,42.4,0.4,75.6,3.8,0,1,0,1,0,1,2,8,7.0
1,4,8.7,0,70,88,1,3,2,65.2,46.4,5.4,80.0,4.1,1,1,3,1,1,1,2,4,9.1
1,2,8.2,0,70,86,1,3,1,62.5,33.7,5.0,82.0,4.8,0,1,0,0,0,1,1,2,7.2
1,5,6.8,2,58,70,0,2,1,30.2,33.5,3.2,71.0,4.0,0,0,0,0,0,0,0,8,3.4
1,4,7.6,0,55,70,0,2,0,43.6,41.4,5.8,79.0,4.0,1,1,0,0,0,0,1,7,5.7
1,6,8.3,1,79,84,2,3,2,65.7,49.5,8.5,90.0,4.8,1,1,4,3,1,1,0,4,7.2
0,6,6.5,0,62,63,2,2,1,23.8,12.4,3.1,67.1,4.0,0,0,1,1,0,1,2,0,2.7
1,2,7.5,0,55,61,1,1,0,38.6,30.5,2.6,72.0,4.4,1,1,1,3,1,0,2,8,4.4
1,0,6.8,0,61,62,1,1,0,24.0,24.1,1.4,78.0,4.3,0,0,0,0,0,0,1,4,2.6
1,3,7.4,0,82,68,0,3,1,43.0,36.8,7.0,90.0,3.8,0,1,0,0,0,0,0,8,4.9
1,3,7.8,0,55,74,1,1,1,26.7,28.1,2.8,79.0,3.8,0,0,2,2,1,0,2,4,4.3
1,2,7.6,0,78,65,1,3,0,52.1,47.2,9.4,82.0,3.8,1,1,0,0,0,0,1,8,6.3
1,4,8.2,0,55,62,1,2,0,60.4,61.3,6.5,75.0,4.5,1,1,2,2,1,0,1,3,7.1
0,4,7.5,0,56,66,0,1,0,27.7,25.1,2.3,72.0,4.3,0,1,0,0,0,0,1,0,4.2
0,4,8.1,0,75,80,1,3,2,61.5,47.5,7.2,89.0,4.6,1,1,3,2,1,0,0,0,7.2
1,0,7.7,0,80,68,1,3,0,49.4,46.4,5.8,85.0,4.8,1,1,3,1,1,1,2,9,5.0
1,4,8.1,0,71,86,2,3,2,66.7,50.0,6.8,90.0,4.8,1,1,1,3,1,1,0,7,8.2
1,6,8.5,1,71,77,2,3,1,73.5,59.9,8.2,90.0,4.7,1,1,4,2,1,1,1,9,8.8
1,3,6.5,1,58,67,1,1,1,20.0,34.9,1.6,72.0,4.4,0,0,0,0,0,1,0,7,3.3
0,2,7.9,2,60,66,0,1,0,41.5,34.8,3.0,69.0,4.2,0,1,0,0,0,0,0,6,7.0
1,0,7.5,0,68,68,1,1,0,31.6,38.6,0.8,75.0,4.8,0,1,0,0,0,0,0,1,5.1
1,3,7.6,0,71,85,2,2,2,45.5,46.2,4.1,83.0,4.8,1,1,4,1,1,0,0,8,5.8
0,1,7.4,0,56,68,1,1,1,29.2,26.7,3.4,86.0,4.2,0,1,0,0,0,0,2,8,4.1
1,2,7.9,0,55,69,1,3,1,52.2,51.0,5.9,82.0,4.1,0,1,0,0,0,1,2,2,7.1
0,0,7.7,0,55,68,1,2,1,42.5,40.7,4.0,74.0,4.5,0,0,0,0,0,0,0,1,6.6
1,11,8.0,0,82,82,2,1,3,46.8,31.5,3.3,80.9,4.8,1,0,2,2,1,1,0,1,6.6
1,7,7.2,1,55,59,0,1,0,25.1,16.9,0.2,72.4,3.7,0,0,0,0,0,0,2,9,4.3
0,5,8.7,0,71,84,2,3,2,78.9,54.4,6.6,90.0,4.8,1,1,3,1,1,1,0,7,9.5
1,9,6.5,0,69,69,0,1,0,20.0,22.2,4.8,83.7,4.7,0,0,0,0,0,0,1,8,3.9
0,6,7.8,0,67,73,2,2,1,46.8,51.1,7.5,80.0,4.0,1,1,0,0,0,0,0,2,6.0
1,2,7.6,1,79,86,2,2,1,53.2,52.8,6.3,88.0,4.6,1,1,0,0,0,1,1,9,6.6
1,2,7.8,0,60,71,0,1,0,41.5,14.9,1.4,61.0,3.8,0,0,0,0,0,0,2,8,5.6
0,4,7.7,0,60,73,1,2,0,45.4,51.0,4.2,75.0,4.4,0,0,0,0,0,0,0,1,7.5
1,2,8.1,0,75,83,1,1,0,40.9,24.4,3.9,76.0,4.2,0,1,3,1,1,1,2,6,5.2
1,7,7.7,1,62,84,2,3,2,63.1,40.3,7.0,90.0,4.7,1,1,3,1,1,1,2,8,7.1
1,6,8.3,0,73,69,2,1,1,53.9,43.0,2.3,79.1,4.1,1,1,0,1,0,1,2,2,7.0
1,7,8.4,0,73,83,2,3,0,73.7,51.9,7.2,90.0,4.6,1,1,1,0,0,1,2,4,9.0
1,3,7.5,0,82,62,2,2,1,44.9,41.2,3.8,74.0,4.4,0,1,0,0,0,0,2,8,5.6
1,2,7.4,0,55,72,1,1,0,28.8,22.5,1.1,61.0,4.1,0,1,1,3,1,1,1,7,2.4
0,6,7.4,0,82,81,1,2,0,42.1,33.2,2.2,83.7,4.6,0,0,0,0,0,0,2,8,4.7
0,0,7.8,0,75,71,1,1,0,40.4,36.2,2.0,82.0,4.2,0,1,0,0,0,1,0,0,6.5
1,0,8.3,0,59,83,1,3,1,66.1,55.7,5.7,87.0,4.4,1,1,2,2,1,0,2,9,8.0
1,7,9.0,2,76,87,2,3,3,83.7,49.1,6.5,86.4,4.8,1,1,3,2,1,1,1,6,9.9
0,8,8.2,0,81,86,2,2,1,71.9,59.6,7.3,87.9,4.6,1,1,3,2,1,0,0,4,7.7
1,2,6.8,0,79,62,1,2,0,26.2,20.7,4.0,73.0,4.3,0,1,1,3,1,1,1,6,3.4
1,7,6.8,0,63,69,0,2,0,22.6,18.3,1.8,73.4,4.5,0,0,1,1,0,0,0,5,3.6
0,5,7.2,2,55,74,1,2,1,41.7,47.8,4.4,65.0,4.4,0,0,0,0,0,1,1,8,6.0
1,0,8.3,0,83,87,2,3,2,70.4,60.7,6.8,90.0,4.8,1,1,3,2,1,1,1,2,7.4
0,4,8.0,0,56,75,2,1,2,54.6,49.2,3.9,77.0,4.4,1,1,0,0,0,0,0,4,8.3
0,10,6.9,0,76,71,2,0,0,20.0,15.8,0.6,68.6,3.9,0,1,0,0,0,0,1,5,2.9
1,5,6.7,0,72,63,1,3,0,31.6,31.7,7.2,74.0,4.5,1,1,0,0,0,0,1,2,4.0
1,4,7.7,1,55,78,2,1,1,43.5,33.8,2.9,64.0,4.2,0,1,0,0,0,0,0,6,4.7
1,7,7.5,0,85,88,0,3,2,40.8,50.8,5.0,79.8,4.7,1,1,3,1,1,1,1,7,5.8
1,9,7.6,2,56,67,1,0,0,39.0,28.8,2.3,74.8,4.1,1,1,0,1,0,0,1,1,4.9
1,4,8.1,0,74,85,1,3,3,59.5,49.5,5.1,77.0,4.1,1,1,3,2,1,1,1,1,6.6
1,11,6.7,1,73,74,2,1,1,28.0,32.5,3.6,71.7,3.8,1,1,0,0,0,1,0,7,4.3
1,3,8.4,0,70,74,1,2,0,49.6,35.4,3.8,79.0,4.3,1,1,2,2,1,0,2,1,6.8
0,6,8.2,0,81,88,1,3,1,68.9,53.4,7.6,90.0,4.8,1,1,0,3,1,1,1,1,6.3
1,8,6.8,0,59,59,0,2,0,20.0,8.4,1.3,72.5,4.5,0,0,0,1,0,0,1,8,2.0
1,3,8.3,0,57,81,1,2,0,59.2,46.2,6.6,78.0,4.4,1,1,0,0,0,1,1,8,7.9
1,0,8.4,0,55,82,0,2,3,57.6,49.0,3.4,84.0,4.4,1,1,4,1,1,1,2,5,6.3
1,2,7.7,0,66,78,1,2,2,43.2,41.0,5.7,76.0,4.1,1,1,0,0,0,1,1,2,7.6
1,1,8.5,0,58,70,1,2,1,56.1,34.6,3.2,76.0,3.8,0,1,0,0,0,0,0,8,8.2
1,11,8.5,1,66,86,2,3,3,79.0,57.7,6.7,76.6,4.7,0,1,2,1,1,1,1,2,9.7
1,8,7.7,0,72,86,1,2,0,37.7,27.9,4.2,84.0,4.4,1,1,3,3,1,0,1,5,4.4
0,6,8.4,0,68,83,2,2,2,46.3,42.7,2.6,84.5,4.5,1,1,1,0,0,0,1,2,6.2
1,3,6.7,0,65,69,0,1,1,20.0,13.6,2.4,68.0,3.4,0,0,0,0,0,0,2,7,2.0
0,3,8.6,0,75,88,2,3,2,75.4,56.2,5.8,90.0,4.7,1,1,2,2,1,1,2,8,7.7
0,4,6.5,0,87,67,1,1,1,20.0,18.2,1.8,74.0,4.0,0,0,0,0,0,0,1,5,2.0
0,0,7.5,0,71,69,2,1,0,38.1,17.1,4.5,69.0,4.5,1,0,0,0,0,0,0,0,6.3
1,10,8.0,0,63,72,0,3,3,54.2,52.2,5.8,84.3,3.9,1,1,0,0,0,0,1,0,7.6
0,0,8.0,0,55,66,1,1,0,49.3,53.3,3.3,83.0,4.7,0,0,0,0,0,0,2,0,7.1
1,0,7.7,0,79,66,1,2,0,51.4,42.8,5.0,79.0,4.7,1,1,2,3,1,1,2,0,5.6
1,2,6.5,1,55,62,1,1,1,20.0,23.9,2.8,70.0,3.9,0,0,0,0,0,0,0,8,3.7
0,6,6.6,0,78,68,2,2,2,22.9,29.1,4.4,70.1,4.1,1,1,0,0,0,1,0,7,2.0
0,3,8.4,0,64,79,1,2,2,59.7,54.1,4.2,89.0,4.8,1,1,3,2,1,1,0,9,6.7
1,7,8.5,0,74,76,0,3,1,72.1,51.6,3.0,84.1,4.1,0,0,0,0,0,1,2,3,8.6
1,4,7.6,0,61,68,0,1,0,24.9,24.3,2.3,85.0,4.1,0,0,0,0,0,0,1,0,3.1
0,0,8.6,0,75,84,2,3,2,80.5,55.8,7.9,90.0,4.8,1,1,3,2,1,1,1,6,8.8
0,6,7.7,0,79,57,1,3,0,64.1,49.7,8.3,74.4,4.6,1,0,1,0,0,1,1,2,8.1
0,9,8.4,0,82,72,1,3,0,66.7,45.3,5.4,81.1,4.1,0,1,1,3,1,0,1,2,7.7
1,2,6.6,0,72,69,1,2,0,20.0,31.9,5.2,77.0,4.1,0,1,0,0,0,0,2,8,3.6
1,3,7.4,0,58,68,0,2,0,44.4,38.4,5.0,65.0,4.4,0,1,0,0,0,1,1,2,5.2
1,1,6.9,1,80,67,0,1,0,20.0,32.3,2.6,60.0,4.6,0,0,0,0,0,1,0,0,2.3
0,11,8.2,0,63,86,0,3,2,53.8,51.5,8.1,80.6,4.4,1,1,2,2,1,1,2,8,6.2
1,0,8.4,0,77,84,0,3,0,56.4,53.2,6.9,90.0,4.8,1,1,3,2,1,1,1,0,7.8
0,4,6.5,0,61,79,1,1,1,20.0,16.4,0.0,65.0,3.0,0,0,0,0,0,0,2,5,2.6
0,4,6.5,2,59,68,1,2,1,35.0,29.2,4.6,74.0,3.2,0,0,0,0,0,0,2,0,3.6
1,4,7.4,0,66,64,0,2,1,34.1,29.6,3.0,80.0,4.1,0,0,0,0,0,1,0,1,4.8
0,0,6.5,1,61,68,1,2,1,24.7,19.8,5.6,69.0,4.5,0,1,0,0,0,0,0,8,3.3
0,0,8.5,0,78,85,2,1,2,58.6,52.6,2.5,87.0,4.8,1,1,3,2,1,1,0,4,7.4
1,9,6.6,0,62,70,0,2,2,36.7,39.5,5.9,79.0,3.2,0,1,0,0,0,1,1,8,3.7
0,10,7.0,0,74,57,2,1,0,20.0,6.7,0.4,90.0,4.5,0,1,0,0,0,0,2,1,2.5
0,4,8.4,0,89,88,1,3,2,75.5,63.4,8.0,85.0,4.2,1,1,2,2,1,1,1,1,8.2
0,4,7.4,0,55,68,0,2,1,27.3,13.3,5.9,83.0,4.5,1,1,3,2,1,1,2,7,4.9
1,6,8.4,1,55,84,1,2,2,75.4,49.7,5.5,79.2,4.0,1,1,2,2,1,1,2,2,7.9
0,7,7.5,0,58,75,2,3,0,51.6,39.1,4.2,76.5,4.6,0,1,1,0,0,0,2,5,5.5
1,3,7.3,0,58,74,1,1,1,34.5,42.6,3.0,77.0,4.1,0,0,0,0,0,0,1,8,5.4
0,9,8.1,0,72,87,2,3,2,65.7,59.3,6.0,86.5,4.7,1,0,3,3,1,1,0,2,8.0
0,2,8.2,0,77,81,1,3,1,67.3,39.9,5.4,79.0,4.4,0,1,0,0,0,1,2,7,7.6
1,10,8.0,0,68,81,1,3,2,68.0,43.8,7.0,78.8,4.4,1,0,1,2,1,1,2,1,6.6
0,3,8.1,0,82,74,0,2,3,42.5,35.4,3.8,71.0,4.2,1,0,0,0,0,0,1,8,5.1
1,2,7.9,0,55,61,1,1,1,48.4,44.1,3.5,79.0,4.0,0,0,0,0,0,1,2,8,5.7
0,0,8.3,0,83,84,2,3,2,73.4,67.5,8.7,84.0,4.4,1,1,2,2,1,1,1,8,9.8
0,0,7.5,0,66,83,1,1,2,36.1,44.6,3.1,84.0,4.7,1,1,0,0,0,0,1,2,6.2
0,0,7.6,0,78,87,1,3,2,48.0,50.7,7.2,81.0,4.8,1,1,2,2,1,1,1,3,4.9
1,2,8.6,0,78,87,1,3,2,64.6,50.1,6.1,90.0,4.8,1,1,4,1,1,1,1,6,9.1
0,6,8.2,0,70,76,2,3,2,63.2,49.3,7.0,84.7,4.6,1,1,4,1,1,0,1,9,7.6
1,0,8.0,0,66,72,1,2,0,38.5,32.6,2.4,81.0,4.2,1,1,0,0,0,0,0,0,6.8
1,9,8.3,0,81,81,1,1,3,65.3,58.1,3.2,82.1,4.2,1,1,3,2,1,1,0,3,6.9
0,5,6.5,0,59,62,1,3,1,40.1,51.6,7.1,70.0,4.1,0,0,0,0,0,1,1,8,4.7
1,2,7.6,0,61,75,1,3,0,54.1,55.8,6.2,82.0,4.8,1,1,2,2,1,1,2,8,5.8
1,7,6.5,0,62,66,1,0,0,23.1,13.1,1.4,75.5,3.7,1,1,0,1,0,0,1,0,2.0
0,5,6.7,0,55,68,0,2,0,24.3,27.8,5.0,74.0,4.2,1,1,0,0,0,0,1,8,2.6
0,0,7.5,0,55,64,1,1,0,39.7,27.4,3.0,74.0,4.7,0,0,0,0,0,1,0,2,5.3
0,11,7.4,0,63,68,1,2,1,52.1,29.2,4.3,72.2,4.2,1,0,0,0,0,0,1,4,5.2
1,10,6.8,0,58,63,1,1,0,21.2,26.4,4.0,72.2,4.0,0,0,1,1,0,0,1,6,3.8
1,4,8.4,0,55,73,1,2,2,57.2,37.9,6.1,75.0,4.1,1,1,0,0,0,0,1,4,6.4
1,2,8.5,0,55,82,1,1,2,54.3,38.8,1.8,77.0,4.6,0,1,3,1,1,0,2,2,6.9
0,3,7.1,0,55,73,0,1,1,20.0,16.5,3.3,72.0,4.4,0,1,0,0,0,0,1,9,3.2
1,0,8.2,0,83,83,2,3,2,77.8,64.7,5.1,90.0,4.5,1,1,3,2,1,1,1,4,8.9
0,4,8.4,0,69,83,1,1,1,47.6,36.6,1.6,83.0,4.8,1,0,2,2,1,1,2,7,6.5
1,3,7.7,0,67,63,0,1,0,31.3,24.9,0.4,63.0,4.0,1,0,3,2,1,0,0,6,4.2
0,4,8.4,0,77,84,0,3,0,67.2,52.4,7.7,84.0,4.8,1,1,2,2,1,1,1,4,7.0
0,0,8.0,0,55,68,1,3,0,62.0,68.1,6.8,65.0,4.4,1,1,0,0,0,0,0,0,8.5
1,3,6.5,0,55,73,2,3,0,31.8,20.2,5.6,85.0,4.0,0,0,0,0,0,0,1,1,2.4
1,3,7.5,0,81,69,0,2,0,29.7,33.3,5.7,62.0,4.3,0,1,0,0,0,0,2,0,5.3
1,4,8.5,0,74,78,2,3,2,74.2,60.8,6.5,87.0,4.8,1,1,4,1,1,1,1,6,9.8
1,1,7.7,0,62,69,1,1,0,35.1,20.4,2.8,78.0,4.3,1,1,3,2,1,0,1,6,3.6
1,2,6.5,0,60,65,1,1,1,20.0,12.6,0.0,80.0,4.4,0,1,0,0,0,0,0,9,2.7
1,7,7.5,1,55,66,1,2,1,45.0,37.6,1.4,69.2,4.5,0,0,1,0,0,1,1,8,5.5
1,6,8.1,1,55,74,1,2,0,56.8,51.8,4.5,90.0,4.3,0,1,0,1,0,1,2,8,7.6
0,2,6.6,1,55,67,1,2,0,20.0,18.4,4.2,79.0,3.6,0,0,0,0,0,0,1,2,2.4
0,6,7.6,0,83,68,0,1,2,42.4,36.0,4.0,74.9,4.2,0,1,1,0,0,0,2,8,5.6
1,3,6.7,1,70,73,1,3,0,31.2,29.9,7.9,73.0,4.5,1,1,1,3,1,1,0,8,2.1
0,3,8.4,0,87,83,2,3,2,73.9,59.7,9.0,89.0,4.8,1,1,1,3,1,0,0,2,8.8
1,4,8.3,0,85,88,2,3,2,74.7,68.3,7.2,90.0,4.8,1,1,3,2,1,1,1,4,8.7
1,4,7.7,0,55,71,0,3,1,43.7,26.5,6.2,80.0,4.3,0,0,0,0,0,0,2,3,4.9
1,5,6.6,1,55,69,0,2,0,22.5,11.3,4.8,75.0,3.9,0,1,1,3,1,1,1,9,2.5
1,5,7.3,0,83,81,0,2,0,32.6,30.5,3.8,79.0,3.8,0,1,0,0,0,0,2,8,5.3
1,0,6.5,0,79,63,1,1,1,20.0,25.3,1.3,85.0,3.9,0,0,0,0,0,0,0,9,2.3
1,0,8.1,0,56,68,1,1,1,50.0,46.1,3.8,71.0,4.7,1,1,0,0,0,0,1,0,7.9
0,2,8.3,0,76,84,2,3,2,60.0,48.5,7.6,90.0,4.8,1,1,4,1,1,1,1,1,5.6
1,5,7.4,0,62,69,1,1,0,37.9,49.1,1.5,81.0,3.9,0,1,0,0,0,0,1,8,5.3
1,10,9.1,1,74,84,0,3,2,75.0,59.4,6.6,90.0,4.8,1,1,4,1,1,0,1,9,9.1
1,0,8.6,0,81,86,1,3,0,66.2,66.3,5.9,83.0,4.8,1,1,2,2,1,1,0,1,7.9
1,2,6.9,1,58,70,1,2,1,24.5,23.1,4.0,72.0,3.5,0,1,0,0,0,0,2,7,3.3
1,4,7.6,0,85,80,1,3,2,55.6,48.2,4.8,90.0,4.8,1,1,1,3,1,0,1,5,4.8
1,0,8.3,0,55,87,1,1,2,49.0,34.8,1.9,82.0,4.2,1,0,2,3,1,1,1,4,5.8
1,10,7.9,0,60,69,0,2,1,40.2,38.9,1.8,71.7,4.0,0,0,0,1,0,0,1,8,5.6
0,2,6.6,1,55,66,1,1,1,20.0,11.0,2.3,60.0,3.4,0,0,0,0,0,0,0,0,2.6
1,2,8.3,0,70,86,1,3,2,70.3,64.3,6.5,79.0,4.4,1,0,0,0,0,0,1,1,8.9
1,2,7.5,2,78,84,1,2,1,43.5,26.6,3.9,60.0,3.4,1,1,0,0,0,1,1,8,6.3
1,6,7.7,1,59,69,0,1,0,45.9,38.9,4.9,71.9,3.9,0,1,0,1,0,1,0,1,5.1
0,8,7.3,1,56,85,0,1,0,20.9,1.7,2.1,82.2,3.8,0,1,1,0,0,0,1,0,3.1
1,7,8.3,1,71,83,0,3,3,65.0,56.2,6.9,90.0,4.7,1,0,2,3,1,1,1,8,8.8
1,2,8.2,2,80,63,1,3,2,62.9,51.2,6.1,75.0,4.5,1,1,0,0,0,0,2,4,7.3
1,11,8.4,0,72,71,2,2,2,57.1,41.6,2.5,76.7,4.5,1,1,0,0,0,0,1,9,6.6
1,9,7.3,0,72,84,1,3,0,43.1,49.0,8.1,86.9,4.8,1,1,1,2,1,1,1,1,6.1
0,0,8.1,0,55,67,1,2,0,49.5,34.7,5.0,74.0,4.2,0,1,0,0,0,1,2,3,6.6
1,4,8.5,0,55,62,0,3,0,62.3,49.6,5.6,90.0,4.5,1,1,3,2,1,1,1,1,6.9
0,11,7.4,1,58,67,0,1,0,27.7,33.6,1.6,70.0,3.2,0,1,1,1,0,0,1,0,4.6
1,0,7.9,0,58,81,0,1,2,40.1,24.6,3.8,83.0,4.8,1,0,0,0,0,0,0,1,5.7
0,0,8.3,0,71,66,0,3,0,53.6,42.3,5.9,87.0,4.4,1,1,3,1,1,0,0,9,6.7
1,4,7.7,0,64,80,2,3,1,54.7,50.5,7.0,67.0,4.2,1,1,0,0,0,0,1,8,6.4
1,8,7.6,1,56,83,0,1,0,23.5,21.0,4.0,80.6,3.7,0,0,1,0,0,1,0,8,3.0
1,2,6.5,0,55,72,0,1,1,20.0,19.5,3.1,87.0,4.8,0,0,0,0,0,0,1,8,2.0
1,0,7.5,0,72,80,1,3,1,53.6,41.4,6.1,81.0,4.6,1,1,0,0,0,0,1,0,5.9
1,0,7.6,0,67,65,1,1,1,45.1,36.5,1.4,66.0,3.6,0,1,0,0,0,0,0,4,5.0
1,8,6.5,2,81,68,2,3,0,23.4,21.9,8.6,79.9,4.3,1,1,0,0,0,1,1,8,2.8
1,5,8.2,0,70,84,1,3,1,65.4,58.8,7.3,77.0,4.2,1,1,2,2,1,1,1,8,7.1
1,9,8.3,0,78,86,2,3,1,70.0,70.1,6.0,87.0,4.8,1,1,4,3,1,1,2,7,7.8
1,2,7.7,1,60,63,1,1,0,49.3,39.8,3.3,82.0,4.3,0,1,0,0,0,1,2,1,7.5
1,2,7.5,0,79,84,0,3,0,41.3,33.6,5.0,65.0,4.3,1,1,0,0,0,0,1,5,5.8
1,2,7.6,0,79,79,1,1,0,34.9,31.1,3.5,83.0,4.8,1,1,0,0,0,0,2,5,5.9
1,0,7.3,1,60,70,0,1,0,22.2,12.7,1.2,75.0,3.7,0,0,0,0,0,0,1,0,3.7
1,0,8.5,0,83,85,2,3,2,78.0,59.2,7.0,90.0,4.8,1,1,4,1,1,1,0,0,9.1
1,5,8.4,0,69,70,1,2,0,67.9,37.3,4.1,78.0,4.2,1,1,0,0,0,0,1,1,6.2
1,2,8.2,0,79,85,1,3,2,59.3,55.7,6.5,90.0,4.8,1,0,4,1,1,1,1,6,6.4
0,4,8.8,1,80,80,2,3,2,73.2,59.1,6.8,90.0,4.8,1,1,2,2,1,1,0,8,8.7
0,5,8.5,0,63,87,1,1,1,44.2,31.2,1.3,71.0,3.8,0,1,0,0,0,0,0,8,5.0
0,11,8.0,1,76,70,1,2,2,52.4,42.8,2.5,81.1,3.8,1,1,1,3,1,0,2,8,7.5
0,4,7.4,0,82,68,0,3,1,44.0,34.4,6.6,83.0,4.3,1,1,1,3,1,1,2,0,5.0
1,11,7.9,1,75,83,0,1,3,50.4,37.6,2.7,79.6,4.0,1,1,0,0,0,0,2,3,6.7
1,11,8.0,0,72,81,0,1,1,47.4,38.9,4.1,79.8,4.7,1,0,0,0,0,1,1,2,6.2
1,5,7.6,2,55,63,1,1,1,33.6,24.1,1.0,73.0,3.7,0,0,0,0,0,1,1,3,4.8
1,3,7.4,0,63,65,1,2,0,33.4,21.0,5.9,66.0,4.7,1,1,0,0,0,0,2,5,3.2
1,2,8.4,0,85,84,2,1,1,55.0,46.9,2.0,88.0,4.8,1,1,0,0,0,0,1,5,8.2
0,5,7.7,0,65,70,1,2,1,55.5,55.8,5.3,83.0,4.5,0,0,3,2,1,0,1,8,6.9
1,2,8.2,0,73,81,0,3,1,63.5,55.9,5.1,86.0,4.1,1,1,4,1,1,0,1,5,7.4
0,2,8.3,0,73,83,1,3,2,64.5,52.4,8.7,90.0,4.8,1,1,1,3,1,1,1,4,6.6
1,3,7.9,0,76,87,2,3,2,56.0,44.4,5.0,79.0,4.1,0,1,0,0,0,0,1,9,8.2
1,6,7.5,0,60,72,1,2,0,41.7,43.2,5.3,63.8,4.4,0,0,0,1,0,0,1,7,5.6
1,9,7.7,1,75,65,0,2,0,39.0,21.0,4.5,70.9,4.4,0,1,0,0,0,1,0,0,5.5
1,0,8.1,0,55,88,2,2,3,55.0,59.3,4.5,76.0,4.1,1,1,0,0,0,0,2,3,6.7
0,0,6.8,1,56,72,1,1,0,20.0,14.5,0.0,66.0,3.5,0,0,0,0,0,0,1,6,3.5
0,3,8.1,0,69,67,0,1,0,35.9,24.1,2.1,71.0,3.6,1,0,0,0,0,0,0,7,5.6
1,3,7.5,0,55,64,1,1,1,37.8,32.5,0.0,78.0,3.9,0,0,0,0,0,0,1,4,4.5
1,0,9.0,0,80,88,1,3,2,74.4,56.3,6.8,90.0,4.8,1,0,0,0,0,1,2,3,9.4
1,5,8.1,0,90,77,2,3,2,69.8,52.1,6.3,90.0,3.8,1,1,3,2,1,1,1,7,7.3
0,5,6.5,0,78,62,1,3,2,35.1,29.2,7.1,75.0,4.7,1,0,0,0,0,1,1,8,3.0
1,2,8.7,0,65,82,1,3,0,78.2,57.0,5.5,87.0,4.8,1,1,0,0,0,1,1,0,8.0
0,6,6.9,1,55,57,0,1,0,29.1,34.2,3.4,75.3,4.4,0,0,0,1,0,0,2,4,4.6
1,4,8.4,0,55,84,1,3,0,59.8,68.9,8.9,87.0,4.1,1,0,0,0,0,1,1,8,9.4
0,0,8.4,0,61,79,1,3,2,72.3,60.6,6.4,80.0,4.4,1,1,0,0,0,1,1,1,8.7
1,1,7.8,0,89,65,1,3,2,53.6,38.8,5.9,84.0,4.6,1,1,1,3,1,1,1,7,5.0
0,2,6.6,1,66,72,1,1,0,20.0,12.2,2.1,66.0,3.5,0,0,0,0,0,1,2,7,2.0
0,10,7.7,2,61,67,2,1,3,46.7,29.6,4.7,86.1,4.8,0,1,0,0,0,0,0,2,6.9
1,11,7.4,0,55,70,1,3,1,41.0,41.8,7.0,79.0,3.9,0,1,0,0,0,1,0,8,4.4
1,0,8.5,0,72,85,1,3,3,67.8,51.6,9.2,70.0,3.8,1,1,2,3,1,1,1,0,7.8
1,2,8.3,0,70,84,0,3,2,64.3,47.8,6.8,74.0,4.1,1,1,0,0,0,1,1,6,7.4
0,2,7.0,0,55,62,1,1,1,25.5,24.1,3.7,65.0,3.0,0,0,0,0,0,0,1,5,2.9
1,8,6.5,1,81,81,2,1,2,20.0,1.1,2.8,86.4,4.2,1,1,1,3,1,0,1,5,2.0
1,1,7.6,0,57,65,1,1,0,31.6,20.8,2.6,81.0,3.3,1,1,0,0,0,0,0,8,3.4
0,9,7.9,0,78,63,1,2,0,33.1,14.3,5.4,75.5,4.3,0,0,0,0,0,1,2,8,3.9
1,4,8.9,0,73,81,1,3,0,75.5,69.8,8.2,85.0,4.8,1,1,3,1,1,1,0,0,9.7
0,1,7.6,0,68,64,1,3,1,48.4,40.9,7.2,74.0,4.3,1,1,1,3,1,0,2,8,5.0
0,0,8.0,0,67,83,0,0,1,28.7,19.4,0.8,85.0,4.8,1,1,0,0,0,1,0,9,5.2
1,1,8.1,0,59,72,2,3,1,65.2,50.6,7.0,75.0,4.8,1,1,0,0,0,1,2,1,6.9
0,2,8.5,0,74,86,2,3,0,76.7,61.1,6.9,87.0,4.8,1,1,4,1,1,1,1,2,9.1
1,11,7.1,0,62,71,2,1,0,27.2,10.9,0.6,79.1,4.6,0,0,0,0,0,0,1,4,4.0
0,5,8.6,0,87,86,1,1,2,62.2,53.6,2.7,77.0,4.6,1,1,2,2,1,0,0,8,7.3
0,11,8.2,1,86,88,2,3,2,62.9,50.7,6.5,87.0,4.8,1,1,2,2,1,0,1,7,6.6
1,0,7.8,0,87,80,2,3,2,55.0,50.1,8.7,84.0,4.4,1,0,0,0,0,1,1,1,6.3
1,10,7.6,1,62,72,1,2,1,41.2,43.0,4.6,71.0,4.1,0,1,0,0,0,0,1,1,6.0
0,8,8.0,0,67,84,1,3,3,49.8,32.4,7.0,89.7,4.7,1,1,4,0,1,0,2,2,5.8
1,5,8.3,0,64,65,1,1,1,50.4,54.8,3.6,81.0,4.5,1,1,0,0,0,1,1,8,7.9
1,6,8.3,1,75,72,2,3,1,58.0,39.6,5.2,90.0,4.5,1,1,0,1,0,1,1,4,7.5
1,11,7.3,0,55,73,2,2,2,43.6,47.2,2.4,69.4,3.9,0,0,1,0,0,0,2,8,5.8
0,6,7.7,1,58,62,0,1,2,30.2,23.4,3.5,61.7,4.7,0,0,0,0,0,1,1,0,5.3
1,2,7.7,0,55,61,0,1,0,30.1,33.5,2.6,67.0,3.5,0,0,0,0,0,0,2,8,5.2
1,7,7.7,1,55,67,1,0,2,33.0,30.6,1.6,75.5,4.2,0,0,0,1,0,0,1,2,6.1
1,9,6.5,0,55,60,1,0,0,20.9,23.4,1.2,73.2,4.5,0,0,0,1,0,1,1,8,2.8
0,5,8.0,0,70,82,2,3,0,58.6,50.3,6.4,75.0,4.4,0,1,0,0,0,1,2,8,8.6
1,5,6.5,0,81,83,1,2,0,24.0,13.2,6.7,76.0,4.1,1,1,2,2,1,0,0,8,2.6
1,3,8.3,1,76,81,1,2,1,53.2,40.8,5.3,74.0,4.2,1,1,0,0,0,1,0,8,7.8
0,11,8.4,2,79,79,0,1,2,62.6,61.4,5.4,85.3,4.8,1,0,1,0,0,0,0,5,7.8
1,8,7.7,1,55,65,0,0,1,33.1,12.1,1.9,72.9,3.6,0,0,1,0,0,1,1,3,3.5
1,2,7.9,2,56,67,1,1,0,49.1,50.0,1.6,85.0,4.7,0,1,0,0,0,0,1,2,7.3
1,4,7.5,0,55,59,1,1,0,33.4,30.7,3.0,84.0,4.3,0,1,0,0,0,0,0,5,5.0
0,4,8.1,0,74,82,1,3,2,62.8,65.7,7.2,90.0,4.8,1,1,3,1,1,1,0,6,8.8
0,9,6.5,0,77,81,2,3,2,27.2,35.7,7.5,77.1,4.2,1,1,1,0,0,0,1,8,2.2
1,0,7.6,0,55,71,1,1,2,42.9,46.0,1.7,77.0,3.9,0,1,0,0,0,1,1,4,7.8
0,9,7.2,0,55,76,1,2,0,33.9,27.6,0.6,60.8,3.2,0,1,0,0,0,0,0,9,5.3
0,1,6.5,1,79,63,1,2,0,20.0,21.9,2.7,73.0,4.5,0,1,0,0,0,1,0,4,2.4
1,8,8.7,0,78,71,2,3,1,67.1,46.6,4.5,89.0,4.5,0,1,4,1,1,0,2,6,9.1
1,4,7.8,0,77,88,1,3,0,50.6,31.0,6.3,89.0,4.6,1,1,4,1,1,0,2,1,6.6
1,6,7.3,0,62,70,1,1,0,27.6,33.9,2.1,77.4,4.0,0,0,1,0,0,0,1,2,4.6
1,2,7.4,0,56,60,1,2,0,34.0,16.6,3.4,67.0,3.3,0,0,0,0,0,0,0,8,3.5
1,11,7.7,0,57,66,1,1,1,33.0,36.8,1.7,78.6,3.9,0,1,0,1,0,0,0,1,6.0
1,2,7.5,0,55,77,1,2,1,47.0,45.8,4.8,79.0,4.4,1,0,3,2,1,0,1,2,5.7
1,11,8.2,0,74,88,2,2,1,67.1,47.0,6.5,80.7,4.5,1,1,3,3,1,1,1,8,8.6
1,6,8.2,0,83,74,2,3,2,72.1,61.4,5.3,90.0,4.6,1,1,2,2,1,0,2,1,7.6
1,11,7.5,1,71,86,0,3,0,48.5,44.9,6.3,87.2,4.0,0,1,0,0,0,0,2,7,7.3
0,0,7.7,0,81,85,2,3,2,52.0,44.4,8.2,90.0,4.8,1,1,4,1,1,0,1,0,6.0
0,2,6.5,0,79,76,1,3,1,29.1,42.6,6.5,78.0,3.2,0,0,0,0,0,1,0,9,4.0
1,5,7.3,0,59,59,0,1,1,20.0,18.5,1.5,69.0,3.7,0,1,0,0,0,0,1,8,4.3
0,6,8.6,1,73,85,1,3,2,65.7,57.5,7.6,75.2,4.2,1,0,3,3,1,1,2,9,8.3
1,0,8.6,0,76,88,2,3,2,71.1,46.6,6.4,90.0,4.8,1,1,3,2,1,1,0,0,7.8
1,5,6.5,0,55,70,2,1,0,20.3,33.5,1.5,65.0,3.3,0,0,0,0,0,0,2,8,2.7
1,2,7.9,0,64,81,1,1,0,48.9,42.4,0.9,70.0,4.2,0,1,0,0,0,0,0,5,5.5
0,9,7.1,0,81,83,1,3,0,36.9,34.6,6.2,80.1,4.4,1,0,2,1,1,1,2,8,3.1
1,6,7.7,1,79,87,2,2,1,65.6,57.8,8.0,84.5,4.8,1,1,0,0,0,1,0,2,7.9
0,2,7.9,2,77,85,1,3,1,58.2,46.6,8.1,84.0,3.9,1,1,0,0,0,1,1,7,8.0
0,1,6.5,0,61,67,1,1,1,20.0,22.0,2.5,79.0,4.1,0,0,2,3,1,0,1,8,2.1
1,2,8.2,0,83,82,1,3,2,58.2,33.1,6.5,90.0,4.7,1,1,2,2,1,1,1,4,5.7
1,1,7.4,0,67,68,1,2,1,33.7,44.9,4.2,78.0,4.6,0,1,0,0,0,0,1,4,6.6
0,9,7.8,0,82,82,0,3,2,47.3,48.9,6.1,90.0,4.8,1,0,2,2,1,0,1,8,4.7
0,5,6.8,1,60,77,2,1,0,23.8,28.8,2.7,77.0,4.0,0,0,0,0,0,0,1,8,3.5
1,11,8.2,0,75,82,2,2,2,62.0,52.0,3.1,76.8,3.7,1,1,2,2,1,0,0,8,6.9
1,6,6.5,0,56,65,0,1,0,23.7,22.6,1.1,87.6,3.9,0,1,0,0,0,0,1,3,2.0
0,6,7.5,1,67,71,1,2,1,43.5,39.0,4.9,74.5,4.1,1,1,0,0,0,0,0,1,5.9
1,9,8.5,1,88,83,1,3,0,67.8,61.0,6.7,88.7,4.8,1,1,0,0,0,1,1,4,8.1
1,1,6.5,1,85,83,2,3,1,29.4,19.1,7.7,84.0,4.7,1,1,1,3,1,1,0,6,2.7
1,1,7.0,0,77,87,0,1,1,20.0,24.8,1.7,81.0,4.6,1,1,1,3,1,0,1,3,2.8
1,11,6.7,0,55,64,2,1,0,24.4,15.8,0.1,85.2,4.8,0,1,3,3,1,0,1,8,2.0
1,2,7.4,0,56,70,1,2,1,28.8,28.8,3.4,74.0,4.3,0,0,0,0,0,0,2,8,3.4
0,6,7.6,1,74,75,1,2,0,45.2,30.9,5.2,68.9,4.3,0,1,0,0,0,0,1,2,6.0
0,11,7.5,1,58,64,1,2,0,26.9,37.0,2.5,69.0,4.7,0,0,0,0,0,0,0,8,4.6
1,5,7.7,1,78,65,0,1,1,29.3,43.8,3.6,69.0,4.8,1,1,0,0,0,0,1,8,4.3
0,0,7.3,0,76,62,1,1,0,31.2,22.9,1.2,90.0,4.6,1,0,0,0,0,0,0,0,3.6
1,7,7.7,0,76,67,0,3,0,64.1,35.9,2.5,84.5,4.3,0,1,1,0,0,1,1,6,6.5
1,0,7.7,1,75,69,1,3,0,53.8,44.0,6.0,79.0,4.8,0,1,0,0,0,0,1,0,6.4
1,4,6.5,1,73,67,1,1,2,20.0,22.4,3.7,85.0,4.5,1,1,2,3,1,0,2,0,2.9
1,0,8.4,0,86,82,2,3,2,62.1,45.2,6.6,82.0,4.7,1,1,1,3,1,1,2,3,8.6
1,4,8.2,0,85,81,2,3,2,71.6,61.6,6.0,90.0,4.8,1,1,4,1,1,1,2,5,8.2
0,6,8.4,0,77,79,2,3,2,74.1,55.6,8.5,85.8,4.7,1,1,0,2,1,0,0,2,7.6
1,2,7.4,0,55,63,1,1,1,29.8,25.0,1.5,73.0,3.7,0,0,0,0,0,0,0,4,4.0
1,8,6.5,0,75,81,2,2,1,20.0,0.2,3.8,89.9,4.8,1,0,1,0,0,0,2,7,2.5
1,2,7.8,0,85,87,1,2,2,47.7,48.8,5.8,77.0,4.8,1,1,3,2,1,1,1,8,5.9
1,0,8.5,0,74,81,2,3,2,77.3,66.2,7.3,90.0,4.1,1,1,4,1,1,1,1,2,10.4
1,0,6.8,0,66,69,1,1,0,23.6,25.1,1.9,80.0,3.6,0,0,0,0,0,0,2,6,2.0
0,2,7.7,1,65,65,1,1,1,35.1,34.7,3.9,68.0,4.6,1,0,0,0,0,0,0,0,4.4
0,8,7.5,0,67,63,1,1,0,26.0,18.8,1.8,73.1,4.3,0,1,0,1,0,0,1,8,5.2
1,6,7.9,0,55,68,2,2,0,48.3,49.3,3.6,75.2,3.6,0,0,0,0,0,1,2,7,6.3
1,9,6.6,1,73,69,1,3,0,38.2,34.2,2.7,66.7,4.1,1,1,0,1,0,0,1,6,5.7
0,3,7.5,0,55,61,1,1,1,30.4,36.5,2.3,67.0,4.5,0,0,0,0,0,0,2,5,3.3
1,0,7.6,0,55,83,1,2,3,41.0,33.5,5.1,81.0,4.0,0,1,0,0,0,1,1,0,4.4
1,3,6.5,0,58,74,1,1,0,20.0,13.9,2.6,67.0,3.9,0,0,0,0,0,0,1,8,2.0
1,9,6.6,0,55,66,2,2,0,20.0,22.7,1.8,90.0,3.9,0,1,0,1,0,0,2,7,2.0
0,4,6.7,0,61,85,0,1,0,20.0,15.5,1.9,70.0,4.7,1,1,2,3,1,1,2,3,2.0
0,7,8.4,1,67,80,1,2,2,57.1,63.1,6.0,83.1,4.6,1,1,0,1,0,1,2,4,7.2
1,0,8.6,0,75,88,2,3,2,76.6,58.7,8.0,90.0,4.8,1,1,3,2,1,1,1,2,9.1
1,0,7.7,0,60,71,0,1,0,34.4,25.1,1.3,71.0,4.2,0,0,0,0,0,0,1,2,4.4
1,5,8.3,0,80,81,1,3,2,71.0,55.2,7.0,87.0,4.6,1,1,0,0,0,1,1,7,8.1
1,4,7.4,0,66,61,0,1,1,24.8,34.8,2.9,72.0,3.5,0,1,0,0,0,0,0,3,4.7
1,3,8.5,0,82,85,1,1,2,57.9,58.3,3.2,82.0,4.4,1,1,2,2,1,1,2,2,7.4
0,7,7.7,0,55,65,1,1,1,43.0,48.3,0.9,68.5,3.9,0,0,0,0,0,0,2,1,7.1
0,4,8.2,0,65,63,2,2,2,64.1,54.7,2.1,78.0,4.0,0,0,0,0,0,1,1,5,9.0
1,0,7.9,0,75,70,1,2,2,49.9,40.2,5.6,78.0,3.9,1,1,0,0,0,1,2,1,5.7
1,2,7.5,0,81,80,1,3,0,54.2,67.1,9.1,83.0,4.6,1,1,0,0,0,0,1,7,6.9
1,4,8.0,0,82,86,2,3,2,76.7,68.2,6.9,90.0,4.7,1,1,3,2,1,0,2,1,8.3
1,3,8.5,0,80,77,1,2,2,59.5,46.5,6.8,77.0,4.3,1,1,3,2,1,1,1,7,8.5
1,6,7.6,0,70,64,0,0,0,32.8,27.4,2.7,80.1,4.3,0,1,0,1,0,0,2,3,4.1
1,9,8.8,0,73,87,2,3,2,78.7,53.9,6.2,90.0,4.6,1,1,1,2,1,1,2,9,9.1
0,8,7.9,0,61,72,1,0,0,30.4,27.8,4.2,76.0,4.6,1,1,0,0,0,0,1,2,5.0
1,6,7.6,0,59,72,1,3,0,61.6,48.2,7.8,79.4,3.9,0,1,1,3,1,0,2,1,6.0
0,0,7.7,1,70,86,2,2,0,50.1,40.3,5.8,90.0,4.7,1,1,3,2,1,1,1,0,5.1
1,6,6.5,2,82,67,2,3,3,28.0,32.5,7.6,82.8,3.5,1,0,3,1,1,1,2,2,2.8
1,8,7.5,0,77,65,1,3,2,48.1,41.4,7.0,76.8,4.4,1,1,1,0,0,1,0,8,7.2
0,4,8.1,0,83,86,2,1,2,44.2,28.8,2.0,89.0,4.8,1,1,3,2,1,0,1,0,5.6
0,3,8.0,0,71,61,1,2,1,52.5,50.3,2.9,80.0,4.3,0,1,0,0,0,0,2,1,6.9
1,0,7.1,0,65,69,1,1,1,28.2,31.5,3.8,71.0,4.2,1,1,0,0,0,1,2,0,4.6
1,2,8.4,0,76,84,1,3,2,68.7,61.3,8.9,90.0,4.8,1,1,3,1,1,1,2,8,9.2
0,4,7.3,1,55,66,1,1,0,27.2,22.9,1.5,76.0,4.3,0,0,0,0,0,0,0,9,4.2
1,2,7.5,0,86,79,1,3,3,50.3,41.9,7.0,90.0,4.6,1,1,2,3,1,0,0,6,5.7
0,2,8.5,0,58,63,2,1,1,53.5,34.3,5.1,70.0,4.3,1,1,2,3,1,0,1,8,6.5
1,7,7.6,0,77,68,0,2,0,63.4,35.8,2.4,85.0,4.3,0,1,0,0,0,0,2,0,6.4
1,3,8.4,0,74,88,2,3,2,72.5,62.6,7.5,90.0,4.4,1,1,2,2,1,1,2,8,9.2
1,2,6.5,0,55,65,1,2,0,20.2,19.7,4.3,76.0,4.2,0,1,0,0,0,0,2,8,3.2
1,3,7.6,0,69,65,2,2,0,41.6,36.6,4.5,77.0,4.5,0,1,0,0,0,0,1,6,5.3
1,3,7.5,0,55,63,0,1,0,23.3,14.9,1.3,60.0,3.5,0,0,0,0,0,0,2,6,2.7
1,6,8.2,0,76,86,2,3,1,69.3,53.8,8.4,90.0,4.6,1,1,3,2,1,1,1,2,7.1
0,4,8.4,0,77,84,1,3,2,70.8,46.7,5.6,87.0,4.8,0,1,3,2,1,0,2,5,6.9
1,6,8.3,1,71,68,2,3,1,73.9,58.2,6.8,90.0,4.8,0,1,3,1,1,1,1,2,7.3
1,10,6.7,2,82,66,0,2,1,20.0,1.5,2.9,77.0,4.3,1,1,0,0,0,1,1,9,2.8
1,5,7.5,2,58,82,1,2,0,46.3,46.1,4.9,80.0,4.0,1,1,0,0,0,1,1,3,5.0
0,4,8.4,0,80,82,1,2,2,58.4,62.4,6.2,86.0,4.2,1,1,0,0,0,1,2,5,9.2
1,10,8.3,1,90,83,2,3,1,61.9,44.3,6.2,89.4,4.8,1,1,1,2,1,1,1,2,7.1
1,0,8.0,0,85,88,2,1,2,51.8,48.2,3.4,89.0,4.8,1,0,0,0,0,0,0,0,6.7
1,10,6.7,1,61,72,1,1,0,20.2,20.0,1.7,77.4,3.5,0,1,0,1,0,0,2,5,2.9
1,0,8.8,0,86,86,2,3,2,84.5,53.3,7.9,85.0,4.7,1,0,4,1,1,1,2,2,9.9
1,5,7.6,0,60,73,1,3,0,46.4,46.5,7.5,80.0,4.6,0,1,3,1,1,1,1,8,5.3
1,4,7.8,2,57,82,1,3,0,54.0,43.5,6.5,76.0,4.7,1,1,2,2,1,1,0,2,6.1
0,2,6.5,0,73,71,1,1,2,20.0,12.6,0.8,85.0,4.3,0,1,0,0,0,0,1,6,3.8
0,4,8.7,0,85,86,2,3,2,83.5,42.6,7.5,90.0,4.8,1,1,3,1,1,0,0,9,8.3
0,2,8.2,0,78,85,2,3,2,73.4,58.0,8.5,90.0,4.6,1,1,1,3,1,1,1,2,8.6
0,3,6.6,0,82,71,1,2,0,20.0,28.0,4.4,83.0,4.2,0,1,0,0,0,0,0,9,2.7
0,0,8.1,0,89,80,1,3,0,62.2,57.2,8.5,90.0,4.4,1,1,3,2,1,1,1,0,7.4
0,0,6.5,0,55,66,2,1,1,28.1,22.0,2.3,72.0,4.4,0,1,0,0,0,0,1,2,2.0
1,3,7.4,2,55,64,0,1,0,25.2,17.2,2.6,71.0,3.7,0,0,0,0,0,0,0,8,3.2
0,0,6.7,0,77,83,1,1,0,20.0,7.5,2.7,78.0,3.7,0,1,0,0,0,0,1,2,2.0
0,2,7.6,1,62,60,1,1,0,37.2,36.4,0.7,67.0,3.8,0,0,0,0,0,0,1,5,5.6
0,2,6.5,0,58,70,1,1,0,20.0,19.3,0.6,65.0,4.1,0,0,0,0,0,0,1,8,3.6
1,3,8.1,0,80,84,2,3,2,62.2,47.5,7.8,85.0,4.6,1,1,2,2,1,1,0,8,6.4
1,8,7.4,0,58,68,1,3,2,36.7,19.4,4.9,69.0,3.8,0,1,0,1,0,0,1,9,4.6
1,10,7.7,0,77,70,2,1,2,42.7,14.4,1.5,64.0,3.7,0,1,0,0,0,0,2,8,4.3
1,0,6.8,0,84,61,1,1,0,20.0,18.6,3.6,67.0,4.3,1,0,0,0,0,0,2,2,3.5
0,8,7.7,1,82,63,1,0,1,43.2,39.3,2.3,74.5,4.3,1,1,0,0,0,0,1,2,6.7
0,6,8.1,1,75,82,2,3,3,70.8,64.2,7.7,90.0,4.7,1,1,3,3,1,1,2,2,8.0
1,6,7.6,0,85,82,2,1,2,53.4,39.6,6.1,82.6,4.3,0,1,0,0,0,0,2,0,6.0
0,7,8.4,0,80,87,2,3,3,73.5,61.7,6.9,90.0,4.7,1,1,2,0,1,1,1,7,7.2
1,8,6.5,1,55,70,0,1,0,20.0,6.9,3.3,78.5,4.0,0,0,0,0,0,0,1,8,3.2
1,7,8.2,0,75,88,0,3,1,61.5,58.7,6.3,90.0,4.8,1,0,2,2,1,1,0,2,7.6
1,4,8.2,0,78,71,1,2,1,59.2,57.3,5.5,90.0,4.8,1,1,4,1,1,0,1,1,6.4
0,9,8.2,0,77,81,1,3,2,67.1,68.1,8.1,88.6,4.8,1,1,1,1,0,0,1,8,10.0
0,4,6.6,2,66,70,0,2,0,20.0,0.0,2.2,68.0,3.8,0,0,0,0,0,0,1,0,2.0
0,8,8.7,0,76,86,1,2,2,69.4,57.2,6.5,90.0,4.8,1,1,3,1,1,1,2,6,8.2
0,2,8.4,0,80,64,1,3,0,63.8,50.1,7.2,82.0,4.5,1,1,3,2,1,1,1,3,8.0
1,3,8.3,0,60,86,2,2,2,61.7,57.7,6.7,85.0,3.9,1,1,2,3,1,1,1,9,9.2
1,6,8.3,0,78,66,2,2,1,63.0,55.8,8.3,78.3,3.8,1,1,1,2,1,1,2,1,7.6
0,8,6.7,1,69,65,1,1,1,20.0,21.5,1.9,69.0,4.5,1,1,0,1,0,1,1,8,3.5
1,0,7.6,0,80,68,2,3,0,59.9,49.4,5.2,88.0,4.4,0,1,3,2,1,1,1,0,7.2
0,3,6.5,0,70,87,0,1,1,20.0,22.9,3.4,64.0,4.5,1,1,0,0,0,1,2,4,3.7
1,4,7.8,0,79,88,2,3,2,68.0,52.7,7.1,90.0,4.6,1,1,3,2,1,1,1,1,7.4
1,0,7.5,0,56,67,1,1,1,42.5,42.4,3.3,77.0,4.6,0,0,0,0,0,0,0,3,5.0
1,0,6.8,0,82,64,1,1,0,27.9,29.4,3.3,82.0,3.9,0,0,0,0,0,0,1,2,4.8
1,0,8.4,0,80,88,2,3,2,54.7,44.4,8.2,90.0,4.7,1,1,3,2,1,1,1,9,7.4
1,9,7.3,1,58,57,1,1,1,42.4,31.7,4.1,71.2,4.7,0,0,0,0,0,0,2,8,4.8
1,0,7.5,1,55,65,0,2,1,38.7,26.4,5.3,62.0,4.5,0,0,0,0,0,0,0,0,5.6
1,5,8.1,0,85,62,1,1,0,51.4,43.3,2.6,72.0,4.0,0,0,0,0,0,1,2,8,7.3
1,4,8.2,0,55,70,1,1,0,52.8,43.6,2.4,69.0,4.5,0,1,0,0,0,0,0,5,7.5
1,2,7.3,0,55,67,1,1,1,32.3,36.8,3.1,68.0,3.3,0,1,0,0,0,0,2,7,5.7
1,2,7.6,0,62,72,1,1,2,27.5,40.3,3.7,73.0,3.6,0,1,0,0,0,0,0,1,6.1
1,6,8.2,0,78,82,2,0,2,49.6,39.6,4.1,83.6,4.7,1,1,3,2,1,1,2,4,7.3
1,4,8.5,0,80,85,0,3,2,71.4,49.3,5.5,90.0,4.3,1,1,4,1,1,1,0,1,8.0
1,10,8.1,0,73,81,2,2,2,46.3,44.5,2.5,90.0,4.8,1,1,0,0,0,0,2,8,7.2
1,11,7.4,0,56,62,2,1,0,26.1,24.0,0.5,71.2,4.7,0,1,0,0,0,0,2,7,4.2
1,3,8.0,0,74,71,0,3,2,45.0,39.0,7.6,90.0,4.8,1,1,2,2,1,1,1,8,5.5
0,4,8.2,0,85,85,2,1,2,57.8,40.8,3.7,71.0,4.2,1,1,0,0,0,1,0,1,7.2
0,5,6.5,0,55,65,1,1,1,20.0,23.9,2.5,68.0,4.1,0,0,0,0,0,0,1,8,2.3
1,2,8.1,0,72,82,2,3,2,64.6,40.5,7.4,82.0,4.2,1,1,0,0,0,0,1,8,6.8
0,3,7.5,0,55,68,1,2,1,41.3,46.9,4.7,67.0,3.8,0,1,0,0,0,1,1,8,6.5
0,3,6.5,0,83,88,0,3,2,20.0,23.2,7.5,84.0,3.9,1,1,2,2,1,0,1,8,3.6
1,0,7.7,0,74,61,1,1,1,35.0,29.2,3.0,77.0,4.1,1,1,0,0,0,0,2,0,5.0
0,3,7.3,0,76,81,1,2,2,38.2,20.3,4.2,84.0,4.4,1,1,2,2,1,1,2,5,5.1
1,10,7.1,1,57,84,1,3,0,35.2,33.9,5.9,87.9,4.6,1,1,0,0,0,0,1,4,4.5
1,2,7.6,0,78,88,2,3,0,59.4,53.7,6.3,90.0,4.8,1,1,4,1,1,1,0,7,6.4
0,11,8.0,0,67,83,1,1,1,31.6,19.2,0.9,85.2,4.8,1,1,0,0,0,0,0,0,4.1
1,0,6.8,0,77,64,1,2,2,29.9,32.3,2.6,83.0,4.5,1,1,3,2,1,0,2,6,4.0
1,4,7.4,1,55,73,1,2,1,42.5,33.3,4.4,70.0,3.8,0,1,0,0,0,0,2,4,4.5
1,0,7.5,0,55,68,1,3,1,52.3,50.0,5.1,73.0,4.0,0,1,0,0,0,0,1,1,5.9
0,0,8.3,0,71,62,1,2,0,56.0,40.3,4.7,65.0,4.1,1,1,2,2,1,1,0,0,5.8
0,2,6.9,0,55,67,1,1,1,22.5,36.4,1.9,90.0,3.9,0,0,0,0,0,1,1,6,3.8
1,1,6.7,1,55,71,1,1,0,21.4,20.9,3.3,66.0,4.3,1,0,0,0,0,0,1,8,2.4
0,0,8.6,0,72,85,0,3,1,66.9,54.5,7.9,87.0,4.6,1,1,0,0,0,1,2,7,9.1
0,0,7.8,0,59,72,1,3,1,52.8,40.9,6.9,75.0,4.4,1,1,0,0,0,1,1,3,7.1
1,9,7.0,1,58,66,2,2,0,20.7,20.5,2.2,64.9,4.1,0,0,1,1,0,0,0,8,3.9
0,3,7.6,0,75,85,1,3,0,57.4,34.3,8.0,90.0,4.8,1,1,2,2,1,1,1,8,6.6
1,7,8.6,0,75,80,2,1,2,65.7,52.9,4.8,71.8,3.8,1,1,3,1,1,1,0,5,7.9
0,0,7.7,0,66,83,1,3,1,57.1,36.3,7.9,78.0,3.9,1,0,0,0,0,1,1,4,6.9
0,7,8.2,0,74,80,0,3,2,62.0,58.7,5.4,75.9,4.0,1,1,0,0,0,1,1,8,8.4
1,2,8.5,0,66,85,2,3,3,77.3,56.3,6.7,76.0,4.7,0,1,2,2,1,1,0,8,8.9
1,3,8.4,0,75,84,0,2,3,51.0,41.2,3.7,90.0,4.3,1,1,3,2,1,0,1,2,6.1
1,10,8.3,1,77,81,0,3,1,61.7,52.9,8.2,89.7,4.3,1,1,3,1,1,1,2,8,7.5
1,6,6.5,0,63,84,2,2,0,37.4,49.1,5.7,86.0,4.8,0,1,0,0,0,1,2,2,3.5
0,0,8.0,0,74,88,1,2,1,50.1,45.2,5.1,80.0,4.3,1,1,0,0,0,0,1,0,7.3
0,11,8.4,0,77,79,2,3,2,73.7,53.4,7.9,83.8,4.7,1,1,1,3,1,1,1,8,8.3
1,2,8.5,0,81,84,0,3,2,58.6,28.9,7.3,77.0,4.8,1,1,3,2,1,1,2,8,6.9
1,2,7.4,0,55,84,2,3,1,53.6,36.7,4.2,78.0,4.7,0,1,0,0,0,0,2,0,6.5
0,4,8.6,0,72,84,2,2,2,72.8,41.8,6.6,84.0,4.0,1,1,0,0,0,1,2,5,8.2
0,9,6.5,0,82,62,1,0,1,21.4,23.9,2.5,75.0,4.7,1,0,0,0,0,0,0,5,2.5
0,5,8.3,0,85,85,2,3,2,73.0,58.2,6.7,90.0,4.4,1,1,1,3,1,0,1,9,7.0
0,2,7.9,0,80,67,1,1,1,47.4,46.7,3.1,76.0,3.8,1,1,2,2,1,1,0,4,5.9
1,7,8.1,0,80,84,2,3,3,71.4,67.3,8.9,84.6,4.0,1,1,0,1,0,0,2,0,8.7
1,2,7.0,0,57,82,0,3,1,37.4,34.0,5.4,67.0,3.6,1,1,0,0,0,0,1,6,3.9
1,11,8.5,1,79,79,2,2,0,87.8,58.2,7.2,88.7,4.8,1,1,3,1,1,1,0,8,8.8
1,0,7.8,2,85,66,0,2,1,35.5,31.3,2.2,66.0,3.6,0,1,0,0,0,0,2,1,4.8
1,4,8.4,0,79,83,2,3,1,77.2,56.8,7.4,83.0,4.6,1,1,2,2,1,1,2,0,7.6
0,0,7.9,0,90,86,2,3,1,60.4,40.7,5.2,89.0,4.8,1,1,1,3,1,1,1,1,6.9
1,5,8.0,0,75,83,2,3,2,68.0,65.8,9.0,90.0,4.8,1,1,2,2,1,1,1,8,7.4
0,5,6.5,0,63,65,1,1,0,20.0,36.5,2.2,61.0,3.6,0,1,0,0,0,0,1,8,3.0
1,4,8.2,0,83,88,2,3,0,71.8,53.9,6.3,87.0,4.7,1,1,3,2,1,1,0,5,7.8
1,6,8.3,1,83,87,2,2,3,74.3,65.0,7.0,90.0,4.8,1,1,3,2,1,1,2,0,8.0
1,0,8.6,0,84,82,2,3,2,85.4,61.5,6.7,90.0,4.5,1,1,2,2,1,1,1,5,9.1
0,3,6.9,0,79,68,0,1,0,20.0,23.3,1.5,70.0,3.9,0,1,2,3,1,0,2,2,2.3
1,0,7.7,0,57,67,1,2,0,52.2,53.8,5.0,80.0,4.0,0,1,0,0,0,1,2,2,6.6
1,11,7.8,0,89,85,1,3,0,68.8,54.9,6.0,89.5,4.8,1,1,2,2,1,1,2,8,6.5
1,8,7.1,0,61,66,1,1,2,20.0,15.5,3.4,68.8,3.7,1,0,0,0,0,0,2,9,2.4
1,0,7.5,1,61,68,1,2,0,44.9,32.5,5.3,80.0,3.9,0,1,0,0,0,1,0,4,7.3
1,0,6.5,0,57,66,0,1,0,20.0,20.2,2.8,69.0,4.4,0,0,0,0,0,1,1,8,3.3
1,0,8.6,0,55,67,1,2,1,72.4,62.9,5.7,67.0,4.0,1,1,0,0,0,1,1,9,10.2
1,9,7.3,1,75,85,0,1,2,23.1,23.1,3.5,85.4,4.7,1,1,1,3,1,1,1,8,2.5
1,5,6.5,1,65,71,0,2,1,20.0,20.6,3.0,60.0,3.1,0,0,0,0,0,0,1,8,2.1
0,8,6.8,1,57,62,0,1,0,20.0,9.0,1.6,74.7,4.7,0,1,0,1,0,0,1,9,2.9
0,5,7.7,1,69,76,1,2,2,48.3,32.4,7.5,78.0,4.2,1,1,2,3,1,1,0,7,5.5
1,0,7.7,0,61,65,0,1,1,37.8,29.3,2.8,85.0,4.4,0,1,1,3,1,0,1,0,3.7
1,6,7.5,0,81,67,1,2,0,29.5,27.1,2.0,69.6,4.1,0,1,0,0,0,0,1,3,4.0
1,2,7.9,1,68,88,1,0,3,30.7,29.8,1.0,90.0,4.8,1,1,0,0,0,0,1,4,5.4
0,0,7.6,0,77,83,2,3,2,57.7,57.5,5.6,90.0,4.4,1,1,3,2,1,0,1,4,6.3
1,10,8.1,0,83,64,0,2,2,50.7,28.7,6.0,75.9,4.4,1,0,1,0,0,0,1,7,5.4
0,1,7.8,0,80,84,1,3,2,54.8,31.8,7.8,90.0,4.8,1,1,0,0,0,1,2,0,5.5
1,0,7.6,0,57,70,1,1,2,29.6,36.3,2.0,67.0,3.8,0,1,2,2,1,0,1,5,4.4
1,2,8.2,0,78,66,2,3,1,66.1,43.3,6.1,85.0,4.6,0,1,4,1,1,1,1,4,8.5
1,5,8.4,0,63,60,1,1,1,48.8,43.5,2.7,73.0,4.5,0,0,0,0,0,0,1,0,7.1
1,0,8.5,0,72,83,1,3,2,73.6,52.3,6.6,90.0,4.4,1,1,0,0,0,1,1,5,9.1
1,7,8.3,0,78,66,0,3,0,62.5,53.2,7.5,78.8,3.8,1,1,1,3,1,1,0,5,7.5
0,5,6.5,0,59,70,0,1,2,20.0,26.6,0.0,63.0,3.9,0,0,0,0,0,0,1,8,2.2
1,1,7.1,0,78,70,1,1,0,22.1,32.1,2.0,74.0,4.7,1,0,0,0,0,0,0,7,3.8
0,1,7.3,0,55,85,0,1,0,25.0,7.1,2.2,82.0,3.8,0,1,0,0,0,0,2,8,4.3
1,8,8.2,0,75,68,0,3,2,60.4,54.6,8.0,83.4,4.7,1,1,2,1,1,1,2,7,6.6
1,7,7.9,0,83,85,2,3,3,55.0,38.7,6.1,90.0,4.3,1,1,2,1,1,1,1,8,5.8
0,3,6.5,2,80,71,2,2,2,28.2,31.7,4.7,79.0,4.4,0,0,2,2,1,0,2,8,2.6
1,6,8.4,0,72,60,1,3,2,68.8,61.6,7.0,69.8,3.6,1,1,3,3,1,0,1,2,7.8
1,6,8.2,1,79,86,2,3,2,68.0,62.9,7.4,90.0,4.8,1,1,2,3,1,1,0,1,7.3
1,11,6.5,2,55,60,1,2,0,21.6,33.8,2.0,81.4,3.9,0,1,0,0,0,0,2,8,3.3
1,10,7.5,0,79,71,2,2,0,38.8,41.0,2.8,75.0,3.9,0,1,1,0,0,1,2,8,5.9
1,6,8.3,0,79,84,1,3,2,68.9,57.6,7.8,90.0,4.8,1,1,4,1,1,1,0,0,8.8
1,0,7.7,0,79,64,2,2,0,44.6,31.2,4.7,86.0,4.0,1,1,0,0,0,0,0,8,5.8
1,4,7.5,0,82,86,1,2,1,41.7,25.8,6.4,90.0,3.8,1,1,3,2,1,0,1,2,4.0
0,11,8.1,1,82,82,2,3,1,58.7,46.9,7.1,90.0,4.7,1,1,4,2,1,0,1,2,6.7
1,2,7.1,1,61,76,0,2,2,33.3,27.8,5.8,89.0,4.2,1,1,3,1,1,1,1,4,4.0
1,4,7.2,0,67,67,1,1,1,28.8,24.8,2.2,66.0,3.8,1,0,0,0,0,0,1,2,3.5
0,2,8.3,0,76,65,1,3,2,69.5,66.8,7.8,76.0,4.5,1,1,2,2,1,1,2,1,7.7
1,0,8.6,0,85,83,0,3,2,68.2,59.3,7.2,88.0,4.8,1,1,2,2,1,1,0,5,7.8
1,2,7.6,0,78,66,1,1,1,28.3,29.0,2.0,72.0,4.6,0,1,0,0,0,0,1,1,3.4
1,0,8.5,0,84,86,1,3,2,74.5,52.6,6.1,88.0,4.6,1,1,3,1,1,1,2,5,9.4
0,1,6.5,0,78,81,1,3,2,26.2,35.6,7.6,77.0,4.2,1,1,0,0,0,0,1,0,3.4
0,5,7.5,0,78,81,1,2,1,37.3,36.9,4.6,72.0,4.5,1,1,0,0,0,0,1,8,3.5
1,8,6.5,0,79,69,0,2,2,20.0,19.7,4.4,81.3,4.6,1,1,3,2,1,0,0,8,2.0
1,9,8.2,0,74,66,1,3,1,68.9,58.2,6.7,77.2,4.0,1,1,0,0,0,1,0,3,8.4
0,4,8.5,0,78,77,2,2,2,74.7,65.6,3.6,90.0,4.8,1,1,1,3,1,1,1,0,8.2
1,2,7.6,0,57,64,1,2,0,43.6,23.9,2.4,72.0,4.4,0,1,0,0,0,0,1,3,5.8
1,0,7.1,0,76,64,1,2,1,35.1,35.3,1.9,68.0,4.2,0,0,0,0,0,0,2,0,4.9
0,6,7.2,1,56,67,0,1,0,41.7,34.1,3.8,71.7,4.0,0,0,0,0,0,0,1,2,6.9
1,2,8.4,1,69,83,2,3,2,65.3,52.7,8.5,90.0,4.8,1,1,4,1,1,1,2,0,8.4
1,4,7.6,0,64,62,1,1,0,43.7,38.1,2.8,69.0,3.9,0,1,0,0,0,1,2,9,6.1
1,4,7.6,0,62,69,1,1,0,23.0,22.5,3.4,79.0,4.0,0,1,0,0,0,0,0,5,4.9
1,5,7.9,0,77,73,0,1,0,36.1,21.0,1.9,78.0,4.4,1,1,0,0,0,0,0,0,5.2
1,4,8.1,0,76,66,1,3,0,60.4,54.0,5.8,88.0,4.0,1,1,2,3,1,1,2,0,6.4
0,1,7.7,0,78,72,1,1,0,40.4,35.9,3.7,70.0,4.3,0,1,0,0,0,0,1,9,6.1
1,2,6.8,0,55,63,1,1,0,20.4,14.5,1.1,79.0,4.3,0,0,0,0,0,0,1,6,2.1
1,9,7.3,0,55,75,1,0,1,26.8,28.6,2.0,84.0,4.5,0,1,0,0,0,0,0,8,4.1
0,1,7.8,0,60,72,1,1,0,34.9,32.6,4.3,76.0,4.6,1,1,0,0,0,0,1,8,3.8
1,8,7.6,0,58,65,0,0,3,39.9,28.7,1.4,69.4,4.0,0,1,0,1,0,0,1,8,6.3
1,11,8.1,1,70,88,2,3,0,67.8,60.2,8.2,83.7,4.8,1,1,1,3,1,1,0,4,8.1
1,4,8.3,0,78,71,1,3,1,54.9,35.6,7.2,66.0,4.3,0,0,0,0,0,1,1,2,6.0
1,7,8.1,0,86,72,0,2,2,63.8,54.2,5.5,71.9,3.9,1,1,2,2,1,0,2,7,6.8
1,7,7.1,2,74,82,1,2,3,34.9,30.6,2.7,77.9,4.4,1,1,0,0,0,0,0,2,5.4
1,0,8.5,0,73,88,2,3,0,80.9,67.3,7.8,90.0,4.8,1,1,4,1,1,1,2,4,8.4
1,2,8.5,0,79,73,0,1,2,57.4,51.1,2.8,83.0,4.2,1,0,2,3,1,0,1,1,6.9
0,6,8.4,0,66,71,2,3,3,86.3,73.0,6.4,90.0,4.8,1,0,0,1,0,1,1,6,10.7
1,5,7.6,0,62,71,1,1,1,30.2,30.9,3.1,71.0,3.8,0,0,0,0,0,1,1,8,4.5
0,6,8.2,0,76,78,0,3,1,61.0,58.5,5.5,79.9,4.3,0,0,0,0,0,1,0,1,8.1
0,3,7.7,0,65,63,1,1,1,35.8,25.2,1.5,73.0,4.3,0,0,0,0,0,1,1,1,6.0
1,0,7.6,0,57,83,0,2,0,36.8,44.9,4.7,80.0,4.0,1,1,0,0,0,0,2,4,4.7
1,4,7.6,0,55,71,0,1,1,25.4,19.3,0.7,69.0,4.5,0,0,3,2,1,0,0,0,3.6
0,0,7.8,2,87,87,2,3,0,55.0,42.5,8.0,79.0,4.3,1,0,0,0,0,1,2,5,5.3
1,1,6.5,2,82,68,1,3,0,27.6,25.8,8.5,80.0,4.3,1,1,0,0,0,1,0,8,4.9
1,0,7.9,0,79,79,2,3,2,72.8,65.4,5.7,88.0,4.6,1,0,2,3,1,1,1,4,8.1
0,0,7.8,0,61,65,0,1,1,36.0,25.6,2.7,63.0,4.5,0,0,0,0,0,0,1,2,5.9
1,9,7.5,0,55,73,1,1,0,28.8,35.7,0.8,60.1,3.3,0,1,1,0,0,0,2,5,3.7
1,7,6.6,0,55,68,1,1,1,22.1,24.5,0.2,88.4,4.4,0,1,0,0,0,0,0,1,4.2
1,4,7.5,0,61,79,1,1,1,29.8,28.5,1.6,65.0,4.4,0,0,0,0,0,1,0,4,5.0
1,3,8.0,0,73,69,1,1,1,42.5,31.9,3.3,77.0,3.7,1,1,0,0,0,0,1,0,6.5
1,4,8.1,0,57,65,2,2,1,56.6,58.4,4.0,86.0,4.4,1,1,3,2,1,1,1,5,7.3
0,5,7.6,1,79,86,1,2,3,48.4,27.0,3.5,74.0,3.7,1,1,3,2,1,0,1,8,3.8
0,0,8.3,0,81,67,0,3,1,67.3,40.6,6.3,76.0,4.5,1,0,0,0,0,0,2,3,9.5
0,0,7.8,1,77,82,2,3,0,63.8,51.9,5.7,89.0,4.5,1,1,3,2,1,1,0,9,7.4
1,2,8.1,0,73,86,1,3,2,56.3,47.6,8.6,90.0,4.3,1,1,3,1,1,1,2,0,5.4
1,6,7.5,0,56,78,2,0,0,39.7,20.5,1.0,67.2,3.9,0,1,0,0,0,0,0,9,3.7
1,1,7.5,0,55,70,1,2,1,47.7,46.5,3.0,77.0,3.7,0,1,0,0,0,0,2,8,6.4
1,3,8.2,0,69,82,1,2,1,50.9,40.9,4.0,70.0,4.4,1,1,1,3,1,0,2,6,6.6
0,6,7.7,1,73,80,0,1,0,44.3,32.7,4.8,78.9,4.3,1,1,4,1,1,1,1,2,5.4
1,5,6.5,0,56,70,2,1,1,22.6,9.8,3.1,72.0,3.7,1,0,0,0,0,0,2,7,2.9
1,5,6.6,0,58,66,1,2,0,27.1,31.5,6.4,73.0,4.3,1,0,0,0,0,0,2,0,2.7
1,0,6.6,1,62,67,1,1,0,20.0,28.6,2.6,63.0,3.3,0,0,0,0,0,0,0,1,3.7
0,5,6.5,0,86,67,1,1,1,20.0,20.8,2.7,78.0,3.6,0,1,0,0,0,0,0,8,3.6
1,3,8.3,0,83,82,0,1,2,41.6,24.2,3.4,84.0,4.8,1,1,2,2,1,0,0,6,5.5
0,4,8.6,0,84,85,2,3,2,70.9,52.9,7.2,90.0,4.8,1,1,0,0,0,1,1,0,9.3
0,6,8.0,0,78,85,1,2,0,86.4,74.7,6.6,90.0,4.3,1,1,4,2,1,1,1,5,9.1
0,4,8.5,0,64,83,1,3,2,61.7,41.9,6.7,86.0,4.6,1,1,4,1,1,1,1,8,8.6
1,2,7.7,0,61,71,1,1,1,50.0,46.1,2.9,75.0,4.2,1,1,2,3,1,1,2,8,4.1
0,4,7.3,1,55,84,1,2,1,42.9,28.3,3.8,61.0,4.5,0,1,0,0,0,0,1,2,4.8
1,7,7.8,0,77,67,1,3,1,46.4,39.1,6.1,80.8,4.8,1,1,1,1,0,0,0,7,6.6
0,7,8.6,0,84,85,1,3,1,78.4,50.1,6.3,90.0,4.8,1,1,4,0,1,1,1,0,9.8
0,11,6.9,0,63,65,0,1,0,22.0,5.4,2.2,62.7,3.7,1,0,0,0,0,0,2,2,3.3
0,4,8.7,0,74,81,2,3,2,70.6,54.4,6.2,90.0,4.8,1,1,4,1,1,1,1,1,9.1
1,11,7.6,0,82,81,0,3,0,51.0,43.2,8.7,88.1,4.6,1,0,1,2,1,1,1,7,6.6
1,0,8.1,0,67,87,1,2,0,50.4,33.7,2.9,68.0,4.7,0,1,2,2,1,0,0,5,5.9
1,4,8.2,0,70,73,1,3,0,65.9,60.6,7.3,82.0,4.8,1,1,2,2,1,1,2,0,9.4
1,0,7.6,1,57,64,1,2,0,51.4,41.4,5.9,76.0,4.2,0,1,0,0,0,1,0,4,6.2
1,0,8.0,0,71,85,1,3,1,52.6,42.7,7.1,77.0,4.5,1,1,0,0,0,0,1,2,6.6
1,5,8.5,0,71,78,2,2,0,70.6,72.0,5.9,85.0,4.5,1,1,2,2,1,1,0,1,7.1
1,3,6.8,0,58,61,1,1,0,23.0,17.0,3.4,83.0,3.9,0,0,0,0,0,0,0,7,3.2
1,0,6.6,0,64,63,0,1,1,20.0,34.0,2.3,60.0,3.9,0,0,0,0,0,0,2,2,4.5
1,1,6.9,1,55,66,1,2,1,20.0,23.8,5.1,70.0,4.4,1,1,0,0,0,0,1,3,2.1
1,2,6.5,0,55,64,0,1,1,20.0,24.4,3.7,74.0,4.1,0,0,0,0,0,0,1,7,3.5
0,4,8.5,0,55,86,0,3,0,69.1,59.4,8.7,90.0,4.8,1,1,4,1,1,1,1,0,9.5
1,6,6.9,1,64,64,1,3,1,57.3,57.9,6.5,70.3,3.7,0,0,0,0,0,0,2,9,5.8
1,3,7.4,0,63,63,0,1,0,23.4,29.3,1.6,80.0,4.3,1,1,0,0,0,0,1,8,5.4
1,2,8.5,0,81,81,0,3,2,53.7,56.1,7.4,90.0,4.7,1,1,3,1,1,1,2,8,7.8
1,5,8.3,0,87,87,2,3,2,66.7,40.0,6.5,90.0,4.7,1,0,3,2,1,1,0,5,7.7
1,0,8.4,0,72,61,1,3,2,66.1,59.2,6.7,68.0,3.6,1,1,3,2,1,1,1,4,7.8
0,11,7.6,0,55,69,0,2,0,36.7,36.2,4.2,69.7,3.9,0,0,0,0,0,0,1,5,6.0
1,7,8.7,1,72,83,0,3,3,61.2,52.5,7.6,90.0,4.8,1,1,2,0,1,1,2,6,7.8
0,5,8.0,0,77,82,2,3,2,66.8,55.3,6.3,85.0,4.8,1,0,3,2,1,1,2,8,7.6
1,0,8.1,0,71,68,1,3,0,52.5,44.6,4.8,75.0,4.5,0,1,3,2,1,1,1,5,6.7
0,0,7.7,1,55,63,0,1,1,24.4,13.3,1.1,64.0,3.9,0,1,0,0,0,0,0,0,4.3
0,4,7.4,0,60,83,1,1,0,31.5,23.2,2.3,69.0,4.3,1,1,1,3,1,0,0,7,5.6
1,8,7.4,0,55,66,0,3,0,34.0,33.6,3.6,81.2,4.4,1,0,1,1,0,0,0,8,4.5
1,9,8.3,0,84,86,0,3,3,63.7,45.9,7.2,89.7,4.8,1,1,4,2,1,1,2,8,7.1
1,3,7.5,0,61,66,0,1,0,28.0,24.6,1.2,66.0,3.7,0,1,0,0,0,0,1,8,3.6
0,0,8.3,0,81,62,1,2,2,53.7,52.8,5.5,89.0,4.8,1,1,1,3,1,0,0,8,7.6
1,1,7.5,0,55,69,1,1,1,29.0,25.6,1.6,78.0,4.4,0,1,0,0,0,0,1,8,4.2
0,0,6.5,0,75,74,0,3,0,27.8,24.6,8.1,73.0,4.6,1,1,3,2,1,1,0,5,2.1
0,9,7.6,1,66,68,2,1,0,44.9,40.8,3.5,73.6,4.1,0,1,0,0,0,1,2,8,5.2
1,9,7.8,0,55,69,0,2,2,46.5,37.4,6.0,76.3,3.8,0,1,1,0,0,1,1,8,5.5
0,0,6.5,0,75,71,2,1,1,20.0,31.9,0.8,82.0,4.8,0,1,0,0,0,0,2,2,4.7
1,9,8.4,0,79,83,1,2,1,70.4,48.7,6.7,83.9,4.2,1,1,1,0,0,0,1,3,8.5
0,7,7.8,0,70,87,1,3,0,53.9,46.1,6.0,84.2,4.2,0,1,0,1,0,0,1,2,7.7
1,1,7.5,2,60,64,1,1,0,33.6,38.8,3.0,81.0,3.8,1,1,0,0,0,0,1,5,7.0
1,6,7.4,1,67,88,2,1,0,49.8,41.9,3.5,83.4,4.4,1,1,1,3,1,1,2,1,5.5
1,9,8.0,0,64,86,0,1,2,40.0,28.1,3.5,76.1,4.4,1,1,1,0,0,0,1,8,6.0
0,2,6.9,0,55,66,0,1,0,21.4,12.0,2.8,69.0,3.4,0,0,0,0,0,0,0,9,2.5
0,3,6.6,0,64,76,1,1,0,24.6,24.6,2.5,74.0,3.8,0,1,1,3,1,1,2,8,2.9
1,2,7.5,1,72,86,2,3,0,54.7,38.6,7.5,88.0,4.6,1,1,0,0,0,1,1,7,6.3
1,0,7.8,0,68,87,2,3,2,63.1,46.8,7.7,90.0,4.8,1,1,2,3,1,1,1,0,5.8
1,4,8.3,0,73,85,2,2,2,66.1,59.8,5.1,90.0,4.7,0,1,0,0,0,0,1,3,9.1
1,7,7.5,0,72,66,2,3,0,51.6,27.8,5.8,73.7,4.7,0,0,1,0,0,1,1,7,6.1
0,11,6.6,1,76,70,1,3,0,33.5,30.3,6.6,74.4,4.5,1,1,0,0,0,0,1,1,4.7
0,10,7.2,2,56,64,1,0,2,22.5,15.7,1.5,66.4,4.2,0,0,1,0,0,0,1,1,2.8
1,7,7.7,0,82,76,1,3,1,45.8,38.9,3.2,85.8,4.8,0,1,1,3,1,0,0,4,5.6
0,0,7.4,2,55,66,1,1,1,26.6,37.8,3.5,71.0,4.1,0,1,0,0,0,0,1,0,5.1
1,7,7.8,1,56,64,1,2,0,43.0,39.2,0.5,71.8,4.1,0,0,0,0,0,0,0,4,5.2
1,9,7.6,0,56,71,0,3,0,45.6,46.9,3.1,76.3,3.7,0,1,1,0,0,0,2,7,5.4
1,0,8.3,0,78,88,2,3,2,75.0,58.1,6.4,89.0,3.9,1,1,0,0,0,1,1,0,7.9
1,0,8.2,0,72,82,1,3,1,60.5,42.2,5.3,80.0,4.8,1,1,1,3,1,1,2,0,7.0
0,4,8.7,0,85,68,0,1,3,59.1,44.6,2.9,72.0,4.8,1,1,1,3,1,0,2,6,6.8
1,4,7.6,0,71,67,2,3,3,65.4,59.2,7.2,82.0,4.5,1,1,2,2,1,1,2,1,7.0
1,5,7.6,0,55,62,1,1,0,34.3,19.8,2.9,72.0,3.9,0,0,0,0,0,0,2,8,5.2
1,2,7.3,0,55,67,1,1,1,31.1,36.9,2.3,80.0,4.7,0,0,0,0,0,0,0,8,5.7
0,5,6.5,0,55,63,1,2,0,20.0,26.4,4.4,60.0,4.7,0,1,0,0,0,0,1,8,2.1
1,3,8.3,0,80,85,1,3,2,66.7,56.2,6.6,90.0,4.7,1,1,2,2,1,1,0,0,7.8
1,11,8.4,0,86,85,2,3,3,72.6,58.3,6.5,90.0,4.8,1,1,3,1,1,1,0,7,7.8
1,0,7.8,0,85,83,2,3,0,59.1,40.3,6.4,83.0,4.4,1,0,0,0,0,0,1,0,7.7
0,9,8.2,0,55,83,2,2,1,58.5,48.6,4.8,85.8,4.5,1,1,1,3,1,0,2,2,6.5
1,0,8.7,0,69,86,1,3,2,72.5,56.2,8.2,89.0,4.6,1,1,2,2,1,1,2,9,7.7
1,5,8.3,0,56,65,1,1,1,46.7,32.4,1.3,75.0,4.8,0,0,0,0,0,0,0,8,6.8
1,6,6.8,1,64,68,2,2,0,24.7,23.3,2.9,73.8,4.5,0,0,0,0,0,0,2,2,3.6
1,3,7.2,0,65,70,1,1,1,28.5,27.4,2.7,69.0,3.7,0,0,0,0,0,1,0,6,5.9
0,8,8.6,0,69,84,1,3,0,60.7,46.8,5.6,84.6,4.6,1,1,3,1,1,1,0,9,7.3
1,4,7.6,0,81,65,2,2,0,50.7,56.6,3.4,89.0,3.8,1,0,0,0,0,0,0,1,7.0
0,0,7.9,0,82,81,2,3,2,62.3,48.8,7.0,90.0,4.6,1,1,1,3,1,1,1,4,6.6
0,5,6.7,0,63,61,0,1,0,20.0,19.0,1.8,75.0,4.6,0,1,0,0,0,0,1,8,3.5
1,5,8.7,0,76,73,2,1,3,55.2,53.7,2.7,82.0,4.5,1,1,2,3,1,0,1,8,7.3
1,4,7.5,0,81,70,1,2,2,32.3,12.8,5.8,87.0,3.9,1,1,0,0,0,1,0,2,4.7
0,5,7.1,0,70,83,2,3,2,46.6,37.5,6.4,90.0,4.7,1,1,1,3,1,0,1,8,4.2
1,4,7.5,0,61,82,1,2,1,36.2,33.9,6.0,90.0,4.8,1,1,2,2,1,0,2,3,3.8
1,2,8.1,0,79,87,2,3,2,63.2,51.8,7.3,82.0,4.5,1,1,0,0,0,1,0,1,6.9
0,8,7.1,0,68,74,0,3,1,25.7,15.1,4.6,72.1,4.6,1,1,2,2,1,0,2,8,3.2
0,0,8.4,0,72,83,1,2,2,54.0,50.3,5.3,83.0,4.2,1,1,4,1,1,0,1,6,6.3
0,3,7.6,1,61,63,1,1,0,34.2,40.4,1.3,70.0,4.1,0,0,0,0,0,0,1,9,6.9
1,2,7.6,2,75,66,2,1,2,46.9,37.8,1.4,77.0,4.2,0,0,0,0,0,0,0,8,5.3
1,0,7.9,0,73,84,1,2,0,47.6,44.9,5.9,84.0,4.6,1,0,2,3,1,0,2,4,5.6
0,4,7.6,0,61,67,1,2,1,40.2,38.2,3.4,67.0,4.6,0,1,0,0,0,1,1,0,5.6
0,4,6.5,0,65,65,1,1,0,22.9,27.9,0.7,86.0,4.2,1,1,0,0,0,0,1,0,4.3
0,5,6.8,1,57,65,1,2,0,22.7,25.6,3.8,67.0,4.1,0,1,0,0,0,0,2,3,2.7
0,2,7.5,0,81,88,1,3,2,51.0,56.7,6.2,82.0,4.8,1,0,2,3,1,0,2,7,6.4
0,8,7.3,1,55,85,0,2,0,20.5,1.3,2.4,82.5,3.8,0,1,0,0,0,0,2,1,2.2
1,4,7.8,0,90,79,2,2,2,60.0,54.8,5.5,80.0,4.6,1,1,3,1,1,1,2,9,5.7
1,4,7.5,0,56,66,0,2,1,37.4,39.3,5.7,81.0,4.1,1,0,0,0,0,0,0,5,5.3
1,3,7.3,0,55,71,0,1,1,29.1,17.1,1.0,70.0,3.9,0,0,0,0,0,0,2,7,3.4
0,7,7.4,0,55,73,2,2,0,50.1,39.6,5.5,79.0,4.6,0,1,0,0,0,1,1,7,6.8
0,2,7.4,1,55,63,1,1,1,35.5,33.1,1.6,67.0,3.1,0,1,0,0,0,0,2,8,4.1
1,10,6.6,0,55,68,1,3,2,26.4,4.3,6.5,72.6,4.3,1,1,2,3,1,1,1,8,2.0
1,7,7.6,0,57,69,1,3,2,50.6,32.3,6.6,80.1,4.6,1,1,0,3,1,1,0,0,3.0
1,6,8.6,1,72,79,0,3,2,73.6,47.8,6.1,90.0,4.8,1,1,3,2,1,1,1,2,8.6
1,4,9.0,0,83,88,2,3,2,83.4,81.9,8.9,90.0,4.8,1,1,3,1,1,1,2,0,10.2
1,4,7.8,0,82,83,1,1,1,30.5,22.0,1.9,85.0,4.8,1,1,3,2,1,0,1,5,4.8
1,3,8.1,0,66,73,1,3,1,61.9,46.0,6.0,78.0,4.1,1,1,0,0,0,1,2,4,7.5
1,10,8.6,0,81,79,2,2,2,67.9,66.9,6.2,89.6,4.8,1,1,1,2,1,1,0,8,9.3
1,0,6.5,2,69,71,1,3,1,22.2,27.2,5.7,70.0,4.2,1,1,0,0,0,0,0,4,2.1
0,9,6.5,0,62,67,1,2,2,20.6,22.5,2.4,79.7,4.1,0,0,1,3,1,1,1,8,2.0
1,9,6.5,2,55,69,2,1,0,23.2,40.9,0.0,72.9,4.0,0,0,0,0,0,0,1,2,2.8
1,3,7.8,0,55,67,1,1,1,40.7,41.2,3.8,63.0,4.1,0,1,0,0,0,0,1,9,6.0
0,11,6.8,2,56,69,1,2,0,25.7,10.6,5.4,69.8,4.2,1,0,0,0,0,1,2,4,3.6
1,10,7.6,0,82,87,0,3,2,38.6,29.8,8.0,90.0,4.7,1,1,2,3,1,1,1,0,4.3
1,2,6.5,0,68,81,1,1,1,20.0,22.4,1.3,84.0,4.0,1,1,1,3,1,0,1,0,2.0
1,2,7.8,0,55,64,1,3,1,52.6,62.3,6.2,77.0,3.6,0,1,0,0,0,0,1,8,7.6
1,10,7.9,1,83,81,2,2,2,61.2,57.4,6.8,89.6,4.5,1,1,2,3,1,1,2,8,7.1
1,8,8.1,0,78,83,0,2,0,62.8,41.1,7.2,87.7,4.5,1,1,3,2,1,1,1,2,6.8
1,5,6.8,0,55,58,1,1,1,26.4,22.5,0.0,77.0,3.3,0,1,0,0,0,0,2,8,3.3
1,0,7.4,1,86,83,1,2,0,35.6,27.5,7.0,79.0,4.7,1,1,0,0,0,0,1,7,4.1
0,2,6.7,0,65,80,1,2,2,20.0,39.2,4.7,83.0,4.8,1,0,2,2,1,0,2,5,3.5
0,3,6.5,1,61,60,2,1,1,20.5,25.6,1.7,64.0,3.8,0,0,0,0,0,0,0,6,2.8
1,9,7.7,0,55,65,2,1,0,32.5,25.5,1.0,79.2,4.0,0,1,0,0,0,0,2,8,6.6
1,6,7.7,0,71,70,1,3,1,47.2,34.6,6.4,66.1,4.4,1,1,0,0,0,1,2,1,5.1
0,1,8.3,0,79,86,2,3,2,64.4,57.5,6.8,89.0,4.6,0,1,0,0,0,1,2,8,7.8
1,2,8.1,0,79,84,1,3,0,58.2,51.1,7.4,80.0,4.7,1,1,2,2,1,1,0,8,6.7
0,8,7.2,0,68,64,2,3,1,25.6,10.1,4.0,69.2,3.0,0,1,0,1,0,0,2,8,3.4
1,6,7.6,0,55,62,1,2,0,42.1,20.8,6.9,72.0,4.1,1,0,0,0,0,0,0,6,4.8
1,6,7.4,2,56,71,2,1,2,40.9,38.4,5.2,78.7,4.1,0,0,4,2,1,1,1,0,4.9
1,6,7.5,0,79,88,2,1,1,35.9,34.8,3.5,78.7,4.5,1,1,1,2,1,0,2,8,3.7
1,3,8.7,0,75,68,1,2,2,70.8,59.2,6.7,77.0,4.5,1,1,2,2,1,1,1,7,8.6
0,6,7.4,0,71,75,1,1,1,32.8,30.1,1.2,72.0,4.3,0,1,1,0,0,1,1,6,5.0
1,0,7.7,0,78,72,2,2,0,49.8,49.0,7.3,75.0,4.5,1,1,0,0,0,0,1,1,5.6
1,7,7.5,0,58,70,1,1,0,22.8,18.3,0.0,85.3,4.1,0,1,1,0,0,0,1,6,3.4
1,3,7.3,2,55,70,1,1,0,33.1,34.7,2.5,78.0,3.7,0,0,0,0,0,0,1,4,3.9
1,10,6.9,1,62,66,1,3,1,28.2,25.0,3.7,82.1,3.9,1,1,2,2,1,0,1,7,3.9
1,3,7.6,0,64,67,1,3,0,47.0,49.9,6.5,71.0,4.7,1,0,0,0,0,1,1,8,6.7
0,0,7.9,0,78,84,2,3,2,62.3,43.3,7.1,90.0,4.5,1,0,0,0,0,1,1,5,7.8
1,4,7.9,0,73,66,2,1,2,47.8,43.5,3.1,88.0,3.6,0,0,0,0,0,0,0,2,6.3
1,7,7.5,0,80,64,1,3,2,48.0,55.9,4.5,77.9,4.5,1,1,2,3,1,1,1,9,7.3
1,5,7.5,0,64,66,1,1,0,25.1,35.5,2.8,75.0,4.0,0,1,0,0,0,0,2,8,4.2
1,9,8.2,0,66,84,1,3,3,65.9,50.4,7.2,89.4,4.7,1,1,3,2,1,1,1,7,7.7
1,5,7.3,0,55,66,1,1,1,30.3,37.2,0.5,85.0,4.8,0,1,3,2,1,0,0,0,4.5
1,5,6.5,0,59,82,1,1,0,20.0,12.3,1.6,75.0,3.9,0,0,0,0,0,0,2,8,3.4
1,4,8.1,0,84,87,2,3,2,68.5,73.4,6.9,90.0,4.8,1,1,3,2,1,1,2,6,9.1
0,0,8.4,1,56,80,2,3,1,75.8,67.5,6.9,76.0,4.8,1,1,0,0,0,1,1,7,10.2
1,0,7.6,0,55,69,1,1,3,41.5,31.2,2.5,65.0,4.0,1,1,0,0,0,0,2,9,5.5
1,2,8.2,0,80,66,0,1,0,39.6,22.7,2.3,69.0,4.8,0,1,0,0,0,0,2,9,7.4
1,2,6.9,2,66,62,0,1,1,20.0,28.6,2.0,74.0,4.8,0,1,0,0,0,0,1,8,4.3
1,0,6.8,0,58,75,1,1,0,22.7,27.5,3.4,82.0,4.6,0,1,3,1,1,0,1,2,2.7
1,1,6.9,0,62,61,0,2,1,20.0,17.0,5.0,69.0,4.0,0,1,0,0,0,0,1,2,2.5
0,8,6.5,2,55,67,0,1,1,20.0,26.5,1.9,80.7,4.0,0,1,0,0,0,0,2,0,3.7
1,0,7.6,0,62,70,1,2,0,43.8,30.2,3.6,86.0,4.0,1,1,0,0,0,0,1,7,5.9
0,3,8.6,0,72,83,1,3,2,63.8,55.3,4.8,88.0,4.6,0,1,3,2,1,1,0,4,7.6
1,2,8.3,0,55,88,0,3,1,54.0,45.2,5.5,84.0,4.8,1,1,1,3,1,0,2,4,5.5
1,0,8.2,0,60,69,1,1,1,47.0,49.1,1.9,78.0,3.6,0,1,0,0,0,1,2,3,6.7
1,7,8.2,1,79,65,2,3,2,64.6,41.0,5.6,82.3,4.1,1,1,4,0,1,1,1,6,8.0
1,10,8.4,0,73,88,1,1,2,46.1,38.4,1.2,89.6,4.7,1,1,2,2,1,0,2,8,6.8
1,4,6.8,0,55,63,1,2,1,32.7,36.8,6.4,78.0,4.4,0,0,0,0,0,0,2,9,3.7
1,11,6.7,1,60,59,1,3,0,31.1,30.0,4.8,73.4,4.5,0,1,0,0,0,0,2,6,2.7
1,9,7.5,1,56,70,0,2,1,47.7,45.0,2.9,76.2,3.7,0,1,0,0,0,0,2,8,6.9
1,0,7.6,0,76,86,1,1,2,29.7,31.3,2.7,89.0,4.8,0,1,0,0,0,0,0,1,6.3
0,1,6.9,0,55,71,1,2,0,22.5,33.3,3.3,70.0,4.3,0,0,2,3,1,0,2,8,2.8
1,2,7.5,0,58,69,1,1,0,31.2,25.6,1.0,65.0,3.9,0,1,0,0,0,0,1,5,5.0
0,0,7.7,0,82,73,1,3,3,50.9,45.8,7.1,90.0,4.8,1,1,0,0,0,0,2,1,7.4
0,9,6.5,0,79,63,2,1,0,20.9,23.2,2.5,73.4,4.5,0,1,0,1,0,0,2,8,3.7
1,4,8.1,0,73,83,1,3,2,56.2,35.8,5.7,90.0,4.8,1,1,1,3,1,0,2,0,6.6
1,0,8.2,0,70,82,1,2,2,54.6,34.5,5.6,78.0,4.1,1,1,0,0,0,1,2,2,5.6
0,9,8.0,1,56,87,0,2,1,39.6,52.0,6.4,75.4,4.6,1,1,2,2,1,1,2,2,6.4
1,5,6.7,0,83,74,1,1,0,20.0,19.2,1.1,80.0,4.5,0,1,0,0,0,0,1,5,3.6
0,2,8.1,0,76,68,1,3,2,56.0,38.0,6.2,75.0,4.7,1,1,0,0,0,1,1,8,5.7
0,3,6.7,1,87,71,1,3,2,32.0,26.9,7.3,71.0,3.7,1,1,0,0,0,1,0,8,3.4
0,8,7.5,0,62,64,0,2,0,31.4,43.2,3.7,77.6,4.5,0,1,0,0,0,0,2,8,5.9
1,3,7.4,0,55,70,1,1,0,28.1,18.9,2.8,66.0,4.4,0,0,0,0,0,1,1,8,5.2
1,11,8.5,0,80,80,1,3,0,73.8,64.6,6.8,85.0,4.8,1,1,2,3,1,1,1,3,8.1
1,2,7.8,0,72,69,0,3,0,41.1,23.3,7.9,90.0,4.7,1,1,2,2,1,1,1,7,5.1
1,6,7.3,0,82,86,0,2,3,46.9,36.3,5.7,87.6,4.4,1,1,0,1,0,1,1,4,5.6
1,2,7.6,0,57,62,1,2,0,44.3,22.4,4.7,75.0,3.9,1,1,0,0,0,0,1,5,5.0
1,6,7.6,0,76,84,0,2,0,59.4,55.0,6.1,75.4,4.3,1,1,2,3,1,1,2,3,6.5
1,8,6.5,0,82,71,1,1,0,20.0,9.2,7.4,72.1,4.6,1,1,0,0,0,0,2,8,2.5
0,5,8.5,0,78,73,1,3,3,66.5,58.3,7.0,86.0,4.8,1,1,2,2,1,0,1,1,8.5
1,4,7.7,2,75,60,1,2,1,43.6,29.8,4.0,67.0,3.8,0,1,0,0,0,1,2,9,5.1
1,0,7.1,0,57,57,0,2,0,21.9,14.0,4.8,67.0,3.2,0,0,0,0,0,1,0,1,3.8
1,7,7.1,0,57,72,0,0,0,36.3,17.1,3.6,71.6,4.2,0,1,2,3,1,1,0,0,3.3
1,2,7.4,0,70,68,1,2,0,37.8,41.4,6.6,74.0,4.5,0,1,2,3,1,1,1,8,4.7
1,2,7.8,0,73,76,1,1,1,43.6,32.6,2.5,84.0,3.9,1,1,0,0,0,1,2,8,5.4
1,6,7.4,0,55,71,2,1,0,40.3,33.8,1.8,66.3,4.2,0,1,0,0,0,0,0,7,4.3
1,8,6.5,0,66,68,1,2,1,20.0,3.1,6.0,74.0,4.7,1,1,0,0,0,1,0,8,2.1
0,3,8.2,0,79,84,2,3,2,65.8,60.3,7.4,90.0,4.8,1,1,3,2,1,0,1,8,7.2
0,2,8.4,0,56,62,1,2,0,62.0,43.8,4.6,77.0,4.1,0,0,0,0,0,1,0,4,8.1
1,5,6.8,0,64,68,0,1,0,20.0,18.0,0.6,78.0,4.7,1,1,0,0,0,0,1,8,2.0
1,1,6.5,0,79,69,0,2,2,20.0,24.1,4.3,81.0,4.6,1,1,2,2,1,1,1,7,3.4
0,2,8.1,0,71,83,2,2,2,52.1,42.0,3.0,85.0,4.5,0,1,0,0,0,0,2,1,7.9
0,7,8.6,0,75,80,2,3,2,76.3,64.5,7.3,88.8,4.4,1,1,4,2,1,1,1,8,9.3
1,9,7.4,0,55,70,0,2,0,27.6,23.5,3.3,77.9,4.1,0,1,0,0,0,1,0,6,4.8
0,11,7.7,1,88,62,1,0,3,46.8,36.8,3.0,87.0,4.8,1,0,0,0,0,0,0,2,7.1
0,2,8.5,0,83,85,1,3,2,66.6,55.7,7.9,88.0,4.8,1,1,3,1,1,1,0,8,7.7
1,2,7.4,0,56,68,1,3,0,59.0,42.0,6.4,77.0,4.8,0,1,0,0,0,1,2,7,5.4
1,3,7.9,0,56,71,2,1,0,42.4,38.8,2.9,73.0,4.2,0,0,0,0,0,0,1,1,5.9
1,7,8.6,0,78,83,2,2,2,71.7,67.7,7.9,89.6,4.8,1,1,2,1,1,1,1,1,8.0
1,2,8.5,0,74,83,1,3,0,63.3,47.6,6.8,90.0,4.5,1,1,3,1,1,1,2,8,7.7
0,6,8.0,0,67,74,2,3,0,47.2,48.9,4.9,87.8,4.8,1,1,0,1,0,1,2,0,6.8
0,0,7.6,1,70,71,1,1,0,38.6,44.4,2.0,77.0,4.5,1,1,0,0,0,1,0,0,6.7
1,3,7.8,0,55,62,0,1,0,34.5,24.6,4.6,71.0,3.7,0,0,0,0,0,1,0,1,6.6
1,2,7.2,0,65,69,1,2,2,34.7,41.0,5.2,75.0,4.2,0,1,0,0,0,1,2,8,5.9
0,2,7.2,0,63,74,1,2,1,28.1,20.1,3.5,72.0,4.4,0,1,0,0,0,0,1,5,3.5
0,9,7.4,0,55,64,1,1,1,32.8,39.8,0.3,66.0,3.6,0,1,0,0,0,0,2,8,4.7
1,0,8.1,0,72,72,0,2,2,48.9,34.4,4.4,68.0,4.8,0,1,0,0,0,0,0,0,7.3
0,7,8.1,0,79,71,2,1,2,46.9,38.1,2.6,82.1,4.7,1,1,2,2,1,0,2,4,5.3
1,6,8.2,0,69,86,1,3,3,76.0,62.4,8.5,90.0,4.8,1,1,1,2,1,1,0,5,8.0
1,0,7.6,0,61,69,0,1,1,27.0,36.7,3.5,82.0,4.1,0,0,0,0,0,0,1,7,4.6
1,6,7.5,0,56,73,1,1,0,31.6,35.9,2.8,75.5,3.4,0,1,0,0,0,0,2,1,5.4
1,0,6.8,0,55,61,1,3,0,25.2,36.0,6.0,66.0,3.6,1,1,2,3,1,1,2,7,4.4
0,0,8.4,0,75,83,1,3,2,75.6,68.8,8.5,78.0,4.1,1,1,1,3,1,1,0,7,9.8
0,8,6.6,0,67,65,0,1,1,20.0,13.0,3.2,73.5,4.7,1,0,0,0,0,0,0,8,2.0
1,3,7.7,0,72,68,0,2,1,37.9,26.7,3.8,75.0,4.8,0,1,0,0,0,0,2,8,4.7
1,6,8.0,1,67,65,1,3,1,64.7,46.7,8.1,77.9,3.8,1,0,0,1,0,1,0,0,7.6
1,10,7.9,1,82,65,0,1,0,40.2,22.8,4.9,81.6,3.8,1,1,0,0,0,0,1,2,5.8
0,8,7.5,0,55,60,1,2,0,24.8,31.2,2.3,70.8,3.9,0,1,0,0,0,1,0,1,4.8
1,2,7.5,0,80,82,0,1,1,33.9,31.2,1.3,75.0,4.3,0,0,0,0,0,0,0,7,5.4
0,3,8.0,0,84,79,1,3,1,61.9,60.0,7.4,79.0,3.9,1,1,2,3,1,1,2,8,7.9
1,6,8.3,0,62,81,2,3,1,81.7,67.6,6.5,90.0,4.5,1,1,0,0,0,1,0,2,9.3
1,2,6.9,0,55,64,1,1,1,26.9,19.5,1.3,61.0,4.6,1,1,0,0,0,0,1,8,4.0
1,4,6.6,0,83,72,1,2,0,25.2,17.7,3.2,65.0,4.2,0,0,0,0,0,0,1,0,3.9
0,2,7.8,0,73,87,2,2,2,41.7,40.9,2.8,68.0,4.5,0,1,0,0,0,1,0,4,5.2
1,3,8.3,0,58,67,0,1,1,33.8,17.9,1.3,72.0,3.8,0,0,0,0,0,0,1,2,5.9
1,2,8.3,0,70,82,1,3,1,65.8,60.0,7.4,87.0,4.5,1,0,0,0,0,1,1,0,9.4
1,3,7.7,0,64,62,2,1,0,46.3,49.0,3.1,65.0,3.5,1,0,0,0,0,0,2,6,6.9
1,2,8.6,0,82,87,2,3,2,70.1,50.6,5.7,90.0,4.8,1,0,3,1,1,1,2,7,7.7
1,7,7.6,0,55,70,0,2,0,46.4,43.3,5.6,81.7,4.0,1,1,0,0,0,0,2,1,5.2
0,2,6.5,0,67,71,1,1,0,20.0,5.6,2.2,82.0,4.6,1,1,0,0,0,0,1,0,2.1
1,3,8.2,0,70,88,1,3,2,59.5,39.0,3.7,70.0,4.6,1,1,3,2,1,1,2,8,7.5
1,7,8.1,0,62,67,1,1,1,44.4,46.2,2.5,81.9,4.5,0,0,1,0,0,0,1,7,7.1
0,4,8.6,0,74,76,1,2,0,58.2,37.8,5.4,87.0,4.8,1,1,2,3,1,1,1,1,6.7
1,9,8.1,0,81,85,2,3,2,65.7,62.4,6.7,90.0,4.5,1,1,3,1,1,1,0,8,8.7
1,2,6.5,0,55,62,1,1,1,20.0,22.8,2.9,78.0,4.1,0,1,0,0,0,0,0,8,2.5
0,3,6.6,1,78,63,1,3,0,25.4,37.8,7.8,70.0,4.1,1,0,2,2,1,0,1,8,3.0
0,0,8.2,0,80,88,2,3,2,64.5,50.7,7.1,90.0,4.8,1,1,1,3,1,1,1,4,7.0
0,2,7.6,0,61,64,1,2,2,54.0,46.8,4.1,75.0,4.6,0,0,0,0,0,0,2,1,6.6
1,0,6.6,0,57,88,1,3,2,29.9,27.9,7.5,86.0,4.4,1,1,2,2,1,0,2,9,3.4
1,1,6.5,1,72,82,1,3,2,28.3,21.0,6.5,81.0,4.5,0,0,2,3,1,0,0,8,2.0
0,3,8.1,0,88,84,2,1,0,57.6,49.1,3.6,90.0,4.5,1,1,0,0,0,0,2,8,6.4
1,1,8.2,0,74,70,1,2,2,54.0,28.9,5.6,79.0,4.8,1,1,3,1,1,1,2,3,6.2
0,2,7.7,0,58,72,1,1,1,34.9,25.8,1.8,73.0,4.6,0,0,0,0,0,1,1,5,4.1
1,4,7.7,1,65,67,1,1,0,39.2,33.1,2.0,71.0,3.9,0,0,0,0,0,0,2,4,5.5
1,2,8.1,0,79,83,2,3,1,71.6,54.4,6.9,90.0,4.4,1,1,2,2,1,0,2,9,7.1
1,0,7.5,0,55,66,1,2,0,35.7,32.6,4.5,71.0,4.0,1,0,0,0,0,0,1,3,4.0
1,6,7.5,0,60,80,1,1,1,32.1,45.9,1.8,74.2,4.1,1,0,0,0,0,1,0,2,5.9
1,2,6.6,1,80,62,2,2,0,32.0,10.3,2.9,75.0,4.4,0,0,0,0,0,0,0,0,2.0
1,1,7.6,0,68,70,1,2,1,43.2,32.2,3.3,84.0,4.4,0,1,0,0,0,0,2,6,5.3
0,2,8.3,0,73,87,2,3,0,70.3,65.1,4.4,85.0,4.7,1,1,0,0,0,0,0,0,10.1
1,0,7.5,0,58,68,1,2,1,33.8,13.5,2.8,72.0,4.4,0,1,0,0,0,1,0,2,4.1
0,2,7.6,0,85,67,1,3,0,49.5,43.2,6.9,70.0,3.9,1,1,0,0,0,0,0,0,4.9
1,2,8.3,0,76,85,1,2,2,57.4,40.9,4.6,78.0,4.4,1,1,3,2,1,0,1,9,7.4
1,2,8.1,0,77,85,2,3,3,73.1,64.6,7.5,90.0,4.6,1,1,2,2,1,0,1,9,8.5
1,6,8.3,0,67,85,1,3,3,61.3,57.8,7.2,90.0,4.8,1,1,4,3,1,1,2,1,9.4
0,0,7.8,0,77,67,1,1,0,41.0,46.1,2.4,71.0,4.1,1,1,4,1,1,0,1,3,6.3
1,3,8.4,0,62,80,2,2,2,63.0,59.5,3.7,71.0,3.8,1,1,2,3,1,0,2,8,7.5
1,9,7.5,0,73,85,0,3,2,47.8,40.1,6.9,90.0,4.8,1,1,0,0,0,0,1,1,7.0
1,0,7.6,0,55,65,1,1,1,32.0,28.3,3.4,74.0,3.9,1,0,0,0,0,1,1,1,5.2
1,0,8.2,0,77,88,2,3,2,63.7,37.6,8.2,90.0,4.8,1,1,2,2,1,1,0,4,7.3
0,2,7.9,0,82,87,2,2,1,54.1,52.5,7.5,90.0,4.8,1,1,2,2,1,1,1,5,6.5
1,2,8.2,0,55,84,1,3,0,66.4,67.5,4.9,77.0,3.4,0,1,0,0,0,1,2,8,9.5
1,0,8.6,0,83,88,2,3,2,77.4,58.4,6.9,90.0,4.7,1,1,3,2,1,1,2,2,8.4
0,0,8.2,0,68,66,1,2,0,58.1,32.8,3.7,71.0,4.7,0,1,0,0,0,0,1,9,7.0
1,2,7.4,0,62,67,1,1,0,35.6,28.4,3.7,65.0,4.0,0,0,0,0,0,0,2,8,4.3
0,3,6.6,1,55,72,1,1,1,20.0,16.5,1.2,69.0,3.6,0,1,0,0,0,1,2,2,3.2
1,4,6.9,0,71,66,1,1,0,26.9,43.9,2.2,76.0,3.3,0,1,0,0,0,0,0,5,5.4
1,5,7.9,0,61,63,0,1,2,34.1,29.3,0.3,86.0,4.3,0,1,2,2,1,0,1,5,5.5
1,3,6.5,0,55,65,1,2,0,20.0,27.8,4.8,71.0,3.9,0,1,0,0,0,0,2,8,2.0
1,5,7.6,0,55,69,0,1,0,37.3,25.8,1.4,77.0,3.0,0,0,0,0,0,0,2,4,5.1
0,5,6.5,0,57,71,1,2,0,20.0,30.4,5.2,67.0,4.1,0,1,0,0,0,0,0,8,3.7
1,4,8.5,0,74,81,0,3,2,68.1,54.3,6.2,76.0,4.8,1,0,3,1,1,1,1,0,7.2
0,0,6.8,1,55,65,1,1,0,23.7,26.5,2.8,76.0,4.5,0,0,1,3,1,0,1,0,2.8
1,3,7.9,0,75,85,1,2,0,45.9,32.0,4.1,90.0,4.8,0,1,0,0,0,0,0,8,5.5
0,11,7.7,1,81,73,1,2,3,55.0,49.1,7.0,90.0,4.8,1,1,1,0,0,0,0,5,6.0
1,4,7.6,1,55,87,1,2,0,46.8,37.1,4.9,86.0,4.7,0,1,0,0,0,0,1,0,5.0
1,7,7.3,0,81,88,0,2,3,47.4,32.4,4.8,88.3,4.3,1,1,0,0,0,1,1,2,6.0
0,8,7.6,0,85,81,0,3,1,38.7,24.9,7.2,86.0,3.7,1,1,2,3,1,1,0,8,5.1
1,4,7.8,0,83,66,1,1,0,42.8,38.3,3.1,77.0,4.0,1,1,3,2,1,1,1,1,5.1
1,7,7.4,0,57,66,1,2,0,45.6,41.7,0.9,76.6,3.3,0,1,0,0,0,0,0,2,6.5
0,4,6.5,1,60,72,1,1,0,20.0,14.5,0.0,69.0,3.9,0,0,0,0,0,0,1,2,2.0
0,0,8.7,0,74,83,1,2,0,71.4,63.4,4.9,74.0,4.8,0,0,0,0,0,1,2,0,9.0
1,3,6.9,1,55,59,0,1,1,20.0,29.9,2.6,60.0,3.6,0,1,0,0,0,0,2,6,5.0
1,6,8.0,1,80,70,1,2,2,63.6,59.8,7.3,81.5,4.6,1,0,0,1,0,0,0,5,7.8
1,4,8.3,0,72,83,0,3,0,55.9,43.6,7.2,84.0,4.4,1,0,2,2,1,1,2,1,6.9
0,7,7.6,2,56,69,1,1,0,35.8,27.0,0.0,73.5,4.7,0,1,0,0,0,0,2,4,4.1
1,5,8.6,0,67,84,2,2,2,62.6,48.5,3.3,76.0,4.7,1,0,2,2,1,0,1,8,7.5
0,0,7.5,0,78,69,1,3,2,48.1,44.7,7.0,68.0,3.6,1,1,2,2,1,1,2,2,5.8
0,0,7.7,1,83,81,1,3,2,40.4,27.1,8.1,78.0,4.6,1,1,0,0,0,0,0,1,5.0
1,3,8.1,0,78,82,2,3,2,63.6,42.8,5.5,90.0,4.7,1,1,3,2,1,1,0,7,8.6
1,10,7.6,1,83,87,0,3,2,37.8,30.9,8.0,89.9,4.7,1,1,2,3,1,0,2,6,4.4
0,7,7.2,0,72,74,0,2,2,28.6,20.5,3.2,85.3,4.2,1,1,1,0,0,1,1,2,3.6
1,4,7.6,0,56,64,1,1,0,34.3,33.9,2.5,60.0,4.0,0,0,0,0,0,0,1,0,6.0
0,3,7.5,0,67,69,2,2,0,48.3,25.9,5.1,65.0,4.3,0,0,0,0,0,1,0,2,5.3
0,2,8.0,0,79,73,2,3,1,57.2,51.2,7.4,90.0,4.3,1,1,2,2,1,1,0,0,7.8
0,5,6.6,1,58,71,1,2,0,29.4,34.8,4.4,77.0,4.4,0,1,0,0,0,1,0,8,3.8
1,0,7.4,0,55,71,1,1,0,28.4,36.9,1.4,60.0,3.8,0,0,0,0,0,0,0,9,5.8
0,4,6.5,0,60,74,0,3,0,28.2,18.3,6.3,77.0,3.6,1,0,0,0,0,0,2,9,2.0
1,7,8.4,1,59,73,2,2,0,65.1,46.5,5.8,77.4,4.3,1,0,3,3,1,1,1,7,7.7
1,3,7.0,0,70,65,1,2,1,32.2,27.8,5.2,61.0,4.0,0,1,0,0,0,1,2,5,3.0
0,6,8.1,0,78,83,1,0,3,61.3,46.5,3.0,87.3,4.7,1,0,3,2,1,0,0,2,6.7
1,0,7.5,0,55,64,1,2,0,49.7,45.2,3.7,67.0,4.2,0,0,0,0,0,0,1,4,7.7
0,2,7.6,1,55,63,1,2,1,47.3,42.5,4.4,69.0,3.9,0,0,0,0,0,1,2,2,6.1
0,9,6.5,1,55,69,2,1,1,20.5,21.2,2.9,78.1,4.4,0,1,0,0,0,0,0,1,2.0
1,0,8.2,0,77,83,1,3,1,60.7,36.1,8.5,83.0,4.1,1,1,0,0,0,1,1,2,7.1
1,2,7.9,0,88,65,2,3,2,62.3,49.6,7.8,90.0,4.7,1,1,1,3,1,1,2,8,6.5
1,1,6.6,0,55,66,0,2,2,21.7,11.7,2.9,77.0,4.2,0,1,0,0,0,0,0,8,3.1
1,2,7.1,0,61,61,1,2,0,33.4,22.1,4.8,71.0,4.8,1,0,0,0,0,0,0,1,4.7
0,4,8.1,0,75,83,2,3,0,66.0,42.8,6.5,86.0,3.5,1,1,4,1,1,1,2,6,7.3
1,5,8.4,0,80,82,2,3,1,75.2,68.9,6.4,87.0,4.7,1,1,2,2,1,1,1,4,8.9
1,2,7.7,0,75,86,1,2,0,41.2,52.3,3.8,78.0,3.7,0,1,0,0,0,0,1,6,6.0
1,8,6.6,0,75,70,2,3,1,27.0,19.0,5.1,85.4,4.1,0,0,0,0,0,0,0,8,3.1
0,2,8.3,0,86,70,2,1,0,53.3,48.2,3.4,81.0,4.3,1,1,0,0,0,0,0,3,8.1
0,2,8.1,0,78,84,1,2,2,50.2,40.4,5.1,84.0,4.5,1,1,1,3,1,1,1,7,5.6
0,5,7.8,0,73,58,1,2,2,49.1,37.5,5.5,76.0,4.0,0,1,0,0,0,1,1,8,6.4
1,9,7.6,0,72,84,2,1,2,48.1,42.6,6.6,85.7,4.2,1,1,4,2,1,1,1,8,5.2
1,4,7.6,2,55,74,1,1,1,24.6,12.3,0.8,70.0,3.6,1,1,2,2,1,0,2,9,4.2
1,2,7.2,0,58,68,1,3,1,43.2,35.3,6.0,71.0,4.4,1,1,0,0,0,1,2,2,5.8
1,6,8.7,0,69,88,0,2,3,68.7,51.0,5.8,82.5,4.1,1,1,3,2,1,1,1,9,8.4
1,2,8.0,0,76,83,1,3,0,51.6,59.3,7.4,90.0,4.8,1,1,1,3,1,1,1,2,6.6
1,9,7.8,1,74,65,0,2,0,37.2,20.5,4.3,71.0,4.4,0,1,1,0,0,0,1,7,5.3
0,0,7.4,0,55,64,1,1,1,31.9,27.0,0.0,78.0,3.7,0,1,2,2,1,0,2,4,5.1
0,7,7.7,0,80,78,1,3,0,61.3,43.4,7.1,90.0,4.3,1,1,3,2,1,1,0,5,6.5
1,5,7.4,0,71,83,1,3,2,44.8,30.3,6.2,90.0,4.0,1,1,2,2,1,0,2,8,4.3
1,0,6.5,0,69,68,2,1,0,20.0,28.0,2.3,87.0,4.4,0,0,0,0,0,1,1,2,4.2
1,0,8.4,0,87,85,2,3,2,59.2,60.1,5.9,90.0,4.3,1,1,2,2,1,0,2,1,6.8
0,11,7.5,0,83,72,1,2,0,43.3,21.1,4.8,77.2,4.4,1,1,4,1,1,1,2,2,4.9
0,7,6.6,1,58,62,2,3,2,32.6,28.1,2.3,65.3,3.4,0,1,1,0,0,0,0,6,3.7
1,10,8.4,0,71,68,1,1,0,45.7,38.3,3.4,78.9,3.5,0,1,1,3,1,0,1,8,6.9
1,4,8.5,0,79,61,0,2,0,50.2,43.4,5.6,90.0,4.4,1,1,4,1,1,0,1,0,6.5
1,4,7.6,0,70,87,2,1,2,40.6,45.7,1.7,88.0,4.6,1,1,4,1,1,0,1,0,6.1
1,4,7.9,0,66,80,2,3,2,62.5,53.9,6.7,83.0,4.5,1,1,3,2,1,1,2,4,6.7
1,4,8.6,0,69,82,1,1,0,52.6,46.8,2.4,87.0,4.8,1,1,2,2,1,1,0,4,7.4
1,0,7.9,0,77,85,1,2,2,53.6,50.5,7.2,71.0,4.3,1,1,0,0,0,0,1,2,6.5
1,11,7.6,1,56,70,1,2,1,60.4,52.4,6.0,78.9,4.3,1,1,0,0,0,0,2,5,8.3
1,5,7.3,0,55,68,1,1,1,33.0,30.9,1.8,88.0,4.1,0,0,0,0,0,0,2,5,5.7
1,2,6.5,0,55,71,1,1,1,20.0,23.3,2.6,83.0,4.7,0,0,0,0,0,0,0,0,2.0
1,7,7.6,2,57,66,1,2,0,54.5,51.6,3.3,73.7,3.6,0,1,0,0,0,1,2,1,6.9
0,6,6.6,0,57,65,1,1,0,22.3,20.3,5.0,78.7,4.0,0,0,1,1,0,0,0,5,3.5
0,3,6.5,0,85,84,0,3,0,25.2,41.8,8.6,88.0,4.8,1,1,1,3,1,0,1,8,4.2
1,11,7.4,1,73,80,0,0,0,30.7,39.7,2.3,78.0,4.8,1,0,3,1,1,0,1,5,5.0
0,2,7.7,0,55,65,1,2,0,56.2,33.3,5.1,82.0,4.1,0,0,0,0,0,1,1,9,6.0
1,8,6.8,0,65,66,0,1,1,20.0,0.0,1.5,77.2,4.2,0,0,0,0,0,0,0,1,2.2
0,0,8.3,0,79,85,1,3,2,64.1,65.7,4.6,87.0,4.8,1,1,2,3,1,1,1,1,7.9
1,0,7.5,0,75,73,0,2,1,32.6,46.4,3.0,77.0,3.8,1,1,0,0,0,1,1,4,5.9
0,2,8.3,0,82,86,2,1,1,55.3,38.2,3.3,83.0,4.5,1,1,0,0,0,1,2,0,6.7
1,8,8.4,0,82,87,1,3,1,67.7,43.3,6.6,90.0,4.8,1,1,3,3,1,1,1,7,6.6
1,2,8.2,0,86,85,1,3,2,69.2,53.8,6.0,90.0,4.6,1,1,2,2,1,0,2,5,7.8
1,8,7.9,0,70,72,2,1,0,52.4,59.5,4.8,90.0,3.6,1,1,0,0,0,1,1,8,7.4
0,1,8.6,0,73,87,0,3,2,64.4,57.8,8.3,83.0,4.8,1,1,3,2,1,1,1,8,9.1
0,7,6.8,1,55,65,2,2,0,27.4,27.1,2.6,79.0,4.5,0,0,2,3,1,0,0,8,2.7
1,9,7.5,1,68,73,2,3,1,22.6,20.9,4.8,65.0,4.1,0,0,0,0,0,1,0,6,5.3
1,7,7.4,0,71,64,1,1,0,43.3,32.4,3.1,72.5,4.5,1,1,2,3,1,0,1,4,4.6
0,4,8.3,0,73,72,2,2,1,55.8,52.0,6.1,81.0,4.3,1,1,0,0,0,0,2,4,7.4
0,2,6.5,2,55,70,1,2,2,20.0,32.9,4.6,90.0,4.5,1,1,2,2,1,0,1,5,2.0
1,2,7.8,0,82,85,0,3,2,49.7,50.2,6.3,73.0,4.6,1,0,0,0,0,1,1,4,7.2
1,5,7.5,0,74,86,1,2,2,45.0,42.0,4.4,86.0,3.6,0,0,3,2,1,1,2,2,5.2
1,6,8.5,0,58,76,0,3,2,63.7,54.8,7.2,89.2,4.8,1,1,1,3,1,1,2,7,7.5
0,1,7.9,0,60,72,0,2,1,41.7,51.0,5.5,72.0,4.3,1,1,0,0,0,1,1,9,7.3
1,3,8.1,0,71,85,2,3,1,73.3,59.8,7.3,85.0,4.8,1,1,1,3,1,1,2,1,7.7
1,0,7.5,1,59,72,1,1,1,35.4,34.3,1.6,78.0,4.2,0,1,0,0,0,1,1,6,6.3
1,10,7.3,1,65,68,1,1,1,35.9,31.1,0.4,76.2,4.0,0,1,1,0,0,0,1,4,5.6
1,0,7.4,0,59,76,0,1,0,20.0,24.6,2.9,74.0,4.2,0,0,0,0,0,1,2,1,2.8
1,0,7.6,0,57,68,1,3,1,45.9,42.4,6.3,70.0,4.5,1,1,0,0,0,1,0,4,5.4
1,3,6.5,1,61,67,2,1,1,20.0,28.8,2.6,78.0,3.5,0,1,0,0,0,0,2,8,2.8
1,0,8.3,0,87,81,2,3,2,72.0,67.9,6.4,90.0,4.8,1,1,1,3,1,1,1,5,7.8
1,1,8.6,0,84,88,1,3,2,75.9,60.3,7.8,90.0,4.5,1,1,0,0,0,1,2,7,9.8
1,0,8.1,0,83,85,2,1,0,46.3,34.0,2.7,73.0,3.6,1,1,0,0,0,1,2,2,6.9
0,7,7.6,2,56,64,1,3,0,53.6,51.9,4.9,62.6,3.9,0,0,0,0,0,1,1,4,6.4
1,8,8.2,0,78,84,0,1,2,33.2,35.5,2.6,69.1,3.8,1,0,2,2,1,1,0,5,4.5
0,3,8.2,0,81,82,0,3,2,61.3,45.4,5.4,82.0,4.7,0,1,2,2,1,0,1,1,6.5
1,2,7.9,0,81,86,2,3,2,52.8,57.3,7.9,90.0,4.8,1,1,1,3,1,0,2,8,6.1
1,1,6.5,0,68,69,0,2,0,20.0,21.8,4.9,84.0,4.8,0,0,0,0,0,0,1,1,3.0
1,5,6.5,0,55,66,1,2,0,20.0,27.8,5.0,86.0,4.4,1,1,0,0,0,0,2,8,3.9
0,4,8.0,0,74,87,2,3,2,63.5,70.6,7.0,85.0,4.8,1,1,2,2,1,1,1,0,7.9
1,8,8.3,0,71,87,1,2,3,55.3,39.0,5.1,84.3,4.6,1,1,2,2,1,0,1,6,6.3
1,0,6.7,0,55,70,1,2,1,24.5,16.4,4.5,60.0,4.1,0,0,0,0,0,1,2,3,3.0
0,9,8.5,0,72,86,1,3,1,68.6,53.7,7.3,90.0,4.3,1,1,3,1,1,1,2,5,8.1
0,7,6.8,1,66,63,0,2,0,23.6,16.8,3.4,90.0,4.5,0,1,1,0,0,0,1,2,3.6
1,0,8.5,0,79,80,2,3,2,73.7,48.1,9.1,90.0,4.8,1,1,4,1,1,1,0,2,8.2
1,1,7.6,1,55,68,1,1,1,37.4,29.6,2.6,75.0,4.1,1,1,0,0,0,1,2,8,4.7
1,11,7.9,0,78,82,1,3,3,54.4,54.8,8.0,89.9,4.7,1,1,4,0,1,1,2,8,7.9
1,4,8.2,0,55,85,1,3,2,65.4,50.8,5.2,68.0,4.4,0,1,0,0,0,1,1,7,8.6
1,7,7.6,1,75,79,2,2,1,37.7,25.0,3.5,86.7,4.5,1,1,0,0,0,1,1,9,4.6
1,5,6.8,1,55,62,1,2,0,20.0,24.6,3.6,74.0,3.9,0,0,0,0,0,0,0,8,2.0
1,0,7.6,0,61,70,1,3,3,48.8,48.1,4.5,79.0,4.2,0,1,0,0,0,0,1,2,6.9
1,1,7.4,0,55,70,1,1,0,27.5,23.6,3.2,77.0,4.2,0,1,0,0,0,0,0,7,3.8
1,2,8.2,0,83,82,2,3,2,60.5,44.4,6.4,81.0,4.8,1,1,1,3,1,1,1,4,7.1
1,11,7.6,0,56,72,2,0,0,32.9,28.8,1.4,64.5,3.9,0,0,0,0,0,1,2,2,5.5
0,2,6.5,0,75,69,0,1,0,20.0,12.8,2.9,78.0,3.7,1,1,0,0,0,0,1,7,2.0
1,4,7.9,0,83,69,2,3,2,60.0,44.1,8.3,87.0,4.8,1,1,2,2,1,1,2,3,7.3
1,3,7.8,0,59,69,1,2,0,43.2,40.6,4.7,70.0,3.8,1,1,0,0,0,1,1,5,5.2
1,3,7.7,0,78,63,1,2,1,49.3,22.1,4.3,69.0,4.1,0,1,0,0,0,1,0,8,5.6
0,9,8.1,0,72,88,1,2,0,66.1,52.8,7.5,86.0,4.5,1,1,4,2,1,0,1,9,8.2
0,9,8.3,0,61,73,0,1,1,43.9,40.7,2.6,89.1,3.9,0,1,3,0,1,0,0,8,5.3
1,1,7.3,0,55,61,1,1,1,32.4,32.3,2.5,60.0,4.6,0,1,0,0,0,0,1,8,4.8
0,6,7.5,0,69,81,1,2,0,36.9,28.1,6.8,84.0,4.4,1,1,0,0,0,0,2,9,5.3
1,5,8.0,0,68,83,1,3,0,67.7,59.9,6.4,80.0,4.7,0,1,3,1,1,1,2,2,7.6
1,5,8.3,0,83,85,2,3,2,70.1,52.5,5.2,79.0,4.4,1,1,3,2,1,1,2,4,7.7
1,2,6.5,0,70,69,1,1,1,20.0,21.6,3.5,69.0,4.2,1,0,3,2,1,1,2,7,2.3
1,4,7.5,0,56,68,1,2,1,36.4,30.7,4.8,75.0,3.7,0,1,0,0,0,0,2,2,4.7
0,2,7.4,0,57,70,1,1,2,20.6,16.3,2.2,69.0,4.5,0,1,0,0,0,0,1,8,4.4
1,7,8.0,0,77,67,1,1,0,59.4,48.4,2.6,81.7,4.5,1,1,1,0,0,1,2,6,6.7
1,0,7.3,0,55,67,1,1,1,22.0,23.3,1.7,72.0,3.5,0,1,0,0,0,0,1,2,5.0
1,4,8.0,0,75,86,2,3,2,63.5,37.9,7.2,90.0,4.8,1,1,3,2,1,1,0,3,6.4
1,2,7.6,0,69,69,1,2,0,46.9,48.6,4.3,80.0,4.6,0,1,0,0,0,1,1,8,6.1
1,2,8.0,0,83,61,1,2,2,49.8,33.6,2.8,73.0,4.4,0,0,0,0,0,0,2,2,6.3
1,4,8.3,0,76,74,2,3,2,69.7,63.3,7.8,84.0,4.6,1,1,0,0,0,0,0,0,8.6
1,1,7.4,0,77,84,1,2,0,42.1,27.0,4.9,90.0,4.7,1,1,2,2,1,0,2,4,4.2
1,1,6.6,0,64,67,1,1,0,20.0,15.7,1.6,71.0,3.1,0,1,0,0,0,0,0,8,2.0
0,4,8.3,0,80,81,1,3,2,67.2,51.9,8.8,82.0,4.6,1,0,0,0,0,0,2,1,8.1
1,6,8.2,0,70,84,1,2,0,62.8,55.1,7.0,84.9,4.8,1,1,2,3,1,0,2,6,7.9
0,3,6.6,2,64,60,1,1,1,20.0,20.9,1.3,64.0,4.4,0,0,0,0,0,0,1,0,2.4
0,0,8.3,0,82,88,2,3,2,73.7,52.0,7.8,90.0,4.8,1,1,1,3,1,0,2,1,9.0
1,4,8.2,0,83,87,1,2,2,50.7,48.5,6.8,90.0,4.7,1,1,0,0,0,1,2,9,5.6
1,1,7.8,1,83,79,0,3,0,53.9,55.4,8.8,89.0,4.8,1,1,3,2,1,0,2,8,7.8
0,6,8.3,0,55,73,1,2,0,71.4,59.8,5.9,79.7,4.3,0,0,0,1,0,1,2,1,8.3
0,5,8.0,0,83,67,2,1,1,50.8,47.4,4.1,82.0,4.2,1,0,3,1,1,0,1,8,6.9
1,2,7.6,0,63,87,1,3,1,49.0,50.1,6.9,77.0,4.1,1,0,2,3,1,1,1,8,6.7
0,6,7.4,0,59,59,2,0,0,30.7,30.6,4.1,77.3,3.9,0,0,0,0,0,0,1,1,4.1
0,2,6.5,0,63,63,0,2,1,20.6,14.8,5.1,66.0,4.5,1,0,0,0,0,0,1,8,3.6
0,3,8.0,0,75,85,2,3,2,70.2,55.8,5.8,89.0,4.1,1,1,2,2,1,1,1,8,8.6
0,6,6.5,1,55,61,1,1,1,25.3,32.4,3.1,68.9,3.3,0,0,0,0,0,0,0,2,4.2
0,1,7.0,1,55,68,1,1,1,26.2,12.1,1.9,70.0,3.3,0,1,0,0,0,0,1,4,3.9
1,7,8.1,0,82,86,2,2,2,74.4,78.4,7.6,90.0,4.7,1,1,3,3,1,1,2,0,8.7
1,8,8.2,1,84,86,1,3,0,60.9,35.3,6.6,82.9,4.3,1,1,2,3,1,1,2,1,6.7
1,2,6.5,0,63,68,1,1,0,20.0,12.8,0.7,64.0,4.1,0,0,0,0,0,0,2,8,2.0
1,0,7.4,0,55,66,1,2,1,38.5,32.8,5.7,75.0,4.3,0,1,0,0,0,0,0,3,5.7
1,6,6.5,2,56,69,1,1,0,23.9,29.6,2.1,70.8,4.0,0,1,1,0,0,0,1,2,3.7
0,5,6.5,0,55,68,1,1,0,20.0,25.0,1.6,72.0,3.8,0,0,0,0,0,0,1,8,3.1
0,10,7.8,0,75,77,2,1,0,47.5,43.8,3.9,80.8,3.9,1,1,1,0,0,1,0,6,6.3
1,6,7.8,2,59,65,2,2,2,49.7,31.9,4.8,78.6,3.8,0,1,0,1,0,0,1,8,5.6
0,1,6.5,1,58,77,1,1,1,20.0,12.7,1.7,81.0,4.8,0,1,0,0,0,0,1,8,3.3
0,5,7.5,0,71,85,2,2,1,49.4,31.9,6.6,85.0,4.6,1,1,3,2,1,0,2,8,4.4
0,4,7.8,0,74,85,2,3,2,55.5,57.4,5.9,90.0,4.5,1,1,3,2,1,0,1,4,6.9
1,7,7.8,0,85,86,0,3,1,51.0,50.7,3.3,89.9,4.6,1,1,3,2,1,0,2,1,7.0
1,2,7.2,0,62,65,1,3,2,47.2,24.8,7.7,81.0,4.8,1,1,0,0,0,0,2,9,4.9
0,3,8.0,0,72,85,2,3,2,71.3,62.7,6.9,83.0,4.6,1,1,2,2,1,1,2,6,8.7
1,11,7.3,0,56,68,2,0,0,34.9,30.7,1.3,75.2,3.2,0,0,0,0,0,0,0,4,4.9
1,0,6.5,0,81,85,1,2,2,26.1,34.7,3.5,76.0,4.8,0,1,0,0,0,1,0,5,2.8
1,1,7.6,0,85,83,0,3,0,43.9,35.9,6.7,90.0,4.8,1,1,1,3,1,1,2,8,3.7
1,4,7.5,0,58,64,1,1,2,34.3,19.5,3.3,75.0,4.0,1,1,0,0,0,0,0,0,4.4
0,0,8.6,0,68,79,2,3,2,77.0,63.2,6.3,81.0,4.8,0,1,3,1,1,1,0,2,9.8
1,0,7.5,0,58,67,1,2,0,38.7,36.1,4.1,79.0,4.3,0,1,0,0,0,0,2,9,4.7
1,0,7.6,0,55,67,1,1,0,29.5,25.4,2.2,77.0,3.7,0,1,4,1,1,1,2,1,3.8
1,5,6.6,0,55,69,1,1,0,21.2,26.0,2.1,70.0,4.6,1,0,0,0,0,0,2,9,2.9
1,0,7.4,0,70,68,1,2,1,40.6,27.9,4.7,70.0,3.8,1,1,0,0,0,0,0,2,4.7
1,2,8.7,0,76,85,2,2,2,69.2,63.3,7.1,90.0,4.7,1,1,2,3,1,1,1,8,8.8
0,6,8.4,1,55,67,0,3,0,62.1,60.8,7.1,88.8,3.8,1,1,3,2,1,1,2,2,8.3
1,4,8.6,0,78,78,2,3,2,77.4,65.0,7.0,79.0,4.8,1,1,3,2,1,1,1,1,9.7
1,10,8.0,1,55,65,1,0,0,38.5,30.3,3.0,67.5,4.1,0,1,0,1,0,0,0,8,6.1
0,6,8.5,1,83,85,2,2,2,74.9,69.4,5.3,90.0,4.8,1,1,4,1,1,1,0,8,8.7
1,6,8.1,0,80,87,2,2,3,64.3,53.2,8.6,90.0,4.8,1,1,1,2,1,1,1,2,8.0
0,0,6.5,0,59,66,0,1,0,20.0,33.3,2.5,76.0,4.3,0,0,0,0,0,0,1,4,2.6
1,2,8.6,0,78,80,0,3,2,62.8,54.7,8.6,85.0,4.7,1,1,3,2,1,1,2,6,8.7
1,1,7.7,0,90,84,0,2,3,52.0,42.6,5.5,74.0,4.0,1,1,0,0,0,1,1,8,5.1
0,7,7.9,2,77,80,2,0,2,42.0,23.9,2.6,78.3,3.9,1,0,0,0,0,1,0,5,5.8
1,8,8.2,0,76,85,2,2,2,56.3,51.4,5.2,90.0,4.7,1,0,4,2,1,0,2,8,7.5
0,9,6.9,1,55,70,2,3,0,22.8,32.6,3.1,70.6,4.3,0,0,3,3,1,0,2,3,2.1
0,0,8.3,0,83,84,0,3,2,49.7,43.1,6.8,90.0,4.8,1,1,3,2,1,1,2,4,7.5
1,8,8.2,1,83,70,2,3,1,61.2,54.1,4.4,85.1,4.4,0,1,1,0,0,1,2,2,6.4
1,6,8.6,0,71,81,1,3,3,74.2,58.3,8.7,90.0,4.8,1,1,2,0,1,1,0,9,9.1
1,5,7.8,0,79,77,1,3,2,50.9,50.8,6.0,90.0,4.8,1,0,0,0,0,0,1,0,7.3
0,3,8.3,0,74,72,0,3,2,53.8,52.5,5.9,88.0,4.8,1,1,3,2,1,1,1,8,5.8
0,2,8.4,0,78,78,2,3,2,74.1,42.6,7.8,84.0,4.5,1,1,2,2,1,1,1,4,8.1
0,0,8.1,0,84,84,2,3,2,76.0,62.6,8.0,86.0,4.7,1,1,2,2,1,1,2,9,5.7
0,4,7.8,1,81,87,2,3,2,66.0,39.6,6.4,90.0,4.8,1,0,0,0,0,1,2,0,6.7
1,3,7.6,0,83,86,1,1,1,42.1,25.8,3.3,88.0,4.5,1,1,1,3,1,0,0,9,4.4
0,5,7.5,1,77,69,1,2,0,39.5,35.7,3.3,72.0,4.4,0,1,2,2,1,0,1,8,4.3
0,0,7.6,0,65,68,0,1,1,32.5,30.9,2.4,76.0,4.5,0,0,0,0,0,0,2,1,6.3
1,4,7.4,0,81,85,2,2,2,45.3,31.8,4.5,90.0,4.1,1,0,1,3,1,0,1,8,6.1
1,11,6.5,2,55,65,1,1,0,22.0,19.3,2.8,67.7,4.0,0,1,0,0,0,0,1,8,2.0
1,2,8.2,0,74,85,2,3,3,61.8,47.7,7.1,88.0,4.5,0,1,0,0,0,1,1,8,7.3
0,2,8.4,0,82,87,2,3,2,76.0,66.1,6.5,90.0,4.8,1,1,4,1,1,1,1,8,10.3
1,0,8.2,0,72,87,1,3,2,67.9,68.9,6.2,90.0,4.4,1,1,3,2,1,1,1,2,7.9
1,4,6.5,2,72,68,1,2,1,20.0,16.8,5.1,82.0,3.4,1,0,0,0,0,0,1,6,3.1
0,4,8.3,0,79,84,1,2,0,60.8,55.2,5.6,83.0,4.2,1,0,0,0,0,0,1,4,7.4
0,7,8.5,0,56,86,0,3,0,71.4,59.3,8.4,90.0,4.8,1,1,3,0,1,1,1,1,6.5
1,2,7.5,0,55,70,0,3,0,43.6,32.6,7.0,78.0,4.7,0,0,0,0,0,0,1,0,4.6
0,11,8.3,0,78,78,2,3,1,61.0,51.7,7.3,90.0,4.6,1,0,1,3,1,1,0,4,7.6
1,5,7.7,0,63,68,0,1,1,29.7,29.9,5.3,72.0,3.8,1,1,0,0,0,0,0,7,4.6
1,11,8.0,0,72,79,1,1,2,47.5,38.3,4.1,80.1,4.7,1,0,1,0,0,1,1,6,5.9
1,2,7.6,0,71,71,2,1,1,43.4,34.7,2.4,82.0,3.9,1,0,0,0,0,0,2,7,3.2
0,6,7.5,0,68,83,0,2,0,48.9,51.1,4.1,75.3,4.4,0,0,0,0,0,0,2,0,6.7
0,11,7.3,0,56,68,0,1,1,33.0,38.9,2.5,62.8,3.5,0,0,0,0,0,0,0,8,5.2
1,2,6.8,1,58,71,1,2,0,26.8,23.2,6.5,68.0,4.1,1,1,0,0,0,1,1,1,2.0
0,10,7.0,1,59,77,2,0,0,23.8,28.4,2.7,76.2,4.1,0,0,0,0,0,0,1,8,2.9
0,0,8.1,0,85,66,0,1,1,36.3,22.6,4.0,71.0,4.4,0,0,0,0,0,0,1,4,6.1
0,3,7.7,0,81,82,2,1,0,40.4,29.4,3.5,75.0,4.4,1,0,0,0,0,0,1,6,7.0
1,10,8.7,0,66,86,1,3,3,75.7,57.1,6.7,76.8,4.7,0,1,2,2,1,1,2,7,7.7
1,4,8.5,0,84,86,2,3,2,79.6,75.1,5.9,90.0,4.4,1,1,2,2,1,0,0,9,10.0
0,5,7.2,0,73,70,1,2,0,40.2,32.7,3.3,75.0,4.2,1,1,1,3,1,0,1,8,4.0
1,10,7.9,1,64,69,1,3,0,58.9,45.4,5.2,81.1,4.3,0,0,1,0,0,0,1,7,6.8
0,1,8.2,0,61,84,1,1,0,47.6,43.4,3.0,80.0,3.9,1,1,0,0,0,0,1,8,7.5
1,5,6.5,1,57,71,1,1,0,24.0,14.8,0.7,74.0,4.2,0,1,0,0,0,0,0,8,3.5
0,2,6.5,0,75,66,1,1,2,20.0,25.1,3.8,71.0,3.7,1,0,0,0,0,0,1,3,3.8
1,9,8.2,0,83,69,1,3,0,66.6,58.5,4.3,85.9,4.4,0,1,0,0,0,0,0,8,8.2
1,1,8.4,0,75,86,2,3,1,71.4,58.5,6.1,73.0,4.2,0,1,0,0,0,1,2,8,8.3
0,2,7.3,1,58,65,0,1,1,20.0,27.7,1.9,69.0,4.6,0,0,0,0,0,0,1,5,3.1
1,11,7.4,1,73,68,0,2,2,33.2,36.8,5.2,66.3,3.7,0,0,1,0,0,0,1,0,6.0
1,2,8.1,0,63,58,2,3,0,67.6,53.9,8.7,66.0,4.2,1,0,0,0,0,1,2,4,6.4
1,1,7.9,0,69,71,2,2,0,55.4,63.4,4.9,90.0,3.6,1,1,0,0,0,1,2,8,7.5
0,2,7.8,0,87,87,2,3,2,66.8,51.7,7.6,90.0,4.8,1,1,2,3,1,1,1,8,7.8
1,7,8.5,0,66,85,2,0,1,77.5,48.6,1.2,80.6,4.4,1,1,2,1,1,0,2,6,7.7
0,2,7.5,0,60,71,1,1,0,33.4,28.8,1.4,69.0,4.3,0,0,0,0,0,0,2,0,5.6
1,6,8.2,1,61,76,1,3,2,56.1,38.4,7.5,90.0,4.8,1,0,0,0,0,0,0,2,6.8
1,2,8.4,0,80,86,2,3,0,71.5,52.0,7.1,90.0,4.8,1,1,1,3,1,1,1,7,7.6
0,0,6.6,0,60,65,0,1,2,20.0,15.3,1.6,68.0,4.1,0,0,0,0,0,0,1,4,2.9
1,7,7.8,0,56,69,1,2,0,57.1,46.1,3.8,75.1,4.4,1,1,0,0,0,0,1,3,6.9
1,0,8.3,0,68,66,1,2,1,62.1,41.9,5.7,81.0,4.6,1,1,2,2,1,1,2,5,7.5
1,2,8.2,0,78,70,1,1,2,47.1,35.5,1.9,79.0,4.2,0,0,0,0,0,1,1,7,6.8
0,5,7.6,0,73,71,1,1,0,31.4,42.3,2.1,69.0,4.5,0,0,0,0,0,0,0,8,5.0
0,1,8.6,0,85,86,1,3,2,75.5,54.7,5.8,82.0,4.8,1,1,3,2,1,1,1,8,8.7
0,6,7.2,0,56,66,1,1,2,31.9,36.9,3.1,75.2,3.6,0,0,3,3,1,0,2,9,4.0
1,5,6.7,0,55,66,1,1,0,20.0,10.4,0.0,76.0,4.2,0,1,0,0,0,0,1,8,2.0
0,3,7.6,0,55,74,1,3,1,51.1,37.6,6.0,71.0,4.8,1,1,0,0,0,0,0,0,5.2
1,6,7.1,0,72,81,1,0,3,32.1,30.6,3.7,80.0,4.6,1,1,4,2,1,1,1,2,3.0
1,2,7.8,0,79,83,2,3,1,54.2,51.6,7.3,85.0,4.8,1,1,4,1,1,0,2,8,5.7
0,10,8.2,0,78,85,0,3,0,51.7,41.1,5.9,89.2,4.5,1,0,4,3,1,1,0,8,7.0
1,1,8.1,0,55,80,1,2,1,56.7,51.4,4.4,85.0,4.7,0,1,0,0,0,0,1,8,8.6
0,2,7.7,1,56,65,0,1,0,34.6,25.3,3.3,71.0,3.5,0,0,0,0,0,1,0,0,6.4
0,0,8.1,0,81,87,2,3,2,70.3,44.0,6.7,90.0,4.8,1,1,1,3,1,1,1,5,7.5
1,4,7.9,0,78,69,1,3,1,49.4,45.9,5.5,77.0,4.1,1,1,0,0,0,0,0,2,7.4
1,2,8.7,1,87,84,2,3,3,74.6,54.1,6.5,81.0,4.2,1,1,3,2,1,1,0,4,7.3
1,7,7.5,0,56,70,2,1,3,23.9,17.6,1.7,81.9,4.5,1,0,0,1,0,0,1,4,5.2
1,6,7.1,0,78,69,1,2,1,30.3,21.8,7.1,90.0,4.7,0,0,0,0,0,0,0,5,5.2
1,6,8.5,0,84,88,1,2,3,74.3,58.4,8.2,90.0,4.5,1,1,3,2,1,1,0,2,7.7
0,4,8.1,0,62,75,1,1,1,36.4,20.1,4.0,77.0,4.1,1,1,1,3,1,1,1,7,5.1
1,7,7.7,0,61,70,2,3,1,50.0,38.1,2.9,79.9,3.8,0,1,0,0,0,0,0,7,6.2
1,7,6.6,0,56,71,1,3,1,31.3,22.6,6.2,70.3,3.9,0,1,0,0,0,0,0,5,2.3
1,4,6.5,2,55,70,1,1,0,20.0,32.9,2.2,77.0,4.2,0,1,0,0,0,0,1,3,3.8
0,0,7.5,0,56,69,1,1,1,28.1,30.4,2.5,66.0,4.1,0,1,0,0,0,0,1,0,4.8
1,4,8.2,0,74,82,1,0,0,42.2,50.2,2.1,84.0,4.8,1,1,3,2,1,0,1,7,5.9
0,9,7.5,0,58,70,0,1,0,33.8,27.5,2.8,77.2,4.1,0,1,0,0,0,0,2,6,5.8
1,11,6.5,1,75,69,2,1,1,25.2,38.8,2.5,75.8,4.8,1,0,0,0,0,0,1,9,2.1
1,0,8.5,0,76,83,0,2,2,58.8,63.4,5.8,75.0,4.5,1,0,1,3,1,1,1,5,8.8
1,1,8.4,0,69,73,1,3,1,71.3,60.6,3.2,78.0,4.4,0,0,0,0,0,1,2,8,8.9
1,2,7.7,2,75,70,1,1,1,36.5,26.0,2.2,70.0,4.3,1,1,0,0,0,0,1,8,4.6
1,9,6.5,1,59,60,0,1,1,20.0,24.9,4.8,71.6,3.9,0,1,0,0,0,0,2,3,3.8
1,3,8.1,0,64,83,2,3,3,71.5,54.6,7.8,90.0,4.7,1,1,3,2,1,1,1,8,6.1
1,11,7.4,0,55,71,1,1,2,35.2,37.1,1.6,62.1,4.8,1,1,0,0,0,0,1,6,5.5
0,7,8.5,0,71,86,1,1,0,61.9,54.7,0.6,87.7,4.4,1,1,2,3,1,1,2,0,7.5
1,3,6.5,0,56,70,1,1,1,20.0,21.5,0.3,71.0,4.1,0,0,0,0,0,0,0,5,4.4
1,2,7.9,0,80,84,2,3,2,54.1,42.0,6.5,90.0,4.8,1,1,0,0,0,1,2,8,7.6
0,5,7.9,0,83,73,2,2,1,47.7,50.6,5.1,88.0,4.5,1,1,3,2,1,0,1,8,4.7
1,3,7.4,1,70,70,1,2,2,37.0,22.2,5.3,78.0,4.7,0,1,1,3,1,0,1,2,3.5
1,2,6.6,0,55,62,1,2,0,23.7,18.1,4.0,70.0,4.0,0,0,0,0,0,0,1,6,3.3
1,7,7.8,0,74,79,0,3,0,51.5,35.9,7.2,81.2,4.4,0,0,3,1,1,1,1,4,5.9
0,10,8.4,0,75,88,1,2,2,77.0,69.6,8.0,89.0,4.8,1,0,4,3,1,1,0,8,9.1
1,6,7.5,0,56,63,0,0,1,28.1,12.3,4.9,62.5,3.2,0,0,0,0,0,0,2,7,3.2
0,6,8.6,1,68,82,1,3,3,71.9,71.3,7.0,81.3,4.5,1,1,1,2,1,1,1,4,10.2
1,7,8.1,1,56,68,2,1,1,65.0,58.5,3.0,67.7,4.8,1,0,0,0,0,0,2,8,7.1
1,2,7.6,0,73,86,1,2,1,33.1,34.1,4.0,88.0,4.2,1,1,2,2,1,0,1,6,4.0
1,5,8.0,0,72,81,1,3,1,64.1,46.0,8.6,89.0,4.8,1,0,2,2,1,1,1,8,6.6
1,0,8.5,0,75,84,1,3,2,61.0,49.1,6.5,75.0,4.5,1,1,0,0,0,0,1,5,7.2
1,7,8.3,0,75,86,1,1,2,62.2,45.2,5.0,90.0,4.6,1,1,0,0,0,1,0,7,8.8
0,6,8.2,1,77,82,0,3,2,66.9,50.6,7.6,90.0,4.3,0,1,3,1,1,1,1,7,7.0
1,7,8.4,0,81,79,1,2,2,75.9,63.8,5.2,82.3,4.4,1,0,0,0,0,0,2,7,9.2
0,9,6.7,1,59,69,0,1,1,23.6,28.0,4.3,77.8,4.4,0,1,0,0,0,1,2,9,4.5
1,6,7.6,1,56,64,0,0,1,28.7,13.1,5.3,61.7,3.2,0,0,0,0,0,0,1,2,4.3
1,4,7.7,0,82,87,0,2,0,45.1,31.1,5.1,73.0,4.2,1,1,4,1,1,1,1,7,5.9
1,8,6.6,1,74,75,0,0,0,20.0,18.8,4.8,83.8,3.7,1,1,2,3,1,0,1,7,2.9
0,8,7.2,0,67,65,1,3,2,26.4,9.4,3.9,68.8,3.1,0,1,0,1,0,0,1,8,2.8
1,7,8.3,0,81,88,0,3,0,63.4,37.6,6.2,90.0,4.6,1,1,4,3,1,1,2,7,7.7
0,6,8.7,0,76,85,0,3,2,70.7,61.7,7.0,90.0,4.8,1,1,3,1,1,0,1,4,8.2
1,8,7.5,0,90,67,0,3,1,40.1,39.5,5.0,85.7,4.5,1,1,4,2,1,0,0,1,4.0
1,0,7.9,0,62,70,0,3,0,48.5,40.6,7.3,75.0,3.6,1,1,3,1,1,0,0,4,5.9
1,11,8.2,0,75,65,2,3,0,71.0,59.6,6.3,76.5,3.9,1,1,0,0,0,0,2,8,8.3
0,6,7.8,0,55,62,0,2,0,29.7,17.4,1.3,65.0,3.9,0,1,0,0,0,0,2,2,4.9
1,10,6.9,2,84,82,2,3,2,29.7,8.1,7.7,82.1,4.8,1,0,1,3,1,0,2,8,2.0
1,0,7.6,0,65,58,0,1,1,30.6,19.4,2.1,62.0,3.9,0,0,0,0,0,0,1,1,4.1
1,11,8.2,0,78,83,1,3,0,60.5,59.9,7.0,90.0,4.7,1,1,1,3,1,1,1,8,7.8
1,4,8.0,0,79,78,1,3,0,66.5,47.6,6.7,89.0,4.5,1,1,3,2,1,1,1,3,7.0
1,0,7.4,1,55,67,1,2,1,34.2,32.0,4.2,68.0,3.3,0,0,0,0,0,0,2,8,6.0
1,7,8.1,0,81,80,1,2,0,55.9,41.8,5.0,82.1,3.9,1,1,4,3,1,0,1,0,6.8
1,2,8.1,0,72,83,0,3,2,49.5,36.4,7.5,79.0,4.3,1,1,1,3,1,1,2,9,5.8
1,4,8.0,0,88,71,1,3,2,67.7,62.7,6.1,88.0,3.9,0,0,1,3,1,0,0,0,6.5
1,2,8.4,0,57,82,2,1,0,57.2,57.5,2.1,86.0,4.6,1,1,0,0,0,1,0,4,7.9
1,4,6.8,0,55,66,1,1,1,20.0,26.2,5.8,80.0,4.3,1,1,1,3,1,0,0,0,4.4
1,0,8.3,0,89,85,2,3,2,71.3,59.6,7.6,81.0,4.7,1,0,1,3,1,1,1,5,8.2
0,4,8.3,1,71,66,2,2,2,60.9,47.5,4.0,75.0,3.8,0,1,0,0,0,1,2,1,8.2
0,0,8.0,0,75,84,2,3,2,54.8,57.4,6.9,83.0,4.8,1,1,2,2,1,0,2,1,7.0
1,2,7.8,0,66,86,1,2,2,47.3,36.9,4.1,76.0,4.7,1,1,1,3,1,0,1,1,5.1
0,9,7.3,0,77,85,0,2,3,31.7,36.5,5.7,90.0,4.5,1,1,3,3,1,0,1,8,3.6
1,4,6.5,1,66,66,1,2,1,20.0,13.9,4.2,69.0,3.7,0,0,0,0,0,0,2,1,3.2
1,11,8.4,1,62,63,0,3,1,62.7,41.7,5.0,82.9,4.0,1,0,3,2,1,1,0,8,7.5
0,0,8.2,0,64,84,1,3,2,63.9,45.0,6.6,89.0,4.7,1,1,0,0,0,0,2,1,8.3
1,0,8.6,0,83,77,2,2,2,65.8,50.1,5.8,88.0,4.8,1,0,2,3,1,1,2,5,7.2
1,7,7.7,1,71,74,2,3,1,63.2,43.9,5.3,89.6,4.4,1,1,2,1,1,1,1,0,6.6
1,4,8.6,0,55,70,1,3,0,69.9,49.4,7.8,77.0,4.0,0,1,0,0,0,1,0,2,9.0
1,2,8.0,1,77,70,2,3,2,59.2,52.7,7.8,90.0,4.7,1,1,0,0,0,1,0,9,7.8
1,1,7.6,0,58,67,0,1,1,29.4,33.4,1.8,77.0,3.4,0,0,0,0,0,0,1,8,5.0
1,7,7.5,1,82,64,2,3,0,53.5,29.0,5.2,79.2,4.5,1,0,1,1,0,0,2,0,6.0
1,4,6.5,1,72,87,1,2,1,25.2,33.6,4.8,88.0,4.5,1,1,2,3,1,1,1,3,3.1
1,10,7.9,1,83,86,0,1,2,36.0,30.4,1.6,68.1,4.5,0,0,4,1,1,0,1,8,5.6
1,5,6.9,1,76,71,1,2,0,24.5,36.2,5.7,67.0,3.7,0,1,0,0,0,0,1,2,3.2
1,4,7.4,1,73,78,1,1,0,39.0,32.0,0.0,77.0,3.6,0,1,0,0,0,0,2,0,4.7
1,0,8.6,0,77,69,1,2,1,63.6,62.1,4.3,77.0,3.9,1,1,0,0,0,0,1,8,9.2
1,5,7.5,0,72,70,0,1,1,28.1,42.2,1.8,82.0,4.7,0,0,0,0,0,0,0,7,7.1
0,9,8.3,1,58,67,0,2,1,58.9,59.8,4.8,84.3,4.2,0,0,1,0,0,1,1,8,8.6
1,4,8.0,0,80,65,1,2,1,49.0,34.9,2.8,71.0,4.1,1,1,0,0,0,0,1,8,7.0
0,11,7.1,0,78,71,1,0,1,27.7,32.6,2.1,76.3,4.3,0,1,0,0,0,1,1,2,4.2
1,7,8.4,0,74,88,1,3,2,62.8,50.5,7.2,90.0,4.8,1,1,3,2,1,1,1,0,8.0
1,5,8.1,0,75,86,2,3,2,67.4,55.9,8.0,86.0,4.8,1,1,3,1,1,1,1,8,7.4
0,3,6.7,0,55,58,0,1,0,20.0,30.2,1.9,65.0,4.3,0,1,0,0,0,1,2,8,3.5
1,2,8.4,0,55,65,1,2,0,56.5,57.5,5.5,76.0,4.7,1,1,0,0,0,0,2,8,7.3
1,3,7.9,0,79,71,1,1,0,41.4,48.9,1.8,71.0,4.4,0,1,0,0,0,0,2,4,6.9
1,0,8.3,0,82,85,2,3,2,70.0,51.6,7.7,84.0,4.8,1,1,1,3,1,1,2,3,7.1
1,4,8.3,0,72,85,2,3,2,78.9,50.9,6.7,85.0,4.7,1,1,0,0,0,1,1,0,9.6
1,4,8.8,0,63,72,1,3,0,88.1,67.7,6.1,86.0,4.4,1,1,0,0,0,1,1,0,9.3
1,0,7.3,2,55,67,1,1,1,31.6,37.2,1.0,73.0,4.0,0,1,0,0,0,0,1,7,3.7
1,4,7.6,0,76,83,1,2,1,53.7,51.3,5.5,73.0,4.3,1,1,2,3,1,1,0,0,5.9
0,0,8.0,0,75,88,2,3,2,63.6,49.7,6.6,90.0,4.8,1,1,3,2,1,0,2,2,7.0
1,5,7.6,0,58,65,1,2,0,42.4,24.2,4.6,86.0,4.2,0,1,0,0,0,1,0,8,5.8
1,7,8.6,1,83,77,2,3,2,68.2,49.8,5.4,90.0,4.8,1,0,1,3,1,0,1,7,6.5
1,10,7.5,0,78,69,1,3,1,45.2,40.2,3.2,77.9,4.4,0,1,0,1,0,1,1,8,6.2
0,3,6.5,0,64,69,1,1,1,20.0,23.8,1.7,61.0,4.2,0,1,0,0,0,0,2,8,4.4
1,11,8.6,0,75,81,1,3,2,68.8,67.5,7.6,90.0,4.8,1,0,2,2,1,1,1,6,9.5
1,4,8.2,0,77,86,2,3,2,71.4,71.0,6.7,87.0,4.8,1,1,3,2,1,1,1,9,8.5
0,6,7.5,2,60,77,1,2,2,42.2,31.5,6.1,73.8,4.8,1,0,0,1,0,0,1,2,4.7
0,10,8.2,0,80,86,1,3,0,49.2,47.6,5.5,76.9,4.8,1,1,3,2,1,1,1,6,6.8
1,4,7.7,0,80,82,0,3,0,52.1,44.1,6.2,83.0,4.5,1,1,0,0,0,1,2,2,6.8
0,4,8.0,0,73,85,2,3,2,71.8,54.2,7.2,90.0,4.6,1,1,2,2,1,1,1,1,6.9
0,3,7.4,0,71,62,1,3,1,60.0,41.9,6.6,78.0,4.3,0,1,0,0,0,1,2,4,5.8
0,5,6.7,0,55,63,1,1,0,25.7,27.6,3.9,73.0,3.5,1,1,0,0,0,0,0,2,3.1
1,6,7.9,0,84,88,1,3,2,66.8,60.9,8.2,90.0,4.8,1,0,4,1,1,0,1,4,7.8
1,8,7.5,0,89,66,0,3,3,35.3,26.9,5.2,79.5,4.6,1,1,1,2,1,0,2,7,3.5
1,7,7.4,1,55,71,1,2,3,39.2,36.7,4.6,79.6,4.1,0,0,4,1,1,1,1,0,6.0
1,4,7.5,0,61,70,1,2,1,43.5,39.0,3.8,79.0,4.5,0,1,0,0,0,0,1,0,5.3
1,3,8.2,0,55,67,1,1,1,45.3,25.4,3.9,79.0,4.8,1,1,0,0,0,0,1,8,6.6
0,8,7.7,1,55,59,0,1,1,32.8,23.6,2.8,74.9,4.2,1,0,0,0,0,0,2,2,4.6
0,0,8.6,0,82,81,2,3,2,76.4,55.5,7.3,78.0,4.8,1,1,0,0,0,1,0,2,8.8
0,3,7.8,0,63,84,2,3,2,59.7,54.5,9.1,82.0,4.2,1,1,3,2,1,1,1,8,7.0
1,4,8.3,0,74,88,1,2,2,55.3,51.9,4.0,86.0,4.5,1,1,2,2,1,1,2,2,7.6
1,1,7.5,0,85,83,2,2,2,51.5,54.9,4.7,90.0,4.3,1,1,3,2,1,0,1,8,5.1
0,3,6.8,2,81,67,0,2,0,20.0,24.1,4.5,73.0,4.2,1,1,0,0,0,0,1,7,3.9
1,9,8.3,0,71,84,0,3,2,67.6,55.5,7.3,90.0,4.8,1,1,2,2,1,0,1,8,8.5
0,4,8.8,0,73,85,1,3,2,69.3,57.2,9.7,89.0,4.5,1,1,3,1,1,1,1,9,8.9
1,7,8.3,1,78,82,1,2,1,73.8,40.2,7.4,87.1,4.8,1,1,2,1,1,1,2,4,7.3
0,6,8.8,0,83,83,2,3,2,78.3,52.1,8.5,90.0,4.6,1,1,4,1,1,1,1,1,9.9
1,6,8.4,0,86,85,1,2,1,72.8,60.1,7.2,90.0,4.8,1,1,3,1,1,1,2,5,8.3
1,8,8.4,1,74,73,1,3,2,66.6,55.7,6.5,76.1,4.5,1,1,0,0,0,1,2,2,7.5
0,2,7.4,0,64,63,0,2,0,37.0,35.7,3.6,74.0,4.1,0,1,1,3,1,1,1,2,4.9
1,0,7.9,1,57,66,1,2,1,47.1,58.2,4.5,76.0,4.1,1,1,0,0,0,0,1,5,6.4
0,5,6.7,0,62,65,1,1,1,20.0,11.2,0.3,73.0,4.0,0,1,0,0,0,0,1,9,2.3
1,8,7.8,0,64,67,0,1,0,23.1,5.7,2.6,72.0,3.6,0,1,0,1,0,0,2,6,4.8
0,11,7.3,1,67,73,1,3,0,42.0,50.0,4.6,75.9,4.7,0,1,1,1,0,1,1,5,6.1
1,2,7.9,0,56,82,1,3,1,58.6,45.8,6.9,80.0,4.2,1,1,3,2,1,1,0,8,5.9
1,4,6.5,1,75,68,1,1,0,20.0,20.4,2.9,78.0,4.5,0,1,0,0,0,0,2,4,3.3
1,2,7.9,0,60,69,1,1,0,37.3,23.3,2.0,90.0,4.1,0,1,2,3,1,0,1,3,4.8
1,0,6.7,0,55,68,1,2,0,29.8,25.1,3.8,74.0,4.6,1,1,2,2,1,1,2,0,2.6
0,5,8.3,0,65,65,0,3,2,60.9,51.8,7.4,78.0,4.1,1,1,2,3,1,1,1,9,7.3
1,3,8.4,0,79,88,2,3,2,79.0,55.7,6.0,90.0,4.8,1,1,2,2,1,1,1,8,8.7
1,2,8.5,0,74,72,0,3,2,64.6,43.7,6.8,90.0,4.6,0,1,1,3,1,1,2,8,7.7
1,6,7.7,1,59,61,0,1,2,36.3,36.4,2.3,76.8,3.6,0,1,0,0,0,1,2,2,6.5
0,6,8.1,0,86,83,1,2,2,69.0,56.9,7.2,87.7,4.8,1,1,3,2,1,0,0,0,7.5
1,0,7.9,0,83,67,1,2,1,47.2,47.4,6.3,86.0,4.4,1,1,0,0,0,1,1,0,6.5
1,0,8.3,0,67,82,1,2,1,61.3,42.7,6.1,85.0,4.8,1,1,3,2,1,1,2,5,6.7
1,0,8.2,0,77,85,2,3,2,58.9,43.7,6.4,90.0,4.8,1,1,2,2,1,1,2,1,6.2
1,2,6.5,1,57,69,0,2,1,20.0,19.0,4.3,72.0,4.5,0,0,0,0,0,0,0,7,2.0
1,8,7.4,0,55,73,1,1,0,20.0,18.2,3.0,76.0,3.8,0,1,0,1,0,0,0,7,4.4
1,7,8.5,1,83,71,2,3,2,63.4,48.1,3.0,90.0,4.8,1,1,3,1,1,1,1,2,6.4
1,4,7.6,0,76,72,0,2,0,36.8,27.7,4.1,79.0,4.6,0,1,0,0,0,0,0,2,6.0
0,3,7.5,0,62,70,0,1,1,23.5,27.6,0.1,82.0,3.8,0,1,0,0,0,0,0,4,5.8
1,0,7.5,0,55,62,2,2,1,37.3,23.4,2.4,81.0,4.4,0,0,0,0,0,0,1,0,4.6
1,0,7.4,0,55,72,0,1,1,28.5,30.1,0.0,83.0,3.8,0,0,0,0,0,0,1,0,5.2
1,6,8.5,0,72,81,2,3,2,81.7,70.3,7.7,90.0,4.1,1,1,4,1,1,1,1,4,9.8
1,5,6.7,0,57,70,0,1,1,20.0,24.6,1.7,64.0,4.4,0,1,0,0,0,0,1,8,2.5
0,11,7.6,1,77,68,0,2,0,41.8,38.1,3.5,72.5,4.4,0,1,2,2,1,0,2,6,4.8
0,11,8.1,0,67,84,0,2,0,52.8,59.2,5.8,87.9,4.0,0,1,3,1,1,0,1,8,6.5
1,11,7.6,1,80,86,2,1,1,55.3,54.2,6.4,88.1,4.6,1,1,0,0,0,1,2,4,7.5
1,6,7.5,0,55,78,1,1,1,29.3,23.8,3.0,80.8,3.5,0,1,0,1,0,0,1,3,3.7
1,0,6.7,0,55,68,0,1,0,20.0,25.4,3.0,74.0,4.2,1,1,0,0,0,0,2,1,2.4
0,2,8.3,0,73,81,2,2,2,58.3,50.9,5.9,90.0,4.7,1,0,0,0,0,1,2,6,7.5
1,6,8.2,1,77,83,1,3,2,72.6,50.9,6.9,90.0,4.8,1,1,4,1,1,0,1,5,7.4
1,2,7.7,0,58,72,0,2,0,38.5,22.9,2.6,79.0,4.0,0,0,0,0,0,0,1,8,5.4
0,3,8.0,0,79,84,1,3,2,54.2,38.9,7.3,90.0,4.8,1,1,3,2,1,1,2,0,5.4
1,1,7.3,0,55,65,1,2,0,37.8,37.6,3.7,82.0,4.4,1,0,0,0,0,0,1,5,5.8
1,5,8.4,0,66,84,0,3,2,62.0,63.5,7.0,90.0,4.6,1,1,0,0,0,1,2,8,9.8
1,4,8.2,0,74,85,2,1,0,57.3,47.1,2.0,87.0,4.8,1,1,2,2,1,1,1,2,6.9
1,2,8.0,0,82,82,0,3,2,54.6,46.0,6.3,79.0,4.6,1,0,2,2,1,0,1,8,6.0
1,0,6.6,1,68,69,1,1,0,26.3,33.1,2.9,86.0,4.4,1,1,3,2,1,0,2,1,3.6
0,6,8.4,0,81,84,1,3,3,76.5,72.4,7.2,88.1,4.8,1,1,1,2,1,1,0,9,7.0
1,4,8.2,0,82,77,2,3,1,64.9,53.3,7.3,90.0,4.8,1,1,2,2,1,1,0,0,7.5
1,0,7.4,0,58,69,0,1,0,21.1,20.0,0.2,82.0,4.1,0,1,0,0,0,0,0,2,4.0
1,1,7.5,0,55,68,1,2,0,34.3,35.2,2.4,86.0,3.8,0,0,0,0,0,0,2,2,4.5
1,2,8.1,0,61,82,1,1,0,40.6,29.8,2.9,86.0,4.8,0,1,2,2,1,0,0,1,4.9
1,7,8.4,0,81,84,0,3,1,69.6,47.4,7.3,78.5,4.6,1,1,0,0,0,1,0,7,8.3
0,4,8.1,0,79,82,2,3,0,70.0,60.5,5.0,90.0,4.7,1,1,3,2,1,0,2,4,8.2
1,1,6.5,0,55,66,1,2,0,20.0,16.1,2.9,69.0,3.7,0,0,0,0,0,0,2,6,3.0
0,4,8.2,0,71,85,2,2,0,53.9,39.3,3.9,90.0,4.2,0,1,1,3,1,1,1,3,6.5
1,1,7.7,1,82,72,0,1,2,46.7,29.0,3.4,72.0,4.3,1,0,0,0,0,1,2,8,5.5
1,6,8.6,1,81,86,0,3,0,70.2,69.5,6.3,83.6,4.8,1,1,3,3,1,1,0,2,8.8
1,5,7.8,0,66,84,1,3,2,58.9,61.9,6.8,84.0,4.6,1,1,3,2,1,1,1,6,5.6
1,5,7.5,0,58,65,1,1,0,26.9,24.3,2.0,78.0,4.5,0,0,0,0,0,0,1,8,4.4
1,2,6.5,0,74,85,1,2,1,21.8,25.0,3.8,70.0,3.9,1,1,0,0,0,0,1,8,2.6
1,4,8.2,0,55,62,1,2,0,54.4,46.0,5.8,81.0,4.4,0,1,0,0,0,1,2,5,8.9
0,5,8.1,0,71,81,1,3,0,56.9,42.8,7.1,90.0,4.6,0,1,4,1,1,1,1,9,7.1
1,8,6.6,0,56,69,2,1,1,20.0,24.1,3.6,86.3,4.7,0,1,1,0,0,0,0,7,2.0
0,5,8.5,0,67,81,2,1,3,54.6,49.0,3.1,82.0,3.6,1,1,0,0,0,1,0,6,9.0
1,0,7.5,0,69,86,2,3,3,60.3,50.6,7.4,86.0,4.1,1,1,0,0,0,0,0,9,5.8
1,11,7.5,0,72,70,2,2,0,48.3,30.8,4.2,72.0,4.5,1,1,1,0,0,1,2,6,4.8
0,6,8.4,0,70,65,0,2,2,50.1,46.5,3.1,82.1,4.8,0,0,2,2,1,1,1,9,7.7
0,2,7.6,0,85,77,0,2,2,35.7,37.1,4.8,90.0,4.6,1,1,3,2,1,1,2,8,5.1
0,4,6.6,1,64,62,0,1,1,20.0,21.6,3.2,72.0,3.9,0,0,0,0,0,0,0,0,2.8
1,3,7.9,0,74,80,1,3,2,55.6,38.8,7.1,81.0,4.8,0,1,2,2,1,1,2,8,5.7
1,3,6.5,0,56,66,1,1,1,20.0,16.6,3.0,82.0,3.4,0,0,0,0,0,0,2,8,3.9
0,6,7.7,0,77,68,1,2,0,56.6,39.1,8.7,83.1,4.1,1,1,4,1,1,1,0,2,6.2
1,2,8.8,0,84,88,2,3,2,69.4,49.9,6.5,90.0,4.8,1,1,4,1,1,1,0,7,7.8
0,2,7.7,0,90,76,2,2,0,48.2,48.5,3.9,82.0,4.3,1,0,0,0,0,0,2,4,8.1
1,6,8.2,0,82,88,2,3,2,69.1,57.4,7.1,90.0,4.8,1,1,2,1,1,1,0,2,8.2
1,10,6.6,0,80,64,1,2,0,29.3,21.9,3.7,74.3,4.0,0,1,4,3,1,1,1,7,2.0
1,0,7.5,1,80,81,2,3,0,51.3,51.6,7.3,87.0,4.6,1,0,2,3,1,1,2,4,5.7
0,6,8.3,0,79,84,0,2,1,67.9,66.2,6.6,90.0,4.8,1,1,2,1,1,0,2,4,6.7
0,4,8.0,0,74,79,2,3,2,64.9,49.1,5.5,79.0,4.8,0,0,3,2,1,1,2,0,7.4
0,9,7.3,0,57,59,0,1,1,21.8,25.3,3.1,68.2,4.2,1,1,0,0,0,1,2,4,2.8
1,0,7.1,0,78,69,1,2,0,26.4,17.6,6.5,89.0,4.7,0,0,0,0,0,0,1,5,5.0
0,2,7.5,0,57,68,1,1,0,34.1,33.3,0.6,78.0,3.6,0,0,0,0,0,0,2,2,4.7
1,5,7.0,2,62,64,1,2,2,40.0,44.9,6.2,82.0,3.9,0,0,0,0,0,0,1,7,4.9
1,5,7.7,0,57,70,1,1,0,37.6,39.1,1.5,60.0,4.3,0,0,0,0,0,0,2,8,6.8
0,3,7.5,0,69,69,2,1,0,37.6,30.0,1.0,77.0,4.3,0,0,0,0,0,0,1,8,4.7
0,0,8.3,0,77,84,2,3,2,72.2,54.8,6.5,68.0,3.9,1,0,2,2,1,1,1,0,6.7
1,7,8.3,0,76,83,2,3,3,68.4,58.5,5.6,90.0,4.8,1,1,4,1,1,1,2,7,7.5
0,1,8.3,1,80,75,1,1,0,46.0,37.6,3.4,80.0,3.6,0,1,0,0,0,0,1,8,5.6
0,0,6.5,0,60,69,1,1,1,20.0,5.5,4.0,68.0,3.4,0,0,0,0,0,0,1,0,2.0
0,2,6.5,0,56,71,1,1,0,20.0,21.7,4.4,72.0,4.0,0,1,0,0,0,0,1,9,2.8
0,6,8.4,0,78,79,1,3,2,73.2,49.7,7.8,84.5,4.4,1,1,0,0,0,1,0,1,7.9
1,5,7.6,0,64,76,1,1,2,34.0,24.2,2.9,73.0,4.2,1,0,0,0,0,0,1,8,4.5
0,0,7.5,0,55,69,0,2,1,32.3,27.8,4.1,83.0,4.6,0,1,0,0,0,0,2,7,6.6
1,8,6.6,0,62,79,0,2,0,20.0,28.9,3.4,79.7,4.2,1,0,0,1,0,0,1,1,3.8
1,3,6.7,1,75,72,1,1,1,20.0,24.8,3.1,70.0,4.5,0,1,0,0,0,0,1,8,2.9
1,3,7.7,0,55,85,1,3,2,50.9,36.2,7.7,74.0,4.4,1,1,0,0,0,0,1,7,5.9
0,2,8.5,0,76,83,1,3,2,69.4,53.9,6.5,90.0,4.5,1,1,0,0,0,1,2,6,8.1
1,6,8.6,1,79,79,1,3,1,70.2,46.0,6.6,90.0,4.7,1,1,4,1,1,1,2,9,8.7
1,5,8.2,0,89,84,2,2,2,63.5,39.1,6.0,90.0,4.8,1,1,3,2,1,1,0,9,7.1
1,0,7.7,0,67,85,1,3,1,55.2,45.7,6.0,72.0,4.5,1,1,4,1,1,0,1,4,6.8
1,10,8.1,0,79,87,1,3,1,53.4,57.2,7.8,89.8,4.8,1,1,1,2,1,0,2,8,6.7
1,1,7.7,0,72,88,1,1,1,36.5,32.6,3.9,74.0,4.5,1,1,4,1,1,0,0,4,4.5
1,0,7.7,0,76,66,1,1,2,37.4,29.6,1.5,76.0,4.6,0,1,0,0,0,0,1,6,4.7
1,3,6.5,0,57,67,1,1,1,20.0,8.0,2.3,80.0,3.6,0,0,0,0,0,0,1,8,2.0
1,10,8.4,1,68,82,2,3,1,67.3,42.8,7.8,89.4,4.8,1,1,3,2,1,1,0,7,7.1
1,11,6.8,2,57,70,2,2,0,22.3,29.6,6.5,69.1,3.7,0,1,0,0,0,1,2,7,3.0
1,2,7.8,0,55,77,1,1,0,36.1,34.8,2.2,82.0,4.6,1,1,2,2,1,0,2,6,6.0
1,4,6.8,0,72,82,2,2,2,29.5,15.4,5.4,80.0,4.5,1,1,2,2,1,0,2,4,2.0
0,0,7.8,0,63,65,1,1,0,35.5,42.3,1.3,70.0,4.2,0,1,0,0,0,0,0,2,6.0
1,0,8.5,0,65,85,1,3,1,78.6,51.4,9.0,77.0,4.7,1,1,0,0,0,1,2,4,9.8
1,4,8.3,0,90,86,2,3,2,78.3,62.7,5.7,90.0,4.8,1,1,3,1,1,1,1,5,7.9
1,2,6.5,1,57,62,0,2,1,20.0,34.6,5.5,65.0,4.2,1,0,0,0,0,0,2,7,2.9
0,8,7.8,0,59,72,0,2,1,38.7,45.5,5.5,72.7,4.3,1,1,0,0,0,0,0,6,6.4
1,2,8.3,0,84,79,2,3,0,66.7,65.0,8.7,83.0,4.8,1,1,3,2,1,1,0,0,8.0
1,5,8.0,0,62,64,0,0,2,28.3,25.8,1.5,76.0,4.8,1,0,3,2,1,1,2,7,5.7
1,11,6.6,1,82,70,0,1,3,21.0,16.9,4.1,82.7,4.6,1,1,0,0,0,0,2,3,2.4
1,0,7.5,1,55,64,1,1,0,32.8,34.9,2.4,65.0,3.3,1,1,0,0,0,0,0,3,4.8
1,0,7.8,0,75,86,0,2,0,45.1,40.7,5.3,78.0,4.8,1,1,4,1,1,0,1,1,5.6
0,6,8.2,0,74,85,2,3,1,74.5,73.1,8.6,90.0,4.6,1,1,2,2,1,1,1,2,8.2
1,2,8.7,0,55,80,1,2,1,67.5,56.0,5.7,74.0,4.2,1,1,2,3,1,1,2,0,8.6
1,3,7.6,1,79,86,0,1,0,28.7,22.2,0.6,83.0,4.0,0,1,0,0,0,0,2,8,3.9
1,4,8.1,0,72,82,0,2,1,49.7,52.3,4.5,88.0,3.8,1,1,0,0,0,0,2,3,7.0
1,3,8.1,1,76,74,1,2,1,58.6,54.5,5.5,68.0,4.8,1,1,2,3,1,0,1,0,5.8
0,4,6.6,1,61,66,2,1,0,20.0,27.2,2.1,60.0,4.1,1,0,0,0,0,1,2,6,2.7
0,0,7.9,0,77,85,0,2,0,42.9,44.7,4.0,70.0,4.7,1,1,3,1,1,0,1,6,5.8
1,2,6.5,2,55,75,1,1,0,20.0,25.9,1.6,71.0,4.2,1,1,0,0,0,0,0,2,2.1
1,7,8.3,0,80,84,2,3,3,67.9,54.6,7.9,90.0,4.8,1,1,3,3,1,1,2,7,6.8
1,6,8.4,0,75,81,1,2,0,56.7,43.4,5.0,79.5,4.6,1,1,4,3,1,0,1,0,8.3
1,5,6.5,0,68,69,0,1,2,20.0,23.0,2.2,85.0,3.6,0,0,0,0,0,1,1,0,2.5
1,0,8.3,0,70,83,0,2,2,53.9,33.3,7.2,83.0,4.3,1,1,3,2,1,1,1,2,6.8
0,3,7.4,1,63,66,1,1,1,28.4,23.3,1.4,65.0,4.3,0,0,0,0,0,0,2,7,6.0
0,11,8.1,0,88,81,2,2,1,69.4,55.8,6.2,82.4,4.4,1,1,1,3,1,0,2,7,8.8
1,11,7.3,1,56,69,1,3,1,35.1,33.2,3.8,80.2,4.1,0,1,0,0,0,1,1,1,4.4
0,1,8.1,0,72,88,1,3,0,65.5,52.5,7.4,86.0,4.5,1,1,3,2,1,1,2,8,6.7
1,0,7.9,0,62,60,1,1,1,40.3,18.0,2.9,69.0,3.9,0,0,0,0,0,0,1,3,3.8
0,10,6.6,1,72,67,0,1,0,20.4,27.0,0.8,72.7,3.7,0,0,0,0,0,0,0,8,3.6
1,3,8.3,0,71,65,1,3,1,67.7,56.7,7.2,73.0,4.7,1,0,0,0,0,1,0,4,8.6
1,5,8.2,0,83,85,0,3,2,59.0,43.7,6.2,76.0,4.7,1,1,0,0,0,1,1,9,7.8
0,2,7.2,0,55,69,0,1,0,21.2,18.5,0.0,73.0,4.1,0,1,1,3,1,1,0,0,3.6
0,5,8.2,0,64,80,1,1,2,50.0,32.3,3.1,83.0,4.4,1,1,1,3,1,0,2,5,5.8
1,7,8.4,0,76,82,1,3,1,64.2,44.6,4.6,81.9,3.8,1,1,0,2,1,1,2,4,7.8
1,4,8.6,0,62,81,1,2,1,60.0,47.0,3.5,83.0,4.6,0,1,0,0,0,0,1,7,8.4
1,2,8.3,0,76,74,2,3,2,69.6,68.4,6.0,90.0,3.8,0,0,0,0,0,1,2,8,9.1
1,1,7.3,0,67,81,1,1,0,22.6,26.5,2.9,79.0,4.0,0,1,0,0,0,0,2,1,4.5
1,6,7.7,0,75,71,0,1,0,42.0,28.4,3.1,83.0,4.3,1,1,0,1,0,0,1,4,5.1
1,0,7.4,1,79,88,1,2,2,42.6,29.7,5.8,77.0,3.7,1,1,0,0,0,0,0,0,5.0
1,2,8.0,0,67,83,2,3,0,67.2,46.2,7.7,83.0,4.1,1,1,0,0,0,0,0,1,8.1
1,5,7.2,0,55,71,1,2,0,41.8,33.0,4.6,70.0,3.6,1,1,0,0,0,0,1,8,5.1
1,1,6.8,0,74,60,1,2,2,20.0,17.7,6.2,77.0,4.7,1,0,0,0,0,0,1,3,2.6
1,6,7.6,0,68,69,2,1,0,35.7,32.0,3.1,77.7,4.4,0,0,0,1,0,1,1,1,4.5
0,2,7.5,0,59,64,0,1,1,27.2,13.5,1.5,71.0,3.6,0,1,0,0,0,0,1,2,3.4
1,2,7.4,0,65,70,0,3,0,42.1,41.5,5.5,90.0,4.6,0,0,0,0,0,1,1,7,7.1
1,5,7.4,0,73,72,1,2,0,34.1,34.9,3.4,78.0,3.9,0,1,0,0,0,0,0,1,4.4
1,4,8.4,0,56,85,2,2,2,67.0,62.6,5.9,87.0,4.7,1,1,0,0,0,1,1,8,9.2
0,2,7.7,0,86,86,0,3,2,52.6,52.1,6.4,90.0,4.5,0,1,3,2,1,0,1,8,5.0
1,0,7.7,1,82,84,2,2,2,48.6,41.4,5.2,85.0,4.3,1,1,4,1,1,1,2,4,5.8
1,6,8.0,1,86,83,2,2,3,67.0,61.1,7.4,90.0,4.8,1,1,4,1,1,1,2,1,7.2
1,2,7.7,0,86,69,1,1,0,40.1,38.1,2.3,75.0,4.1,0,1,3,2,1,0,1,0,6.6
0,1,7.6,0,85,80,0,3,0,42.9,29.7,7.2,86.0,3.7,1,1,2,3,1,1,1,7,4.8
1,5,7.9,0,89,86,2,3,2,65.0,37.3,7.8,89.0,4.4,1,1,2,2,1,1,1,8,5.7
1,8,6.5,1,61,68,0,2,0,20.0,26.8,3.4,75.8,3.5,0,1,1,0,0,0,0,1,2.5
1,4,7.3,1,55,74,1,1,0,28.0,31.5,2.0,71.0,4.4,0,0,3,2,1,0,1,2,5.1
1,5,7.4,0,61,70,0,1,1,20.0,20.9,2.2,70.0,4.2,0,0,0,0,0,1,0,4,4.9
1,2,8.5,0,69,86,1,3,2,75.2,51.8,7.1,90.0,4.7,1,1,2,2,1,1,0,2,7.9
1,6,7.6,0,87,82,1,2,3,38.9,47.2,2.9,83.1,4.2,1,1,0,1,0,0,1,0,6.3
0,8,7.4,0,76,73,1,1,0,31.6,17.9,3.2,87.6,4.5,0,1,3,2,1,1,2,2,2.9
0,2,8.3,0,73,88,1,3,0,68.5,56.0,7.2,82.0,4.6,1,1,0,0,0,1,0,8,8.9
1,3,6.8,1,55,63,1,2,2,26.7,31.7,5.2,76.0,3.7,1,1,0,0,0,1,0,6,3.2
1,5,8.0,0,80,86,1,3,2,62.8,39.3,7.3,79.0,3.7,1,1,2,2,1,1,0,8,6.0
0,5,6.5,0,72,72,1,1,1,20.0,25.1,3.2,83.0,3.8,1,0,1,3,1,0,1,9,2.0
1,5,6.8,1,57,71,1,2,0,20.0,26.0,6.4,69.0,3.7,0,1,0,0,0,1,0,1,3.5
1,5,7.2,0,55,63,1,1,1,22.0,22.3,2.6,68.0,3.4,0,0,0,0,0,0,0,8,4.6
1,6,7.8,1,62,60,1,2,1,43.4,21.3,3.3,71.7,3.9,0,0,0,0,0,0,0,8,6.1
0,5,6.5,0,76,83,0,3,2,23.1,26.3,8.4,86.0,4.6,1,1,0,0,0,0,2,8,3.1
1,2,7.5,0,55,63,1,2,1,42.9,32.5,2.9,76.0,3.8,0,0,0,0,0,0,1,6,5.9
1,2,7.7,0,59,71,1,1,0,47.1,54.2,1.5,75.0,3.6,0,1,0,0,0,0,0,7,8.9
1,4,7.6,0,62,73,1,3,1,36.4,41.9,7.6,73.0,4.8,0,1,3,2,1,1,1,8,5.8
1,2,8.3,0,71,67,1,2,0,62.9,39.0,4.7,82.0,4.5,1,1,1,3,1,1,1,0,6.9
1,4,8.2,0,76,65,1,3,2,62.6,57.3,8.7,86.0,4.4,1,1,2,2,1,1,1,5,6.5
0,8,8.0,0,55,66,2,2,0,37.6,33.7,2.8,82.0,3.9,1,0,0,0,0,0,1,1,6.8
1,4,6.6,0,65,66,1,1,0,20.1,16.3,1.9,69.0,3.9,0,1,0,0,0,0,2,4,3.6
1,6,7.6,0,76,71,1,1,0,39.7,21.5,4.3,78.4,4.0,0,1,2,2,1,0,2,0,3.5
1,10,8.3,0,74,85,2,3,2,61.2,47.8,6.7,87.5,4.5,0,1,1,0,0,0,2,2,7.8
0,7,6.7,1,75,70,0,1,1,24.3,8.6,1.8,82.8,3.7,1,1,0,0,0,0,0,8,2.0
1,3,7.6,0,55,82,0,1,2,39.5,41.7,2.6,77.0,4.0,1,1,0,0,0,0,1,8,3.5
0,0,8.2,0,68,82,2,3,0,66.6,50.3,7.3,90.0,4.8,1,1,4,1,1,1,1,5,8.0
1,8,8.3,0,63,88,1,3,2,68.4,57.4,7.2,86.0,4.7,1,1,2,1,1,1,2,2,8.0
0,0,7.8,0,57,63,1,2,0,46.3,48.2,3.5,83.0,3.5,0,0,0,0,0,0,0,2,6.6
1,3,7.9,2,62,65,1,3,1,52.8,37.4,8.2,76.0,4.3,0,0,0,0,0,1,1,6,6.6
1,3,6.6,1,55,65,1,1,1,20.0,16.4,2.3,74.0,4.0,1,1,1,3,1,1,1,8,2.0
1,4,7.9,0,55,62,0,1,0,30.0,37.5,2.1,64.0,3.6,0,0,0,0,0,1,1,4,5.0
1,0,7.8,0,82,64,2,3,1,68.0,54.8,4.5,79.0,3.9,1,1,0,0,0,1,1,9,6.2
1,4,8.8,0,77,81,2,3,2,84.9,68.7,6.1,90.0,4.8,1,1,4,1,1,1,1,0,9.9
1,4,6.5,0,68,84,0,2,0,20.0,18.0,4.0,77.0,4.4,0,1,0,0,0,0,1,4,2.0
1,8,8.3,0,80,80,1,3,1,65.6,52.3,7.2,87.9,4.6,1,1,0,0,0,1,1,7,7.6
0,4,8.0,0,73,76,1,1,0,40.8,29.8,3.4,80.0,4.4,1,1,0,0,0,1,0,6,6.7
1,7,7.9,0,75,70,1,2,3,52.8,38.9,5.1,81.4,3.9,1,1,0,0,0,0,0,8,7.0
0,4,8.1,0,80,88,2,3,2,67.0,48.8,6.9,90.0,4.5,1,1,1,3,1,0,2,9,7.6
1,4,8.6,0,79,84,1,2,2,66.8,51.1,4.6,76.0,4.4,1,0,0,0,0,0,1,3,9.2
0,4,8.1,0,55,59,0,1,0,46.2,32.1,1.4,68.0,4.2,0,0,0,0,0,0,1,9,6.0
1,2,6.8,0,63,67,1,1,0,20.0,33.4,0.8,64.0,4.2,0,1,0,0,0,0,1,8,4.6
1,2,7.3,0,55,69,1,1,2,29.1,32.2,0.5,71.0,4.0,0,1,0,0,0,0,1,7,4.0
1,8,6.5,2,58,66,2,3,1,25.0,18.2,5.8,80.4,3.7,0,0,0,0,0,0,1,9,3.1
1,0,8.5,0,74,64,1,2,1,69.3,57.0,5.1,70.0,4.5,1,1,3,2,1,1,0,1,8.8
1,3,7.8,0,64,60,1,2,0,60.3,57.8,3.5,80.0,3.8,0,1,3,2,1,0,1,9,7.2
1,4,6.9,0,61,67,0,1,0,23.7,30.2,2.9,79.0,3.6,0,0,0,0,0,1,1,0,4.6
1,5,8.8,0,73,83,2,3,2,82.3,60.5,7.7,83.0,4.1,1,1,3,1,1,1,0,9,9.4
1,6,8.4,0,72,82,1,1,0,53.1,41.3,3.7,89.1,4.7,1,1,0,0,0,0,2,2,8.3
0,0,7.6,1,63,64,0,1,1,27.3,35.1,0.1,68.0,4.1,0,0,0,0,0,0,0,7,5.6
1,11,8.2,0,70,82,0,1,2,56.8,36.4,5.4,78.2,4.1,1,1,1,0,0,1,0,7,6.8
1,2,7.6,0,65,69,1,1,2,33.1,31.7,3.7,79.0,4.4,1,1,3,2,1,0,2,8,4.6
0,3,7.5,0,74,84,1,3,2,50.1,47.3,7.4,78.0,4.6,1,1,4,1,1,0,2,8,5.3
1,2,7.4,0,55,65,1,1,3,37.2,25.3,2.9,70.0,4.5,0,1,0,0,0,1,0,9,4.5
1,4,8.1,0,75,82,1,3,2,62.5,48.0,7.0,89.0,4.8,1,1,1,3,1,1,2,9,6.4
1,0,7.5,0,80,78,1,1,2,36.4,25.0,2.5,68.0,3.9,1,1,0,0,0,0,0,5,4.4
1,4,8.4,0,59,66,0,3,0,56.1,48.2,6.4,90.0,4.3,1,0,3,2,1,1,2,4,6.1
1,0,7.3,0,81,87,1,2,3,43.7,33.7,5.2,85.0,4.3,1,1,0,0,0,0,1,8,4.5
1,5,7.2,0,81,88,1,3,2,46.9,33.7,5.6,87.0,4.8,1,1,3,2,1,0,2,7,6.2
1,6,6.6,1,72,87,1,3,1,28.2,37.2,5.3,90.0,4.5,1,1,2,2,1,1,1,2,2.0
1,7,8.3,0,82,86,2,3,3,71.4,65.8,7.7,90.0,4.8,1,1,2,0,1,1,1,6,8.0
1,6,7.7,1,84,83,2,3,3,54.7,52.8,3.6,87.8,4.8,1,1,2,2,1,0,2,9,6.0
1,7,8.1,0,61,67,2,1,2,48.6,29.5,2.7,81.1,4.2,1,1,2,3,1,0,0,6,6.9
1,5,8.4,0,55,60,1,1,2,45.7,36.1,1.2,76.0,3.7,0,1,0,0,0,1,0,9,6.0
1,5,8.5,0,74,83,2,3,2,66.4,50.9,8.2,89.0,4.8,1,1,3,2,1,1,1,8,7.6
1,0,7.9,2,75,87,2,3,2,62.7,50.9,7.6,90.0,4.6,1,1,2,2,1,0,1,5,7.5
0,2,7.4,2,73,72,1,3,2,46.1,37.8,6.4,80.0,4.4,1,1,3,2,1,1,0,8,5.3
0,6,8.0,0,82,86,0,2,0,63.8,40.1,5.3,89.9,4.6,1,1,4,3,1,1,1,9,6.8
1,7,8.7,0,89,80,1,2,2,81.3,73.5,8.7,90.0,4.8,1,1,4,0,1,0,1,3,9.6
1,3,8.5,0,55,63,0,2,0,58.8,51.5,4.9,81.0,3.2,0,1,0,0,0,0,1,8,8.3
0,5,8.3,0,82,84,2,3,2,69.6,41.1,6.7,90.0,4.8,1,1,3,2,1,0,2,8,6.7
1,8,8.1,0,66,65,1,2,2,52.4,35.6,5.5,75.7,4.6,1,1,0,0,0,0,1,2,6.9
0,0,7.4,0,55,71,0,2,0,42.0,33.4,2.4,73.0,3.7,0,1,0,0,0,0,1,3,5.3
1,9,8.6,0,79,86,2,3,2,68.8,44.2,5.7,84.0,4.8,1,1,3,2,1,0,1,2,7.4
1,2,7.8,1,75,82,2,2,2,39.7,33.0,5.7,88.0,4.3,1,1,0,0,0,1,0,0,7.5
1,4,8.4,0,74,83,2,3,2,68.3,61.9,5.2,77.0,4.5,1,1,0,0,0,1,2,5,9.9
1,0,6.7,0,72,86,0,3,2,28.3,12.4,8.7,88.0,4.2,1,1,2,3,1,0,2,2,2.8
0,0,8.1,0,73,83,2,3,2,58.5,58.1,6.5,89.0,4.6,1,1,0,0,0,0,2,6,8.4
0,7,8.1,0,71,84,1,3,2,59.6,37.3,4.4,87.3,4.4,0,1,1,1,0,0,2,7,8.1
0,10,8.9,0,73,63,0,2,0,40.2,40.9,2.2,87.9,4.1,0,0,0,0,0,1,1,8,7.4
1,5,7.8,0,82,85,0,1,2,36.1,29.0,1.6,68.0,4.5,0,0,3,2,1,0,1,8,4.5
1,5,8.6,0,89,84,2,3,2,73.6,62.5,8.3,90.0,4.8,1,1,2,2,1,1,0,8,8.7
1,1,7.6,0,72,86,1,2,0,40.1,34.2,4.4,84.0,4.4,1,1,2,3,1,0,2,8,4.9
0,0,7.5,0,73,83,1,3,0,43.9,42.5,7.0,86.0,4.4,1,1,2,2,1,0,1,7,5.5
1,4,7.8,0,79,65,0,1,0,38.7,39.0,2.6,81.0,3.9,1,1,4,1,1,0,1,4,4.0
0,5,6.5,2,55,61,1,2,1,26.0,12.8,4.1,63.0,3.0,0,0,0,0,0,0,2,8,2.7
1,8,8.3,1,80,83,2,3,2,73.2,51.6,7.4,90.0,4.7,1,1,3,3,1,1,1,8,8.2
0,2,6.6,2,55,66,1,2,1,20.0,16.0,5.6,74.0,3.7,0,0,0,0,0,0,2,8,2.1
0,8,6.8,0,55,78,1,1,1,20.0,9.7,0.5,65.4,4.1,0,0,0,0,0,0,2,1,3.0
1,8,8.4,0,58,69,1,3,1,54.1,29.8,2.9,75.7,3.8,0,1,0,0,0,0,2,5,5.9
0,9,6.7,1,65,67,1,2,2,20.0,23.4,1.9,77.9,4.3,0,0,1,0,0,1,1,6,2.2
1,3,8.3,0,84,76,2,3,2,65.2,62.5,5.5,86.0,4.8,1,1,1,3,1,1,1,8,8.1
1,4,8.1,0,62,81,0,3,2,51.8,45.0,4.8,77.0,4.8,0,0,0,0,0,0,2,9,7.5
1,1,7.2,0,83,86,2,3,2,51.9,46.1,6.4,90.0,4.7,1,1,1,3,1,0,0,3,4.3
1,11,8.3,0,81,82,0,2,2,73.8,57.8,6.8,86.1,4.6,1,1,1,0,0,0,0,1,9.9
1,2,6.6,0,57,62,0,2,1,20.0,27.8,6.3,63.0,4.1,0,0,0,0,0,1,2,7,4.4
1,2,7.5,0,73,87,1,1,0,24.1,25.7,0.9,78.0,4.7,1,1,0,0,0,0,2,0,5.0
0,6,7.7,1,82,81,1,3,2,45.0,31.5,8.7,80.7,4.6,1,1,0,1,0,0,2,9,4.4
0,8,8.0,0,71,88,1,3,3,56.3,48.6,8.1,90.0,4.6,1,1,3,2,1,0,0,7,6.9
1,0,7.5,0,55,75,1,1,1,26.1,31.7,0.6,73.0,4.1,0,1,0,0,0,1,0,4,3.3
1,4,7.1,0,64,64,2,2,0,32.8,26.1,5.0,81.0,4.4,1,1,3,2,1,0,2,0,3.4
1,7,7.1,0,55,72,2,3,2,41.4,28.0,4.0,77.9,3.7,0,0,0,0,0,1,0,8,3.8
1,5,7.9,0,75,86,0,3,0,58.1,46.5,7.2,90.0,4.4,1,0,3,2,1,1,1,8,6.8
1,0,8.6,0,84,87,2,3,2,79.4,72.2,6.3,90.0,4.8,1,1,4,1,1,1,1,5,8.8
1,7,7.0,1,88,81,0,3,3,35.6,38.9,7.8,79.5,4.5,1,1,2,1,1,1,2,3,4.9
1,2,7.4,0,63,69,1,2,1,31.3,25.1,3.9,71.0,4.8,0,1,0,0,0,1,1,3,3.6
0,0,6.9,2,55,57,0,1,0,24.6,29.7,2.9,72.0,4.4,0,0,0,0,0,0,1,2,3.8
0,9,6.5,0,65,70,1,2,0,20.0,11.5,1.3,73.7,3.6,0,1,0,1,0,0,1,8,2.0
0,2,8.6,0,80,85,2,3,2,68.7,68.5,7.4,84.0,4.6,1,1,3,2,1,0,0,1,8.3
1,0,8.3,0,78,85,2,3,3,72.6,55.3,5.7,83.0,4.6,1,0,2,3,1,1,2,1,8.7
0,11,6.8,2,55,68,1,0,2,34.7,32.1,2.4,84.4,4.2,0,0,0,1,0,0,1,8,5.1
1,3,8.5,0,86,80,2,3,2,75.8,56.2,7.2,90.0,4.7,1,1,2,2,1,1,1,6,8.2
0,2,7.5,2,69,72,1,3,1,48.8,33.8,7.3,66.0,3.8,0,1,0,0,0,0,1,8,6.0
0,6,8.1,1,75,80,1,2,2,53.3,49.8,5.7,78.7,4.8,1,0,0,0,0,1,1,2,7.7
0,8,8.5,1,75,88,0,3,0,65.4,42.2,5.7,81.4,4.6,1,1,2,2,1,0,0,1,7.0
0,11,8.4,1,80,88,2,2,2,79.6,52.8,7.4,90.0,4.7,1,1,3,1,1,1,2,2,9.1
0,0,8.4,0,79,86,2,3,2,65.5,59.5,7.7,87.0,4.7,1,1,3,1,1,0,1,0,7.9
0,4,8.9,0,71,87,2,3,2,75.5,78.5,6.7,90.0,4.8,1,1,2,3,1,1,1,2,9.8
1,2,8.4,1,75,79,2,3,2,67.3,54.8,5.7,81.0,4.3,1,1,2,2,1,1,1,8,8.9
0,0,7.9,0,70,69,2,3,0,59.4,45.7,5.9,84.0,4.7,0,1,0,0,0,1,2,4,6.1
1,5,7.7,0,55,78,1,3,1,55.4,49.3,6.4,84.0,3.9,0,1,0,0,0,1,2,6,7.5
1,11,6.5,1,55,66,2,1,1,22.7,28.0,1.4,79.1,4.4,0,0,1,0,0,0,0,7,3.1
1,10,7.6,1,81,81,2,3,0,54.1,67.6,9.3,81.9,4.6,1,1,0,0,0,1,1,8,7.4
1,5,6.9,1,55,76,1,1,0,22.4,22.4,3.2,75.0,4.1,1,1,0,0,0,0,1,8,2.8
1,10,7.9,0,57,73,1,1,0,31.1,21.4,2.3,72.9,3.3,0,1,1,0,0,1,2,8,6.0
0,5,8.3,0,76,86,1,3,2,67.1,56.1,6.8,85.0,4.1,1,1,4,1,1,0,2,8,7.9
1,7,8.2,2,65,70,1,0,0,49.9,50.5,3.2,77.9,4.1,1,0,1,0,0,0,2,2,6.3
1,9,7.4,1,61,60,2,2,2,25.0,35.2,0.7,68.8,4.3,0,1,0,0,0,0,2,7,5.7
1,5,8.6,0,73,88,2,3,2,74.5,56.0,9.3,90.0,4.8,1,1,3,1,1,0,1,8,7.9
1,7,8.7,1,61,65,2,0,1,66.2,41.3,3.6,65.4,4.0,1,1,0,0,0,1,1,2,9.3
1,2,7.6,0,75,64,1,2,0,38.9,28.8,4.8,73.0,4.0,1,1,0,0,0,0,1,8,4.8
1,3,6.7,0,55,60,1,1,0,21.3,8.6,2.6,64.0,3.7,0,1,0,0,0,0,2,8,2.7
1,4,7.7,0,76,84,1,3,3,50.1,40.2,9.8,82.0,4.4,1,1,1,3,1,0,1,7,6.1
0,0,7.6,0,55,64,0,1,1,20.0,16.4,1.1,80.0,4.6,0,0,0,0,0,0,1,5,4.4
1,0,8.8,1,79,86,1,3,2,79.9,50.3,5.6,88.0,4.8,1,1,3,1,1,1,0,4,8.8
1,6,8.1,0,75,83,1,2,2,65.9,50.4,6.9,77.2,3.9,1,1,0,1,0,0,0,2,7.3
1,2,8.5,0,61,63,1,1,0,47.6,34.4,2.7,73.0,4.0,0,1,0,0,0,0,2,8,5.8
1,7,8.6,0,79,63,2,1,0,66.6,53.2,4.0,73.3,4.1,1,1,3,1,1,1,0,9,8.3
0,2,7.6,2,55,70,1,1,0,30.4,26.2,0.4,81.0,4.0,0,0,0,0,0,1,2,7,4.9
1,0,7.6,0,69,67,1,1,0,28.1,38.6,1.6,64.0,4.1,0,0,0,0,0,0,1,4,5.0
0,6,8.8,1,69,84,2,1,0,76.9,72.0,6.2,86.0,4.4,1,1,0,0,0,1,1,7,10.7
1,4,7.5,1,81,77,1,3,2,54.5,35.7,7.0,88.0,4.8,1,1,1,3,1,1,2,0,4.8
0,5,8.4,0,82,76,1,3,2,68.1,49.9,7.0,85.0,4.8,1,1,2,3,1,0,2,8,6.7
0,0,7.7,0,83,85,1,3,2,56.6,40.3,7.6,78.0,4.4,1,0,0,0,0,0,2,2,6.7
0,4,8.2,0,58,63,1,2,2,53.1,49.2,4.7,69.0,4.0,1,0,0,0,0,1,0,4,6.1
0,4,8.1,0,81,83,2,3,2,69.1,41.4,8.6,90.0,4.7,1,1,3,1,1,1,1,4,6.6
1,6,7.9,1,55,73,1,2,0,44.9,34.3,6.1,76.9,4.1,0,1,1,0,0,0,2,1,6.5
0,9,7.4,0,60,76,2,1,0,39.8,26.1,5.0,68.2,4.1,0,0,0,0,0,0,2,8,4.7
0,10,6.6,1,75,84,2,2,0,20.0,27.8,2.2,78.0,4.1,1,1,0,1,0,0,2,1,4.3
0,3,7.7,0,75,82,1,2,0,42.6,40.2,5.1,88.0,4.8,1,1,2,2,1,0,2,8,4.6
0,0,8.0,0,76,80,2,2,2,50.7,46.1,5.4,77.0,4.8,1,0,0,0,0,0,0,1,8.1
1,2,7.6,0,61,68,1,1,1,31.0,26.0,2.6,68.0,4.0,0,1,0,0,0,0,1,8,4.9
1,3,7.5,0,55,70,1,1,0,34.0,32.0,2.2,83.0,4.4,0,1,0,0,0,0,2,9,4.3
1,3,7.7,0,70,85,2,3,2,57.8,45.8,5.1,76.0,4.8,1,1,4,1,1,1,1,8,6.5
0,10,7.6,0,56,85,1,2,1,40.1,40.1,4.5,75.0,3.8,0,1,1,1,0,0,2,8,6.2
0,0,7.9,0,71,85,1,1,1,43.2,36.9,2.2,84.0,4.5,1,1,3,2,1,0,1,0,5.2
1,0,8.2,1,62,65,0,3,0,58.9,52.4,5.4,84.0,4.7,1,0,2,2,1,1,2,0,7.0
1,5,6.5,2,55,85,1,3,0,29.9,36.8,5.5,79.0,4.3,1,1,3,2,1,0,2,7,2.3
1,6,6.6,0,66,66,1,1,0,24.8,19.7,2.4,70.7,3.9,0,1,0,1,0,0,0,1,4.3
1,5,6.5,2,71,60,0,1,1,20.0,5.8,1.9,80.0,3.2,0,0,0,0,0,0,2,3,2.0
0,0,8.1,0,79,85,2,2,2,51.0,32.0,7.3,79.0,4.6,1,1,0,0,0,0,1,4,6.3
1,2,7.5,2,55,68,1,2,0,37.4,45.1,5.1,69.0,4.1,0,1,0,0,0,1,1,2,4.6
1,7,7.9,0,79,69,1,3,2,52.4,44.8,5.1,80.0,4.1,1,1,1,0,0,1,2,5,7.4
0,2,8.2,0,55,70,2,3,2,60.3,53.7,8.1,73.0,4.3,1,1,0,0,0,1,1,3,8.1
1,11,8.8,0,73,76,2,2,3,77.6,64.7,5.5,90.0,4.8,1,1,2,2,1,1,1,7,10.1
0,3,6.5,2,84,66,1,1,0,20.0,11.3,2.8,67.0,3.9,0,0,0,0,0,0,1,7,2.0
0,0,6.9,0,60,63,1,1,0,20.0,18.0,1.6,68.0,4.7,1,1,0,0,0,0,2,5,3.2
0,8,8.4,1,76,88,1,3,2,60.8,49.2,8.1,87.5,4.8,1,1,4,1,1,1,0,8,6.8
1,4,7.3,0,55,69,1,1,0,32.7,26.5,3.0,84.0,3.9,0,1,0,0,0,1,1,6,4.9
1,2,7.4,0,55,71,1,1,1,29.4,34.3,1.7,62.0,4.8,1,1,0,0,0,0,1,7,3.4
1,7,8.0,0,55,74,0,3,0,55.2,49.8,3.3,90.0,4.3,0,1,0,0,0,1,1,9,8.5
0,4,7.7,0,58,71,0,1,0,24.6,12.4,1.6,82.0,4.1,0,0,0,0,0,0,2,8,4.9
1,0,7.5,0,55,59,1,1,1,32.8,31.3,3.6,64.0,4.6,0,1,0,0,0,1,1,8,5.8
1,3,8.4,1,71,81,1,3,2,65.7,49.9,6.4,83.0,4.8,1,1,0,0,0,1,2,8,9.5
0,2,8.0,0,81,78,0,3,1,57.8,58.0,6.1,78.0,4.5,1,1,0,0,0,0,2,8,8.1
1,10,7.9,0,77,82,0,3,2,48.0,37.6,7.9,77.5,4.1,1,1,3,3,1,0,2,1,7.1
1,4,6.5,0,59,84,1,2,1,20.9,35.7,5.0,76.0,4.2,1,1,0,0,0,0,2,1,4.2
0,7,8.4,0,81,84,1,0,3,38.5,18.6,0.4,90.0,4.8,1,1,2,1,1,0,0,6,5.9
1,2,7.8,1,60,67,1,1,1,39.9,36.6,1.7,78.0,3.7,0,1,0,0,0,0,2,8,5.9
1,6,8.3,0,77,88,0,3,1,61.5,61.3,7.9,85.8,4.4,1,1,0,2,1,1,1,9,9.0
0,6,8.2,0,85,86,2,1,2,61.6,45.6,4.3,72.7,4.2,1,1,0,0,0,1,0,0,9.9
0,0,8.2,0,77,87,1,3,2,55.3,46.8,6.9,90.0,4.8,1,1,2,2,1,0,1,0,7.2
1,0,7.0,0,59,67,1,1,0,20.0,24.0,1.5,62.0,4.3,0,1,0,0,0,0,2,6,3.1
1,6,8.0,2,75,87,2,3,1,66.4,59.5,4.9,85.9,4.8,1,1,2,2,1,1,1,2,6.9
1,2,8.1,0,77,67,0,3,0,56.3,39.2,6.0,81.0,4.5,0,1,3,1,1,1,1,9,6.6
0,0,7.6,0,59,67,1,1,1,30.3,16.8,2.8,82.0,4.0,1,1,0,0,0,0,1,4,4.6
1,6,7.7,0,72,80,0,2,1,46.8,37.4,4.3,87.8,4.5,0,1,4,3,1,1,1,1,6.5
1,3,7.4,0,58,62,1,1,0,32.8,15.5,1.3,60.0,3.4,0,0,0,0,0,0,2,8,4.8
0,6,8.2,0,86,76,1,3,3,80.0,62.6,6.9,90.0,4.8,1,1,3,2,1,1,0,1,8.7
1,0,6.5,0,55,86,0,2,0,20.0,32.4,4.8,71.0,4.1,0,1,0,0,0,0,2,1,4.4
1,4,7.4,1,74,87,2,3,2,55.0,47.1,7.3,90.0,4.6,1,0,3,1,1,0,2,5,5.9
0,4,7.5,1,62,73,0,1,0,30.6,25.5,2.2,80.0,4.1,0,1,0,0,0,0,1,4,5.3
1,7,8.5,1,65,63,1,1,1,45.9,19.6,4.3,84.9,4.5,1,1,0,0,0,1,1,2,6.6
1,0,8.5,0,79,81,1,3,0,70.6,61.1,6.8,85.0,4.8,1,1,2,2,1,1,0,5,8.8
0,7,6.5,1,56,69,2,0,1,24.2,30.3,1.8,71.3,4.4,1,1,1,0,0,0,0,6,3.8
0,3,8.1,0,79,84,1,3,2,57.0,46.6,7.7,90.0,4.8,1,1,1,3,1,0,1,1,6.4
1,7,8.6,0,70,85,1,3,1,81.9,55.8,5.7,90.0,4.8,1,1,2,2,1,0,1,1,7.6
1,9,8.2,0,66,85,2,3,3,68.7,58.7,7.2,75.7,4.4,1,1,0,1,0,1,2,0,9.2
1,6,8.2,0,72,69,1,3,2,64.3,55.6,6.6,90.0,4.4,1,1,3,1,1,1,1,9,8.3
1,2,7.2,0,82,75,0,2,2,33.1,41.3,6.5,90.0,4.8,1,1,4,1,1,1,0,8,4.6
1,0,8.0,0,81,86,1,3,2,59.0,56.4,8.5,81.0,4.0,1,1,1,3,1,0,1,9,8.6
0,0,7.6,0,60,66,0,1,0,34.3,26.3,1.5,72.0,4.5,0,0,0,0,0,0,2,2,4.7
0,0,7.3,1,59,70,1,1,1,26.0,16.1,0.0,66.0,3.8,0,1,0,0,0,0,0,4,3.0
0,0,8.0,0,83,88,1,3,3,62.8,47.7,7.1,87.0,4.6,1,0,4,1,1,1,2,1,6.6
1,5,7.9,0,76,70,1,2,0,36.6,35.4,4.5,86.0,4.5,1,1,0,0,0,1,0,1,6.1
1,2,8.4,0,80,88,2,3,2,73.4,54.5,7.1,90.0,4.6,1,1,3,2,1,1,2,2,7.8
1,2,8.1,0,72,83,2,3,2,53.5,31.9,4.7,90.0,4.8,1,1,3,2,1,1,1,2,5.2
1,0,8.2,0,69,84,1,3,2,62.9,48.0,8.1,90.0,4.7,1,1,2,2,1,1,1,1,6.9
0,3,7.7,0,55,71,0,2,0,41.5,45.6,4.1,74.0,4.2,0,1,0,0,0,0,1,8,5.7
1,4,6.6,0,62,64,1,2,0,20.0,36.1,5.5,81.0,4.5,1,1,1,3,1,0,1,5,2.3
1,0,7.7,2,55,65,0,2,0,40.5,31.8,1.7,67.0,3.9,0,0,0,0,0,0,2,0,6.2
1,1,6.5,2,55,67,1,2,1,20.0,28.9,3.5,89.0,4.0,0,1,0,0,0,0,0,1,2.4
1,7,7.5,1,55,67,0,1,0,30.8,14.9,1.6,63.3,3.8,0,0,0,0,0,0,0,4,4.3
0,0,7.8,0,55,65,1,1,0,36.3,46.3,1.0,71.0,4.0,0,1,0,0,0,1,0,0,5.6
0,5,7.8,0,56,67,0,2,1,46.8,39.1,4.4,65.0,4.3,1,0,2,2,1,1,1,8,5.2
1,4,7.5,0,55,64,1,1,1,34.0,22.2,2.7,60.0,3.6,0,1,0,0,0,0,2,1,5.5
1,5,7.8,0,70,80,0,1,1,34.8,34.6,2.6,85.0,4.3,0,0,3,2,1,0,0,8,5.7
0,3,7.5,0,58,67,0,1,0,20.6,12.8,2.4,80.0,4.5,0,0,0,0,0,1,2,8,5.3
1,7,6.7,2,55,61,0,1,1,24.2,27.8,1.4,74.2,4.4,0,0,0,1,0,0,2,4,4.6
1,11,7.8,0,65,79,2,3,2,61.5,59.4,6.0,81.0,4.8,0,1,0,0,0,1,0,5,7.6
1,11,7.6,0,57,68,1,2,0,27.3,24.2,3.3,76.5,4.6,0,1,0,1,0,0,0,7,5.6
1,11,7.7,0,55,63,0,1,1,44.1,37.9,5.2,61.6,3.7,0,1,1,1,0,0,1,8,6.1
0,0,8.4,0,85,67,0,3,1,60.8,62.1,7.1,86.0,4.0,1,1,0,0,0,1,0,5,8.4
0,6,7.6,0,66,84,2,2,0,50.0,50.4,4.2,75.4,4.4,0,0,0,0,0,0,2,1,5.9
1,3,7.5,0,59,71,1,1,1,29.9,37.1,0.1,69.0,3.4,0,1,0,0,0,0,1,8,5.9
1,5,7.5,0,55,72,1,2,0,47.9,35.8,4.6,70.0,4.2,0,1,3,2,1,1,1,8,5.7
0,5,7.8,0,83,80,1,3,1,55.2,45.5,7.4,75.0,4.6,1,1,3,1,1,1,2,1,6.9
1,10,6.6,1,55,62,0,1,2,20.0,6.5,1.0,69.6,3.9,0,0,1,0,0,0,1,8,2.0
0,7,7.9,0,58,78,1,2,1,52.0,42.2,5.3,79.5,3.8,1,1,0,1,0,0,2,6,6.9
1,1,7.4,0,55,67,0,1,0,23.0,34.8,3.0,79.0,3.8,0,0,0,0,0,0,1,8,3.9
1,3,8.1,0,67,83,1,3,3,62.2,44.3,8.0,90.0,4.8,1,1,4,1,1,1,1,9,6.0
0,9,8.7,0,78,87,2,3,3,73.3,64.1,6.4,89.9,4.8,1,1,4,1,1,1,1,0,10.4
1,4,8.5,0,85,88,2,3,2,74.1,55.3,9.4,90.0,4.8,1,1,2,2,1,1,1,1,7.9
0,9,8.6,0,75,88,0,3,0,67.0,49.3,5.4,82.2,4.6,1,1,3,2,1,0,2,8,7.7
1,0,7.5,0,72,70,2,2,0,45.5,30.0,4.2,72.0,4.5,1,1,0,0,0,1,1,0,6.4
1,2,6.7,1,58,68,1,2,0,27.2,26.6,3.8,73.0,4.0,0,1,3,2,1,0,2,6,2.5
1,2,8.4,0,83,87,2,3,2,76.9,54.7,7.1,87.0,4.6,1,0,3,2,1,1,2,8,7.4
1,4,6.9,2,59,59,1,2,1,25.8,25.9,5.0,74.0,4.0,1,1,0,0,0,0,1,4,3.8
1,4,8.0,0,70,81,1,2,1,49.5,33.3,4.2,80.0,4.7,1,1,0,0,0,0,2,0,5.8
1,2,8.1,0,78,86,0,3,2,53.2,66.7,7.9,90.0,4.8,1,1,2,2,1,1,1,6,6.6
1,5,8.3,0,78,85,1,2,2,65.5,44.4,4.8,90.0,4.8,1,1,4,1,1,0,0,7,7.1
0,10,7.6,0,78,72,1,2,1,33.5,35.7,5.1,89.3,4.2,1,1,1,1,0,1,2,8,4.6
0,4,8.7,0,74,86,1,3,2,76.2,69.1,7.8,90.0,4.7,1,1,3,1,1,0,1,5,9.3
0,5,6.9,0,73,86,0,2,1,21.2,17.8,6.8,82.0,4.2,1,1,1,3,1,0,2,8,3.2
1,2,8.5,0,80,86,1,2,2,54.6,43.3,4.2,90.0,4.8,1,1,2,3,1,1,1,0,6.4
1,4,8.1,0,80,71,2,3,0,66.0,51.6,6.6,77.0,4.8,1,1,4,1,1,0,0,0,6.6
1,7,7.7,1,60,73,1,1,1,42.1,25.5,4.0,73.2,4.3,1,1,0,0,0,1,1,4,5.7
1,0,7.7,0,84,85,1,2,2,37.7,8.2,3.3,82.0,4.7,0,1,0,0,0,1,0,5,4.8
1,4,8.0,0,90,68,1,2,2,56.4,53.4,5.2,87.0,4.8,1,1,3,2,1,0,0,8,6.3
1,7,7.2,1,82,74,0,1,1,31.7,20.1,2.6,84.5,4.0,0,1,0,3,1,0,2,4,2.8
0,5,8.0,0,56,87,0,2,0,40.4,51.7,6.2,76.0,4.6,1,1,2,2,1,0,0,1,4.6
1,4,6.5,1,79,74,1,1,0,20.0,25.2,3.1,79.0,4.0,1,1,0,0,0,0,2,7,3.0
1,9,7.4,1,70,69,1,0,1,28.9,23.8,1.8,79.7,3.4,0,0,0,0,0,0,1,3,3.2
0,7,7.4,0,79,84,2,2,1,42.7,38.1,4.3,89.6,4.0,1,1,2,3,1,1,1,7,5.1
0,10,7.9,1,73,82,2,3,0,53.7,44.2,6.2,80.0,4.8,1,1,0,0,0,1,1,7,7.4
0,2,7.5,0,56,68,1,1,0,42.5,40.5,2.5,72.0,3.7,0,1,0,0,0,0,0,6,5.8
1,4,7.5,0,55,60,1,1,0,21.7,20.6,4.0,60.0,3.7,0,1,0,0,0,1,1,4,4.4
1,2,8.9,0,77,78,0,3,0,70.9,78.5,7.2,89.0,4.8,1,0,3,1,1,1,1,8,8.3
1,0,7.9,0,84,88,1,3,2,62.6,57.8,7.9,90.0,4.8,1,0,3,2,1,1,1,7,7.5
1,4,7.7,0,59,72,0,2,1,32.7,32.8,4.8,81.0,4.6,1,1,0,0,0,1,1,7,6.3
0,1,7.8,0,72,81,1,3,2,57.1,26.7,7.4,89.0,4.6,1,1,2,2,1,1,1,8,4.9
1,0,7.5,0,55,69,1,1,1,26.1,21.7,2.2,71.0,4.5,0,0,0,0,0,0,1,7,4.2
1,2,7.4,0,74,78,1,1,1,25.3,32.5,1.5,83.0,4.0,0,1,0,0,0,0,1,3,4.3
1,7,7.6,1,55,63,0,0,0,34.4,36.1,2.0,80.4,4.3,0,1,0,0,0,0,0,1,4.4
0,3,8.2,0,74,87,2,3,2,74.5,69.1,4.7,90.0,4.7,1,1,1,3,1,1,2,8,9.0
1,4,7.9,1,62,69,0,2,0,41.6,34.8,4.3,83.0,4.0,0,1,0,0,0,0,0,9,5.8
1,2,6.7,1,82,83,1,2,1,26.6,28.5,2.4,79.0,3.9,0,1,0,0,0,1,0,7,3.3
1,10,8.6,2,61,70,1,1,0,57.0,51.2,2.2,80.6,4.6,0,0,0,1,0,0,1,8,8.6
0,5,8.3,0,76,81,1,3,2,64.6,39.4,7.4,90.0,4.5,1,1,3,2,1,1,1,9,7.0
0,4,6.5,0,59,65,1,1,0,20.0,31.9,3.2,68.0,3.8,0,0,0,0,0,0,2,6,4.9
1,4,7.5,0,70,67,1,2,0,37.7,38.3,4.4,78.0,3.7,0,0,0,0,0,1,2,4,4.4
0,4,7.4,0,55,62,2,1,1,33.0,33.9,3.3,65.0,3.2,0,1,0,0,0,0,2,3,4.6
0,6,7.1,0,80,79,2,3,2,40.2,27.4,4.6,85.9,4.8,1,1,4,2,1,0,1,2,3.2
0,2,8.4,0,82,86,2,3,2,66.2,67.0,7.7,90.0,4.8,1,1,2,3,1,0,1,3,8.8
1,3,7.6,0,55,70,0,2,0,40.9,27.4,4.2,83.0,4.2,0,1,0,0,0,1,0,8,5.0
0,7,7.6,0,84,80,0,3,0,41.6,28.7,5.6,85.2,4.4,1,0,0,0,0,0,2,8,5.8
0,11,7.7,0,55,67,1,1,1,46.3,42.5,3.9,73.7,4.5,0,0,1,0,0,1,1,1,5.1
1,6,8.3,0,55,84,1,3,0,81.5,68.3,7.2,81.3,4.3,1,1,0,0,0,1,1,1,8.1
0,6,8.0,0,68,76,0,2,2,55.2,61.8,5.6,78.1,4.5,0,1,0,0,0,1,1,2,8.2
0,6,8.3,0,82,87,1,3,2,78.8,56.1,8.4,90.0,4.8,1,1,1,3,1,1,2,5,8.2
1,2,7.4,0,74,65,2,2,0,42.0,29.8,4.1,81.0,4.7,1,1,0,0,0,0,1,7,5.8
0,0,7.9,0,80,88,1,3,2,58.1,47.9,9.5,82.0,4.4,1,1,0,0,0,1,0,1,7.2
1,0,7.7,0,66,67,2,1,1,43.4,28.0,1.9,70.0,3.5,1,1,2,2,1,0,2,0,4.7
1,6,6.5,0,68,75,2,1,1,23.8,22.1,4.7,62.2,3.1,0,0,0,0,0,0,0,4,3.2
1,9,6.5,0,77,66,0,2,0,20.0,23.5,3.0,66.9,3.9,1,1,0,1,0,0,2,8,2.6
1,8,8.0,1,86,83,2,3,1,51.1,34.8,6.0,90.0,4.5,1,1,2,2,1,0,1,2,5.3
1,0,6.5,1,71,72,0,2,2,20.0,15.3,3.8,85.0,4.1,0,1,0,0,0,0,2,2,3.4
0,2,8.1,0,58,80,1,2,0,52.6,45.7,2.9,84.0,4.3,0,0,2,2,1,1,2,8,7.5
0,11,7.7,1,70,64,0,1,0,37.9,26.4,4.1,84.0,4.7,1,1,1,3,1,0,1,8,4.8
1,11,6.6,1,83,83,2,2,3,42.8,42.7,8.1,79.7,4.4,1,1,3,3,1,1,2,5,2.3
1,0,8.2,0,57,71,1,1,1,48.8,27.2,2.5,82.0,4.1,1,1,0,0,0,1,0,0,6.8
1,0,7.5,0,60,71,1,2,0,37.5,39.4,5.0,62.0,4.4,0,0,0,0,0,1,0,2,7.2
1,2,7.4,0,55,61,1,1,1,31.9,31.0,1.6,65.0,3.6,0,0,0,0,0,0,1,2,5.9
1,5,7.1,0,77,87,2,3,2,53.7,48.3,7.5,90.0,4.4,1,1,1,3,1,1,1,8,4.4
0,0,7.6,0,55,70,0,1,0,35.9,40.0,3.8,78.0,3.2,0,1,0,0,0,0,0,4,6.8
1,2,7.4,0,79,76,1,1,0,31.8,25.3,0.0,68.0,3.9,0,1,0,0,0,0,1,8,4.6
1,2,8.5,0,77,70,1,3,2,71.6,66.2,5.7,89.0,4.3,1,1,3,2,1,1,2,8,8.6
0,6,7.6,0,59,62,0,2,0,37.2,19.9,3.9,70.9,3.1,0,0,1,1,0,0,2,2,3.4
1,1,6.6,0,55,67,1,1,0,20.0,5.3,4.1,68.0,3.9,1,1,1,3,1,1,1,8,2.0
0,4,6.5,1,55,62,1,1,1,20.0,22.5,1.6,72.0,3.3,0,1,0,0,0,0,1,6,2.7
1,6,8.3,0,77,74,2,3,0,65.6,46.7,9.0,86.7,3.9,1,1,2,1,1,1,0,2,6.5
1,2,7.1,0,75,70,2,3,2,51.2,27.6,8.8,88.0,4.5,1,1,2,3,1,1,1,4,5.3
0,6,7.7,0,74,81,2,2,3,54.5,50.7,5.3,85.2,4.3,1,1,1,0,0,1,2,1,7.4
1,5,6.5,0,66,69,1,2,1,23.5,39.5,5.7,65.0,4.0,1,1,0,0,0,0,2,9,2.5
0,3,8.3,0,75,81,1,2,2,51.3,36.4,4.0,85.0,4.6,1,1,2,2,1,1,1,6,5.0
1,6,7.1,0,76,63,1,2,1,38.8,39.8,2.4,70.0,4.2,0,0,1,0,0,1,0,2,6.0
1,4,8.8,0,72,88,2,3,2,77.9,74.9,7.8,90.0,4.8,1,1,2,2,1,1,1,5,11.0
1,6,8.5,0,75,85,2,2,2,61.1,65.4,5.5,89.8,4.8,1,1,4,1,1,1,1,9,8.8
0,3,8.1,0,77,86,1,3,2,63.9,57.2,7.5,90.0,4.4,1,1,2,3,1,1,0,0,7.8
1,6,7.9,1,77,83,0,3,2,59.9,61.6,7.0,82.8,4.7,1,1,4,3,1,1,0,7,7.1
1,8,8.3,0,79,80,1,3,2,59.8,54.3,4.8,88.0,4.8,1,1,3,2,1,1,1,8,7.7
1,4,7.6,0,58,70,1,2,1,41.4,53.1,2.6,67.0,4.1,0,0,0,0,0,0,0,3,6.2
1,0,7.3,0,63,70,0,1,0,24.4,29.6,1.5,76.0,4.0,0,0,0,0,0,0,2,4,5.2
0,7,7.5,0,66,67,0,1,0,29.2,16.0,1.0,83.9,4.4,0,0,0,1,0,0,2,5,3.2
1,0,6.7,0,55,62,1,2,0,20.0,13.5,2.9,63.0,3.7,0,0,0,0,0,0,1,1,2.5
0,5,8.2,0,83,82,2,3,2,69.0,62.3,7.1,90.0,4.8,1,1,2,2,1,1,1,8,8.4
1,5,7.9,0,62,65,0,1,0,35.1,35.5,3.0,70.0,3.7,0,1,0,0,0,1,2,9,6.0
0,8,7.7,0,85,67,1,3,2,39.4,31.7,4.7,72.5,4.8,1,0,0,0,0,0,0,8,6.1
1,8,8.4,0,75,86,0,3,2,60.8,61.4,6.0,86.0,4.8,1,1,3,2,1,0,2,8,8.0
1,0,8.4,0,55,80,2,3,2,61.7,46.3,7.8,90.0,4.6,1,1,4,1,1,0,0,1,6.8
1,0,7.5,1,58,70,1,2,1,33.9,17.2,5.0,68.0,4.8,0,0,0,0,0,1,2,7,5.0
1,3,8.4,0,84,86,2,3,2,77.1,57.1,8.5,90.0,4.8,1,1,3,2,1,1,0,6,8.1
0,11,8.2,2,82,80,2,3,3,68.0,63.6,6.0,89.3,4.4,1,0,0,1,0,1,2,8,8.5
0,4,8.3,0,78,86,2,3,2,81.9,52.9,7.1,84.0,4.0,1,1,0,0,0,1,0,3,8.9
1,3,6.8,1,81,88,2,3,2,38.8,35.5,6.8,84.0,4.8,1,1,1,3,1,0,2,8,5.3
1,7,8.8,0,81,83,0,2,1,65.1,38.0,4.1,75.8,4.8,1,0,1,0,0,1,1,6,8.9
1,0,7.9,0,68,65,1,3,1,60.8,43.1,7.8,76.0,3.8,1,0,0,0,0,1,0,9,5.9
1,10,6.7,1,61,69,1,1,0,20.5,25.7,4.2,70.6,4.3,1,1,0,0,0,0,2,7,4.1
0,2,6.5,0,55,68,1,1,1,20.7,21.2,0.8,60.0,3.4,0,0,0,0,0,0,0,8,2.0
0,0,7.5,0,63,61,0,2,0,25.5,27.7,6.6,81.0,4.3,1,1,0,0,0,0,1,4,4.0
0,11,7.2,0,73,70,1,3,0,44.9,35.8,3.2,75.1,4.2,1,1,1,3,1,0,1,8,3.8
1,3,7.6,0,84,83,0,1,0,22.2,29.8,2.4,81.0,4.4,1,1,2,2,1,1,2,8,4.5
1,2,6.5,0,55,59,1,1,0,20.0,19.6,4.1,64.0,3.7,0,0,0,0,0,0,2,8,3.0
1,0,8.0,0,78,83,0,3,0,49.5,43.4,7.9,88.0,4.4,1,1,0,0,0,0,1,4,5.7
1,5,6.5,0,61,63,1,1,2,20.0,4.8,1.5,81.0,3.8,0,0,0,0,0,0,2,8,2.0
1,0,7.4,1,70,64,1,2,0,41.3,35.0,3.5,70.0,4.5,1,1,3,2,1,1,2,4,5.3
1,0,8.6,0,81,82,1,3,2,74.2,57.9,6.1,86.0,4.7,1,1,4,1,1,1,2,0,9.9
0,2,7.5,0,55,70,0,1,0,29.0,29.4,2.8,81.0,4.7,0,1,0,0,0,0,1,6,4.7
0,4,8.4,0,77,79,2,3,1,69.7,45.1,7.2,83.0,4.4,1,1,0,0,0,0,1,1,8.0
0,4,8.2,0,71,82,1,3,1,66.1,44.7,8.0,88.0,4.8,1,1,0,0,0,1,0,6,8.4
1,0,8.4,0,69,71,1,1,2,46.5,41.2,3.2,86.0,4.7,1,0,0,0,0,0,1,7,7.0
0,4,8.6,0,81,82,0,3,2,62.7,51.7,6.5,90.0,4.8,1,1,2,3,1,1,1,7,8.3
0,7,8.3,0,75,85,2,2,1,63.8,44.0,5.1,85.2,4.4,1,1,3,1,1,0,2,0,6.6
1,8,7.8,1,84,66,2,2,2,45.1,42.6,6.1,77.6,4.8,1,0,0,1,0,0,1,2,8.1
1,8,6.7,0,83,83,2,3,0,29.1,23.1,7.7,84.6,4.4,1,1,2,2,1,0,1,4,2.4
1,11,6.5,1,76,61,1,1,2,23.7,23.1,2.0,67.9,3.5,0,0,0,0,0,0,0,7,3.5
0,3,7.7,0,63,67,1,2,2,51.1,36.2,5.3,78.0,3.8,1,0,0,0,0,1,0,8,7.1
1,4,7.4,0,57,74,1,1,0,34.7,26.1,0.1,76.0,4.3,0,0,0,0,0,0,2,0,3.8
1,7,7.1,0,68,69,1,2,1,32.6,21.7,2.0,81.3,4.3,1,1,1,3,1,1,1,1,3.6
1,4,8.1,0,88,67,2,3,2,56.4,38.4,6.5,89.0,4.8,1,1,0,0,0,1,2,0,6.9
1,2,7.2,0,55,64,1,2,1,32.1,29.3,4.4,77.0,4.1,0,1,0,0,0,0,1,0,3.3
1,3,7.9,2,82,83,1,2,2,53.2,48.2,3.4,89.0,4.8,1,1,4,1,1,0,1,7,6.4
1,0,6.5,1,70,67,1,1,0,20.0,20.3,2.2,74.0,3.9,0,0,0,0,0,0,1,1,2.1
0,5,8.4,0,81,71,1,2,0,67.1,47.8,5.7,81.0,4.1,0,1,2,3,1,0,2,6,8.8
0,4,8.1,0,75,88,1,3,2,70.3,67.7,7.0,88.0,4.2,1,1,0,0,0,0,0,9,8.5
1,4,8.4,0,78,72,1,3,3,68.6,49.7,6.0,90.0,4.7,1,1,3,1,1,0,2,0,8.1
1,2,7.8,0,76,63,1,1,0,34.9,15.8,1.0,79.0,4.6,0,0,0,0,0,0,0,6,4.6
1,3,7.7,0,74,85,2,3,2,57.0,34.5,5.2,89.0,4.5,0,1,0,0,0,1,0,7,6.1
1,7,7.7,1,83,74,1,2,2,57.1,45.9,5.0,90.0,4.7,1,1,3,3,1,0,0,7,6.3
1,2,7.5,1,80,86,1,3,1,53.2,55.5,7.1,89.0,4.8,1,1,0,0,0,1,1,4,6.5
0,5,6.5,0,61,73,2,1,0,20.0,18.5,3.1,76.0,3.7,1,1,0,0,0,1,2,8,2.0
1,7,8.2,1,86,83,2,3,1,65.5,51.1,7.3,90.0,4.8,1,1,3,1,1,1,1,8,7.6
1,4,7.6,2,55,63,0,1,0,28.7,19.3,1.9,71.0,3.9,0,0,0,0,0,0,2,5,5.0
0,10,8.9,1,71,83,2,3,2,78.8,55.5,6.7,90.0,4.8,1,1,3,0,1,1,2,0,10.1
1,2,7.5,2,55,71,1,2,0,51.0,49.5,3.3,79.0,4.2,0,1,0,0,0,0,1,3,6.9
0,9,8.2,0,76,80,0,3,1,58.1,49.1,5.1,90.0,3.6,1,1,4,3,1,0,0,9,6.9
1,4,7.6,0,78,71,2,1,1,38.6,33.6,2.8,63.0,4.8,0,1,3,2,1,0,1,3,4.7
1,2,7.4,1,73,68,0,2,1,31.0,34.0,5.1,66.0,3.7,0,0,0,0,0,1,0,8,4.4
1,3,6.9,2,75,74,1,3,2,33.5,48.8,7.9,78.0,3.8,1,1,0,0,0,0,2,9,4.7
1,7,7.5,0,57,65,0,1,0,32.7,33.6,2.3,74.5,4.3,0,0,1,1,0,0,2,5,4.0
1,0,8.8,0,73,82,1,3,2,73.0,63.2,7.4,84.0,4.2,1,1,3,1,1,0,0,5,9.4
0,3,8.1,0,81,88,1,3,2,56.5,30.2,7.2,90.0,4.6,1,1,3,2,1,1,1,2,6.2
0,1,8.3,0,71,85,2,3,2,76.4,51.9,5.0,87.0,4.7,0,1,4,1,1,1,1,7,7.3
1,0,8.9,0,77,82,2,3,2,80.8,75.8,7.2,90.0,4.8,1,1,3,1,1,0,0,1,10.6
0,11,7.3,0,55,70,2,3,0,49.9,49.4,7.3,87.4,4.6,1,0,0,0,0,1,1,2,6.8
1,5,8.2,0,76,83,2,3,0,69.6,57.2,4.4,90.0,4.8,1,1,4,1,1,1,0,5,7.5
1,5,7.5,1,68,73,1,2,1,25.2,20.0,4.6,65.0,4.1,0,0,0,0,0,0,0,8,5.6
1,5,7.5,0,73,79,1,1,0,42.3,23.1,3.1,76.0,4.3,0,1,0,0,0,1,1,8,5.3
1,8,6.6,0,65,69,0,2,1,20.0,35.5,5.9,65.1,4.0,1,1,0,0,0,1,1,8,3.8
1,4,6.5,0,55,71,0,1,0,20.0,20.7,3.5,74.0,3.5,0,1,1,3,1,0,1,4,2.0
1,4,7.5,1,75,70,1,2,2,40.8,38.4,4.5,78.0,4.5,0,1,3,2,1,0,1,0,5.9
0,6,8.2,0,79,85,2,1,2,59.1,43.0,5.4,81.9,4.5,1,1,0,3,1,0,1,0,7.5
1,0,8.6,0,78,83,1,3,2,72.0,49.1,7.9,90.0,4.8,0,1,0,0,0,1,1,5,9.1
1,2,7.6,0,56,62,0,1,0,36.3,38.7,3.2,88.0,4.3,0,1,0,0,0,1,1,8,4.7
1,3,8.0,0,76,84,2,3,0,58.0,52.9,6.8,89.0,4.5,1,1,3,2,1,1,2,4,6.8
1,3,6.5,1,55,70,1,1,0,21.9,34.3,2.2,69.0,4.5,0,0,0,0,0,0,0,8,2.7
0,10,8.5,0,83,86,0,2,1,50.5,31.9,3.2,89.9,4.8,1,1,2,3,1,1,1,8,6.6
1,5,6.7,0,79,68,2,3,2,22.7,14.4,5.6,83.0,4.0,0,0,1,3,1,0,1,8,2.6
1,3,7.7,1,60,87,0,2,2,46.6,47.0,4.6,90.0,4.8,1,1,4,1,1,0,1,8,4.8
1,2,7.6,0,57,61,1,1,2,37.4,26.2,2.9,67.0,4.0,0,1,0,0,0,0,1,1,4.8
1,3,8.4,2,80,82,0,3,2,55.1,48.6,6.7,90.0,4.8,1,0,2,2,1,1,2,6,7.1
0,11,7.5,0,74,68,2,1,3,46.8,46.7,3.4,85.3,4.0,0,1,1,1,0,0,2,5,4.8
1,1,7.3,1,55,66,0,1,1,20.0,12.5,2.8,76.0,4.2,0,0,0,0,0,1,1,8,4.6
0,10,6.7,1,59,66,1,2,0,20.1,18.1,2.8,75.1,4.5,0,0,0,0,0,0,0,8,2.7
0,4,7.6,1,55,68,1,2,1,37.3,31.6,3.9,77.0,4.4,0,1,0,0,0,0,2,0,6.7
0,9,7.0,1,55,72,2,2,0,23.2,32.9,3.6,70.0,4.3,0,0,2,3,1,0,1,8,3.0
1,3,7.6,0,73,85,1,2,1,38.5,39.4,2.6,79.0,4.2,0,1,3,2,1,0,1,0,5.0
1,2,6.5,0,81,62,1,2,1,25.4,29.2,4.5,84.0,3.8,0,1,0,0,0,0,2,8,2.1
1,0,7.4,0,55,66,1,1,0,25.3,22.7,1.2,71.0,4.3,1,1,0,0,0,0,1,5,3.8
0,2,6.5,0,72,67,1,2,1,20.0,9.9,5.1,80.0,4.5,1,1,0,0,0,1,1,7,2.3
1,5,7.2,0,57,72,1,2,1,32.8,27.0,3.2,79.0,3.2,0,0,0,0,0,1,0,8,4.3
1,0,6.6,0,72,66,1,1,0,20.0,29.8,2.4,73.0,4.5,1,0,0,0,0,1,0,5,2.5
0,11,8.2,0,77,80,0,2,3,56.8,42.2,5.7,82.1,4.2,1,1,0,1,0,0,2,6,8.0
0,4,7.9,2,67,66,1,2,1,49.9,43.2,4.1,82.0,4.5,0,1,0,0,0,0,0,4,6.5
0,2,8.4,0,79,83,1,2,2,72.8,53.2,4.9,84.0,4.4,1,1,3,1,1,0,1,8,7.8
0,7,7.9,0,72,84,0,1,1,44.2,37.5,2.0,90.0,4.8,1,1,0,0,0,0,1,1,6.9
0,3,7.7,0,62,62,0,3,1,48.0,40.7,5.1,68.0,4.4,1,0,0,0,0,1,1,7,6.5
1,3,7.8,0,87,84,2,3,1,65.5,46.7,6.5,90.0,4.6,1,0,3,2,1,1,0,2,6.1
1,5,7.3,1,58,66,2,1,1,39.1,36.5,4.1,79.0,4.8,1,0,0,0,0,0,0,8,6.3
1,6,7.5,0,62,63,1,2,1,47.4,38.3,7.1,81.9,3.8,1,1,3,2,1,1,1,7,4.5
1,3,7.4,0,67,70,1,1,0,34.6,34.5,4.0,81.0,4.3,1,1,0,0,0,0,1,0,4.8
0,0,7.6,0,67,86,1,3,2,53.6,43.6,9.1,84.0,4.6,1,1,2,2,1,1,2,2,5.2
1,3,8.3,0,82,81,1,2,0,53.6,39.8,5.5,84.0,4.2,1,1,4,1,1,1,1,6,6.1
1,0,7.6,1,75,86,2,3,2,61.3,42.7,6.2,90.0,4.8,1,1,1,3,1,1,2,4,7.5
1,4,6.5,1,86,71,1,3,1,30.9,25.1,5.2,68.0,4.0,1,1,0,0,0,1,1,2,3.4
0,1,7.7,0,80,86,1,3,2,58.7,55.3,5.5,85.0,4.8,1,1,1,3,1,0,1,4,5.8
1,3,7.5,0,75,73,0,3,2,53.2,42.0,6.8,85.0,4.5,0,1,3,2,1,1,2,2,4.8
1,8,6.5,0,85,83,1,2,1,24.3,14.2,7.5,84.9,4.7,1,1,1,3,1,1,2,7,2.4
1,3,7.8,0,78,80,1,2,0,43.5,47.0,3.4,83.0,4.8,1,1,2,3,1,1,1,7,5.4
0,2,8.2,0,71,84,0,3,0,58.9,36.6,7.6,84.0,4.6,1,1,0,0,0,0,1,8,6.7
1,8,7.5,0,55,75,1,1,0,40.8,29.4,3.1,85.2,4.1,0,1,0,0,0,0,2,8,4.8
1,2,6.8,1,55,66,1,1,0,26.5,23.1,1.6,74.0,4.3,0,1,0,0,0,0,0,5,3.1
0,2,7.8,2,62,70,1,1,1,38.2,45.1,0.7,72.0,4.3,0,1,0,0,0,0,1,7,6.3
0,3,7.5,0,72,87,1,2,0,48.7,34.8,4.5,86.0,4.7,1,1,0,0,0,1,1,8,7.5
1,3,8.4,0,78,87,1,3,2,78.2,70.3,7.7,85.0,4.4,1,1,3,2,1,0,2,0,8.8
0,9,7.4,1,55,62,1,3,0,33.5,31.2,5.5,79.1,4.4,1,1,2,3,1,1,1,8,4.6
1,4,8.9,0,76,81,1,2,1,72.6,53.5,4.2,76.0,4.8,1,1,3,1,1,1,1,6,9.1
0,7,8.2,0,61,59,1,2,1,46.6,41.4,4.4,86.7,3.9,1,1,3,2,1,0,2,7,6.9
0,5,8.5,0,82,88,1,1,2,54.2,46.3,3.7,90.0,4.6,1,1,3,2,1,1,0,5,7.6
0,7,8.4,0,88,83,0,3,2,69.7,46.8,8.5,90.0,4.8,1,1,4,1,1,1,2,8,8.1
1,4,7.4,0,66,65,1,1,1,30.8,23.5,1.3,79.0,4.4,1,1,0,0,0,0,0,9,3.2
1,2,7.5,0,59,62,1,2,0,43.6,35.1,5.0,76.0,4.0,0,1,2,2,1,0,2,4,4.6
1,9,7.4,1,69,69,2,1,0,45.0,27.8,5.9,65.7,4.2,1,0,0,0,0,1,1,7,5.1
1,3,8.3,0,82,80,2,2,1,64.3,54.7,4.9,87.0,4.5,1,1,0,0,0,1,0,7,8.5
1,1,7.3,0,63,64,1,2,1,38.4,42.1,4.0,71.0,4.8,1,1,0,0,0,0,1,6,6.0
0,1,7.4,0,59,63,1,2,0,38.7,37.1,3.1,77.0,3.8,0,1,0,0,0,1,2,8,5.5
1,2,7.4,0,73,67,1,2,1,41.5,28.9,4.4,90.0,4.8,1,1,3,2,1,1,1,4,4.6
0,2,8.1,0,55,71,1,2,0,54.2,50.6,6.2,84.0,4.4,1,1,0,0,0,0,0,6,6.9
1,7,6.6,0,58,64,1,1,0,22.6,7.0,3.4,75.3,4.1,1,0,3,2,1,0,0,6,2.5
1,11,6.5,1,61,68,0,3,1,22.4,33.3,3.5,75.4,3.5,0,1,1,0,0,0,1,1,5.4
1,6,6.5,0,56,64,2,1,2,23.3,16.7,2.8,77.2,4.0,0,0,0,0,0,0,1,7,2.6
1,6,6.5,0,61,76,0,2,0,21.3,33.1,3.6,90.0,4.6,1,0,0,0,0,1,1,6,4.1
1,2,8.5,0,55,86,1,3,2,71.7,49.4,6.4,81.0,4.2,0,1,0,0,0,1,0,0,9.3
1,8,6.6,0,55,64,0,2,0,20.0,32.3,2.9,79.5,4.4,0,1,0,1,0,0,2,7,4.0
1,0,7.8,0,55,69,2,1,0,44.7,43.7,2.2,88.0,4.0,0,1,0,0,0,1,1,4,6.4
0,5,6.9,2,71,57,1,1,1,30.0,22.4,3.1,73.0,3.6,0,0,0,0,0,0,0,9,3.5
1,4,7.8,0,81,67,1,1,1,36.5,22.5,2.4,90.0,3.9,0,1,1,3,1,1,1,6,3.4
1,2,6.7,0,55,69,0,1,1,20.0,11.8,2.1,71.0,4.2,0,0,0,0,0,0,1,3,3.1
1,0,7.8,0,57,72,2,2,2,55.1,46.6,5.2,65.0,4.3,1,1,0,0,0,0,2,5,6.7
0,2,7.8,0,76,82,1,3,0,49.6,49.3,6.1,81.0,4.3,1,1,2,3,1,1,1,1,6.9
0,3,7.7,0,79,84,1,2,0,52.1,47.0,4.4,80.0,3.5,1,1,0,0,0,0,0,7,6.0
1,3,6.6,2,55,72,0,1,0,20.0,21.1,2.6,88.0,4.3,0,1,0,0,0,0,2,0,2.0
0,2,7.6,0,66,65,0,1,1,23.0,22.0,3.7,71.0,3.9,0,1,0,0,0,1,1,1,4.4
1,1,8.1,0,78,83,2,2,0,62.2,60.1,5.6,71.0,4.4,1,1,4,1,1,1,2,8,7.2
1,4,6.5,0,59,68,1,1,0,20.0,23.6,2.6,70.0,3.8,0,1,3,2,1,0,1,2,2.0
1,6,8.4,0,74,78,2,3,0,75.1,51.2,8.2,82.2,4.5,1,1,0,0,0,1,2,7,8.3
0,8,8.6,0,64,88,1,1,1,39.6,26.2,1.4,71.1,3.8,0,1,0,0,0,0,2,8,7.8
1,0,7.8,0,77,85,1,2,2,39.3,35.0,4.2,90.0,4.8,1,1,2,2,1,1,2,3,6.8
1,2,8.1,0,84,86,2,3,2,61.3,66.4,6.1,87.0,4.8,1,0,4,1,1,0,0,5,7.3
1,1,7.3,0,74,66,1,2,1,41.3,55.4,3.8,83.0,3.9,1,1,2,2,1,0,2,8,4.9
0,4,6.5,0,55,63,1,1,0,22.4,20.4,1.0,75.0,3.3,0,0,0,0,0,0,2,3,3.6
1,5,8.4,0,70,85,2,3,2,72.3,58.6,7.8,90.0,4.8,1,1,2,2,1,1,1,8,7.6
1,0,7.4,0,62,65,1,1,0,29.2,30.1,4.0,66.0,3.8,1,1,0,0,0,1,1,3,3.8
1,0,7.7,0,82,82,1,3,2,58.8,39.1,6.4,83.0,4.8,1,1,2,2,1,0,1,5,6.3
1,0,7.6,0,78,87,2,3,0,50.8,49.9,6.3,84.0,4.5,1,1,0,0,0,1,2,0,7.4
1,6,6.5,2,63,68,0,1,0,22.6,16.9,3.5,77.7,3.6,0,0,0,0,0,1,2,9,2.2
0,3,8.1,0,84,86,2,3,2,65.1,41.1,6.7,90.0,4.8,1,1,2,2,1,1,1,8,6.2
1,8,6.9,1,77,85,2,3,1,25.5,12.4,5.3,86.9,4.5,1,1,2,2,1,0,1,8,2.7
1,4,7.0,1,87,81,0,3,3,32.9,37.9,8.0,76.0,4.5,1,1,2,2,1,1,0,0,2.8
0,4,7.8,1,77,67,1,2,0,49.9,41.3,4.4,82.0,4.7,1,1,0,0,0,1,1,5,5.8
1,0,7.6,0,73,72,1,2,1,37.3,34.1,5.4,74.0,4.4,1,1,3,2,1,1,2,4,5.6
1,4,8.4,0,84,84,0,3,2,64.8,52.1,6.9,81.0,4.8,1,1,0,0,0,1,1,3,8.6
1,8,6.5,0,62,68,1,2,0,20.0,0.0,2.8,73.7,4.5,0,0,0,1,0,1,2,4,2.0
1,5,8.4,0,70,70,0,3,2,69.8,62.9,6.8,88.0,4.7,1,1,3,2,1,1,1,8,8.6
1,8,6.5,0,55,66,1,1,1,20.0,9.5,2.8,69.4,3.7,0,0,0,0,0,1,1,9,3.1
1,9,6.6,0,82,71,2,2,0,20.0,15.2,7.4,72.2,4.6,1,1,0,0,0,1,2,8,3.2
0,0,8.6,0,73,86,1,3,1,60.2,54.1,6.2,85.0,4.8,1,0,0,0,0,0,0,0,7.5
1,4,7.7,0,60,73,0,2,1,39.8,24.6,4.3,71.0,4.3,1,1,0,0,0,0,2,7,4.8
0,3,8.3,0,78,87,2,3,2,72.1,63.8,5.6,90.0,4.8,1,1,2,2,1,1,2,1,7.8
1,1,8.0,0,85,84,1,3,0,51.9,40.6,4.8,80.0,4.4,1,1,1,3,1,1,2,8,5.6
1,8,7.9,0,60,85,2,3,0,52.8,41.4,6.8,89.2,4.5,1,1,3,2,1,1,2,8,7.1
1,9,8.1,1,80,83,0,3,0,45.2,46.0,4.1,81.3,4.5,1,1,0,0,0,0,1,1,7.6
1,6,6.7,1,56,83,0,2,1,24.8,13.5,2.6,75.2,3.9,0,1,0,0,0,0,1,0,2.6
1,0,7.5,0,83,69,1,2,2,36.5,34.0,4.0,82.0,4.1,1,1,0,0,0,1,2,5,5.0
1,4,7.5,0,59,71,2,2,2,39.9,38.9,3.6,78.0,4.2,0,0,0,0,0,0,1,5,4.8
1,3,6.5,1,55,75,0,1,1,20.0,17.4,1.7,69.0,3.9,0,0,0,0,0,0,2,8,2.8
1,6,7.0,0,63,74,0,2,1,28.3,21.4,3.4,72.9,4.4,0,0,0,1,0,1,0,2,4.2
1,0,8.2,0,85,88,2,3,2,77.6,65.8,5.3,85.0,4.0,1,1,2,2,1,1,2,2,9.3
0,6,8.3,0,77,71,1,2,0,62.6,42.6,6.9,72.9,3.4,1,1,0,0,0,1,1,9,8.3
0,3,7.4,0,60,68,1,2,0,36.5,38.4,5.0,85.0,4.6,0,1,2,2,1,0,2,8,4.7
1,6,7.7,1,57,65,0,1,0,33.3,26.6,2.1,69.2,3.8,0,1,0,0,0,0,1,2,3.7
1,0,7.7,1,73,74,2,3,0,66.3,53.7,7.1,71.0,3.8,0,0,0,0,0,0,1,7,7.4
1,6,8.7,0,90,86,2,3,2,84.8,74.3,6.5,90.0,4.8,1,1,3,2,1,1,2,4,8.5
1,4,6.5,2,82,68,2,3,2,24.3,28.3,7.1,81.0,3.5,1,0,3,1,1,0,1,0,3.3
1,2,6.5,2,55,74,1,1,1,20.0,8.2,0.9,60.0,4.0,0,0,0,0,0,0,0,0,2.0
1,11,7.7,0,55,64,1,1,2,34.8,35.7,2.2,71.8,4.0,0,1,1,0,0,0,0,7,5.6
1,2,8.3,0,76,81,1,3,0,67.8,45.1,6.8,75.0,3.9,1,1,1,3,1,1,1,1,7.7
1,5,6.5,2,55,75,0,1,1,20.0,7.6,3.3,71.0,4.4,1,1,0,0,0,0,1,2,2.1
0,0,8.5,0,77,85,2,3,2,74.7,44.6,4.2,88.0,4.8,1,1,0,0,0,1,1,0,7.4
0,2,8.5,0,75,66,1,1,0,56.4,43.3,2.8,79.0,4.1,1,1,0,0,0,0,0,8,6.2
0,0,7.2,0,55,69,1,2,0,23.1,31.0,4.7,71.0,3.2,0,0,0,0,0,1,0,2,5.1
1,8,8.2,0,77,87,2,3,1,66.4,54.3,6.5,89.8,4.6,1,1,2,0,1,1,2,1,7.4
1,0,8.5,0,74,83,2,3,2,77.5,61.2,6.1,84.0,4.6,1,1,3,2,1,1,2,0,9.4
1,3,7.4,0,67,73,1,2,1,39.7,39.0,5.8,71.0,4.3,1,1,0,0,0,1,0,5,5.6
1,10,6.6,0,73,59,0,1,0,30.6,22.4,3.8,69.2,4.1,0,1,0,1,0,0,0,8,4.0
1,0,7.5,0,61,67,1,1,1,25.0,11.7,1.4,68.0,4.3,0,0,0,0,0,0,0,7,3.7
0,3,7.4,0,55,64,1,2,0,40.2,35.8,4.5,69.0,3.8,0,0,0,0,0,0,2,8,4.8
0,6,8.5,0,83,84,1,2,3,69.1,62.4,5.7,82.8,4.6,1,1,3,1,1,1,2,2,8.9
1,10,8.3,0,79,87,2,2,1,66.1,50.1,7.0,88.0,4.5,1,1,0,0,0,1,1,7,8.2
1,8,8.3,0,81,81,2,1,3,60.8,50.6,3.1,82.4,4.2,1,1,3,2,1,0,1,1,6.4
1,1,7.5,1,55,63,2,1,0,31.3,30.9,2.6,74.0,4.6,0,0,0,0,0,0,2,0,3.7
1,5,7.7,1,66,73,1,1,1,39.1,29.0,3.9,71.0,4.4,1,1,0,0,0,0,1,7,5.7
1,0,8.5,0,80,87,2,3,2,68.7,38.7,8.6,90.0,4.8,1,0,3,1,1,1,1,0,6.9
1,2,7.8,1,74,67,0,2,0,41.8,38.2,6.1,82.0,4.3,1,1,0,0,0,1,1,8,4.9
1,7,8.0,0,55,67,0,3,1,51.4,53.4,2.6,81.7,4.4,0,1,0,0,0,0,2,1,8.4
1,0,8.0,0,80,85,0,3,2,50.7,42.2,7.1,90.0,4.8,1,1,3,2,1,0,1,3,5.4
1,2,8.1,0,77,88,1,2,1,57.3,53.6,1.1,88.0,4.8,0,1,2,2,1,0,1,9,6.8
1,4,8.3,0,83,87,1,2,2,53.2,59.9,4.9,82.0,4.6,1,1,2,2,1,1,2,2,7.3
0,9,6.5,0,82,65,0,2,0,20.0,25.0,2.7,76.6,4.7,1,0,0,1,0,0,0,9,2.7
1,10,8.5,0,81,88,1,3,2,74.2,55.3,7.1,90.0,4.6,1,1,3,2,1,1,1,1,9.6
1,2,7.5,0,55,69,0,1,0,33.6,26.7,1.6,72.0,4.1,0,0,0,0,0,0,1,8,4.9
1,11,7.4,1,65,66,2,0,2,46.2,36.6,2.4,75.8,4.4,1,0,0,0,0,0,2,8,5.2
1,2,8.2,1,72,82,2,3,2,64.0,48.3,6.9,90.0,4.8,1,1,3,2,1,1,0,8,8.0
1,11,7.3,1,73,79,0,0,2,24.6,18.0,2.6,75.2,4.5,1,1,3,2,1,0,1,8,2.8
0,4,7.6,1,74,67,0,1,1,28.5,26.7,3.8,81.0,4.3,1,0,0,0,0,0,2,5,4.9
1,2,8.2,0,74,88,2,3,2,63.7,44.4,6.4,81.0,4.5,1,1,2,2,1,1,2,8,6.5
1,11,8.2,0,84,64,2,2,3,65.6,46.8,7.8,81.0,4.8,1,1,1,0,0,1,1,1,7.5
0,3,7.9,0,55,63,2,1,0,52.4,40.2,2.9,75.0,3.4,1,1,0,0,0,0,0,6,6.5
1,7,6.5,2,55,69,1,2,0,23.5,14.1,0.9,85.7,3.6,0,1,0,0,0,0,0,4,2.0
1,9,7.9,1,63,68,0,0,0,36.0,39.1,0.6,64.2,4.1,1,1,0,0,0,0,1,8,3.4
0,3,7.9,0,55,70,1,1,1,47.0,43.2,0.8,86.0,4.3,0,1,0,0,0,0,0,4,6.8
0,4,6.6,0,62,70,1,1,0,20.0,18.9,1.2,77.0,4.5,0,0,0,0,0,0,2,7,2.1
1,2,7.9,0,64,59,0,1,0,39.0,21.5,1.1,60.0,3.4,0,0,0,0,0,0,2,3,5.2
1,5,8.0,0,87,81,1,3,2,55.0,55.4,5.6,90.0,4.4,1,1,2,2,1,0,2,1,5.3
1,3,8.1,0,58,68,0,2,0,48.0,34.0,4.2,78.0,4.0,0,0,0,0,0,0,0,6,7.0
1,0,8.3,0,80,88,2,3,2,70.9,63.5,4.3,90.0,4.8,1,1,2,3,1,0,1,0,8.8
1,11,7.8,1,75,82,2,2,1,44.7,35.6,5.8,88.6,4.3,1,1,0,1,0,1,2,8,6.0
0,6,6.5,0,62,75,0,1,0,24.5,31.5,0.9,85.6,4.0,0,1,1,0,0,0,0,1,2.9
0,0,6.5,0,62,62,1,2,1,21.1,37.3,3.6,78.0,4.2,0,0,0,0,0,0,0,5,3.2
0,3,7.3,0,63,76,1,1,0,25.4,27.1,0.5,70.0,4.3,0,1,0,0,0,1,1,8,5.5
1,9,8.1,0,80,81,1,3,3,44.5,37.4,6.5,76.3,4.5,1,1,2,3,1,1,0,7,5.1
1,4,7.5,1,57,60,1,1,0,39.0,32.1,2.5,67.0,4.2,0,0,0,0,0,0,0,2,4.7
1,8,8.1,2,84,59,0,3,0,49.9,35.9,3.7,82.6,3.9,0,0,1,0,0,1,1,8,6.7
0,10,8.3,0,80,80,1,3,1,75.8,62.3,7.1,81.3,4.7,1,0,2,3,1,1,2,6,7.3
0,3,7.4,0,61,85,1,2,2,36.6,33.1,4.8,66.0,4.4,0,1,0,0,0,0,0,8,4.7
1,6,7.9,1,62,59,1,0,0,44.8,22.0,3.3,70.4,3.9,0,0,0,0,0,0,1,9,4.6
0,4,7.8,2,71,84,2,3,2,62.3,60.3,9.1,90.0,4.8,1,1,3,2,1,1,1,5,7.8
1,5,6.6,1,74,72,1,1,0,20.0,24.0,3.1,80.0,4.2,0,1,0,0,0,0,1,8,3.3
1,0,7.7,0,71,66,0,2,0,39.2,36.1,5.1,68.0,4.4,1,1,0,0,0,1,1,1,5.0
0,4,7.1,0,78,72,1,3,0,41.3,44.2,7.5,81.0,4.4,1,1,0,0,0,1,0,0,5.9
0,4,8.0,0,87,86,2,3,2,61.6,39.5,5.6,86.0,3.8,1,1,4,1,1,0,0,8,5.8
1,9,8.1,0,64,61,0,2,0,48.2,30.6,5.1,89.7,4.1,1,1,2,1,1,1,1,8,4.9
1,4,8.4,0,70,84,0,3,2,64.4,48.7,6.4,89.0,4.1,1,1,3,2,1,1,2,4,6.8
0,4,7.3,0,55,72,1,2,0,33.7,30.5,3.9,79.0,4.6,0,1,0,0,0,1,1,5,4.7
0,0,6.8,0,55,68,1,1,1,21.2,28.0,2.6,64.0,3.3,0,0,0,0,0,0,1,4,3.6
1,10,7.9,1,61,68,0,1,0,41.4,36.5,1.6,72.1,4.0,0,0,0,1,0,1,2,8,5.8
0,5,6.5,0,55,67,1,2,0,20.0,30.9,4.3,78.0,4.3,0,0,0,0,0,0,2,2,4.2
0,2,7.8,0,81,85,2,1,2,42.8,38.8,3.8,90.0,4.7,1,0,1,3,1,1,2,1,5.6
1,4,6.6,1,55,69,2,2,1,32.6,30.1,4.1,61.0,3.5,0,1,0,0,0,0,1,2,3.6
0,6,6.6,1,57,72,0,2,0,32.6,49.4,7.5,64.7,3.9,1,1,0,0,0,1,2,2,4.9
1,0,8.0,0,75,72,2,1,2,46.2,49.9,2.6,78.0,4.4,1,1,3,2,1,1,1,0,5.5
1,11,7.7,2,68,80,1,1,3,43.5,32.8,3.1,76.6,4.8,1,1,0,1,0,0,1,4,5.1
0,7,8.4,0,58,71,0,2,0,65.0,53.3,6.9,90.0,4.6,1,1,2,2,1,1,2,8,7.7
0,11,6.5,0,59,74,1,0,2,23.5,36.8,1.9,68.2,4.6,0,0,1,0,0,0,1,2,3.9
1,5,7.9,0,82,87,2,3,2,76.3,65.9,6.6,90.0,4.6,1,1,1,3,1,1,2,8,7.7
1,2,8.8,0,71,82,1,3,0,79.9,56.8,4.5,88.0,4.4,0,1,0,0,0,1,2,9,9.0
1,9,7.9,1,75,85,0,3,1,58.1,46.8,7.2,89.6,4.4,1,0,2,1,1,1,1,6,7.2
1,10,7.6,0,83,67,1,1,2,27.5,1.6,1.5,79.7,4.3,0,0,0,0,0,0,0,8,5.5
1,3,8.5,0,68,74,1,3,2,68.9,54.6,7.0,89.0,4.0,1,1,0,0,0,1,2,8,7.3
1,0,8.2,0,68,87,2,2,2,56.1,48.7,3.5,90.0,4.6,1,1,2,2,1,0,1,2,6.2
0,4,7.6,2,55,64,1,1,0,41.6,41.7,1.8,74.0,4.1,0,1,0,0,0,1,1,9,4.4
1,0,8.4,0,85,80,2,3,3,58.8,49.9,8.2,90.0,4.7,1,1,1,3,1,1,0,0,8.5
1,6,7.5,0,80,64,1,1,0,39.6,42.2,5.3,71.5,3.7,0,0,0,1,0,1,2,2,6.1
0,0,7.5,0,58,67,0,3,1,33.9,37.8,6.4,65.0,4.2,0,0,0,0,0,0,2,4,6.5
1,0,8.2,0,81,70,1,2,1,51.9,32.7,4.1,90.0,4.7,1,1,0,0,0,0,0,0,7.4
1,6,7.5,0,55,64,1,0,1,40.9,34.5,1.5,79.2,4.0,0,1,1,0,0,0,2,1,4.5
1,7,8.1,0,88,87,2,3,2,66.0,45.4,6.7,90.0,4.7,1,1,4,3,1,1,2,1,7.7
1,5,7.8,0,60,60,1,1,1,37.2,21.9,3.8,72.0,4.6,1,1,0,0,0,0,0,8,5.6
1,0,7.7,0,59,69,0,2,0,35.4,31.5,5.3,71.0,4.8,1,1,0,0,0,1,0,9,5.2
0,7,7.5,2,70,72,1,2,0,55.2,31.9,3.2,65.6,3.9,0,0,0,0,0,1,1,1,5.1
1,6,7.8,1,71,85,2,3,0,61.6,49.1,9.5,79.0,3.7,0,1,0,1,0,1,2,9,8.8
1,0,7.8,0,64,83,1,3,0,56.2,43.2,6.5,90.0,4.6,0,1,0,0,0,1,1,2,5.2
0,0,6.7,0,72,65,0,1,0,20.0,10.9,1.2,73.0,4.0,0,1,3,2,1,0,0,4,2.0
0,4,6.8,2,80,69,0,1,0,20.0,10.2,2.1,84.0,4.0,0,1,0,0,0,0,0,5,3.8
0,6,8.7,1,73,83,1,3,1,77.8,68.0,5.5,76.4,4.8,0,0,0,1,0,1,1,1,9.8
0,1,6.6,1,69,68,0,2,1,21.0,23.6,4.3,78.0,4.5,0,0,0,0,0,0,0,5,2.9
0,4,8.7,0,76,85,1,3,2,75.4,58.0,8.4,90.0,4.8,1,1,4,1,1,1,1,0,7.2
1,0,7.5,0,55,66,1,2,1,40.4,32.5,3.1,80.0,3.7,0,1,0,0,0,1,0,1,4.6
0,4,7.8,0,71,85,2,3,2,60.6,55.6,7.7,88.0,4.5,1,1,2,2,1,0,2,4,6.6
0,4,8.0,0,83,81,0,2,2,39.6,40.8,6.6,73.0,4.8,1,0,0,0,0,1,2,1,5.0
1,4,8.2,0,57,68,0,1,1,39.7,37.0,1.5,79.0,4.3,1,1,0,0,0,1,2,6,6.2
1,7,8.2,0,83,75,1,3,2,70.8,64.1,5.8,87.3,4.8,1,0,0,0,0,0,0,6,9.5
1,7,7.8,1,68,87,2,3,2,65.1,47.6,7.2,90.0,4.8,1,1,1,3,1,0,1,5,6.9
1,2,7.3,0,68,69,1,1,1,34.8,34.6,2.8,77.0,3.8,0,1,0,0,0,0,2,9,5.2
0,5,8.8,0,83,67,2,3,2,80.5,53.5,7.8,90.0,4.8,1,1,3,2,1,1,1,8,9.5
0,2,6.7,1,55,58,1,1,0,20.0,15.3,0.4,82.0,3.7,0,1,0,0,0,0,0,6,2.0
1,3,8.4,0,81,87,1,2,2,53.5,38.0,5.9,86.0,4.8,1,1,3,1,1,1,0,8,7.0
1,6,8.1,0,76,66,0,3,0,64.7,58.8,6.4,89.9,4.0,1,1,1,3,1,1,1,9,7.2
0,6,6.5,0,55,84,1,1,0,23.4,18.5,2.6,86.6,4.5,1,1,0,0,0,0,1,1,2.9
1,7,7.7,1,80,67,0,3,1,36.0,36.2,5.6,77.7,4.2,1,1,2,2,1,0,2,1,5.0
1,9,6.9,0,63,64,0,1,0,21.4,26.9,5.7,78.8,4.1,0,1,0,1,0,0,2,8,3.4
1,10,7.6,0,80,70,1,3,1,54.4,28.2,4.9,80.8,4.6,1,1,0,0,0,0,2,8,5.5
1,2,8.4,0,88,84,0,3,2,65.9,52.0,8.0,90.0,4.8,1,1,2,3,1,1,2,7,8.5
1,3,7.6,0,80,79,1,2,0,52.2,28.4,4.5,78.0,4.4,0,0,0,0,0,0,1,9,5.2
1,5,7.5,0,56,66,1,1,0,39.8,38.6,2.4,64.0,3.4,0,0,0,0,0,0,0,8,6.5
1,2,8.4,0,55,63,0,3,2,56.4,46.7,7.1,75.0,4.8,1,1,0,0,0,0,0,0,8.3
0,3,7.8,0,55,69,2,2,3,44.5,36.2,4.2,70.0,4.6,0,1,0,0,0,1,2,3,5.7
0,8,8.4,0,69,71,1,0,1,43.3,41.6,2.2,83.9,4.5,0,1,1,0,0,1,1,8,6.2
0,4,7.4,2,67,79,1,1,0,33.1,42.1,1.8,79.0,4.0,1,1,1,3,1,0,2,6,4.5
0,3,8.8,0,79,84,2,3,2,83.9,76.2,6.2,90.0,4.8,1,1,4,1,1,1,0,8,9.9
1,2,6.5,2,68,86,2,3,0,35.4,40.4,9.5,79.0,3.7,1,1,0,0,0,0,0,1,5.3
0,4,6.7,0,68,62,0,1,1,20.0,32.7,2.5,68.0,4.3,0,0,0,0,0,1,2,3,4.0
1,6,8.2,0,56,81,0,0,0,45.2,36.9,3.4,77.6,4.4,1,1,0,0,0,0,2,9,7.0
1,5,8.3,0,84,86,2,3,2,68.9,50.6,6.9,90.0,4.4,1,1,2,2,1,1,2,5,7.6
0,8,6.6,0,56,65,1,2,2,20.0,18.6,2.6,68.1,4.1,0,0,1,0,0,1,0,9,2.6
1,8,7.4,0,58,64,2,3,1,44.3,32.5,6.3,88.9,4.6,1,1,0,0,0,1,1,8,5.5
0,8,7.5,2,55,64,0,2,0,20.0,33.3,2.3,63.8,4.2,1,1,0,0,0,0,1,2,4.2
1,8,6.5,0,59,82,0,1,0,20.0,6.5,1.7,75.4,3.9,0,0,0,1,0,0,2,1,2.7
1,7,8.4,1,56,85,1,2,2,54.0,33.4,6.6,71.7,4.5,1,1,2,3,1,1,1,6,7.0
1,6,7.7,0,55,85,1,1,2,36.5,24.8,2.1,80.1,4.6,0,1,3,3,1,1,1,2,3.7
1,2,8.3,1,75,85,2,3,1,71.1,61.1,7.9,79.0,4.4,1,1,0,0,0,1,0,7,9.2
1,7,6.5,2,82,82,1,3,1,24.9,14.4,6.2,89.8,4.5,1,1,1,3,1,1,2,8,2.0
1,3,8.5,0,87,84,2,3,0,81.4,62.4,6.0,90.0,3.8,1,1,4,1,1,1,0,1,9.0
1,6,7.6,1,64,70,2,1,0,49.8,44.9,3.3,67.9,3.7,0,0,0,0,0,0,2,8,5.7
1,10,7.5,0,78,72,2,1,0,45.5,38.7,4.0,78.7,4.2,0,1,2,1,1,1,0,5,4.7
1,6,8.5,0,80,80,2,3,2,81.2,66.1,6.2,90.0,4.8,1,1,4,2,1,1,2,3,10.7
1,4,8.4,0,78,85,2,3,2,64.0,57.4,8.0,88.0,4.7,1,1,3,2,1,1,2,1,8.3
0,5,7.4,1,82,68,1,2,2,37.4,34.6,2.8,78.0,4.4,1,1,0,0,0,0,0,8,6.0
1,6,8.2,1,55,71,2,2,1,55.0,31.1,2.8,84.7,4.1,1,1,1,0,0,1,0,1,7.8
1,2,6.5,2,65,66,1,1,1,20.0,14.7,0.6,70.0,4.1,0,0,0,0,0,0,1,2,2.3
1,2,7.5,0,81,80,1,1,2,36.7,23.7,2.1,85.0,4.4,1,1,2,2,1,0,1,6,4.2
1,6,7.7,0,78,82,1,3,0,58.4,49.9,6.9,90.0,4.4,1,1,0,0,0,1,2,2,7.7
1,1,8.1,0,76,83,1,3,0,59.6,49.3,9.0,81.0,3.8,1,1,2,2,1,0,1,8,7.4
1,1,8.4,0,78,83,2,3,1,71.9,47.6,6.7,84.0,4.2,1,1,0,0,0,1,0,7,8.4
1,0,8.1,0,89,71,2,3,2,68.7,45.5,7.1,89.0,4.8,1,1,0,0,0,0,2,1,8.9
1,6,7.7,1,55,67,1,3,0,54.1,68.6,4.8,74.4,3.8,0,1,0,0,0,0,0,5,8.9
1,6,7.9,2,83,88,2,3,2,69.1,56.7,6.3,90.0,4.8,1,1,4,1,1,0,1,4,6.8
1,0,6.5,0,55,67,0,1,0,20.0,23.2,1.1,75.0,4.2,0,0,0,0,0,0,2,7,3.8
1,0,8.6,0,84,85,2,3,2,77.7,78.0,6.5,90.0,4.8,1,1,3,1,1,0,2,5,10.1
1,9,6.5,2,55,61,1,1,0,21.1,17.5,0.0,66.5,3.7,0,0,0,0,0,0,0,8,2.7
1,4,8.2,0,75,86,1,2,0,51.0,50.8,2.8,82.0,3.9,1,1,0,0,0,0,0,7,6.5
1,7,7.9,0,84,69,2,3,2,63.0,45.5,7.9,90.0,4.8,1,1,3,3,1,0,1,7,6.6
1,11,8.2,1,74,69,0,2,3,51.6,41.5,4.6,88.2,3.3,1,1,2,3,1,0,1,6,6.8
1,6,8.3,2,85,78,0,3,0,63.4,49.0,7.4,90.0,4.7,1,1,2,2,1,1,2,2,6.7
1,4,7.6,0,56,70,1,2,0,44.6,45.6,3.2,82.0,4.2,0,1,0,0,0,0,1,7,5.6
1,2,7.6,1,72,84,1,1,1,30.2,49.1,3.1,74.0,4.6,1,1,0,0,0,1,0,8,6.5
1,1,6.5,0,58,65,1,1,1,20.0,13.1,2.2,62.0,3.8,0,1,0,0,0,0,1,8,2.9
1,10,6.6,1,67,66,2,2,0,20.3,12.9,0.5,70.0,4.1,0,0,0,0,0,0,1,8,2.3
1,5,8.1,0,83,83,1,3,0,58.8,59.3,7.3,90.0,4.8,1,1,0,0,0,1,2,8,9.8
0,2,6.8,1,62,86,0,1,0,20.0,29.0,2.2,84.0,4.1,1,1,2,2,1,0,1,8,2.8
1,0,8.4,0,73,84,1,3,2,67.7,64.7,8.1,88.0,4.8,1,1,0,0,0,1,0,4,9.7
0,4,7.6,0,68,65,1,2,0,46.1,37.7,3.7,86.0,4.8,0,1,2,2,1,0,1,3,4.4
1,6,8.0,1,61,62,2,1,1,59.8,48.2,1.8,71.6,4.7,0,0,0,0,0,0,1,1,7.0
0,5,7.7,0,59,65,1,2,0,42.4,21.6,4.0,73.0,4.8,0,1,0,0,0,0,2,7,5.2
1,5,7.4,0,56,69,1,2,1,35.7,49.3,5.7,73.0,4.5,0,0,0,0,0,0,2,8,5.6
0,7,8.2,1,78,82,0,3,3,50.8,33.3,4.1,85.8,4.8,1,1,2,3,1,1,2,0,6.8
1,3,8.3,0,79,88,1,3,1,69.1,56.4,8.5,81.0,4.3,1,1,0,0,0,0,1,9,7.7
1,2,8.4,0,76,65,1,1,2,53.0,47.8,3.1,69.0,4.4,0,0,0,0,0,0,2,8,7.7
1,3,7.6,0,83,69,2,1,0,36.5,41.3,3.2,78.0,3.9,0,0,2,2,1,1,1,4,3.8
1,6,6.6,0,55,71,1,3,0,27.8,27.6,6.9,69.0,3.9,0,1,1,1,0,0,1,7,3.3
1,2,7.8,0,68,67,0,3,0,49.2,38.4,5.3,74.0,4.1,0,1,0,0,0,0,1,2,5.7
1,8,8.1,0,69,86,1,3,1,58.6,28.7,6.9,80.6,4.5,0,1,0,0,0,1,2,8,7.3
1,7,8.0,0,84,84,2,3,1,60.0,35.7,7.6,82.4,4.8,1,1,4,2,1,1,2,7,7.1
0,0,7.7,0,57,68,1,2,0,36.9,42.1,2.8,80.0,4.6,0,1,0,0,0,0,1,5,6.2
0,0,8.3,0,79,84,1,2,0,55.9,33.8,4.0,79.0,4.3,0,1,3,1,1,0,2,0,6.8
0,6,8.7,0,72,83,2,2,1,82.2,52.9,7.1,82.8,4.7,1,0,4,1,1,1,2,3,8.0
1,3,7.5,0,56,68,0,3,1,49.3,18.9,4.8,84.0,4.2,0,1,0,0,0,1,2,4,4.1
1,4,7.7,1,74,69,0,1,0,22.4,45.7,3.7,65.0,3.9,0,0,0,0,0,0,1,5,5.1
1,4,7.3,0,56,66,1,3,0,50.0,49.1,4.8,81.0,4.8,1,1,2,2,1,1,2,1,5.7
1,1,7.0,0,58,65,1,1,0,20.0,20.4,2.1,65.0,4.0,0,0,0,0,0,0,2,8,2.1
0,5,6.7,2,60,88,1,2,1,20.0,23.6,4.5,78.0,4.4,0,0,0,0,0,1,1,9,2.0
1,4,6.5,1,73,67,1,3,2,29.5,26.2,7.2,77.0,4.5,0,1,2,2,1,0,1,2,2.5
1,9,7.6,0,77,84,1,2,0,46.3,38.8,6.4,80.1,4.7,1,1,3,3,1,0,2,8,5.0
1,11,8.6,0,88,84,2,3,2,75.8,64.3,8.3,90.0,4.8,1,1,2,2,1,1,2,7,8.3
1,3,8.0,0,90,84,2,2,2,54.1,62.2,6.2,90.0,4.8,1,1,2,2,1,1,1,7,8.3
1,3,6.5,1,57,68,0,1,1,20.0,16.1,0.9,76.0,4.2,0,1,0,0,0,0,2,3,2.7
1,2,7.6,0,69,75,2,2,1,47.3,39.4,3.9,77.0,4.1,0,0,0,0,0,0,0,6,7.5
0,5,7.4,1,57,61,1,2,1,35.9,26.0,5.1,63.0,3.6,1,1,0,0,0,0,1,8,5.7
1,2,8.3,0,78,85,2,2,2,66.7,57.7,6.0,89.0,4.0,1,1,2,2,1,1,1,7,8.6
1,0,8.5,0,72,80,2,3,2,78.2,53.5,7.4,84.0,4.0,1,1,3,2,1,1,1,9,7.3
1,7,7.9,0,77,86,0,3,3,55.3,51.2,7.2,81.2,4.2,1,0,1,0,0,1,1,6,7.9
0,3,7.6,2,57,71,1,1,0,37.5,24.1,2.8,83.0,4.3,0,1,0,0,0,0,1,8,5.1
1,11,8.0,1,70,83,0,3,2,56.8,55.0,7.8,90.0,4.8,1,1,1,2,1,1,1,6,6.6
1,0,7.7,0,56,72,1,2,0,36.9,34.3,3.0,85.0,3.7,0,1,0,0,0,1,0,2,5.5
1,3,8.3,0,75,88,1,2,2,56.0,56.0,6.5,85.0,4.6,1,1,3,2,1,0,0,1,7.1
0,4,8.1,0,74,82,2,3,2,66.3,58.2,7.0,90.0,4.7,1,1,3,2,1,0,2,9,7.6
1,8,7.4,0,56,68,0,1,1,22.5,37.6,1.6,82.3,4.0,0,1,0,1,0,0,1,7,4.7
1,9,8.3,0,84,81,1,3,2,68.4,50.3,7.3,89.0,4.7,1,1,1,2,1,0,0,9,6.7
1,0,8.3,0,80,83,2,3,2,64.2,51.2,7.6,90.0,4.6,1,1,3,2,1,1,0,7,7.1
1,2,8.3,0,81,81,2,3,2,72.3,64.5,5.4,90.0,4.8,1,1,2,2,1,1,1,7,8.0
1,6,7.5,0,60,70,0,2,0,42.9,43.3,5.6,64.6,4.4,0,0,0,1,0,0,0,4,6.2
1,0,7.2,0,55,69,0,1,1,20.0,29.0,2.0,76.0,4.2,0,0,0,0,0,0,2,5,4.5
1,5,6.5,0,55,59,1,2,0,26.4,18.1,5.9,77.0,4.2,0,0,0,0,0,0,1,8,2.6
1,11,8.0,0,77,84,0,3,3,63.5,40.3,6.0,90.0,4.8,1,1,1,2,1,1,1,8,5.5
1,1,7.4,0,86,73,2,3,0,60.0,36.7,6.6,71.0,4.8,1,1,0,0,0,0,1,8,8.3
1,5,8.5,0,83,86,2,3,2,74.5,55.6,7.9,90.0,4.8,1,1,3,2,1,1,0,9,7.4
0,0,7.6,0,59,64,1,1,0,36.7,28.3,0.7,69.0,3.9,0,0,0,0,0,0,1,1,5.0
1,2,6.5,2,76,86,2,3,2,35.8,24.1,7.8,80.0,4.1,1,1,1,3,1,0,2,9,2.9
1,5,7.7,0,73,63,1,1,0,43.6,36.8,2.4,74.0,4.1,1,1,0,0,0,0,0,6,5.3
1,10,7.8,0,55,68,0,1,0,35.5,45.0,2.0,75.5,3.6,0,1,0,1,0,0,0,9,5.9
0,11,7.3,0,56,66,1,1,0,41.2,38.8,2.5,76.1,4.1,0,1,0,1,0,0,1,2,5.5
1,11,7.5,0,59,61,1,0,1,30.2,36.0,1.3,61.2,4.3,0,0,0,1,0,0,0,5,4.8
1,4,8.4,1,71,85,2,3,2,69.2,51.7,7.5,90.0,4.8,1,1,0,0,0,0,0,5,8.8
0,5,7.1,1,64,69,0,1,0,23.0,23.2,2.6,76.0,3.9,0,0,0,0,0,0,1,8,3.5
0,0,7.7,1,59,62,0,1,1,26.3,20.2,3.2,60.0,4.7,0,0,0,0,0,0,1,4,3.1
1,0,6.9,0,67,65,0,1,0,20.0,26.0,4.1,67.0,3.9,1,0,0,0,0,0,0,9,3.8
1,3,7.6,0,75,83,1,3,2,52.2,33.8,8.9,84.0,4.2,1,1,0,0,0,1,2,7,6.2
1,11,8.5,0,73,86,0,2,0,57.9,29.4,5.3,79.1,3.4,1,1,4,2,1,1,0,3,6.1
1,8,6.5,0,56,76,1,2,0,20.0,13.5,3.5,75.8,3.9,0,1,0,0,0,1,1,9,2.4
1,9,7.3,0,55,59,0,0,0,23.2,32.2,0.5,77.0,4.0,0,1,0,1,0,0,2,7,4.4
1,9,7.4,2,55,62,1,3,1,47.1,25.6,6.4,83.6,4.3,1,1,1,3,1,1,1,8,4.7
1,2,7.7,0,55,61,1,1,0,39.8,31.3,3.6,80.0,4.8,1,1,0,0,0,0,1,4,5.8
1,5,8.4,0,75,82,0,3,0,62.4,59.5,7.3,84.0,4.2,1,1,2,3,1,1,2,8,7.1
0,1,7.3,0,55,85,2,3,0,48.2,49.9,8.1,90.0,4.4,0,1,1,3,1,1,1,0,6.3
0,0,6.6,1,84,81,1,1,1,20.0,29.3,3.1,80.0,3.9,1,1,0,0,0,0,2,0,3.4
0,9,8.1,0,70,63,1,1,1,61.6,60.9,6.7,76.8,3.8,1,0,0,0,0,0,1,5,7.8
1,0,8.2,0,71,84,1,3,0,60.2,50.3,6.5,83.0,4.8,1,1,2,2,1,1,1,2,7.0
1,4,6.5,0,66,72,0,1,0,20.0,20.3,1.8,66.0,4.0,0,1,0,0,0,0,2,0,3.1
0,5,6.5,2,62,74,0,1,1,20.0,8.4,0.8,60.0,3.2,0,0,0,0,0,0,0,9,2.3
0,7,7.9,1,59,85,0,2,1,50.1,51.1,3.2,83.1,3.6,0,0,1,1,0,1,2,2,7.4
1,9,7.5,0,74,85,1,3,3,44.8,39.8,7.0,90.0,4.8,1,1,1,0,0,1,0,8,4.5
0,7,8.5,0,83,83,1,3,2,70.9,43.4,5.6,87.3,4.1,1,1,0,1,0,1,1,0,8.0
1,7,8.2,0,78,69,2,3,1,70.8,50.8,6.7,78.1,3.9,1,1,0,1,0,0,2,9,6.8
1,5,8.8,0,81,84,1,3,2,64.8,43.5,7.1,90.0,4.8,1,1,4,1,1,1,1,8,7.9
1,7,8.5,0,74,77,2,3,2,77.9,60.8,5.9,89.7,4.8,1,1,4,1,1,1,0,0,10.9
1,6,8.1,2,77,80,1,3,1,77.3,66.2,7.9,87.5,4.7,1,1,4,1,1,1,1,2,8.4
0,2,8.3,0,78,84,2,3,2,77.6,70.6,8.0,90.0,4.8,1,1,4,1,1,0,2,0,9.2
1,6,6.5,1,88,66,0,2,1,23.1,19.5,2.8,81.5,3.6,0,0,0,0,0,0,2,2,3.0
1,10,6.6,0,59,69,0,1,1,20.0,17.8,3.8,66.7,3.6,0,0,0,0,0,0,1,6,3.4
1,2,7.7,0,55,69,1,2,0,49.0,45.2,5.5,77.0,4.2,1,1,3,2,1,1,0,5,6.0
0,8,6.5,0,55,65,2,1,2,20.0,15.5,2.6,84.9,4.6,1,1,2,2,1,0,1,8,2.0
1,4,6.5,1,58,67,1,1,0,20.0,15.2,2.8,74.0,3.6,0,1,0,0,0,0,1,3,2.0
0,6,8.4,0,81,67,2,1,2,63.3,47.0,4.3,86.5,4.1,1,1,4,2,1,1,0,2,7.7
1,11,7.6,1,55,65,1,2,0,41.2,33.2,3.4,65.3,4.1,1,0,1,0,0,0,2,0,5.9
1,9,7.7,1,71,88,0,2,1,37.7,32.6,4.1,73.9,4.5,1,1,4,1,1,1,1,8,5.2
0,4,7.6,1,64,65,1,2,1,50.5,42.3,3.5,82.0,4.7,0,1,0,0,0,1,1,2,5.8
0,1,8.2,0,61,63,0,1,0,43.5,21.1,3.1,73.0,4.1,1,0,0,0,0,0,1,4,6.1
0,2,7.7,0,74,85,1,2,1,47.7,33.9,4.9,70.0,4.8,1,1,0,0,0,1,0,6,7.2
1,3,7.4,0,56,66,1,1,0,34.1,20.7,0.8,88.0,4.0,0,1,0,0,0,1,1,8,4.5
0,0,7.6,0,72,81,1,2,1,43.9,32.2,5.4,86.0,4.8,1,1,1,3,1,0,1,4,4.3
1,3,8.4,1,64,64,2,3,1,62.6,40.9,8.1,83.0,4.8,1,0,2,2,1,1,1,8,6.8
1,4,7.5,2,55,79,0,2,0,30.4,41.3,4.0,90.0,4.8,0,1,0,0,0,0,1,1,6.4
0,7,7.6,0,56,66,0,3,1,39.5,31.7,2.1,83.3,4.1,0,1,1,0,0,1,1,1,4.3
1,4,8.6,0,88,86,2,3,2,74.8,60.7,6.9,90.0,4.6,1,1,3,1,1,1,1,9,9.7
1,9,8.4,0,78,84,2,3,3,63.2,60.7,5.2,90.0,4.6,1,1,3,2,1,0,2,9,10.9
0,2,7.5,0,77,67,1,1,1,32.3,28.6,1.7,76.0,3.9,0,1,0,0,0,1,1,5,4.8
1,3,8.4,0,79,84,1,3,0,68.7,56.3,5.1,86.0,4.7,1,1,1,3,1,1,1,8,8.9
1,0,7.7,0,61,84,1,1,2,37.9,29.2,2.8,79.0,4.1,1,0,0,0,0,1,2,2,5.5
0,0,6.6,1,69,69,0,3,2,23.5,19.2,6.1,87.0,4.3,0,0,0,0,0,0,1,1,2.4
1,7,8.0,0,61,66,1,1,3,45.9,29.8,3.0,78.8,3.4,1,1,0,0,0,1,1,6,5.8
0,7,6.9,0,55,71,0,3,2,21.6,11.9,5.0,77.9,4.3,1,1,0,1,0,0,2,7,2.0
1,7,7.7,2,58,63,2,2,0,49.8,28.8,4.0,79.1,3.8,0,1,0,1,0,0,1,2,6.6
1,7,6.7,1,55,65,1,0,1,23.7,24.1,1.5,73.2,4.5,0,0,0,0,0,0,2,7,2.7
1,0,8.0,0,76,87,2,3,2,63.2,46.9,9.8,89.0,4.8,1,1,1,3,1,1,1,5,5.9
1,4,7.8,0,58,65,0,1,0,30.4,19.5,2.4,79.0,4.1,0,1,2,2,1,1,1,0,3.1
1,4,7.4,0,55,57,0,1,0,23.0,24.1,1.2,70.0,3.2,0,1,0,0,0,1,0,1,4.6
1,4,8.2,0,55,66,1,3,1,57.5,48.4,5.7,82.0,4.0,1,1,0,0,0,0,0,7,8.1
0,6,8.2,1,79,83,0,2,1,64.6,64.7,6.6,90.0,4.8,1,1,2,2,1,1,1,0,7.4
0,3,8.5,0,58,71,1,1,0,46.5,40.2,3.8,75.0,4.2,1,1,0,0,0,0,0,9,9.3
1,9,8.5,2,73,83,0,3,0,68.1,51.4,7.0,75.8,4.6,1,1,2,2,1,1,1,8,7.1
1,5,6.7,0,55,72,0,1,1,20.0,32.7,1.6,72.0,4.5,0,1,2,3,1,0,1,8,2.3
0,5,6.5,0,63,69,0,1,1,20.0,19.2,1.6,64.0,4.1,0,0,0,0,0,0,0,7,2.0
1,6,8.0,0,84,87,2,3,2,71.9,77.5,7.4,90.0,4.8,1,1,4,3,1,1,1,9,7.4
0,4,8.0,0,83,87,2,3,2,70.6,50.9,6.2,90.0,4.8,1,1,1,3,1,0,1,0,7.9
1,1,8.3,0,80,84,2,3,1,70.7,52.4,8.3,83.0,4.5,1,1,3,1,1,1,1,1,7.6
1,0,7.5,1,83,73,1,3,1,44.9,43.8,6.7,78.0,4.0,0,0,0,0,0,1,2,8,5.5
1,8,6.5,0,57,69,1,0,1,20.0,31.7,1.8,68.6,4.3,0,0,0,0,0,0,0,9,2.1
1,9,7.7,0,75,70,2,1,1,37.6,30.9,0.8,72.4,4.0,0,0,0,0,0,0,0,6,4.7
1,1,8.3,0,80,81,2,1,2,65.5,55.9,3.2,82.0,4.2,1,1,3,2,1,0,2,3,6.9
1,4,7.4,2,64,63,1,1,0,33.8,36.4,1.1,72.0,4.3,0,0,0,0,0,1,2,2,3.5
1,10,7.3,0,79,73,2,1,1,32.7,45.4,4.3,73.3,3.9,0,1,3,2,1,1,1,7,4.6
0,0,7.3,0,55,66,1,1,0,37.8,36.5,2.6,76.0,4.2,0,1,0,0,0,1,1,4,5.4
1,11,7.8,2,87,71,1,3,3,68.6,59.0,7.6,89.1,4.8,1,1,2,0,1,1,2,4,6.5
0,11,6.5,0,55,67,1,2,0,23.3,38.9,3.5,69.5,4.7,1,1,4,1,1,0,1,8,2.0
1,6,8.2,1,71,86,2,3,1,71.7,56.8,6.6,90.0,4.1,1,1,4,1,1,1,0,2,8.9
0,0,8.5,0,76,88,1,2,1,49.7,38.5,4.1,73.0,4.2,1,1,0,0,0,0,0,9,8.5
0,2,8.3,0,57,69,0,2,1,41.9,33.6,3.7,80.0,3.9,1,1,0,0,0,0,0,4,5.7
1,2,7.5,1,84,65,1,2,1,46.4,26.3,4.1,77.0,4.6,1,1,0,0,0,1,2,3,4.4
1,4,8.4,0,74,66,1,3,2,67.5,47.7,6.7,81.0,4.3,0,1,3,2,1,0,1,4,8.2
1,3,6.8,0,64,66,1,1,0,20.0,11.6,0.0,60.0,4.0,0,1,0,0,0,0,1,0,2.0
1,7,8.2,1,83,83,0,3,3,57.1,64.6,6.2,90.0,4.3,1,0,2,3,1,1,0,7,6.9
1,10,7.6,0,56,66,1,1,0,41.7,18.7,1.9,78.5,4.2,1,1,0,0,0,0,0,9,5.6
1,2,8.3,1,82,83,2,3,2,78.5,72.0,6.4,90.0,4.7,1,1,4,1,1,1,2,5,8.6
1,3,7.4,1,65,68,0,1,0,21.8,19.6,2.0,76.0,4.3,0,1,0,0,0,0,2,6,3.8
0,2,8.4,0,75,63,0,2,2,58.5,40.0,4.7,80.0,4.1,1,1,1,3,1,0,1,8,6.2
1,7,7.5,2,80,81,2,3,0,53.2,50.4,7.0,90.0,4.6,1,0,1,3,1,1,2,7,6.3
1,8,8.0,0,75,81,1,1,1,44.2,40.0,2.3,90.0,4.8,1,1,0,0,0,0,1,8,5.9
0,3,7.1,0,62,88,1,3,0,42.8,34.8,7.5,81.0,4.2,1,1,1,3,1,0,1,1,5.6
0,2,6.8,0,76,79,1,3,1,42.3,25.4,7.8,86.0,4.8,1,1,0,0,0,0,1,1,3.5
1,10,8.4,0,84,82,2,3,1,70.6,50.1,7.3,87.8,4.7,1,1,1,2,1,1,0,2,7.0
1,0,7.5,1,55,70,0,1,0,37.0,45.0,2.5,72.0,4.5,1,1,0,0,0,1,1,0,4.9
0,3,8.4,1,65,65,0,2,0,56.9,51.1,3.6,81.0,3.8,1,1,2,2,1,0,2,3,7.0
0,6,8.0,1,67,82,0,0,0,32.7,23.6,1.6,86.8,4.8,1,1,0,1,0,0,0,2,5.5
1,6,9.0,0,73,86,1,3,2,85.7,64.6,7.7,90.0,4.8,1,1,4,0,1,1,1,2,9.2
0,2,8.6,0,77,65,1,2,0,66.0,58.6,6.3,82.0,3.7,1,1,3,1,1,0,2,8,7.2
1,4,7.7,0,81,57,1,2,1,42.1,26.3,3.3,80.0,4.4,0,1,0,0,0,1,2,2,5.8
1,0,8.6,0,55,82,1,2,0,71.1,48.6,5.3,86.0,4.1,1,1,0,0,0,1,1,1,9.0
1,0,7.9,0,77,88,1,3,2,57.4,50.1,7.9,88.0,4.8,1,1,0,0,0,1,0,0,6.8
1,3,7.0,0,57,63,1,1,1,20.0,17.0,2.6,76.0,4.6,0,1,0,0,0,0,2,4,5.0
0,5,6.6,0,61,73,1,1,1,20.0,18.6,1.5,60.0,3.9,0,0,0,0,0,0,0,8,2.0
1,7,7.7,1,76,69,0,2,0,43.7,32.7,1.8,84.0,3.9,0,1,0,1,0,0,0,7,5.7
1,4,7.6,0,56,66,1,1,1,40.3,34.1,2.8,72.0,4.6,1,1,2,2,1,0,0,2,3.1
1,9,7.6,1,75,69,0,1,0,26.8,22.8,1.7,83.6,3.7,0,0,0,0,0,0,1,2,4.4
0,3,7.8,0,85,86,1,3,2,54.2,50.7,6.4,79.0,4.4,1,1,2,2,1,1,1,8,4.8
1,2,7.9,1,60,71,1,2,1,49.1,46.5,6.8,81.0,4.0,1,1,0,0,0,0,2,7,6.0
0,11,8.2,0,81,65,1,3,1,49.7,33.5,7.2,78.2,3.9,0,1,0,0,0,1,1,6,5.9
1,5,8.2,0,80,87,2,3,2,57.4,52.3,5.8,90.0,4.8,1,1,3,1,1,0,2,8,7.1
1,1,7.2,2,73,70,0,1,1,20.0,9.8,1.9,73.0,3.4,0,1,0,0,0,0,1,2,3.6
0,4,6.6,0,83,84,1,3,0,24.9,27.8,8.3,87.0,4.7,1,1,2,3,1,1,1,4,2.7
0,3,7.5,0,69,70,1,1,1,29.4,34.3,2.9,66.0,3.7,0,1,0,0,0,0,0,5,4.4
1,0,8.0,0,67,84,1,3,3,58.8,45.2,7.8,90.0,4.8,1,1,4,1,1,0,1,2,6.1
1,10,8.8,0,85,82,2,3,3,76.1,68.3,7.1,90.0,4.8,1,1,4,2,1,1,1,8,9.8
1,0,6.9,1,58,85,0,1,2,20.0,26.3,4.9,72.0,4.8,1,1,1,3,1,0,2,4,3.1
0,0,6.7,0,55,63,1,1,1,20.0,15.7,1.3,72.0,4.2,0,1,0,0,0,0,0,1,2.0
1,3,7.5,1,66,63,0,1,2,22.9,15.4,2.1,89.0,4.0,0,1,0,0,0,0,1,8,4.7
1,0,8.6,0,87,68,1,3,0,75.0,61.0,8.1,82.0,4.8,1,1,0,0,0,1,1,2,8.6
1,10,8.4,0,81,67,0,2,1,51.7,28.4,4.7,81.0,4.4,0,1,1,0,0,0,1,7,5.4
1,4,7.6,0,72,85,2,3,2,54.6,42.1,6.7,84.0,4.6,1,1,3,1,1,0,1,9,6.7
0,9,8.0,0,77,88,2,1,2,53.4,45.8,4.7,89.9,4.7,1,1,1,0,0,0,0,8,6.5
1,10,8.4,2,80,63,1,2,1,63.9,50.9,6.0,74.9,4.5,1,1,0,0,0,1,1,0,6.3
1,0,6.9,2,71,71,1,1,0,24.4,29.1,3.9,79.0,4.7,1,0,0,0,0,1,2,5,3.3
1,2,8.0,0,70,81,1,3,2,59.9,56.8,7.4,89.0,4.8,1,1,0,0,0,0,2,0,7.9
1,2,7.6,0,56,63,1,2,0,36.7,43.9,4.7,71.0,4.1,0,0,0,0,0,0,0,0,5.2
1,1,7.4,1,60,69,1,1,1,37.4,12.9,3.9,68.0,4.3,1,0,2,3,1,1,0,8,3.7
1,11,8.5,0,75,66,0,3,1,56.0,47.2,4.5,79.4,4.0,1,1,1,1,0,1,1,5,7.5
1,3,8.4,0,55,87,2,3,1,71.0,59.5,6.5,78.0,4.8,1,1,0,0,0,0,0,8,8.8
1,0,7.8,0,78,67,1,3,2,44.1,39.7,6.6,78.0,4.8,1,1,0,0,0,1,2,4,6.1
1,5,6.8,2,55,62,1,1,0,20.0,5.0,2.0,76.0,4.1,0,0,0,0,0,0,1,9,2.0
1,2,8.0,0,90,86,2,3,2,51.9,39.4,8.4,90.0,4.8,1,1,2,2,1,0,2,0,5.9
0,8,8.3,0,55,74,0,2,3,37.3,38.6,6.5,77.3,3.8,1,1,0,0,0,0,0,8,7.1
0,0,7.5,0,64,66,0,1,1,22.7,22.3,2.5,70.0,4.3,0,0,0,0,0,0,2,4,4.1
1,3,6.9,0,59,86,1,3,0,36.4,41.6,7.8,85.0,4.4,1,1,1,3,1,1,2,6,4.1
1,1,6.6,0,74,69,2,3,1,30.0,24.8,4.9,85.0,4.1,0,0,0,0,0,0,2,8,4.4
1,4,7.5,0,58,74,1,2,2,29.2,15.0,2.5,83.0,3.1,0,0,0,0,0,1,2,7,4.7
1,2,6.9,0,58,84,1,2,0,34.6,33.2,5.9,88.0,4.6,1,1,0,0,0,0,1,0,5.1
1,4,7.4,0,58,63,1,2,0,46.8,40.0,2.8,70.0,4.4,0,1,0,0,0,1,0,0,5.1
0,9,6.5,1,70,64,1,3,0,29.8,25.4,5.3,71.2,4.1,0,1,0,0,0,0,1,7,3.7
1,6,7.5,0,66,71,2,3,2,54.8,44.1,7.2,80.9,4.4,1,1,4,1,1,0,2,2,6.4
1,1,7.4,1,62,63,1,1,1,36.6,20.1,1.8,73.0,3.6,0,1,0,0,0,1,2,1,4.5
1,7,7.4,0,55,63,1,1,0,35.9,36.6,0.7,82.8,3.4,0,0,0,0,0,0,1,0,6.7
1,2,7.5,2,55,66,1,2,0,45.1,46.6,3.6,84.0,4.5,0,0,0,0,0,1,2,8,6.0
0,6,7.6,1,60,83,0,2,0,37.0,43.4,4.0,82.7,3.9,1,1,2,0,1,0,1,4,5.3
1,4,8.4,0,78,82,2,3,2,67.0,64.5,7.1,89.0,4.5,1,1,4,1,1,1,1,4,8.3
1,7,7.9,1,75,87,2,3,3,70.2,47.9,5.5,90.0,4.8,1,1,3,2,1,1,1,8,7.4
1,6,7.5,2,59,65,1,0,1,29.7,31.4,3.7,70.6,4.6,1,1,0,1,0,0,1,4,4.7
1,1,7.9,1,81,63,0,3,1,51.3,32.3,6.7,77.0,4.7,1,0,0,0,0,0,0,1,5.1
1,11,8.9,1,71,81,1,3,2,75.4,56.9,7.1,90.0,4.6,1,1,4,2,1,1,2,6,9.9
0,1,8.1,0,81,86,1,2,2,51.3,27.7,4.9,86.0,4.4,1,1,1,3,1,0,1,9,6.0
1,4,8.2,0,57,66,1,1,0,51.1,50.7,1.5,66.0,3.9,0,0,0,0,0,0,1,5,7.1
0,10,6.6,0,74,65,1,1,1,20.0,25.2,3.8,71.2,3.7,1,0,0,1,0,0,0,8,2.5
1,7,7.3,1,55,62,0,2,1,24.2,24.2,2.9,62.9,3.2,0,0,0,1,0,1,0,6,4.3
1,5,6.8,0,55,58,1,2,1,32.6,35.7,5.5,71.0,4.7,1,1,0,0,0,0,1,5,4.8
0,3,7.4,1,77,72,1,2,2,51.0,48.6,5.3,82.0,4.3,1,1,0,0,0,1,2,8,5.6
1,11,7.4,1,69,83,1,3,1,52.2,44.5,7.3,88.9,3.6,1,1,0,0,0,1,0,4,5.0
0,2,7.6,1,55,64,1,2,0,41.7,36.0,4.8,72.0,3.7,0,0,0,0,0,0,2,9,5.6
0,2,7.6,0,63,71,1,2,0,48.1,40.8,5.1,70.0,3.7,1,1,3,2,1,0,2,1,6.5
1,0,7.4,2,78,86,1,3,0,52.0,51.3,4.5,70.0,3.8,0,0,0,0,0,1,2,4,6.0
0,0,7.3,0,80,86,0,3,2,34.3,25.0,3.7,89.0,4.5,1,1,2,3,1,1,1,9,3.9
1,7,7.5,2,58,60,1,1,0,43.4,33.0,2.0,70.5,4.2,0,0,0,0,0,0,1,4,5.4
0,11,7.7,1,55,73,1,2,0,42.1,30.6,3.2,63.0,4.3,0,0,0,0,0,1,2,1,7.6
0,0,8.4,0,65,71,1,3,2,66.2,56.1,6.0,83.0,4.8,1,1,2,2,1,1,1,5,8.5
1,4,8.1,0,83,82,2,3,0,65.5,46.9,7.5,84.0,4.8,1,1,1,3,1,1,1,2,6.7
1,4,7.8,2,68,83,2,3,2,70.1,59.0,8.0,90.0,4.8,1,1,2,2,1,1,1,1,6.8
1,2,8.2,0,58,65,0,1,1,40.0,39.7,2.6,73.0,4.5,1,0,2,2,1,1,1,4,6.0
1,2,7.4,1,57,67,0,2,0,26.9,28.4,4.5,75.0,4.4,0,1,0,0,0,0,1,8,4.7
1,2,7.8,0,75,86,1,3,2,58.1,44.1,8.6,90.0,4.8,1,1,2,2,1,0,2,6,5.9
1,4,8.3,0,78,70,2,3,0,74.0,60.1,7.1,90.0,4.6,1,1,3,1,1,1,1,4,7.1
0,0,7.1,0,78,80,1,3,2,39.9,32.7,7.3,76.0,4.8,1,1,3,2,1,1,1,8,4.1
0,5,8.4,0,79,86,1,2,0,54.8,70.8,5.4,85.0,4.4,1,1,3,2,1,1,2,1,9.0
0,2,7.0,1,58,64,1,2,1,37.5,36.2,5.5,83.0,4.8,1,1,0,0,0,1,0,5,5.3
0,2,7.8,0,55,66,1,1,0,39.5,31.6,3.0,70.0,4.0,0,1,0,0,0,0,0,6,5.5
0,2,7.0,0,69,69,1,2,0,22.6,25.3,5.1,67.0,4.3,0,1,0,0,0,0,2,0,3.6
1,10,6.7,1,55,60,2,2,0,20.0,31.1,1.8,81.4,3.9,0,1,1,0,0,1,2,3,3.5
0,7,6.5,2,57,67,1,2,0,21.8,19.9,0.2,70.5,3.6,0,0,0,0,0,0,1,0,4.0
1,11,8.5,1,83,65,1,3,0,68.8,66.9,6.4,87.7,4.8,1,1,3,0,1,1,1,7,8.2
0,4,8.3,0,55,72,0,2,0,49.2,37.2,2.9,70.0,4.1,0,1,0,0,0,1,1,2,7.3
0,3,7.4,1,68,71,0,3,2,34.5,23.0,6.4,90.0,4.7,1,1,2,2,1,0,2,1,4.1
0,2,7.8,0,84,81,2,3,2,58.8,31.1,6.8,87.0,4.5,1,0,2,2,1,0,2,2,5.8
0,7,8.9,0,78,78,1,3,0,72.5,47.9,6.0,86.0,4.8,1,1,1,3,1,1,0,6,8.1
1,2,7.4,0,61,88,0,2,2,37.3,30.6,3.4,80.0,4.8,0,1,1,3,1,0,2,9,4.3
1,0,8.0,0,72,82,2,3,1,60.3,51.8,7.3,85.0,4.8,1,1,0,0,0,1,1,9,7.2
1,0,8.2,1,73,70,2,1,2,44.6,52.0,1.5,90.0,4.8,1,0,0,0,0,1,0,7,7.2
1,6,7.6,0,64,62,0,3,0,38.7,17.3,5.8,79.2,4.4,1,1,2,3,1,0,0,7,3.6
1,6,8.3,1,79,82,1,3,0,71.6,69.3,7.9,90.0,4.8,1,1,3,2,1,1,0,0,8.1
0,0,8.5,0,73,85,0,3,3,70.5,48.6,9.2,87.0,4.7,1,1,0,0,0,1,2,0,7.6
0,0,7.6,1,55,68,0,1,1,36.0,29.7,1.2,70.0,4.1,0,1,0,0,0,0,1,3,6.0
1,2,7.7,0,55,64,2,1,0,45.7,39.1,2.0,80.0,3.8,0,1,2,2,1,1,2,8,5.1
1,3,8.1,0,56,65,0,1,1,42.7,39.1,1.9,76.0,3.3,0,0,0,0,0,0,0,8,6.2
0,4,7.8,0,62,64,1,1,1,41.5,39.0,1.3,83.0,4.8,1,1,2,3,1,0,2,8,5.7
1,3,8.3,1,75,80,1,3,2,77.8,70.4,8.7,90.0,4.8,1,1,2,3,1,1,1,7,8.4
1,2,7.6,0,57,64,1,1,1,35.4,36.1,3.3,86.0,4.1,0,0,0,0,0,0,2,4,5.4
1,0,7.5,0,71,85,0,3,2,43.4,48.0,8.0,90.0,4.7,1,1,1,3,1,1,1,2,6.4
1,4,8.5,0,90,64,1,3,0,70.8,54.7,6.3,86.0,4.6,1,0,3,2,1,1,2,0,8.6
0,2,8.6,0,79,80,2,3,1,67.8,48.6,8.4,85.0,4.3,1,1,4,1,1,1,1,9,8.6
1,2,7.7,1,57,66,0,2,0,39.5,25.3,3.3,70.0,3.6,0,1,0,0,0,1,1,5,4.5
1,8,7.7,0,64,80,1,2,1,46.0,26.6,4.6,78.0,3.6,0,1,0,1,0,0,2,8,5.9
1,0,8.5,0,75,81,2,3,1,81.7,60.0,7.2,86.0,4.5,1,1,4,1,1,1,1,0,8.7
0,3,6.9,0,62,71,1,1,0,26.7,25.1,4.4,67.0,4.1,1,1,0,0,0,0,2,8,3.6
0,11,7.3,0,59,68,0,1,1,29.9,17.5,4.5,66.2,4.7,0,0,0,0,0,1,0,8,3.0
1,6,6.5,0,65,80,1,3,2,25.0,34.8,7.3,86.4,4.7,1,0,3,3,1,1,1,8,3.3
1,7,8.1,0,56,74,2,1,1,51.9,40.7,1.0,84.9,4.0,0,0,1,0,0,0,2,1,8.2
1,2,7.5,0,77,64,1,2,0,43.1,35.8,3.0,90.0,4.2,0,1,3,2,1,0,2,1,4.1
1,0,7.4,0,77,87,2,3,0,56.3,35.6,7.6,80.0,4.5,1,1,3,2,1,1,1,4,5.9
0,3,8.2,0,76,85,1,3,2,54.0,47.6,8.4,83.0,4.5,1,1,3,2,1,0,1,7,6.6
0,6,7.6,0,66,68,0,1,0,30.1,19.7,2.0,83.3,4.4,0,0,0,0,0,0,2,9,4.6
0,7,8.7,0,73,86,2,3,3,83.7,59.8,8.3,90.0,4.5,1,1,1,2,1,1,1,5,9.0
1,0,8.6,0,82,71,0,3,2,57.0,50.4,7.0,81.0,3.9,1,1,2,2,1,1,2,1,8.6
1,6,7.4,0,71,68,1,1,0,43.8,30.2,5.3,72.4,3.8,1,1,0,1,0,1,0,9,6.1
1,6,7.5,0,55,57,1,0,0,33.4,33.9,2.5,80.5,3.7,0,0,0,0,0,0,0,1,6.3
1,0,7.8,0,65,79,2,3,2,56.9,57.3,6.0,81.0,4.8,0,1,0,0,0,1,2,4,7.7
1,5,6.5,0,67,64,1,1,1,20.0,25.6,1.5,71.0,3.7,0,1,0,0,0,0,1,9,2.8
1,10,8.5,0,82,88,1,2,1,59.0,52.7,9.6,89.1,4.8,1,1,2,2,1,1,1,8,7.8
1,0,7.8,0,84,86,1,3,2,52.0,40.8,6.3,88.0,4.3,1,1,2,2,1,1,1,6,6.2
1,10,7.9,0,71,67,1,2,1,56.8,39.2,5.5,71.7,3.6,1,0,3,1,1,0,2,7,5.7
1,3,8.0,2,80,68,2,3,2,59.8,49.7,5.7,86.0,4.8,1,0,0,0,0,0,1,8,5.6
1,7,6.5,1,55,71,2,3,1,33.7,23.2,6.8,87.8,4.8,1,1,0,0,0,0,2,1,2.7
1,9,8.0,1,81,88,1,3,1,62.5,53.3,8.3,86.0,4.3,1,1,2,3,1,1,1,6,6.6
1,7,7.5,0,56,74,0,1,0,26.4,9.6,0.9,71.1,4.0,0,1,0,1,0,0,1,6,3.2
1,4,6.5,2,83,74,0,1,0,20.0,12.9,4.0,79.0,4.2,1,1,2,3,1,0,1,0,2.0
0,11,6.5,2,73,67,2,0,1,25.2,26.4,0.8,87.6,4.7,1,1,3,1,1,0,1,8,2.0
1,9,7.5,0,55,59,2,1,1,42.4,42.6,0.0,71.7,4.0,0,1,0,0,0,0,0,8,5.4
0,8,8.3,1,79,82,2,2,2,72.8,49.4,6.6,81.6,4.7,1,1,1,1,1,1,0,8,7.1
0,2,6.6,1,56,57,2,3,1,41.0,24.7,6.3,72.0,4.6,1,0,0,0,0,0,1,9,3.3
0,5,7.7,0,79,84,1,3,0,50.9,40.9,8.8,86.0,4.8,1,1,3,2,1,0,2,8,5.7
1,6,7.6,0,64,68,1,1,1,44.8,35.1,5.7,81.8,4.2,0,1,1,1,0,0,1,2,4.5
1,1,7.5,0,57,65,0,1,0,29.6,28.5,3.1,72.0,3.7,0,1,0,0,0,0,1,2,4.8
0,5,6.5,2,70,64,1,2,0,22.9,11.8,5.3,68.0,4.2,1,1,0,0,0,0,1,0,2.0
1,4,8.4,0,83,87,2,3,2,83.5,66.2,8.1,90.0,4.3,1,0,0,0,0,1,1,7,8.2
1,6,7.5,0,56,67,0,1,0,37.4,30.5,3.3,80.2,4.1,0,0,0,1,0,1,2,9,5.2
1,6,7.5,2,78,84,1,3,2,52.5,36.1,8.8,76.5,4.8,1,1,3,1,1,1,2,5,5.3
1,5,6.5,0,58,65,1,1,1,20.0,26.7,3.7,80.0,3.8,1,1,0,0,0,0,2,8,2.6
1,0,7.6,0,77,75,2,1,0,43.3,38.3,2.3,84.0,4.4,0,1,2,3,1,1,1,2,7.0
1,6,6.5,2,66,85,0,3,0,40.8,35.3,7.1,88.6,4.7,0,0,0,0,0,0,1,0,4.3
1,5,8.4,2,73,83,0,3,0,67.9,50.5,6.7,75.0,4.6,1,1,3,2,1,0,2,9,8.4
1,8,6.5,0,66,68,2,1,0,20.0,13.9,2.6,67.4,3.1,0,0,0,0,0,0,2,8,2.3
0,9,8.2,0,76,80,2,3,2,74.1,59.6,6.4,89.0,4.8,1,0,2,2,1,1,1,8,8.1
1,2,8.5,0,74,85,1,3,2,67.2,48.6,5.9,84.0,4.6,1,1,3,1,1,0,1,8,6.8
1,2,8.3,0,82,79,2,3,2,74.2,66.5,7.5,81.0,4.1,1,0,3,1,1,1,2,8,8.6
1,9,8.2,0,84,63,1,2,0,44.3,33.0,0.1,75.7,3.5,0,1,3,2,1,0,2,8,6.2
0,4,7.6,0,67,58,0,2,0,42.5,36.7,3.6,71.0,4.3,0,0,0,0,0,0,1,7,7.1
1,3,7.5,0,69,73,1,1,3,43.7,42.1,3.4,78.0,4.5,0,0,0,0,0,0,0,6,5.0
1,10,8.3,0,55,66,1,1,3,49.0,41.7,1.3,75.8,4.0,0,0,0,0,0,0,2,2,7.0
1,9,7.4,1,70,69,2,1,1,42.8,29.5,5.9,65.6,4.2,1,0,0,1,0,1,1,7,4.9
1,5,6.5,0,55,69,1,1,1,20.0,37.1,1.8,69.0,4.3,0,0,0,0,0,1,0,9,3.0
0,5,8.4,0,64,68,0,1,1,46.7,47.8,4.5,78.0,3.8,1,0,0,0,0,0,1,7,7.0
1,4,8.5,0,82,83,0,3,0,70.2,55.0,6.4,81.0,4.4,1,1,0,0,0,1,1,2,9.6
0,0,8.3,0,61,84,2,2,2,66.4,60.8,4.3,68.0,4.8,1,1,3,2,1,1,2,9,8.2
0,2,7.4,1,55,69,0,1,1,26.3,22.5,2.7,80.0,4.2,0,0,0,0,0,0,2,0,3.7
0,1,8.0,0,77,85,2,3,0,68.7,47.7,6.5,77.0,4.8,1,1,0,0,0,1,0,6,6.3
1,3,8.5,0,70,71,2,1,0,51.9,32.0,2.0,83.0,4.7,0,1,0,0,0,0,0,6,8.3
1,0,7.4,0,61,76,1,1,1,36.2,52.6,1.6,79.0,4.3,0,0,0,0,0,1,2,5,6.2
0,6,7.8,0,76,67,0,0,0,43.8,50.4,3.1,72.8,4.1,1,1,4,2,1,0,0,8,5.1
1,11,8.5,0,76,82,1,3,2,76.7,66.8,6.1,90.0,4.5,1,1,3,0,1,1,1,2,8.9
1,8,7.5,0,61,61,1,2,1,20.6,28.7,0.7,67.9,4.3,0,1,0,1,0,0,1,8,4.5
1,0,7.6,0,74,83,1,3,2,46.3,41.3,6.4,90.0,4.8,1,1,0,0,0,1,1,6,5.6
1,2,7.7,0,55,67,1,2,1,46.5,51.5,6.7,70.0,4.0,1,1,0,0,0,0,2,4,6.1
0,2,6.7,1,81,59,0,1,2,20.0,21.2,2.7,69.0,4.4,1,0,0,0,0,0,0,9,3.5
0,3,8.3,0,70,80,1,3,2,66.2,56.0,6.0,86.0,4.8,1,0,0,0,0,1,2,7,8.4
0,2,6.8,0,76,81,2,3,2,43.6,27.8,7.4,82.0,3.9,1,0,2,3,1,1,1,1,3.9
1,8,7.4,0,55,69,0,1,1,20.0,10.8,1.0,82.4,4.5,0,1,0,1,0,0,1,2,3.9
0,2,8.4,0,75,79,1,2,2,54.7,44.5,5.0,72.0,4.0,1,1,3,2,1,1,2,8,6.8
1,0,8.5,0,72,83,0,1,0,42.3,37.2,4.1,86.0,4.7,1,1,4,1,1,0,1,0,6.1
1,2,7.9,0,65,61,1,2,0,46.6,39.0,3.5,68.0,3.6,0,1,0,0,0,0,2,8,6.5
0,2,7.0,0,81,61,1,2,0,24.2,32.2,3.9,81.0,4.5,0,1,0,0,0,0,0,5,4.6
1,2,8.6,0,74,84,1,3,2,70.2,45.0,4.9,90.0,4.8,1,1,3,1,1,1,2,8,8.2
1,6,7.9,0,66,79,1,2,2,61.3,60.5,6.4,83.6,4.8,0,1,0,0,0,0,0,7,9.0
1,4,8.2,0,78,83,2,2,2,54.4,42.2,5.0,87.0,4.4,1,1,3,2,1,1,1,5,6.5
1,6,8.1,0,85,86,1,3,3,70.7,64.6,6.5,90.0,4.8,1,1,3,1,1,1,0,6,7.7
0,8,7.4,1,60,67,0,1,1,21.6,17.1,2.7,78.5,4.3,1,1,1,1,0,0,1,9,4.9
1,11,7.8,0,75,87,2,3,0,53.3,45.5,4.8,73.8,4.3,1,1,0,0,0,1,0,5,4.8
1,4,8.2,0,72,83,2,3,2,64.8,49.8,6.4,88.0,4.5,1,1,3,2,1,0,1,7,8.3
0,0,8.4,1,76,88,0,3,2,63.3,48.8,7.3,90.0,4.3,1,1,3,2,1,1,0,9,6.7
0,0,6.5,2,60,64,1,1,0,20.0,15.8,2.8,66.0,4.8,1,0,0,0,0,0,0,0,2.6
1,0,8.0,0,55,68,0,2,2,47.6,52.8,2.9,79.0,4.4,0,1,0,0,0,1,2,7,7.7
1,6,7.7,1,80,76,2,3,0,57.7,56.1,6.2,85.3,4.6,1,0,0,0,0,0,1,2,7.5
1,7,7.8,1,75,64,2,2,1,44.3,37.8,6.2,90.0,4.3,1,1,1,0,0,0,0,0,6.5
1,3,8.2,0,78,82,1,3,2,63.0,52.4,6.9,87.0,4.6,1,1,4,1,1,1,2,8,8.4
1,0,8.5,0,76,82,1,3,2,72.3,62.4,8.0,82.0,4.8,1,1,4,1,1,0,1,0,9.6
1,1,8.2,1,56,74,0,3,2,64.3,60.6,7.6,84.0,4.8,1,1,1,3,1,1,1,8,8.8
1,6,8.6,0,78,61,0,2,0,52.4,48.4,5.9,90.0,4.4,1,1,4,0,1,0,1,4,6.2
1,4,8.2,0,67,86,1,1,2,50.9,43.3,2.1,79.0,4.7,1,1,4,1,1,1,1,1,5.9
1,3,6.7,1,75,84,1,2,1,23.0,31.3,3.6,77.0,4.5,1,1,0,0,0,1,1,7,3.6
1,4,7.9,1,90,81,2,3,3,57.8,38.1,6.7,81.0,4.4,1,0,1,3,1,0,2,5,6.1
1,2,8.2,0,76,84,1,1,0,47.4,46.8,2.6,73.0,4.5,0,1,0,0,0,0,1,8,6.3
0,0,7.5,0,82,81,0,3,2,39.9,39.5,8.3,90.0,4.8,1,1,3,2,1,1,2,0,5.0
1,6,8.4,1,66,85,2,3,1,59.8,61.6,4.2,90.0,4.1,1,1,2,2,1,1,2,5,7.1
1,2,7.9,0,61,66,0,2,0,33.1,21.6,4.1,69.0,4.2,0,0,0,0,0,0,2,8,4.7
0,3,7.4,0,57,64,1,2,1,40.3,49.7,4.1,68.0,4.2,0,1,0,0,0,1,1,8,6.6
1,11,7.2,0,61,65,0,3,3,48.4,27.3,7.7,80.7,4.8,1,1,1,0,0,1,1,6,5.4
1,8,6.8,2,58,70,0,1,2,26.4,28.2,3.3,71.1,4.0,0,0,0,0,0,0,2,8,3.2
0,2,8.4,0,85,82,1,3,2,57.3,55.3,6.7,90.0,4.8,1,1,3,2,1,1,2,5,8.6
1,2,6.5,0,82,78,1,1,0,20.0,9.4,4.3,74.0,4.7,1,1,0,0,0,1,0,7,2.8
1,6,6.6,0,55,64,2,3,0,25.1,12.8,1.2,80.5,4.8,0,1,0,1,0,1,0,2,2.5
1,0,7.2,0,55,69,1,1,1,29.2,30.7,3.7,72.0,4.0,0,1,4,1,1,0,1,1,3.2
1,11,7.8,0,77,82,1,3,2,53.2,40.3,7.9,77.9,4.1,1,1,2,3,1,1,1,8,7.0
1,8,7.4,0,72,69,1,1,0,21.8,25.4,2.6,89.1,4.8,1,1,0,1,0,0,2,7,4.2
0,0,7.7,0,82,88,0,3,1,54.5,40.7,6.6,82.0,4.1,0,1,2,2,1,0,2,5,6.1
0,2,7.4,0,71,72,1,3,0,46.9,42.9,6.0,80.0,4.6,0,1,0,0,0,0,0,4,6.6
0,4,8.6,0,78,83,2,2,2,71.7,58.9,4.8,90.0,4.8,1,1,3,1,1,1,1,5,9.3
1,8,8.3,0,80,83,2,3,2,68.8,52.6,7.4,90.0,4.7,1,1,2,3,1,1,1,2,7.7
1,3,7.5,1,55,69,2,3,0,57.7,51.1,5.7,85.0,4.3,0,0,3,2,1,1,2,0,6.0
0,4,8.2,0,82,88,2,3,2,67.8,65.5,5.7,90.0,4.8,1,1,1,3,1,1,2,2,7.4
1,7,7.8,0,74,68,0,2,1,24.9,45.7,3.4,68.3,3.9,0,0,0,0,0,0,0,6,5.7
1,11,8.2,1,57,65,0,1,1,44.0,40.8,2.8,72.6,4.4,1,0,1,3,1,0,1,2,6.3
0,0,8.4,0,76,83,2,3,0,67.6,66.0,5.7,90.0,4.7,1,0,2,2,1,1,2,7,9.2
1,3,7.4,0,82,80,2,3,2,54.8,55.4,6.1,84.0,4.8,1,1,0,0,0,1,1,8,6.6
1,4,8.5,0,73,69,0,1,0,51.4,38.7,2.5,71.0,4.0,1,0,0,0,0,0,2,9,5.6
1,4,7.8,0,77,68,1,2,0,47.8,45.5,6.1,83.0,4.8,1,1,4,1,1,1,1,9,6.1
1,6,7.8,2,71,85,2,3,1,61.3,50.0,9.2,78.9,3.7,0,1,1,0,0,0,0,6,6.5
1,0,6.9,0,55,67,0,2,0,20.0,19.7,3.2,65.0,3.6,0,0,0,0,0,0,1,4,2.8
0,0,7.7,0,70,71,1,1,0,33.2,25.3,2.6,71.0,4.2,0,1,0,0,0,0,0,5,5.2
0,3,7.4,0,58,70,0,2,1,30.7,31.7,3.8,73.0,3.8,0,0,0,0,0,0,2,8,4.4
1,6,8.4,0,60,82,1,0,2,57.8,58.3,2.1,84.2,4.3,1,1,0,0,0,0,2,1,8.3
0,2,7.6,1,55,69,0,1,1,33.1,34.3,4.2,69.0,3.9,0,0,0,0,0,1,1,1,5.8
1,5,8.3,0,74,70,1,2,2,50.4,46.3,3.6,76.0,4.5,0,1,2,2,1,0,1,8,7.1
1,2,8.3,0,80,88,2,3,2,62.7,49.0,6.3,89.0,4.7,1,1,2,2,1,1,2,8,7.1
1,9,6.5,0,62,69,1,2,0,20.0,30.2,3.0,61.8,3.9,0,0,0,0,0,0,2,3,3.9
1,0,8.2,0,86,78,0,3,0,63.7,64.3,7.0,90.0,4.4,1,1,2,2,1,1,1,1,8.1
1,0,8.3,0,82,86,0,3,2,62.2,39.6,7.4,86.0,4.7,1,1,1,3,1,1,2,9,7.8
0,5,7.7,0,55,70,1,1,0,31.1,11.2,2.0,86.0,4.1,0,1,0,0,0,0,0,8,3.6
1,5,6.7,0,56,68,1,1,0,20.0,15.4,1.0,70.0,3.7,0,1,0,0,0,0,2,8,2.4
0,2,7.8,0,66,75,1,1,0,31.9,40.1,4.2,78.0,4.0,0,0,0,0,0,0,1,9,4.7
1,11,7.6,2,86,69,1,3,3,62.5,66.3,8.1,81.1,4.3,1,1,3,2,1,0,0,1,6.6
0,2,7.2,0,74,63,1,1,1,26.3,12.2,1.5,62.0,4.0,0,0,0,0,0,1,2,0,3.0
1,3,6.8,0,60,58,1,1,0,20.0,16.0,3.0,76.0,4.0,0,0,0,0,0,0,2,4,3.0
0,10,8.0,0,63,67,1,2,1,59.0,58.2,4.0,65.1,3.7,1,1,0,1,0,0,2,4,7.5
1,4,7.7,0,58,85,1,2,2,45.2,52.0,3.7,90.0,4.7,1,1,3,2,1,0,1,3,7.0
1,8,7.7,0,66,76,1,0,0,35.5,38.2,4.3,85.3,4.4,1,0,4,1,1,0,2,3,5.1
1,2,8.0,0,83,84,1,2,1,47.2,35.7,4.9,81.0,4.4,1,1,4,1,1,0,2,8,6.5
1,6,6.5,0,64,80,0,2,0,24.6,23.7,4.0,71.9,4.2,1,0,0,0,0,1,1,1,2.1
1,0,8.0,0,70,85,0,3,1,51.0,40.5,6.3,82.0,4.8,1,1,0,0,0,1,0,2,6.9
1,2,8.4,0,76,86,2,3,2,75.6,60.7,7.4,90.0,4.8,1,1,2,3,1,0,2,9,9.2
1,2,7.8,0,76,80,2,3,2,65.8,59.4,8.0,84.0,4.1,1,1,3,2,1,0,1,7,7.6
0,3,8.6,0,78,81,2,2,2,71.4,49.0,3.8,81.0,4.8,1,1,3,2,1,1,1,1,9.3
1,2,8.7,0,79,87,2,3,2,74.0,64.4,7.2,90.0,4.8,1,1,3,1,1,1,2,0,10.0
1,2,8.1,0,75,84,2,3,2,71.8,52.6,7.1,90.0,4.8,1,1,2,2,1,1,0,0,6.9
0,8,8.4,0,78,82,1,2,2,54.7,51.4,7.3,77.5,4.7,1,1,0,1,0,1,2,8,7.6
1,11,8.3,0,69,83,2,3,1,72.7,47.8,7.9,89.2,4.8,1,1,1,3,1,0,1,8,7.9
1,6,7.5,0,55,64,1,1,2,40.6,54.5,2.6,65.6,4.3,0,1,0,0,0,0,0,7,6.0
1,0,7.7,0,71,70,0,2,1,42.0,30.6,6.0,64.0,4.4,1,1,0,0,0,0,2,8,5.8
0,0,8.1,0,90,85,1,3,2,61.8,61.5,5.0,90.0,4.8,1,1,4,1,1,1,2,5,8.2
0,2,7.5,1,83,71,1,2,1,38.2,18.8,4.9,77.0,4.4,1,1,4,1,1,1,1,6,3.3
1,0,7.3,0,67,68,0,2,0,39.3,36.0,3.6,71.0,3.5,0,1,0,0,0,1,2,2,4.4
1,8,8.1,0,55,65,2,3,2,50.2,27.1,4.1,74.7,3.8,0,0,1,0,0,0,2,2,7.3
0,7,6.5,1,55,64,1,2,0,23.4,18.5,2.5,71.3,4.1,0,1,0,1,0,0,2,6,4.4
1,4,8.4,0,85,85,2,3,2,64.8,49.6,6.4,84.0,4.7,1,0,0,0,0,1,0,0,8.3
1,2,7.5,1,55,59,1,2,0,44.8,36.8,4.0,77.0,4.8,0,1,0,0,0,0,0,8,6.8
1,7,7.7,1,71,82,2,2,2,49.6,37.3,1.0,78.1,4.2,0,1,0,1,0,0,2,4,7.1
0,7,7.6,0,55,68,2,3,2,50.7,43.3,4.8,65.5,4.0,1,1,0,0,0,1,2,8,6.8
0,4,7.5,0,62,74,1,2,1,35.3,41.7,4.6,71.0,4.3,0,1,0,0,0,0,0,8,4.8
1,9,8.9,0,86,79,2,3,0,79.9,61.9,5.6,89.2,4.8,1,1,3,2,1,1,1,4,9.4
0,0,8.2,0,74,88,2,3,2,63.8,57.7,6.5,90.0,4.8,1,1,2,2,1,1,0,2,8.4
0,5,7.1,0,57,70,1,1,0,25.8,6.0,0.4,76.0,3.9,0,0,0,0,0,0,1,8,2.7
0,10,7.0,1,57,64,0,3,0,25.9,25.0,3.9,67.2,4.1,0,1,0,1,0,0,1,8,3.7
0,0,8.0,0,57,70,0,1,0,37.1,19.0,0.8,60.0,4.0,0,0,0,0,0,1,0,5,5.1
1,1,7.6,0,55,70,0,1,0,30.5,17.4,1.0,86.0,4.2,0,1,0,0,0,0,1,4,3.6
0,7,8.0,0,55,69,1,3,0,65.0,68.2,6.4,67.7,4.4,1,1,1,1,0,0,1,5,9.5
1,7,8.1,0,83,80,2,3,0,57.3,42.5,4.6,82.3,4.0,1,1,3,2,1,1,1,7,7.3
1,0,8.4,0,59,66,1,1,1,53.1,55.0,3.0,79.0,4.1,0,0,0,0,0,0,2,9,8.6
1,2,8.3,0,78,83,2,1,2,50.5,53.7,1.6,83.0,4.8,1,1,1,3,1,0,0,4,7.0
0,5,7.2,0,83,84,1,3,2,47.6,29.6,5.4,81.0,4.8,0,1,2,3,1,0,0,6,4.5
1,6,8.2,1,78,85,1,3,1,60.1,52.2,7.8,90.0,4.7,1,1,3,0,1,0,1,2,7.2
1,7,6.5,1,74,67,1,0,1,23.3,22.8,3.1,87.7,4.5,1,1,1,3,1,0,1,4,3.3
0,2,8.0,0,88,83,2,3,2,77.4,60.4,6.6,90.0,4.8,1,1,3,2,1,1,1,4,8.8
0,0,8.4,0,83,83,0,3,2,50.2,40.2,6.4,90.0,4.8,1,1,4,1,1,1,2,5,5.9
1,10,7.8,1,70,68,2,3,1,40.9,39.6,2.9,83.0,4.6,0,0,1,0,0,0,0,7,6.0
1,4,7.8,0,73,62,2,3,2,54.6,49.3,7.8,73.0,4.6,1,0,0,0,0,1,0,4,7.5
1,10,8.0,0,83,86,2,3,2,63.3,55.1,4.1,88.2,4.6,1,1,2,2,1,1,2,4,7.3
0,2,6.8,0,61,69,2,2,2,22.6,23.7,5.9,80.0,4.6,0,1,0,0,0,1,2,8,4.1
1,6,8.0,0,82,84,2,3,3,71.9,71.8,7.0,77.7,4.6,0,1,2,3,1,1,1,0,8.3
1,11,6.6,1,79,71,1,2,0,24.1,25.8,5.9,86.0,4.6,0,1,0,0,0,0,0,1,3.7
0,2,7.5,0,74,67,1,1,0,26.2,28.7,2.4,64.0,3.5,0,0,0,0,0,1,1,8,4.8
0,8,7.7,0,65,59,1,2,0,45.9,37.3,4.1,81.3,3.8,1,1,1,1,0,1,0,0,5.8
1,4,7.7,0,82,82,1,2,2,49.2,43.1,5.0,79.0,4.8,1,1,0,0,0,0,1,0,7.3
1,4,6.5,1,57,66,1,2,1,20.0,1.4,4.0,78.0,4.5,0,0,0,0,0,0,1,5,2.0
0,6,7.6,0,56,65,0,2,0,39.2,38.5,3.2,82.0,4.1,0,1,0,0,0,0,1,7,5.1
0,8,7.5,0,78,78,0,3,0,36.6,41.1,5.8,84.8,4.5,0,1,0,0,0,0,1,2,6.5
1,7,8.9,0,78,86,0,2,1,61.8,41.5,0.8,90.0,4.6,0,1,2,1,1,0,2,7,8.1
1,3,6.7,0,55,66,0,1,0,20.0,9.3,2.5,66.0,3.7,0,1,3,2,1,0,1,8,2.0
1,0,7.0,0,59,72,0,1,0,20.0,21.8,3.1,75.0,3.8,1,0,0,0,0,1,0,7,5.1
0,1,6.5,1,55,73,1,1,1,20.0,15.8,2.1,62.0,3.5,0,0,0,0,0,0,2,4,2.0
0,2,7.8,1,70,65,1,3,2,61.1,60.5,7.0,81.0,4.2,1,1,1,3,1,1,0,9,5.8
1,0,8.3,0,68,82,2,3,2,72.5,56.5,7.2,90.0,4.8,1,1,2,2,1,1,0,9,9.0
1,9,6.7,0,82,64,2,1,1,25.5,28.3,3.9,62.8,3.8,0,1,0,1,0,0,0,8,2.9
1,3,8.0,0,65,86,2,3,0,71.0,59.0,5.5,90.0,4.8,0,1,0,0,0,1,1,0,8.4
1,2,6.5,1,60,73,1,1,0,20.0,17.9,2.4,79.0,4.3,0,1,0,0,0,0,1,8,2.0
1,7,6.5,2,73,66,1,2,2,22.9,22.4,3.4,88.2,4.5,1,1,2,3,1,0,1,8,2.0
1,0,8.4,1,71,83,0,3,0,61.8,44.0,7.4,90.0,4.4,1,1,0,0,0,1,1,1,7.9
1,9,8.6,0,62,75,0,2,0,69.9,59.9,8.0,75.2,3.7,1,1,0,0,0,1,1,8,9.3
1,11,7.6,2,71,62,1,3,0,40.3,21.1,3.2,64.9,4.3,1,1,0,1,0,1,0,9,4.8
1,2,8.0,0,73,64,1,2,2,50.6,57.2,3.9,90.0,4.3,1,1,2,2,1,1,2,7,7.3
1,0,7.4,2,55,73,0,2,0,30.2,12.9,3.5,71.0,4.0,0,1,2,3,1,0,2,4,2.7
1,5,6.5,2,68,67,0,1,0,20.0,12.6,3.7,73.0,4.0,1,1,0,0,0,0,1,8,2.0
0,5,7.7,0,55,65,1,2,1,43.0,33.9,5.0,72.0,4.5,0,1,0,0,0,0,1,5,8.3
1,7,8.1,0,75,83,1,3,0,59.7,42.0,5.5,90.0,4.5,1,1,1,0,0,0,2,4,7.4
1,4,7.6,1,64,71,1,1,1,36.5,23.3,1.8,71.0,4.2,0,0,0,0,0,1,0,5,5.4
1,7,7.8,1,72,67,2,2,0,40.3,47.2,2.1,73.2,4.3,1,1,1,1,0,0,1,9,6.2
1,6,7.5,0,55,61,0,1,0,33.3,28.3,2.3,77.3,3.6,0,0,0,0,0,0,2,6,6.2
1,11,6.7,0,73,74,0,1,2,21.9,23.1,1.3,66.8,4.2,0,0,0,0,0,0,0,7,2.2
0,1,6.8,0,63,65,1,1,1,23.9,32.6,0.7,69.0,3.7,0,0,0,0,0,0,0,1,4.2
0,3,8.2,0,74,85,2,3,2,66.3,36.1,7.6,90.0,4.8,1,1,0,0,0,1,1,4,8.4
0,9,6.6,0,62,72,1,0,1,21.1,18.1,1.7,60.9,3.9,0,0,1,0,0,0,1,8,3.0
1,0,6.8,1,61,67,0,3,0,31.9,33.3,6.9,70.0,3.9,1,1,0,0,0,0,1,4,4.3
1,0,7.6,2,72,64,0,2,1,35.1,31.0,3.8,85.0,4.6,0,1,2,3,1,0,0,1,4.3
1,0,8.5,0,76,80,2,3,0,72.4,58.7,5.5,90.0,4.8,0,1,3,1,1,1,2,5,8.3
1,2,6.5,0,59,69,1,1,1,20.0,23.2,2.8,63.0,4.5,0,0,0,0,0,1,0,8,2.2
1,9,7.7,1,64,81,0,2,0,50.0,32.4,4.7,77.9,3.6,0,1,0,0,0,0,2,9,6.2
1,2,7.0,1,56,64,1,2,1,20.8,14.6,5.3,67.0,3.4,0,1,0,0,0,0,0,7,3.1
1,10,7.2,0,55,71,1,2,1,32.8,18.5,6.0,77.2,4.0,0,0,0,1,0,0,0,4,4.1
1,11,8.4,0,56,63,0,3,3,61.3,48.6,7.0,75.8,4.8,1,1,0,0,0,1,1,6,8.7
1,5,7.9,0,82,82,2,1,2,45.5,29.2,3.4,81.0,4.8,1,0,1,3,1,0,1,2,4.5
0,2,6.5,1,55,65,1,1,1,20.0,26.9,1.0,75.0,4.5,0,0,0,0,0,0,1,7,2.0
1,6,6.5,0,67,66,0,2,0,26.8,21.3,2.4,78.0,3.7,0,0,0,0,0,0,0,6,3.5
1,3,7.6,0,81,77,0,1,2,30.0,12.3,2.5,90.0,4.8,0,1,2,2,1,0,1,7,3.0
1,2,7.5,0,63,71,1,1,0,37.8,24.9,3.7,63.0,4.1,1,1,0,0,0,0,0,0,5.2
0,8,7.3,1,73,70,1,3,1,31.2,29.6,7.4,79.7,3.3,0,1,0,0,0,1,1,4,4.8
0,0,8.0,0,81,82,0,1,3,38.8,34.8,2.7,90.0,4.8,1,1,1,3,1,0,0,1,5.9
1,0,8.5,0,82,87,2,3,2,71.8,40.4,8.2,90.0,4.8,1,1,3,1,1,1,1,5,7.6
0,0,7.9,0,70,60,1,2,1,60.9,62.6,4.9,86.0,4.8,0,1,0,0,0,0,0,3,8.1
1,6,8.7,0,70,84,0,2,3,62.3,55.4,8.3,90.0,4.8,1,1,2,2,1,1,2,2,9.5
1,6,8.2,0,70,88,2,3,2,70.1,64.6,8.9,90.0,4.3,1,0,4,0,1,1,2,3,7.8
1,5,6.8,0,55,67,1,2,0,28.5,30.0,4.4,75.0,4.3,0,1,0,0,0,0,0,8,3.0
1,5,6.6,1,62,84,0,2,0,27.1,25.4,5.8,73.0,4.2,1,1,0,0,0,0,0,9,2.1
0,0,7.5,0,58,63,1,2,0,44.0,45.4,4.6,77.0,4.2,1,1,0,0,0,1,0,7,7.0
1,7,6.5,0,74,82,0,0,3,22.5,12.3,1.9,82.3,4.1,0,1,0,0,0,0,0,1,3.3
0,0,8.3,0,78,83,1,1,1,49.5,48.4,1.3,73.0,4.1,0,0,0,0,0,0,1,3,6.7
0,7,7.3,0,78,80,2,2,0,27.8,25.4,1.2,82.6,3.6,1,1,2,3,1,0,1,7,3.0
0,0,8.8,0,58,87,2,3,0,88.4,76.8,5.8,88.0,4.7,0,1,3,1,1,1,2,4,10.8
1,11,6.6,1,55,65,1,0,1,23.9,25.4,2.4,84.7,3.4,0,0,2,3,1,1,2,2,2.5
0,1,6.5,1,55,71,0,2,3,20.0,24.0,4.1,85.0,4.5,1,1,1,3,1,0,0,9,2.8
0,2,8.5,0,79,78,1,3,0,61.6,42.9,7.1,86.0,4.5,1,0,3,1,1,1,0,6,7.3
1,0,8.1,0,78,83,0,3,2,57.2,51.1,6.6,89.0,4.8,1,1,2,2,1,1,0,0,7.8
1,4,8.3,0,69,80,1,3,2,60.3,40.5,8.0,90.0,4.7,1,1,1,3,1,1,0,0,8.1
0,5,7.5,0,71,76,1,1,1,28.2,24.5,2.2,69.0,4.3,0,1,0,0,0,0,1,8,5.1
1,5,8.3,0,75,82,0,3,2,63.8,60.3,6.8,89.0,4.4,1,1,0,0,0,0,0,8,9.3
0,5,6.9,0,77,86,1,2,2,37.9,31.0,3.3,77.0,4.2,1,1,0,0,0,0,0,6,4.6
0,5,7.9,0,83,84,0,3,1,48.3,37.3,6.2,84.0,4.3,1,0,3,2,1,1,0,8,5.9
0,4,8.2,0,86,86,2,3,2,75.5,66.5,5.2,90.0,4.8,1,1,3,2,1,0,1,1,7.4
1,2,8.6,0,88,86,2,3,2,81.3,59.3,7.8,90.0,4.8,1,1,1,3,1,1,0,0,8.6
1,2,8.5,0,75,88,2,2,2,65.2,49.2,3.8,80.0,4.8,1,1,2,2,1,0,2,8,9.8
1,1,6.5,0,56,61,1,1,1,20.0,19.1,1.3,64.0,3.4,0,0,0,0,0,0,1,8,2.9
1,2,7.4,0,55,62,0,1,1,29.8,34.0,2.7,76.0,4.3,0,1,0,0,0,0,1,0,2.9
1,1,7.0,0,56,70,0,3,0,28.1,33.4,3.6,75.0,3.9,0,0,1,3,1,1,1,8,5.0
1,4,8.1,0,76,88,2,3,2,64.8,51.5,6.8,85.0,4.5,1,1,1,3,1,1,1,7,7.2
1,5,6.6,0,69,68,1,2,0,20.0,25.2,5.2,71.0,4.4,1,1,0,0,0,1,1,8,3.0
0,3,6.8,1,55,72,1,2,0,25.4,35.7,5.1,64.0,3.4,0,1,0,0,0,0,1,8,4.1
1,0,8.3,0,79,86,2,3,1,78.4,69.2,7.1,85.0,4.8,1,1,4,1,1,1,1,6,8.7
0,7,7.8,0,55,66,1,3,1,49.6,42.8,3.8,82.9,4.7,1,1,0,0,0,0,1,5,5.4
1,2,7.7,0,64,69,1,2,0,48.3,35.8,5.4,90.0,4.8,0,1,2,2,1,1,0,4,5.3
1,0,7.5,0,73,69,1,1,1,32.8,23.9,2.8,80.0,4.1,1,1,0,0,0,0,1,2,7.0
0,4,8.4,0,79,81,1,3,0,60.6,44.6,7.1,70.0,4.8,1,1,2,2,1,0,1,9,6.9
1,4,8.3,0,83,67,1,1,0,48.0,38.2,1.7,69.0,4.8,1,0,3,2,1,0,1,2,5.6
0,8,7.7,0,65,72,2,2,0,43.6,35.1,5.3,78.7,4.1,1,1,1,0,0,0,2,9,7.0
1,6,7.3,0,64,70,1,1,1,37.6,25.6,3.0,66.8,4.0,0,1,0,1,0,0,1,0,4.7
1,0,7.0,0,85,82,1,3,1,46.6,45.9,5.5,88.0,4.8,1,1,1,3,1,0,2,4,4.3
1,1,8.2,0,66,86,1,3,2,68.7,59.3,7.3,76.0,4.4,1,1,0,0,0,1,1,8,6.6
0,8,7.9,0,89,79,2,3,2,60.3,40.5,7.0,89.6,4.1,1,0,0,1,0,1,1,8,8.6
1,9,7.3,0,58,70,1,1,0,25.5,21.1,2.5,72.1,4.6,0,1,0,0,0,0,1,8,2.0
0,0,8.1,0,80,81,2,3,0,64.1,35.9,5.5,90.0,4.6,1,1,3,2,1,1,1,7,6.4
1,0,7.9,0,55,64,0,1,1,39.6,30.4,2.3,61.0,4.4,0,0,0,0,0,0,0,3,6.8
1,0,7.8,0,62,84,1,3,0,62.0,52.2,8.0,74.0,4.2,1,0,0,0,0,1,1,1,7.6
1,3,6.7,2,67,66,1,1,0,20.0,28.1,1.6,63.0,4.6,0,0,0,0,0,0,0,3,2.6
1,4,6.7,0,66,66,1,1,0,20.0,18.4,2.1,82.0,3.9,0,1,3,2,1,0,1,0,2.9
1,0,6.8,0,60,68,1,1,0,20.0,19.7,1.9,71.0,4.4,0,0,0,0,0,1,2,1,4.0
1,5,7.8,0,56,64,0,2,0,45.5,40.3,4.6,74.0,4.3,0,0,0,0,0,0,1,9,6.1
0,4,7.6,1,55,67,0,1,0,28.3,12.7,1.1,66.0,3.5,0,0,0,0,0,0,0,2,3.6
1,4,8.1,0,88,70,1,2,3,54.9,39.6,4.4,86.0,4.5,1,1,1,3,1,0,0,3,6.9
1,2,7.5,0,60,68,1,1,0,24.3,30.7,3.2,74.0,3.5,0,1,3,2,1,0,2,9,3.4
1,5,7.6,0,55,68,1,2,0,47.1,30.3,3.8,71.0,4.6,0,1,0,0,0,1,2,7,6.7
1,0,7.3,0,55,69,1,2,0,40.9,42.1,2.6,80.0,3.7,0,1,1,3,1,0,1,4,6.3
1,3,8.3,0,71,87,2,3,0,68.8,59.0,6.4,73.0,4.5,1,1,0,0,0,1,0,9,8.7
0,0,7.4,0,58,60,1,1,0,24.0,26.8,3.6,75.0,3.9,0,0,0,0,0,1,1,1,4.0
0,7,6.5,2,59,67,1,2,0,35.7,28.7,4.2,76.2,3.2,0,0,0,1,0,0,1,1,4.4
1,4,6.5,2,55,70,1,1,0,20.0,15.5,1.5,83.0,3.6,0,1,0,0,0,0,2,1,2.3
1,0,8.8,0,78,88,2,3,2,85.3,79.9,6.6,88.0,4.7,1,1,3,2,1,1,1,2,9.4
1,3,6.5,1,56,68,1,1,0,20.0,15.9,0.2,82.0,4.4,0,1,0,0,0,0,2,3,3.0
1,7,8.5,1,75,80,2,2,0,84.6,59.4,6.9,88.9,4.5,1,1,3,1,1,1,1,6,7.4
0,4,8.3,0,58,87,2,1,2,51.5,47.2,3.1,79.0,4.2,1,1,3,1,1,1,2,4,7.7
1,6,7.5,0,72,72,1,2,0,37.4,43.0,6.0,84.6,4.5,1,0,0,1,0,0,1,0,6.7
1,2,6.5,0,55,60,1,2,0,26.0,27.6,5.2,84.0,4.7,0,1,0,0,0,0,1,8,3.2
0,0,8.1,0,83,84,1,3,2,68.1,46.7,7.6,80.0,4.5,1,0,3,2,1,1,1,1,8.0
1,4,7.4,1,82,66,1,3,2,46.8,42.5,5.6,74.0,4.6,1,1,0,0,0,1,1,0,4.6
1,5,7.3,0,55,62,1,1,0,35.7,46.2,1.1,83.0,3.7,0,0,0,0,0,0,2,8,6.4
0,0,7.6,0,64,71,1,2,0,35.7,39.8,1.0,82.0,4.3,0,1,0,0,0,0,1,2,5.1
1,7,6.5,1,55,86,0,1,0,22.5,32.3,4.3,74.4,4.1,0,1,0,1,0,0,2,1,3.4
0,0,8.4,0,66,87,0,2,2,51.4,53.2,4.9,86.0,4.7,1,1,0,0,0,0,1,2,7.4
1,2,7.4,0,55,60,1,2,0,34.5,38.8,5.2,68.0,4.2,0,1,0,0,0,0,1,8,5.3
1,7,7.4,1,55,59,1,1,0,34.3,19.1,0.0,83.2,4.2,0,1,1,1,0,0,1,7,4.4
0,7,8.0,1,74,71,0,2,0,63.3,56.1,6.9,78.5,4.5,1,1,4,1,1,1,0,7,6.1
0,2,7.6,1,67,68,0,2,0,42.4,41.3,4.3,75.0,3.8,1,1,0,0,0,0,2,8,4.7
1,5,7.7,0,55,72,1,1,0,37.8,41.7,3.5,79.0,3.9,0,1,0,0,0,1,0,4,6.4
1,2,8.8,0,77,83,1,3,2,71.6,52.0,7.0,90.0,4.8,1,1,3,1,1,1,1,0,8.5
0,7,7.8,0,74,72,1,1,1,43.3,36.7,1.6,85.1,4.2,0,1,0,1,0,0,0,6,5.3
0,3,8.0,0,82,84,1,3,0,66.4,56.9,6.1,77.0,4.1,0,0,4,1,1,1,2,2,7.5
0,5,7.4,0,57,61,1,1,1,24.2,15.0,2.3,70.0,3.5,0,1,0,0,0,0,2,2,3.9
0,11,7.5,0,55,63,0,1,0,40.2,28.0,3.4,69.2,3.7,0,0,1,0,0,0,2,8,5.2
1,4,7.4,0,82,65,1,2,1,41.0,23.6,3.9,86.0,4.5,0,1,0,0,0,0,1,6,5.3
1,0,8.1,0,76,84,2,3,2,68.8,57.8,8.8,90.0,4.8,1,1,2,3,1,1,1,3,7.5
0,6,8.4,0,84,71,2,3,3,74.8,56.7,9.5,90.0,4.8,1,1,2,3,1,1,1,1,9.0
0,10,7.0,1,57,65,2,2,1,21.6,25.4,3.7,67.6,4.1,0,1,0,1,0,1,2,8,4.6
1,6,8.5,0,78,88,2,2,3,67.8,56.3,8.6,90.0,4.8,1,1,2,0,1,1,0,2,8.0
1,1,6.5,1,56,73,1,1,1,20.0,18.7,2.4,74.0,4.0,0,0,0,0,0,0,2,8,2.0
0,2,7.4,0,57,66,1,1,0,31.1,30.9,0.9,75.0,4.5,0,1,2,3,1,0,2,4,4.4
0,2,7.6,0,56,72,1,3,0,51.2,59.7,6.7,82.0,4.5,0,1,0,0,0,1,1,8,6.6
1,9,6.5,0,56,72,1,2,0,20.0,27.8,2.8,89.0,3.9,0,1,0,0,0,1,2,1,2.1
1,5,8.4,0,72,70,2,3,3,66.8,50.8,6.4,87.0,4.8,0,1,3,1,1,1,1,8,7.3
1,8,6.7,2,56,71,1,2,0,20.0,16.5,3.3,65.3,4.3,1,0,0,0,0,0,1,7,2.0
0,6,6.5,2,62,70,0,2,1,23.8,28.3,4.7,73.4,4.0,0,0,1,1,0,1,1,3,3.8
0,0,7.5,0,59,70,1,2,1,43.2,24.0,4.5,76.0,3.7,1,1,0,0,0,1,0,4,4.6
1,2,7.9,0,82,67,0,3,1,59.8,41.9,6.6,82.0,4.0,0,1,2,3,1,1,2,8,6.4
1,0,8.1,0,76,85,1,2,1,45.5,27.3,4.6,80.0,4.4,1,1,2,2,1,1,1,4,5.1
1,0,7.5,0,62,63,1,3,1,44.2,33.0,6.7,79.0,3.8,1,1,3,2,1,1,2,2,5.2
1,11,6.7,1,84,82,2,3,1,35.0,11.9,7.3,82.3,4.8,1,0,0,3,1,1,2,2,2.1
1,11,6.5,0,55,68,2,2,1,26.8,25.8,1.8,69.1,3.7,0,0,0,0,0,0,0,5,3.0
1,9,6.8,0,63,83,0,1,1,27.1,20.6,5.3,73.3,4.0,1,0,0,1,0,0,0,8,2.4
1,6,7.7,0,72,83,1,3,0,52.0,34.9,6.0,79.9,4.5,1,1,0,0,0,0,1,1,6.4
1,8,8.4,0,69,70,0,2,0,63.5,31.2,4.0,78.0,4.3,1,1,0,0,0,0,0,9,7.0
1,0,8.0,0,80,87,2,3,2,65.6,46.4,6.7,90.0,4.8,1,1,2,2,1,1,2,8,6.4
1,5,8.1,0,82,81,2,3,2,67.7,42.6,8.4,90.0,4.8,1,1,2,3,1,1,2,8,8.3
0,9,7.2,1,67,73,2,1,0,37.5,47.1,4.4,75.6,4.7,0,1,0,0,0,1,2,6,7.4
0,3,8.2,0,81,87,0,3,1,60.8,45.7,8.6,83.0,4.7,1,0,0,0,0,1,1,2,9.2
1,3,8.2,0,78,66,1,2,0,51.8,51.9,4.9,74.0,4.8,1,0,2,3,1,1,2,8,7.1
1,4,7.5,0,55,58,1,1,0,25.0,22.6,1.2,77.0,4.8,0,1,3,2,1,0,1,7,3.0
1,2,8.4,0,57,67,0,1,0,44.7,42.0,1.3,86.0,4.3,1,1,1,3,1,0,2,4,6.6
1,6,6.8,0,70,87,0,1,1,23.5,19.8,5.6,85.5,4.5,1,1,0,0,0,1,2,8,2.9
0,11,7.5,0,55,63,0,1,1,36.7,26.7,0.1,66.5,3.6,0,0,0,1,0,1,2,0,5.1
0,4,7.3,0,75,67,1,1,0,40.5,48.6,3.6,71.0,4.6,1,1,0,0,0,0,0,6,5.7
1,4,7.9,0,55,74,1,3,0,64.5,50.5,7.1,83.0,4.3,0,1,0,0,0,1,2,1,7.5
1,2,6.9,0,65,72,1,1,1,20.5,24.3,1.9,70.0,4.5,0,0,0,0,0,0,1,3,3.2
1,2,7.6,0,58,73,1,1,0,40.7,34.3,1.5,77.0,4.0,0,1,0,0,0,0,1,2,6.8
1,0,6.8,0,59,62,0,1,1,20.0,32.3,1.9,67.0,3.5,0,0,0,0,0,0,1,3,2.8
0,3,8.2,0,78,85,1,3,1,58.4,39.8,8.3,80.0,3.9,1,1,2,2,1,1,1,8,7.8
1,5,7.4,0,55,66,1,1,0,32.8,24.0,1.4,72.0,4.2,1,1,2,3,1,0,0,4,3.7
1,0,7.7,0,79,80,1,2,2,54.8,47.2,5.1,75.0,4.7,1,1,0,0,0,0,0,6,7.1
0,1,8.6,0,62,66,1,1,3,58.5,37.1,2.8,71.0,3.9,1,0,1,3,1,0,2,6,7.1
0,4,8.5,0,73,81,2,3,2,81.4,60.5,7.8,83.0,4.6,1,1,3,2,1,1,1,4,10.3
1,2,8.3,0,87,79,2,3,0,71.8,51.6,6.7,90.0,4.8,1,1,2,3,1,1,2,7,7.1
1,6,8.5,0,78,86,2,3,2,82.7,64.2,6.8,87.7,4.8,1,1,3,2,1,1,2,9,9.0
1,11,7.9,0,55,64,0,2,0,41.6,32.7,2.3,60.5,4.4,0,0,0,0,0,1,1,0,4.4
1,3,7.5,0,69,73,1,3,1,38.9,31.9,5.6,77.0,4.8,0,1,1,3,1,1,2,0,4.9
1,4,8.1,0,86,88,2,3,0,64.0,59.8,5.7,87.0,4.4,1,1,4,1,1,1,1,2,7.2
0,2,7.9,0,84,61,0,2,2,40.6,33.7,3.8,81.0,4.3,1,0,0,0,0,0,1,4,6.7
0,7,7.8,2,77,67,1,1,1,52.1,41.4,4.0,84.1,4.7,1,1,0,0,0,1,2,2,6.2
1,0,8.9,0,79,87,0,1,1,60.5,40.1,1.4,90.0,4.6,0,1,3,1,1,0,2,4,8.5
1,0,8.5,0,79,82,1,3,2,60.8,56.0,4.9,89.0,4.6,1,1,0,0,0,0,0,2,7.6
0,2,7.7,0,68,87,1,3,0,61.0,30.0,6.1,85.0,4.8,1,0,3,2,1,1,2,0,5.9
0,0,8.6,0,79,85,1,3,3,76.5,46.2,6.6,88.0,4.6,1,1,3,1,1,1,0,5,9.3
0,4,7.7,0,74,63,1,3,1,57.0,55.6,6.9,75.0,4.6,1,1,0,0,0,0,2,2,6.2
0,5,8.7,0,72,63,0,1,1,41.0,40.7,2.0,87.0,4.1,0,0,0,0,0,0,1,8,7.0
1,7,8.7,0,86,76,2,3,1,79.4,57.3,6.7,81.3,4.8,1,1,3,1,1,1,0,9,8.9
0,1,6.6,0,64,67,0,1,1,20.0,23.4,1.9,68.0,3.8,0,0,0,0,0,0,2,8,3.3
1,10,8.4,0,73,84,2,3,2,60.3,47.1,7.1,88.0,4.5,0,1,0,0,0,0,1,4,8.7
1,5,6.7,0,57,60,1,1,0,20.0,19.2,1.9,71.0,4.3,0,1,1,3,1,0,0,8,3.0
1,7,7.9,0,81,88,1,3,3,63.9,49.9,7.6,90.0,4.6,1,1,1,3,1,0,2,7,8.0
1,3,7.6,0,68,72,1,2,0,42.5,45.7,4.8,77.0,4.1,0,1,3,1,1,1,2,8,6.3
0,8,7.6,0,72,71,1,2,0,28.7,37.6,2.0,68.5,4.5,0,0,0,0,0,0,1,6,6.0
1,0,7.5,0,80,83,2,3,2,51.1,35.3,6.2,90.0,4.7,1,1,3,2,1,0,2,0,5.3
0,6,7.6,0,62,63,2,2,0,46.8,38.4,5.1,66.4,4.5,0,1,0,0,0,0,0,1,6.8
1,11,7.8,1,61,69,0,1,1,44.0,40.2,1.5,72.5,4.0,0,0,1,0,0,0,1,8,6.5
0,0,8.1,0,77,81,1,3,2,52.2,25.2,5.2,90.0,4.5,1,1,2,3,1,0,1,9,5.3
1,7,7.8,0,76,67,1,2,1,55.3,43.1,4.9,90.0,4.7,0,1,1,1,0,0,0,6,7.6
0,0,8.4,0,85,82,2,3,0,72.4,59.3,7.7,83.0,4.4,1,1,3,2,1,1,1,4,7.9
1,7,7.9,1,82,80,1,3,2,55.6,46.3,6.7,90.0,4.8,1,1,2,3,1,0,2,4,6.1
1,0,8.5,0,74,83,2,3,2,67.4,37.6,7.1,85.0,4.4,1,1,0,0,0,1,2,0,9.3
1,8,7.5,0,55,69,1,1,0,24.8,20.1,1.6,78.1,4.4,0,1,1,0,0,0,1,9,4.2
0,2,7.0,0,66,71,1,1,0,24.1,21.9,1.2,74.0,4.3,0,1,0,0,0,0,1,5,4.2
1,2,7.6,0,80,82,1,3,0,60.4,56.6,8.6,81.0,4.3,1,1,1,3,1,0,2,7,7.0
1,5,7.4,0,62,72,1,2,0,44.3,29.5,3.2,89.0,3.6,0,0,0,0,0,0,2,8,4.2
1,3,8.6,0,72,83,1,3,1,73.4,71.7,6.5,90.0,4.8,1,1,0,0,0,1,0,1,8.9
0,2,7.6,0,61,71,0,1,1,21.6,9.4,3.5,70.0,3.9,0,1,0,0,0,0,1,7,3.5
1,9,6.5,1,63,83,2,1,1,20.4,19.6,0.7,73.9,4.5,0,0,1,0,0,0,0,8,2.1
1,0,8.1,0,79,83,2,3,2,58.3,42.2,6.8,90.0,4.8,1,1,3,2,1,1,0,2,6.0
1,4,8.3,0,76,80,2,3,2,73.9,67.0,5.8,90.0,4.8,1,1,3,2,1,0,1,5,7.3
1,4,8.2,0,66,83,2,1,2,47.6,33.7,3.8,90.0,4.5,1,0,0,0,0,1,1,7,7.0
0,11,7.4,0,63,64,1,1,0,28.1,25.6,1.7,60.0,3.7,0,0,1,1,0,0,2,2,4.2
0,6,7.4,1,56,67,1,2,0,41.5,43.6,4.9,76.8,4.0,0,1,0,0,0,1,2,7,7.2
1,9,8.1,0,73,70,0,3,2,66.3,35.8,7.4,71.3,4.8,1,1,0,1,0,0,1,3,6.5
1,3,7.4,0,62,73,1,1,0,35.4,25.2,2.7,81.0,4.0,0,0,0,0,0,0,1,1,5.4
0,7,7.7,0,58,69,1,2,0,39.0,42.4,2.5,83.8,4.6,0,1,0,0,0,0,0,5,6.1
1,0,7.6,0,78,79,1,3,2,60.3,50.4,7.6,84.0,4.6,1,1,0,0,0,1,0,5,5.7
1,0,7.6,0,55,73,0,1,0,21.4,37.7,2.0,72.0,4.0,0,1,0,0,0,0,0,0,4.1
1,3,7.7,0,55,66,1,1,1,40.5,30.1,3.3,70.0,4.6,0,1,0,0,0,0,2,1,5.1
1,6,8.3,0,84,85,1,2,3,67.0,61.3,5.5,90.0,4.8,1,1,4,0,1,1,0,3,7.8
1,2,7.4,1,57,69,0,1,1,26.4,0.0,3.0,70.0,3.9,0,0,0,0,0,1,2,4,3.5
1,10,8.8,0,77,84,0,2,2,75.2,52.4,8.8,86.5,4.2,1,1,3,2,1,1,1,8,9.3
1,4,7.7,0,63,73,1,1,1,41.9,49.1,0.8,74.0,4.6,0,1,0,0,0,0,1,6,7.2
1,2,7.6,1,82,63,1,2,2,36.7,31.7,3.6,76.0,4.5,1,1,2,2,1,0,2,4,4.7
0,2,6.5,0,69,67,1,1,0,20.0,9.9,2.8,88.0,3.9,0,0,0,0,0,0,2,4,2.0
1,9,7.4,2,55,62,0,0,0,26.5,15.7,2.3,64.8,3.4,0,0,1,0,0,0,0,2,4.8
1,4,8.0,0,83,84,2,3,2,56.8,66.2,6.7,87.0,4.4,1,1,0,0,0,1,2,1,7.2
1,0,6.7,1,62,59,0,1,1,20.0,18.6,1.5,60.0,4.5,0,0,0,0,0,0,0,1,2.0
1,2,8.4,0,75,82,1,3,0,59.1,37.0,8.3,90.0,4.8,1,0,2,3,1,1,2,7,6.9
1,0,6.6,0,55,65,1,2,0,20.0,10.6,0.9,78.0,4.7,0,1,0,0,0,0,0,8,2.0
1,7,8.2,0,72,84,2,3,2,70.3,61.6,6.2,90.0,4.7,1,1,4,2,1,1,1,3,6.6
0,4,8.5,0,66,67,1,2,1,59.9,51.6,3.3,60.0,4.8,0,0,0,0,0,0,2,5,6.7
1,7,8.4,1,74,78,2,3,1,75.4,48.6,6.9,83.1,4.6,1,1,0,1,0,1,2,7,7.8
1,2,6.6,1,63,67,2,1,2,20.0,25.7,1.0,62.0,4.3,0,0,0,0,0,0,2,4,3.3
1,9,6.7,0,57,60,2,1,1,20.0,31.8,2.5,66.2,4.3,0,0,0,0,0,1,1,9,3.7
0,3,8.3,0,81,80,2,3,2,73.2,57.6,4.7,86.0,4.8,1,1,3,2,1,1,2,8,8.9
1,7,8.3,0,72,68,1,3,0,80.7,47.2,5.4,78.9,4.2,1,1,3,3,1,1,1,3,8.4
1,11,6.6,0,60,74,1,0,0,25.6,11.5,2.5,76.4,4.6,1,1,0,1,0,0,0,7,2.9
0,11,8.0,1,83,78,0,2,1,52.6,54.1,3.2,79.2,4.4,0,0,0,0,0,1,0,8,8.5
1,2,6.5,0,82,82,1,2,0,32.5,34.4,2.8,63.0,4.3,0,0,0,0,0,0,0,8,4.1
0,5,7.3,0,55,70,1,3,0,45.0,46.1,7.3,87.0,4.6,1,0,0,0,0,1,0,8,6.4
0,5,7.8,0,77,83,0,3,0,49.0,41.6,5.5,83.0,4.4,1,1,0,0,0,0,1,8,6.6
0,2,8.4,0,71,87,1,3,0,74.8,61.6,6.1,80.0,4.7,1,1,2,3,1,1,0,4,9.1
0,3,7.7,0,59,65,1,3,1,53.2,42.7,6.6,84.0,4.7,1,0,0,0,0,1,1,7,5.6
1,2,7.0,1,55,71,1,2,1,31.7,18.3,5.9,78.0,4.0,0,0,0,0,0,0,0,8,2.3
1,6,7.8,0,55,69,2,2,0,47.7,48.2,2.7,90.0,4.0,0,1,0,1,0,0,1,2,5.1
1,4,6.5,0,57,67,0,1,0,20.0,16.6,1.1,73.0,3.7,0,0,0,0,0,1,1,1,2.0
0,4,6.5,0,56,69,1,1,0,20.0,28.5,2.3,68.0,4.3,1,1,0,0,0,0,1,4,4.1
1,2,8.1,0,88,79,2,2,2,58.6,60.9,4.3,90.0,4.6,0,0,0,0,0,0,1,4,7.6
1,0,8.3,0,79,84,1,1,0,49.9,34.5,3.0,70.0,4.6,1,1,0,0,0,1,2,2,5.5
1,11,8.3,0,64,74,1,1,0,55.0,49.4,3.4,87.5,4.1,0,0,0,0,0,0,2,6,7.7
1,11,6.9,1,60,71,0,1,0,24.2,23.0,1.4,70.2,3.5,0,1,1,0,0,0,1,7,3.8
1,4,7.8,0,61,68,1,1,0,32.9,31.5,2.7,74.0,3.8,0,0,0,0,0,0,2,2,4.6
0,2,6.8,1,62,67,1,1,1,20.0,17.3,1.4,72.0,4.8,0,1,0,0,0,0,1,7,2.5
1,0,7.2,0,61,63,1,2,0,33.4,23.4,5.8,73.0,4.2,0,1,0,0,0,1,2,0,5.3
1,2,8.7,0,84,86,1,3,2,71.6,60.0,7.6,90.0,4.8,1,1,3,2,1,0,0,8,9.5
1,8,7.5,2,58,64,2,2,0,32.8,34.2,2.9,81.3,3.8,1,1,1,1,0,0,0,9,5.8
1,0,8.5,0,84,71,2,2,2,59.6,47.2,3.2,90.0,4.8,1,1,3,1,1,1,0,0,7.4
1,4,7.8,0,71,67,1,2,1,50.5,47.2,6.1,69.0,4.5,1,0,0,0,0,0,2,6,6.8
1,0,7.6,0,59,62,0,1,1,31.5,30.5,1.8,75.0,3.6,0,1,0,0,0,0,0,4,5.5
1,4,7.6,0,58,81,2,1,1,34.1,34.6,2.3,76.0,3.5,0,1,0,0,0,0,0,9,3.2
1,7,7.9,0,84,79,0,3,0,57.0,41.7,7.9,90.0,3.8,1,0,4,1,1,1,1,2,6.4
0,4,6.6,2,56,64,0,1,0,20.0,26.1,2.5,71.0,4.3,0,1,0,0,0,0,2,1,2.4
1,3,7.2,0,55,67,0,1,0,20.0,22.8,1.3,66.0,3.3,0,0,0,0,0,0,1,8,5.0
1,6,8.5,0,80,83,2,2,0,77.1,53.8,7.0,86.3,4.3,1,1,3,2,1,1,2,2,8.8
1,0,8.6,0,74,81,2,1,2,63.0,53.3,5.4,69.0,3.8,1,1,4,1,1,0,0,4,8.4
0,7,8.6,0,56,77,0,3,2,58.6,64.8,5.0,87.6,4.6,0,1,3,2,1,1,2,2,7.9
1,2,6.6,0,56,58,1,1,1,20.0,23.2,0.9,60.0,3.9,0,1,0,0,0,0,0,1,4.0
1,11,8.6,0,78,88,0,3,1,67.3,50.5,6.0,89.2,4.8,1,1,4,1,1,1,1,2,8.6
0,4,7.6,0,70,75,0,3,0,44.1,42.0,8.0,85.0,4.7,1,1,1,3,1,1,1,7,5.6
1,10,6.9,0,64,58,2,1,1,28.2,20.0,3.2,88.6,4.4,0,1,1,0,0,1,0,0,2.4
0,11,7.3,1,55,66,1,3,0,52.8,42.2,5.4,77.4,4.5,1,1,0,0,0,1,1,8,4.6
1,1,6.5,1,65,68,1,1,0,20.0,19.2,2.4,67.0,3.1,0,0,0,0,0,1,1,8,2.5
1,4,6.6,1,63,69,1,1,1,20.0,18.7,2.3,75.0,3.9,1,1,0,0,0,0,0,5,3.2
0,2,6.5,1,55,57,1,1,1,20.0,8.4,1.5,73.0,4.2,0,0,0,0,0,0,0,5,2.9
0,5,6.6,0,63,63,0,1,0,20.0,18.3,0.8,74.0,3.9,0,1,0,0,0,0,0,9,3.3
1,2,8.2,0,82,82,1,1,0,47.7,46.5,2.1,76.0,4.8,0,1,3,2,1,0,0,1,6.8
1,0,8.4,0,76,79,1,3,3,65.6,38.8,7.2,75.0,4.7,1,1,0,0,0,0,2,4,7.9
0,8,7.4,0,63,62,1,1,0,44.3,30.1,2.3,75.5,3.4,0,0,0,1,0,0,1,8,5.0
0,3,7.7,0,57,70,1,2,0,40.7,25.4,4.6,71.0,4.0,1,1,0,0,0,0,0,0,5.5
0,2,6.5,0,58,63,1,1,1,20.0,19.3,1.4,68.0,4.6,0,0,0,0,0,0,0,6,2.7
1,7,9.0,1,79,85,1,3,3,86.6,64.3,6.2,89.6,4.8,1,1,2,1,1,1,2,4,9.3
1,4,7.6,0,55,63,0,1,1,32.2,35.6,2.3,77.0,4.3,0,1,0,0,0,0,2,4,6.5
1,4,7.6,2,55,82,1,2,2,44.2,31.3,4.5,87.0,3.9,0,0,3,2,1,0,2,4,4.4
0,9,7.5,1,76,68,1,2,0,39.6,35.2,3.4,71.9,4.4,0,1,2,1,1,0,0,8,4.8
1,4,7.7,0,60,67,1,1,1,36.7,34.5,1.0,75.0,4.0,0,1,0,0,0,0,1,1,5.3
0,0,8.4,0,73,85,1,3,2,60.2,51.7,4.0,90.0,4.3,1,1,2,2,1,0,0,9,6.9
1,10,6.7,0,55,67,0,1,0,22.5,11.2,2.7,60.1,4.1,0,0,0,0,0,0,2,2,2.1
1,2,6.5,1,57,78,1,2,0,20.0,9.4,3.4,78.0,4.0,1,1,0,0,0,0,1,8,2.0
1,2,8.4,0,55,87,1,3,0,63.6,43.0,3.9,81.0,4.7,0,1,0,0,0,1,1,7,7.4
1,9,6.6,0,55,66,1,1,0,20.0,24.0,2.0,89.7,3.9,0,1,1,0,0,1,0,7,3.5
0,0,7.4,1,56,68,1,2,1,36.4,40.1,4.2,75.0,4.0,0,1,0,0,0,0,2,0,5.7
1,5,7.6,0,73,85,1,2,0,48.4,46.1,4.6,65.0,4.8,1,1,0,0,0,1,0,8,7.1
1,9,8.0,0,72,81,1,3,0,65.1,46.6,8.6,89.5,4.8,1,0,2,1,1,0,2,8,5.8
1,6,7.7,2,72,75,2,3,0,71.9,58.3,7.5,72.9,3.8,0,0,1,0,0,1,0,5,9.2
1,3,8.3,0,81,84,2,2,3,58.9,44.3,5.8,87.0,4.8,1,1,0,0,0,0,2,8,5.5
1,6,8.0,1,58,65,2,1,1,52.7,36.6,2.3,78.2,4.5,0,1,0,1,0,1,0,1,6.5
1,0,7.4,0,70,72,1,1,0,35.9,35.0,3.4,85.0,4.7,1,1,0,0,0,0,1,0,5.5
1,0,8.3,1,69,80,0,3,1,55.3,58.1,7.4,88.0,4.7,1,1,0,0,0,1,2,1,7.4
0,3,7.7,0,60,63,1,1,1,31.8,22.0,3.3,86.0,4.3,0,1,0,0,0,1,1,9,3.6
0,4,7.1,0,73,85,1,2,0,41.9,29.1,4.6,76.0,4.1,0,1,0,0,0,1,0,1,3.9
1,1,8.1,0,82,86,0,3,2,56.3,56.5,5.5,90.0,4.7,1,1,1,3,1,1,1,8,8.6
1,6,8.3,0,68,87,1,3,3,61.1,45.7,6.9,86.5,4.6,1,1,2,2,1,0,1,3,7.7
0,7,8.0,1,73,70,0,2,1,63.9,44.3,5.4,75.2,4.5,1,1,1,2,1,0,1,6,7.4
1,1,8.2,0,77,88,2,3,2,71.3,56.9,6.4,90.0,4.6,1,1,3,1,1,1,0,8,7.2
1,3,7.5,1,84,88,2,3,2,49.0,33.6,7.6,90.0,4.8,1,1,2,2,1,1,0,4,6.2
1,3,8.1,0,72,67,1,3,2,64.4,59.2,5.8,82.0,4.2,1,1,0,0,0,1,1,8,9.5
0,4,7.7,0,73,62,1,2,0,42.5,36.4,6.0,80.0,4.1,1,1,0,0,0,0,0,0,4.8
0,4,8.3,0,73,77,2,3,0,67.4,75.0,5.8,90.0,4.7,1,1,3,2,1,1,0,5,7.5
0,4,8.2,0,66,65,1,3,0,60.9,57.9,6.0,65.0,4.1,1,0,0,0,0,1,2,1,8.4
1,9,8.4,0,74,87,2,2,1,69.7,61.1,6.6,89.9,4.8,1,1,2,3,1,1,0,7,7.8
0,7,8.2,1,64,71,0,3,0,73.8,44.8,8.5,88.4,4.5,1,1,1,3,1,0,2,7,7.1
0,0,8.3,0,81,84,2,3,1,70.1,46.9,5.7,86.0,4.7,0,0,0,0,0,1,2,2,9.0
1,7,6.6,0,59,74,1,3,0,22.9,31.4,3.3,82.5,3.5,0,0,0,1,0,0,1,8,3.3
1,0,7.9,0,76,81,1,3,1,52.7,54.8,6.2,82.0,4.3,1,1,2,2,1,1,2,0,6.0
0,4,8.5,0,79,86,2,3,3,76.0,62.3,7.6,90.0,4.7,1,1,2,2,1,1,1,3,9.2
1,2,8.2,0,58,67,1,2,1,53.1,37.4,4.1,74.0,3.8,0,0,0,0,0,1,1,8,6.6
1,2,8.4,0,62,64,0,3,2,58.4,41.2,5.3,83.0,4.0,1,0,3,2,1,0,1,4,7.6
0,11,7.5,1,82,81,1,2,1,43.5,41.2,8.2,90.0,4.8,1,1,4,3,1,1,1,2,6.8
1,5,7.1,0,72,71,2,1,3,40.2,22.5,3.9,71.0,4.8,1,0,0,0,0,0,0,8,5.0
1,5,7.7,0,55,72,1,1,0,29.3,27.3,1.4,65.0,3.9,0,0,0,0,0,0,1,7,4.6
1,0,6.5,0,55,73,1,2,0,22.7,26.2,4.9,83.0,4.6,0,1,0,0,0,0,0,2,2.9
1,0,8.2,0,80,85,2,3,2,62.7,55.2,6.0,90.0,4.8,1,1,2,2,1,1,1,6,6.4
1,0,8.0,0,55,71,0,1,1,33.8,34.5,1.8,87.0,3.8,0,1,0,0,0,0,1,0,5.1
0,5,8.2,0,87,88,2,3,2,64.9,53.3,6.5,90.0,4.8,1,1,2,2,1,1,0,8,8.5
0,10,8.4,0,87,85,2,2,3,65.3,55.8,6.8,86.7,4.6,1,0,1,2,1,1,1,7,6.8
0,6,7.6,0,56,66,0,1,0,48.9,36.8,4.3,63.3,3.8,0,1,0,0,0,0,2,1,7.7
1,0,8.1,0,55,67,1,1,0,45.6,33.9,3.4,62.0,3.0,0,0,0,0,0,0,0,8,5.5
0,0,6.6,0,55,66,0,2,1,26.7,30.5,3.0,74.0,4.6,0,1,0,0,0,0,0,8,2.6
1,0,8.2,0,79,84,2,3,2,74.0,54.9,5.0,88.0,4.5,1,0,2,2,1,1,1,3,7.8
0,0,7.4,0,68,88,1,3,2,48.0,39.2,4.4,83.0,4.8,0,1,2,2,1,0,2,7,4.3
0,9,8.3,0,74,83,0,3,2,62.0,42.7,5.6,89.9,4.5,1,1,2,3,1,1,2,1,6.2
1,0,8.5,0,55,80,2,2,1,65.7,68.7,5.3,83.0,4.3,1,0,0,0,0,0,1,5,8.8
0,11,7.3,0,67,74,1,3,0,38.0,50.4,4.5,76.2,4.7,0,1,1,0,0,1,2,7,3.7
0,3,8.3,0,87,88,2,3,2,74.6,55.1,6.8,88.0,4.8,1,1,3,2,1,1,1,8,8.5
1,3,8.3,0,73,87,2,3,2,70.2,70.2,5.9,90.0,4.8,1,1,3,1,1,1,2,9,8.9
1,7,8.3,1,80,82,2,3,1,65.0,60.3,5.8,90.0,4.7,1,1,2,1,1,1,1,0,8.3
1,0,8.4,0,84,88,2,3,2,77.8,58.6,6.9,90.0,4.8,1,1,1,3,1,1,2,2,8.7
1,8,6.7,1,61,68,0,0,0,20.0,35.4,0.4,83.2,4.4,0,0,0,0,0,0,1,8,6.1
1,2,7.2,0,58,69,0,1,0,20.0,13.9,1.4,70.0,3.5,0,0,0,0,0,0,0,6,3.2
1,0,7.5,0,55,64,1,1,2,35.3,23.7,1.6,75.0,3.5,1,1,0,0,0,0,0,4,4.5
1,7,7.6,0,57,68,1,2,0,34.8,12.6,2.3,75.0,4.4,0,1,0,0,0,0,0,0,5.8
1,3,7.4,0,55,70,1,1,0,25.8,37.3,4.4,69.0,3.6,0,1,0,0,0,1,1,7,4.9
1,0,7.7,0,55,63,1,1,0,41.5,29.6,1.0,72.0,4.2,0,0,0,0,0,1,2,0,5.0
1,8,7.5,0,76,69,0,1,2,20.0,24.5,1.4,89.8,4.5,1,1,1,2,1,0,2,8,2.4
1,6,8.3,0,82,80,1,3,2,76.2,78.0,7.2,90.0,4.8,1,1,4,1,1,1,2,1,9.1
0,5,6.8,0,55,63,2,1,0,23.4,33.3,2.2,65.0,4.6,1,1,0,0,0,0,1,9,2.5
1,0,8.5,0,72,77,2,3,1,70.2,57.1,7.6,90.0,4.7,1,1,4,1,1,0,2,3,7.3
0,2,8.3,0,80,84,1,3,2,64.1,43.7,7.3,90.0,4.3,1,1,1,3,1,1,2,8,6.1
1,8,7.5,0,61,64,1,1,0,33.7,42.4,2.3,84.2,3.8,0,0,3,2,1,0,1,5,5.2
1,2,6.5,0,67,73,1,1,1,20.0,22.8,2.2,78.0,3.9,0,1,1,3,1,0,1,1,2.3
1,2,7.4,0,63,71,0,1,3,29.8,33.6,2.6,66.0,3.3,0,1,0,0,0,0,1,1,4.3
1,4,8.5,0,78,88,1,3,2,73.8,75.6,5.9,90.0,4.8,1,1,3,2,1,1,0,7,9.5
0,5,8.1,1,81,80,2,3,2,65.8,60.7,5.9,90.0,4.4,1,0,0,0,0,1,0,3,7.8
1,3,8.5,1,55,81,2,2,2,64.8,42.5,6.0,82.0,4.5,1,1,0,0,0,1,1,4,8.7
0,0,7.9,0,87,83,1,3,0,65.7,54.1,6.2,82.0,4.6,1,1,0,0,0,1,0,6,8.8
1,6,8.5,1,75,81,2,3,1,87.1,65.7,7.3,87.8,4.5,1,1,4,0,1,1,1,2,10.1
1,0,7.6,0,59,68,1,2,0,47.7,44.6,2.0,82.0,4.0,0,0,0,0,0,0,2,4,5.6
1,11,6.9,1,77,63,1,2,0,31.7,29.6,5.0,79.3,4.2,1,1,0,1,0,1,1,8,4.3
1,5,7.6,0,55,70,1,1,1,40.1,51.6,1.7,75.0,4.1,0,0,0,0,0,0,2,8,6.6
1,4,6.7,0,56,62,1,1,1,20.0,19.1,3.3,67.0,3.4,0,0,0,0,0,1,0,5,2.0
1,1,7.6,0,58,65,1,1,2,44.8,33.6,1.5,69.0,4.0,0,1,0,0,0,0,2,1,6.0
1,0,6.5,1,55,66,1,1,1,20.0,17.9,2.6,64.0,4.0,0,1,0,0,0,0,2,2,2.2
1,1,7.8,1,82,82,1,3,0,44.4,35.1,7.2,75.0,4.2,1,1,4,1,1,0,2,3,5.2
1,3,7.6,0,55,64,0,1,1,35.7,16.3,3.4,62.0,4.1,0,0,0,0,0,0,1,6,3.4
1,0,8.5,0,79,86,2,3,2,68.6,62.2,7.3,90.0,4.8,1,1,1,3,1,1,1,4,7.8
1,10,6.8,2,83,68,1,0,3,24.2,36.1,2.1,89.4,4.8,1,0,0,0,0,0,1,4,4.2
1,4,8.3,0,55,88,1,2,2,57.5,44.8,5.8,83.0,4.2,1,1,2,3,1,0,1,0,6.6
1,1,6.7,0,62,64,1,1,0,20.0,19.2,2.8,80.0,3.8,0,1,0,0,0,0,2,8,3.8
1,7,7.9,0,76,72,2,1,3,49.0,49.6,2.1,81.8,4.4,1,1,4,2,1,1,0,4,5.5
1,3,7.6,0,55,61,1,1,1,39.8,25.5,3.5,73.0,4.5,0,0,0,0,0,1,0,8,4.6
0,0,8.4,0,71,74,0,1,3,52.6,44.1,3.7,83.0,4.3,1,1,0,0,0,1,2,9,6.0
0,0,8.3,0,77,71,0,3,1,57.3,38.1,6.5,71.0,3.4,1,1,0,0,0,1,0,0,5.9
1,5,8.6,0,76,85,2,3,2,79.7,69.9,6.3,88.0,4.8,1,1,2,2,1,1,2,8,7.5
1,10,7.0,2,55,62,1,1,0,20.4,5.1,2.1,75.3,4.1,0,0,0,0,0,0,0,8,3.3
1,10,6.7,1,58,71,0,2,0,20.0,22.4,3.3,79.5,4.2,0,0,0,0,0,0,1,8,3.0
1,3,8.2,0,73,87,1,2,2,51.9,42.9,4.6,71.0,4.4,1,1,2,2,1,0,1,7,7.0
0,0,6.5,0,59,64,1,3,1,28.5,19.5,7.4,75.0,4.5,1,1,0,0,0,1,1,1,3.2
0,3,7.5,0,70,64,1,2,1,36.7,25.2,4.4,64.0,4.2,0,1,0,0,0,0,2,1,4.4
1,3,8.3,0,55,86,2,3,0,67.1,60.9,6.5,84.0,3.9,1,1,2,3,1,1,2,8,7.1
1,1,7.1,0,57,70,0,2,0,22.2,35.7,3.0,80.0,3.8,0,1,0,0,0,0,0,1,4.9
1,2,7.4,0,55,68,1,2,1,35.9,35.8,3.0,69.0,4.6,0,1,0,0,0,1,1,2,5.1
1,11,6.5,0,67,80,1,2,2,22.8,23.8,1.1,84.0,4.0,1,1,1,3,1,0,2,8,2.2
1,2,7.8,0,55,67,1,2,2,40.1,37.8,5.2,76.0,4.4,0,1,0,0,0,1,0,2,5.2
1,7,7.5,0,69,64,1,1,0,36.6,19.9,2.3,73.1,4.3,0,1,0,0,0,0,0,7,4.9
1,5,7.8,0,60,63,0,3,2,50.2,39.9,6.2,82.0,4.5,0,1,3,2,1,1,1,8,6.4
0,0,8.8,0,81,79,2,3,2,88.5,77.0,5.9,90.0,4.7,1,1,3,2,1,1,2,0,10.0
0,9,8.2,0,60,83,2,3,0,66.1,51.7,4.4,77.7,4.1,0,1,2,3,1,1,1,8,8.2
0,2,8.8,0,83,82,0,3,2,66.2,44.3,6.8,77.0,4.5,1,1,3,2,1,1,0,9,8.9
0,1,7.5,0,65,82,2,3,2,62.1,49.1,6.5,90.0,4.7,1,1,0,0,0,1,2,9,7.3
1,6,8.4,1,74,83,1,2,3,73.5,65.1,5.8,78.5,4.5,1,1,0,0,0,1,2,1,10.8
0,11,8.0,1,81,88,1,2,2,69.6,57.0,7.9,89.8,4.6,1,1,3,0,1,1,1,0,7.7
1,0,7.9,0,73,82,1,1,0,38.0,36.5,1.8,90.0,4.5,1,1,1,3,1,0,2,9,5.4
1,4,8.3,0,73,79,0,3,2,58.1,54.6,7.0,82.0,4.8,1,1,4,1,1,1,2,5,7.7
0,1,6.5,0,59,64,1,2,0,21.6,25.2,3.0,66.0,4.2,0,1,0,0,0,0,1,8,2.4
1,11,6.5,0,81,85,2,2,1,29.4,37.3,3.5,76.2,4.8,0,1,0,0,0,0,2,4,4.1
0,6,7.4,0,64,63,1,1,1,41.4,37.5,2.9,62.6,4.2,1,0,0,0,0,0,1,5,6.4
1,0,8.6,0,78,79,2,3,2,67.7,45.7,4.7,90.0,4.3,1,0,4,1,1,0,1,4,8.3
0,8,6.5,2,72,87,2,1,1,20.0,16.5,1.6,83.2,4.4,1,1,0,2,1,0,2,6,2.0
1,5,7.3,0,70,88,2,3,2,44.1,40.1,5.6,78.0,4.7,0,1,0,0,0,0,1,8,5.3
1,8,7.9,0,69,66,2,1,1,36.9,40.2,2.1,83.4,3.8,0,1,0,0,0,0,1,2,6.6
1,1,7.4,0,55,66,1,2,1,35.7,19.3,4.0,75.0,4.6,0,1,0,0,0,0,1,1,5.6
1,3,7.9,0,80,81,1,1,0,29.3,27.8,2.0,85.0,4.5,1,1,2,2,1,0,2,8,5.3
1,2,7.6,0,57,67,1,1,1,33.9,35.2,3.9,72.0,4.2,1,1,0,0,0,1,0,1,5.1
1,6,7.6,1,55,62,2,2,1,45.7,41.6,3.9,84.9,4.8,1,1,1,0,0,0,2,4,7.0
1,3,7.7,1,58,66,0,1,1,25.8,24.9,2.6,76.0,3.9,0,0,0,0,0,0,0,7,3.4
1,7,7.4,1,79,88,1,3,2,45.7,28.9,5.4,79.8,3.7,1,1,0,0,0,1,1,8,6.4
0,3,8.5,0,77,81,1,2,0,66.7,62.1,5.2,84.0,4.5,1,1,0,0,0,0,2,7,8.9
1,1,8.5,0,80,88,0,3,2,65.0,44.0,7.3,85.0,4.8,1,1,3,1,1,1,2,8,8.2
0,11,7.7,1,82,64,0,0,1,48.6,46.9,2.1,73.1,4.3,1,1,0,0,0,0,2,8,6.4
1,5,6.5,0,55,74,1,1,0,20.0,19.5,2.5,67.0,4.6,0,1,0,0,0,0,1,8,3.1
1,5,8.5,0,73,83,1,0,2,44.3,38.4,2.7,77.0,4.6,1,1,2,2,1,1,1,8,6.9
1,3,6.6,0,58,70,1,2,0,26.0,12.0,2.8,83.0,4.0,0,1,0,0,0,0,1,7,2.5
1,3,7.7,0,72,71,1,1,1,35.1,34.4,3.7,84.0,4.4,1,1,0,0,0,0,1,8,6.7
0,6,7.7,0,57,59,0,0,0,43.6,26.7,2.1,87.7,3.9,0,0,4,1,1,1,1,1,4.1
1,4,6.6,2,72,65,0,2,0,20.0,14.5,6.1,73.0,4.8,1,1,0,0,0,0,1,1,2.9
1,7,8.9,0,76,83,2,2,2,83.2,72.8,6.7,90.0,4.8,1,1,4,1,1,1,1,1,8.4
1,4,8.1,1,73,71,1,2,2,52.5,48.2,5.6,77.0,3.3,1,1,0,0,0,0,1,6,7.3
0,4,7.5,0,73,79,2,1,0,35.6,34.7,2.6,70.0,4.6,1,0,0,0,0,1,1,0,4.1
0,10,7.5,2,68,73,2,3,1,37.7,47.9,4.7,76.0,4.7,0,1,1,0,0,1,1,8,5.5
1,9,6.5,0,58,76,1,0,1,20.0,17.7,1.0,83.9,4.2,0,0,1,0,0,0,0,8,2.5
1,4,7.6,0,57,75,1,1,1,29.6,37.0,0.8,71.0,4.2,0,0,0,0,0,0,1,0,5.0
0,6,6.5,0,80,67,0,2,0,22.6,34.3,1.3,85.4,4.1,0,1,4,0,1,0,0,7,2.8
0,3,6.7,0,60,84,0,3,1,25.7,31.3,4.8,88.0,4.1,1,0,0,0,0,0,2,1,2.6
0,7,7.6,0,65,69,0,2,2,27.1,29.0,1.7,75.4,3.9,0,0,0,0,0,0,0,2,5.0
1,6,8.0,0,78,87,0,3,1,57.8,52.3,6.9,88.1,4.4,1,1,0,0,0,1,2,2,7.0
0,1,8.0,0,72,84,2,3,2,60.6,52.1,5.7,90.0,4.3,1,1,2,3,1,0,1,8,7.7
0,8,8.1,0,70,65,1,1,2,47.9,42.9,3.5,68.4,3.9,0,1,2,2,1,0,2,2,6.9
1,8,8.1,0,55,65,2,3,0,50.2,27.8,4.1,74.5,3.8,0,0,0,0,0,1,2,2,6.7
1,1,6.7,1,66,62,2,2,0,23.9,27.3,3.7,65.0,4.7,0,0,0,0,0,0,2,8,3.5
1,6,7.2,1,61,62,2,2,0,27.5,35.7,3.3,78.7,4.4,1,1,2,1,1,0,2,5,4.7
0,0,8.6,0,69,81,2,3,2,79.3,65.1,7.4,87.0,4.8,1,1,3,2,1,1,2,0,9.8
0,4,7.6,0,57,70,2,1,2,38.4,37.0,3.8,79.0,4.4,0,1,0,0,0,0,0,8,5.7
1,6,7.9,0,87,79,2,3,2,69.1,49.9,8.5,90.0,4.8,1,1,3,1,1,1,1,1,7.9
1,0,7.1,0,74,87,0,3,2,33.5,26.2,8.1,90.0,4.8,1,1,2,3,1,0,1,4,3.5
0,6,8.4,0,75,88,1,3,2,80.5,72.2,8.6,90.0,4.8,1,1,2,3,1,1,2,1,8.5
1,8,7.4,0,55,72,2,1,0,33.7,33.8,2.6,72.6,3.6,0,0,0,0,0,0,2,8,5.5
1,4,7.4,0,62,68,1,1,0,26.4,21.7,2.3,85.0,3.9,0,1,0,0,0,0,1,1,4.8
1,6,7.6,0,60,62,1,0,0,40.3,39.4,2.1,78.5,4.5,0,1,0,0,0,0,1,7,5.0
1,6,8.4,1,55,84,0,3,0,77.1,50.0,5.5,77.9,4.0,1,1,3,1,1,0,1,9,7.9
0,4,6.7,0,66,58,1,2,2,34.4,27.9,2.3,82.0,3.2,0,0,3,2,1,1,2,0,4.0
0,7,8.2,0,87,86,2,3,2,77.7,65.6,4.8,90.0,4.8,1,1,4,3,1,1,1,8,8.8
0,0,8.4,0,73,71,2,3,2,72.1,59.3,5.9,84.0,4.8,0,1,2,3,1,1,1,3,7.8
1,0,8.5,0,76,86,2,3,2,75.8,65.2,7.3,90.0,4.8,1,1,4,1,1,1,2,0,7.8
1,7,8.1,0,66,67,1,1,1,46.8,39.8,2.2,75.0,3.4,1,0,1,0,0,0,0,6,7.2
1,6,8.5,0,85,88,2,3,2,77.5,60.1,10.0,90.0,4.8,1,1,2,1,1,1,2,2,8.9
1,4,8.6,0,86,86,2,3,2,74.3,50.4,8.0,89.0,4.8,1,1,4,1,1,0,2,1,7.0
1,4,6.6,0,71,84,0,2,1,20.0,4.5,3.8,79.0,4.2,1,1,0,0,0,0,1,2,2.0
1,5,6.8,0,55,67,1,2,2,23.2,24.2,4.8,84.0,4.1,1,1,2,3,1,0,1,4,2.3
1,4,8.5,0,61,86,1,3,2,73.5,67.7,6.7,90.0,4.8,1,1,4,1,1,1,0,6,8.8
1,6,8.1,0,56,61,1,1,1,47.2,43.5,2.0,70.6,3.8,0,0,0,0,0,0,1,2,7.5
1,11,8.7,0,56,84,2,2,2,79.4,74.2,7.7,86.8,4.8,1,1,3,2,1,1,2,8,10.9
1,4,6.7,0,72,64,1,2,2,25.9,23.1,5.1,78.0,4.4,1,1,0,0,0,0,0,0,2.7
0,5,7.5,0,56,71,0,2,0,33.4,39.4,3.1,72.0,4.3,0,0,0,0,0,0,0,8,6.2
0,2,7.5,0,55,68,1,2,0,36.3,12.3,4.5,64.0,3.4,0,1,0,0,0,0,1,0,6.4
0,6,8.2,1,56,80,0,1,0,52.5,46.4,4.1,80.2,3.8,0,1,1,0,0,0,1,5,7.1
0,0,7.7,2,73,83,2,3,0,59.2,59.8,6.9,80.0,4.8,1,1,3,2,1,1,1,7,5.5
1,6,7.3,0,56,70,2,2,0,31.1,17.7,1.5,71.5,3.7,0,1,0,0,0,1,1,1,4.4
1,2,7.2,0,55,64,1,2,0,45.0,47.7,3.8,79.0,4.1,0,1,0,0,0,1,1,1,6.3
0,3,8.6,0,81,88,2,3,2,74.8,59.7,7.6,87.0,4.8,1,1,2,2,1,0,2,7,9.4
0,11,6.8,1,55,70,1,1,0,27.3,17.0,5.0,64.5,4.8,0,1,0,0,0,0,1,7,3.4
0,4,8.2,0,78,87,0,2,1,55.4,40.0,3.5,82.0,4.5,1,1,2,2,1,1,1,0,7.4
1,2,7.6,0,64,68,1,2,1,45.7,46.3,5.2,86.0,4.4,1,1,1,3,1,1,1,2,5.9
1,9,6.8,0,55,57,1,2,1,32.0,36.0,5.5,70.0,4.7,1,1,0,0,0,0,0,8,3.7
1,2,8.1,0,82,69,1,3,0,59.5,53.8,7.0,69.0,3.9,0,0,0,0,0,0,1,4,6.9
0,6,6.5,0,56,66,1,0,1,23.6,11.7,2.1,73.7,3.5,0,0,0,0,0,0,2,7,2.9
1,5,7.7,0,82,81,2,3,3,56.9,48.9,5.1,82.0,4.5,1,1,3,2,1,1,2,8,7.4
1,2,8.4,0,74,82,0,1,2,44.4,38.3,4.0,88.0,4.8,1,1,3,2,1,1,0,2,6.8
1,10,8.2,0,85,83,2,3,2,67.7,52.9,5.5,88.7,4.8,1,0,1,2,1,1,1,8,7.8
1,4,6.5,0,60,66,1,2,1,20.0,19.7,4.4,62.0,4.4,0,1,0,0,0,0,1,7,3.4
1,7,8.3,0,61,71,0,3,2,62.0,45.5,6.6,81.1,4.8,1,0,3,1,1,1,0,4,7.3
1,0,7.6,0,76,71,0,3,2,41.9,33.7,4.8,83.0,4.8,0,1,3,2,1,0,2,5,5.4
1,11,7.5,0,68,69,2,1,0,34.6,30.2,2.7,76.0,4.4,0,0,0,0,0,0,0,1,6.8
1,8,8.3,0,55,73,0,2,0,35.1,23.1,2.2,82.3,4.1,1,1,3,1,1,0,2,0,5.2
1,2,6.6,1,66,67,0,2,2,20.0,34.3,4.1,84.0,3.8,0,0,0,0,0,0,1,0,4.7
1,0,7.6,0,55,66,1,1,1,31.0,35.8,3.0,84.0,4.1,0,0,0,0,0,0,0,0,4.3
0,6,7.5,0,72,67,2,1,1,42.9,40.1,4.4,90.0,4.0,1,1,0,0,0,0,2,0,5.0
0,0,7.5,0,70,84,1,2,2,42.5,45.3,4.4,89.0,4.8,1,1,2,3,1,0,0,9,4.5
1,10,7.5,0,78,79,1,1,0,32.2,35.3,5.4,73.5,4.1,1,1,1,0,0,1,2,8,3.7
1,2,6.9,0,73,62,1,1,0,20.0,22.3,4.8,78.0,3.9,1,1,0,0,0,0,2,1,2.9
0,5,8.5,0,55,74,1,2,2,53.9,53.8,7.0,82.0,4.0,1,0,3,2,1,0,1,2,7.4
1,9,7.2,0,55,67,2,0,1,39.0,38.7,1.2,66.0,4.3,0,1,0,1,0,0,0,8,5.2
1,8,6.9,0,62,62,1,1,1,20.0,11.7,5.1,69.1,4.0,0,1,0,0,0,0,1,7,3.1
1,0,8.3,0,69,84,1,2,3,54.9,49.8,4.0,82.0,3.7,0,1,0,0,0,1,1,0,6.1
0,2,8.4,0,67,84,1,1,1,51.6,45.9,3.5,70.0,4.8,1,0,0,0,0,1,1,8,7.2
0,7,8.2,0,70,83,2,1,3,60.5,58.0,4.4,90.0,4.8,1,1,3,2,1,0,1,2,6.4
1,6,7.4,0,61,66,0,2,0,33.4,33.1,3.1,88.9,3.5,0,1,0,1,0,0,1,1,5.7
1,0,8.4,0,74,83,1,3,0,70.0,48.2,8.3,90.0,4.7,1,1,3,2,1,1,2,0,7.9
0,7,8.3,0,58,84,2,3,1,71.9,59.4,4.8,81.7,4.5,1,0,1,0,0,1,2,0,9.6
1,7,7.5,0,56,65,2,1,1,38.0,22.9,2.2,63.5,3.6,0,1,1,1,0,1,1,0,5.2
1,1,7.8,0,74,82,2,3,0,60.4,53.2,6.8,78.0,4.8,1,0,2,2,1,1,1,8,7.1
1,3,6.5,1,67,71,1,1,0,20.0,19.1,3.8,77.0,3.9,1,0,0,0,0,0,1,7,2.6
0,6,8.0,1,86,86,2,3,2,66.6,43.0,6.0,87.4,3.8,1,1,3,1,1,1,1,1,6.4
1,2,8.0,0,73,82,0,3,2,41.7,20.9,8.0,82.0,4.8,1,0,4,1,1,0,2,6,5.1
1,4,8.8,0,55,66,0,3,0,66.0,44.9,7.4,68.0,4.1,1,1,0,0,0,1,2,1,7.8
1,5,7.2,0,77,81,2,3,2,43.4,30.1,5.3,84.0,4.0,0,0,2,2,1,0,2,1,4.3
1,0,9.0,0,73,86,2,3,2,82.3,62.9,7.2,90.0,4.8,1,1,4,1,1,1,1,2,8.4
0,2,8.3,0,73,74,2,3,2,71.8,67.9,6.4,90.0,4.7,1,1,1,3,1,1,2,8,9.7
1,0,8.4,0,78,85,1,3,3,68.4,62.9,6.2,90.0,4.8,1,1,3,2,1,1,2,0,8.9
1,0,8.2,0,77,82,2,3,2,64.1,47.9,7.5,90.0,4.8,1,1,4,1,1,1,0,4,6.6
1,10,8.3,1,67,85,1,3,0,68.5,45.6,7.7,77.7,4.4,1,1,1,1,0,1,0,2,8.2
1,9,7.4,1,56,60,1,1,1,32.9,33.2,2.5,60.0,4.6,0,1,0,0,0,1,0,8,4.6
0,8,6.6,0,69,64,0,1,0,20.0,21.3,2.2,69.4,4.5,1,1,0,0,0,0,1,6,4.0
1,4,6.5,0,79,65,1,2,0,20.9,21.6,3.6,84.0,4.2,0,0,0,0,0,0,1,0,2.2
0,4,7.5,0,62,63,1,1,0,34.2,31.4,2.2,64.0,3.8,1,0,0,0,0,0,0,0,4.0
1,0,7.6,0,55,68,1,1,0,36.7,34.6,0.9,88.0,3.9,0,1,0,0,0,1,1,1,4.5
1,0,7.6,2,64,76,1,1,1,39.0,34.6,2.6,73.0,3.9,0,1,0,0,0,0,2,0,5.6
0,2,8.4,0,69,88,2,3,2,71.8,64.9,6.0,90.0,4.8,1,1,3,2,1,1,2,1,8.5
0,11,7.5,0,59,68,1,1,1,33.9,38.2,1.0,63.9,4.2,0,0,0,0,0,1,2,5,6.3
0,4,8.1,0,85,68,1,2,0,45.2,27.7,5.3,79.0,4.1,1,1,2,2,1,1,2,7,5.6
1,0,8.5,0,66,86,2,1,1,74.3,50.0,1.8,78.0,4.4,1,1,3,2,1,1,1,9,9.5
1,5,8.4,0,69,83,2,3,2,65.3,43.7,8.3,90.0,4.8,1,1,1,3,1,0,2,8,7.2
1,5,6.6,2,67,64,1,1,0,20.0,29.6,1.4,71.0,4.1,0,1,0,0,0,0,1,8,2.0
1,2,7.5,0,55,71,1,1,1,30.3,18.3,3.6,61.0,4.4,0,1,0,0,0,1,2,4,2.6
1,6,7.4,0,70,73,2,1,0,39.6,39.7,3.8,87.1,4.7,1,1,0,1,0,1,2,2,4.5
1,6,7.6,1,70,82,2,2,1,43.7,42.6,4.7,79.6,4.3,1,1,2,3,1,1,2,7,5.2
1,8,6.5,0,60,68,0,3,1,20.0,26.1,3.5,74.9,3.5,0,1,0,0,0,0,1,7,4.0
1,8,7.2,0,56,67,1,1,0,20.0,15.2,1.4,71.2,4.6,0,0,0,0,0,0,1,8,3.2
1,4,7.6,0,68,63,1,1,0,31.9,39.4,2.4,83.0,4.1,0,0,0,0,0,0,1,4,5.7
1,3,7.4,0,81,73,0,1,0,24.2,10.8,2.0,68.0,4.1,0,1,0,0,0,0,0,9,3.5
1,0,8.9,0,79,87,2,3,2,85.5,61.1,6.9,86.0,4.8,1,1,4,1,1,1,0,1,9.8
1,2,8.3,0,82,83,2,3,1,63.8,62.9,5.8,90.0,4.2,1,1,3,1,1,0,1,9,5.9
0,9,7.0,1,62,57,1,2,1,20.0,25.2,2.8,73.1,4.3,1,1,0,0,0,0,0,8,4.6
1,2,7.8,2,70,60,1,2,0,47.9,43.6,4.6,82.0,4.0,0,1,0,0,0,1,2,0,5.2
1,0,6.5,0,55,61,1,1,1,22.2,13.7,2.2,66.0,3.7,0,1,0,0,0,0,1,2,4.3
0,0,8.1,0,77,66,1,1,0,40.4,33.5,3.3,60.0,3.7,1,0,0,0,0,0,2,1,5.4
0,0,8.1,1,71,83,0,1,0,37.6,37.6,4.8,83.0,4.2,1,1,0,0,0,0,1,7,6.3
1,4,8.3,0,76,85,0,2,2,55.6,53.0,4.9,76.0,4.1,1,1,2,2,1,0,1,4,7.7
0,1,7.7,0,55,64,0,1,0,35.5,25.8,3.9,65.0,4.3,0,1,0,0,0,0,1,8,4.5
1,3,6.6,0,55,75,1,1,0,20.0,12.6,2.2,74.0,4.6,0,1,0,0,0,0,2,0,3.6
1,4,7.1,0,57,71,0,1,0,32.2,17.3,4.1,69.0,4.2,0,1,2,3,1,0,0,4,2.1
1,2,7.7,0,75,65,1,1,0,37.9,36.5,2.6,81.0,4.0,1,1,2,2,1,0,2,6,4.3
1,3,6.5,0,67,70,1,1,1,20.0,29.2,2.4,81.0,4.3,0,1,0,0,0,0,0,6,3.4
1,6,7.9,0,87,72,0,1,2,40.8,32.5,3.3,75.7,3.5,0,0,1,0,0,0,1,4,6.1
1,2,8.7,0,82,83,2,3,2,80.9,60.8,5.5,76.0,4.3,1,1,4,1,1,0,0,4,9.8
0,5,7.7,0,72,61,1,2,2,53.1,46.1,5.2,61.0,3.8,1,1,0,0,0,0,1,9,7.3
0,0,8.1,0,82,85,2,3,2,69.8,63.4,6.3,85.0,4.6,1,1,3,2,1,1,0,0,7.8
1,6,7.7,2,59,60,0,2,0,39.2,33.0,4.4,76.1,4.6,0,1,0,0,0,1,2,1,5.2
0,8,8.4,0,86,68,1,3,3,57.2,47.1,5.8,89.5,4.8,1,1,1,1,1,1,0,8,8.6
0,7,8.2,0,69,82,1,3,1,69.9,45.3,7.7,90.0,4.8,1,1,0,0,0,0,0,6,8.2
1,4,7.4,0,70,67,1,3,1,49.6,36.5,5.1,81.0,4.4,0,1,0,0,0,0,0,4,6.2
1,10,6.8,1,85,67,2,1,2,26.3,37.5,2.3,90.0,4.8,1,0,0,0,0,1,2,1,4.1
1,0,7.6,0,55,68,0,1,1,24.4,22.1,3.1,77.0,4.6,0,1,0,0,0,0,1,0,4.3
1,7,7.6,1,62,57,1,2,2,54.9,42.3,3.3,64.6,3.2,0,0,0,0,0,0,1,7,4.5
0,5,7.3,0,67,65,1,1,0,29.9,26.3,3.4,74.0,4.5,0,0,0,0,0,0,1,9,5.0
1,2,7.8,0,55,68,1,1,0,32.0,20.7,2.2,63.0,4.4,0,1,0,0,0,1,2,0,3.8
1,5,8.2,0,84,64,2,3,2,62.8,44.2,8.2,81.0,4.8,1,1,0,0,0,1,0,9,9.1
1,7,7.3,1,57,66,2,2,0,47.0,41.0,0.6,75.9,3.3,0,1,0,0,0,1,2,4,4.9
1,8,7.4,0,74,64,1,2,2,29.3,21.3,4.7,70.7,4.7,0,1,1,0,0,0,2,8,5.1
1,4,6.5,0,64,67,1,1,1,24.9,24.4,1.2,72.0,3.8,0,0,0,0,0,0,0,5,4.2
1,4,7.6,2,55,69,0,1,0,32.8,22.3,3.8,73.0,4.3,0,1,4,1,1,0,0,8,4.1
1,0,8.3,0,90,84,0,3,2,62.5,46.1,7.5,90.0,4.8,1,0,1,3,1,1,1,7,6.1
0,2,7.3,0,55,62,1,1,1,34.7,29.9,2.2,84.0,3.9,0,0,0,0,0,0,0,7,4.8
1,3,8.1,0,57,82,2,3,3,63.1,50.8,7.3,85.0,4.8,1,0,0,0,0,0,1,7,8.6
1,0,8.6,0,73,86,1,3,2,73.6,58.0,7.9,84.0,4.8,1,1,4,1,1,1,1,0,9.2
0,0,8.4,0,63,67,1,1,2,53.4,42.8,2.4,82.0,4.8,1,1,3,2,1,1,0,7,6.6
1,5,8.3,1,82,85,2,3,2,80.6,56.6,6.4,90.0,4.8,1,1,4,1,1,1,2,1,9.2
1,2,6.8,1,55,57,1,1,0,20.0,11.6,1.2,60.0,3.5,0,1,0,0,0,0,1,7,3.3
1,1,6.6,0,55,66,0,1,1,20.0,28.8,2.9,68.0,4.1,0,1,0,0,0,0,1,5,3.6
1,1,8.4,0,75,83,2,2,3,60.9,44.8,4.9,82.0,4.3,1,0,0,0,0,0,1,8,7.9
0,8,8.4,0,84,79,0,0,0,40.9,22.2,2.7,89.8,4.6,1,1,4,2,1,0,1,8,6.7
1,6,8.3,0,81,80,2,3,2,86.9,66.1,7.7,90.0,4.1,1,1,2,3,1,1,1,1,8.9
1,2,6.5,1,69,62,1,2,1,20.0,17.8,4.0,76.0,4.3,0,0,1,3,1,0,2,4,2.0
1,3,7.9,0,78,65,2,3,2,62.1,40.7,7.5,80.0,4.3,1,1,3,2,1,1,1,8,5.7
1,11,6.5,0,62,88,2,2,2,22.4,22.5,4.0,65.3,4.6,0,1,1,0,0,1,1,9,2.0
1,11,6.6,2,57,70,0,2,1,24.7,15.8,6.9,65.6,4.6,1,0,0,0,0,1,2,1,3.1
1,2,6.5,0,63,57,1,3,0,24.1,34.3,6.5,81.0,3.8,0,1,0,0,0,0,1,6,3.0
0,3,7.5,0,55,63,0,2,1,35.0,28.8,3.6,64.0,3.7,0,0,0,0,0,0,0,7,6.1
1,7,6.8,1,61,69,1,0,1,28.4,13.6,2.4,76.3,4.3,0,1,0,0,0,0,0,6,3.5
0,7,6.5,2,55,67,1,2,0,25.0,9.9,0.5,78.0,3.5,0,0,0,0,0,0,1,1,2.0
1,6,8.5,0,76,81,1,3,1,73.1,75.9,4.6,71.1,4.4,0,1,0,0,0,1,2,1,10.4
0,3,6.5,1,55,69,0,2,1,20.0,13.0,4.4,81.0,4.8,1,1,0,0,0,1,2,5,2.2
1,5,8.0,0,82,78,0,2,2,50.0,43.1,7.2,83.0,4.6,1,1,0,0,0,1,1,8,7.2
1,2,8.4,0,87,85,1,3,0,63.9,58.7,8.9,88.0,4.1,1,1,1,3,1,1,0,5,8.4
1,9,8.3,0,77,88,2,3,2,71.8,56.8,6.6,90.0,4.6,1,1,3,1,1,0,2,7,7.2
1,0,8.2,0,82,63,1,2,3,55.5,48.0,4.4,84.0,4.0,1,1,0,0,0,1,1,4,7.5
1,0,8.0,0,68,87,1,3,2,56.1,51.7,5.7,79.0,4.6,1,1,2,3,1,0,2,6,7.6
1,11,8.2,0,59,71,2,0,2,64.1,51.0,2.0,72.4,3.9,1,0,0,0,0,0,2,8,8.2
1,7,8.1,1,57,64,2,2,0,60.0,58.1,3.3,88.6,4.4,1,1,2,1,1,0,1,0,7.9
0,3,7.4,1,85,75,2,3,2,48.1,50.4,7.4,71.0,4.8,1,1,2,3,1,1,2,8,6.5
1,4,8.5,0,73,84,1,3,1,60.3,42.1,7.0,84.0,4.8,1,1,2,3,1,0,1,4,7.6
0,5,6.6,0,80,82,0,1,0,20.0,46.4,2.5,74.0,4.3,1,0,2,2,1,0,1,1,2.1
0,4,6.7,0,56,67,1,1,0,20.0,29.8,2.3,70.0,3.9,0,1,0,0,0,0,1,7,2.6
1,5,6.5,0,68,64,1,1,2,20.0,19.1,2.8,68.0,4.2,0,0,0,0,0,0,0,8,2.0
1,5,8.6,0,63,84,2,3,1,82.6,60.3,6.1,90.0,4.8,1,1,3,1,1,0,0,9,8.3
1,7,7.4,0,81,71,1,2,2,35.6,12.6,5.6,90.0,3.9,1,1,1,0,0,0,2,0,4.4
1,11,7.4,1,81,88,2,0,1,42.0,41.1,3.3,90.0,4.7,1,1,1,0,0,0,1,5,7.2
0,2,7.6,0,61,76,1,2,0,41.7,30.9,3.7,75.0,3.5,0,1,0,0,0,0,2,6,5.2
0,1,7.6,0,79,69,1,2,0,43.7,30.9,5.4,79.0,4.3,1,1,2,2,1,1,1,8,5.8
1,11,6.5,0,59,62,0,0,1,23.6,32.1,2.7,74.9,3.4,0,0,1,0,0,0,2,8,3.5
1,5,6.6,1,84,67,2,1,2,26.1,36.5,2.2,90.0,4.8,1,0,0,0,0,1,2,0,4.3
1,4,7.7,0,55,70,0,1,0,37.0,32.8,1.7,66.0,3.7,0,0,0,0,0,0,2,0,5.8
0,3,7.4,0,55,61,1,2,0,41.8,39.7,3.9,73.0,4.2,0,0,0,0,0,0,1,5,5.0
0,1,7.5,0,59,63,1,1,1,29.0,22.4,0.9,68.0,4.5,0,1,0,0,0,0,2,8,3.5
1,6,7.6,0,56,64,0,1,1,27.2,11.9,5.2,62.0,3.2,0,0,0,0,0,0,1,3,4.9
1,2,7.6,0,84,67,1,1,2,32.4,43.3,3.7,81.0,4.8,0,0,0,0,0,0,2,8,5.5
1,4,7.4,0,58,71,1,3,0,46.8,38.7,7.6,76.0,4.4,1,1,0,0,0,1,1,3,5.8
1,2,8.3,0,82,82,1,3,2,67.8,40.2,8.0,74.0,4.4,1,1,3,2,1,1,1,8,6.5
0,11,8.0,0,87,85,2,3,2,55.9,47.3,6.6,90.0,4.8,1,1,3,2,1,0,1,0,4.9
1,10,8.2,0,79,85,2,2,1,48.4,38.4,1.5,80.7,3.5,1,1,0,0,0,0,1,8,6.0
1,2,7.0,0,71,73,1,2,0,32.9,40.8,3.4,72.0,4.1,0,1,0,0,0,0,0,4,5.7
0,2,7.8,1,89,63,0,3,2,54.7,49.4,7.5,85.0,4.3,1,0,0,0,0,1,1,3,5.7
0,5,7.4,0,75,73,2,3,1,54.8,36.4,6.8,79.0,4.4,0,1,0,0,0,1,0,8,5.2
0,8,8.1,0,83,72,1,1,2,44.9,33.3,2.0,90.0,4.8,1,1,3,1,1,1,2,8,5.3
1,2,8.9,0,72,84,2,3,2,86.0,65.9,7.0,90.0,4.8,1,1,3,1,1,1,1,8,9.2
0,1,6.8,0,55,78,1,1,1,24.1,14.9,0.6,66.0,4.1,0,0,0,0,0,0,0,8,5.6
1,3,6.5,0,55,66,1,1,0,20.0,18.3,1.4,73.0,4.1,0,1,0,0,0,0,2,8,3.8
1,2,7.6,0,62,67,1,2,2,46.4,46.8,3.3,79.0,4.1,0,0,0,0,0,0,1,2,6.9
1,11,7.5,0,82,85,2,3,1,51.5,49.3,6.9,89.1,4.8,1,0,4,3,1,0,2,0,6.7
1,0,7.7,1,61,84,1,3,1,53.0,45.4,5.8,89.0,4.6,0,1,2,2,1,1,1,0,6.1
0,0,8.5,2,76,88,1,3,1,76.8,55.9,7.4,82.0,4.7,1,1,2,3,1,1,0,9,8.0
0,5,7.3,0,75,79,0,3,1,33.2,21.8,6.4,85.0,4.7,1,0,0,0,0,0,0,8,5.5
1,3,7.7,0,59,65,1,3,2,51.0,36.2,7.9,78.0,3.9,1,1,0,0,0,1,2,8,4.9
1,11,7.7,1,58,74,1,2,1,34.6,22.5,2.0,74.0,3.3,0,1,0,0,0,0,2,4,4.3
0,4,8.1,0,71,83,2,2,0,57.2,60.5,3.7,90.0,4.8,1,1,2,2,1,1,2,4,7.4
1,2,8.1,0,55,68,1,2,1,60.0,48.8,5.1,77.0,4.4,0,1,0,0,0,0,0,8,7.2
0,10,8.5,0,84,79,2,3,2,73.1,48.5,6.0,90.0,4.8,1,1,2,3,1,1,2,9,8.2
1,0,8.1,0,60,78,0,1,1,42.8,56.6,2.7,81.0,4.5,1,1,3,2,1,0,1,1,7.0
1,6,7.6,0,59,68,1,1,0,40.1,40.7,4.0,69.2,4.3,1,1,0,1,0,0,1,3,5.5
1,0,8.0,0,84,80,0,3,0,54.4,42.9,8.2,90.0,3.8,1,0,3,2,1,1,1,0,5.9
1,11,6.8,0,84,85,0,3,1,31.5,33.6,5.4,75.6,4.4,1,1,0,0,0,1,2,8,3.2
1,2,6.6,0,70,85,1,2,0,20.0,32.4,6.1,81.0,4.8,1,1,0,0,0,0,2,8,3.1
1,0,7.3,2,55,68,1,2,0,35.1,24.7,4.1,69.0,3.7,0,1,0,0,0,0,0,5,4.7
0,2,8.0,0,86,85,2,3,1,53.5,45.4,6.5,90.0,4.8,1,1,3,2,1,1,2,3,7.1
1,0,7.6,0,82,68,1,3,1,51.2,44.9,7.0,83.0,4.8,0,0,2,2,1,0,1,0,6.6
1,2,6.7,2,74,58,1,1,0,20.0,17.9,1.3,78.0,3.1,0,1,0,0,0,1,0,8,2.8
1,4,7.9,0,68,68,2,2,0,49.2,48.0,4.9,77.0,4.4,0,1,3,2,1,1,1,1,5.2
1,8,8.2,0,73,74,1,2,2,48.2,29.3,5.9,86.3,4.2,1,1,0,0,0,0,2,7,5.8
0,7,7.9,1,55,82,0,1,0,44.9,52.1,1.4,75.1,4.3,0,0,1,0,0,0,1,0,6.2
1,3,6.7,0,55,68,1,1,0,20.0,34.6,1.2,89.0,4.6,0,0,0,0,0,0,0,8,3.2
0,5,6.5,1,55,69,1,1,0,20.0,20.6,2.9,79.0,4.4,0,1,0,0,0,0,2,3,2.0
1,0,8.3,0,78,66,0,2,0,57.6,48.0,2.9,78.0,4.5,0,1,2,2,1,1,1,2,7.1
1,3,7.7,0,67,81,0,2,0,38.9,34.2,4.7,76.0,4.7,1,0,1,3,1,1,2,8,5.2
0,3,7.0,0,64,61,1,1,1,20.5,35.2,2.6,74.0,4.4,0,1,0,0,0,0,1,0,4.1
1,9,8.0,0,78,82,0,2,1,52.9,54.0,8.0,89.0,4.7,1,1,3,1,1,0,1,1,7.0
1,3,7.4,0,66,83,1,2,2,46.2,48.5,3.7,77.0,4.6,1,1,1,3,1,0,2,8,6.0
1,0,8.5,0,55,86,1,2,3,55.5,36.4,4.7,80.0,4.3,1,1,0,0,0,0,0,4,8.8
0,5,6.7,2,57,66,1,1,0,21.8,18.1,3.6,76.0,3.8,1,1,3,2,1,0,1,8,3.2
1,2,8.4,0,55,67,0,3,2,66.4,52.9,5.5,90.0,4.8,1,1,2,2,1,0,1,2,6.9
0,11,8.0,0,55,65,1,1,0,44.2,41.1,3.3,83.7,3.9,1,0,0,0,0,1,2,8,6.3
1,6,8.4,0,86,82,2,2,1,64.7,47.7,7.2,83.5,4.7,1,1,0,3,1,1,1,1,6.0
1,10,7.5,0,57,67,0,1,1,41.2,23.8,6.8,84.9,3.5,1,1,3,2,1,0,2,8,4.8
1,5,8.9,0,75,82,0,1,2,55.8,48.7,1.9,80.0,4.8,1,1,2,2,1,0,2,8,8.0
1,8,8.4,0,59,62,1,2,0,50.1,31.0,1.3,72.3,3.8,0,0,0,0,0,0,1,7,7.3
1,3,6.8,2,55,63,1,1,0,20.0,30.4,2.3,69.0,4.0,0,0,0,0,0,0,1,9,3.8
0,2,7.3,0,59,68,1,1,0,31.8,37.5,2.5,66.0,3.7,0,0,0,0,0,0,0,0,4.8
1,4,8.1,0,75,85,1,3,1,59.5,41.5,7.9,80.0,4.0,1,1,0,0,0,1,1,0,7.3
1,4,7.5,0,70,64,0,1,1,31.3,35.1,1.5,66.0,4.1,0,1,0,0,0,1,0,0,4.8
0,3,7.6,0,63,69,1,1,2,31.3,25.6,1.7,69.0,3.9,0,1,0,0,0,1,1,7,5.3
1,4,7.2,1,57,65,1,1,1,21.9,31.1,0.8,72.0,3.7,0,0,0,0,0,0,0,1,3.9
1,4,8.0,0,72,71,1,3,0,62.1,43.2,5.6,81.0,4.3,1,1,0,0,0,0,2,6,7.6
1,4,7.8,0,69,81,1,2,1,48.7,56.5,4.8,74.0,4.8,1,1,0,0,0,0,1,0,7.2
1,5,8.1,0,70,85,1,3,2,64.6,34.3,7.1,81.0,4.5,0,1,0,0,0,1,1,8,5.9
1,11,8.2,0,82,63,1,3,3,58.6,50.0,4.3,83.2,4.0,1,1,0,0,0,0,1,7,8.8
1,9,6.6,2,58,71,2,1,0,20.0,16.8,2.1,75.6,4.4,0,0,1,1,0,0,0,3,2.0
1,10,7.4,0,55,68,1,1,0,33.5,29.9,1.6,88.5,4.1,0,0,0,0,0,0,1,8,2.7
0,2,7.7,0,55,70,1,1,0,34.5,33.1,2.0,77.0,4.0,0,1,0,0,0,0,2,9,4.6
0,2,7.7,0,65,68,0,1,0,36.2,24.6,2.8,74.0,3.7,0,0,0,0,0,1,1,8,4.2
0,0,8.4,0,59,85,1,3,2,62.3,61.6,6.6,82.0,4.6,1,1,0,0,0,1,1,0,8.9
1,6,7.5,0,82,66,1,0,1,30.4,24.9,2.1,70.4,4.1,0,1,0,1,0,0,2,5,5.6
1,0,8.1,2,76,80,2,3,2,73.7,62.3,7.3,86.0,4.7,1,1,4,1,1,1,0,1,7.7
1,5,7.5,0,75,65,0,3,0,38.6,35.6,6.4,83.0,3.8,1,1,3,2,1,1,2,9,5.0
1,4,7.5,0,59,74,1,1,1,26.5,37.2,2.1,82.0,4.6,0,1,0,0,0,0,0,4,4.8
1,6,8.6,0,72,88,2,3,2,71.7,52.8,4.7,90.0,4.8,1,1,3,1,1,1,2,4,8.2
1,5,8.1,0,79,82,1,3,2,63.5,45.6,7.7,81.0,4.8,0,1,0,0,0,0,2,5,8.2
1,2,7.1,0,82,86,1,1,3,30.1,34.2,2.7,83.0,4.2,1,1,1,3,1,1,2,6,3.9
0,0,7.7,0,57,68,1,2,0,46.3,50.0,4.6,82.0,4.1,0,1,0,0,0,1,0,3,6.2
0,0,8.7,0,80,83,1,3,2,78.5,66.9,6.9,90.0,4.8,1,1,2,2,1,1,1,2,10.2
0,0,7.6,0,82,83,1,2,0,36.1,36.3,5.9,81.0,4.7,1,1,0,0,0,0,2,4,5.3
0,2,8.2,0,64,67,1,1,1,46.3,36.4,2.2,74.0,4.6,1,0,0,0,0,1,1,8,6.9
0,2,7.8,0,58,60,0,2,2,42.8,44.5,6.1,74.0,4.6,1,1,0,0,0,1,1,0,6.1
1,5,7.5,0,74,80,1,3,0,47.2,52.9,7.8,82.0,4.5,1,1,4,1,1,1,1,8,5.6
1,11,7.9,0,82,64,0,0,2,53.5,32.6,2.4,78.8,4.0,1,1,1,1,0,1,0,9,7.2
0,2,8.4,0,68,86,1,3,0,65.4,51.7,6.1,75.0,4.4,1,1,2,3,1,1,1,8,8.6
1,6,8.3,1,55,71,0,2,1,49.8,43.7,2.4,66.4,4.1,0,0,1,0,0,1,0,9,7.6
1,4,6.5,0,59,71,1,1,0,20.0,18.9,1.8,70.0,4.0,0,1,0,0,0,0,1,0,2.7
0,7,7.8,0,56,66,0,2,0,49.1,44.9,3.3,88.8,4.6,0,1,0,0,0,0,1,9,7.6
1,0,8.7,0,73,76,0,3,1,73.5,52.2,7.0,71.0,4.5,1,1,3,2,1,0,1,5,8.2
1,6,7.8,0,55,70,1,0,3,33.8,29.8,3.3,77.7,4.3,1,0,0,0,0,0,0,2,5.1
1,10,8.8,1,55,68,2,2,2,70.9,59.5,6.2,82.1,4.8,1,0,1,0,0,1,2,1,7.8
0,8,7.0,0,55,76,0,2,0,21.4,10.1,1.4,73.8,4.6,1,0,0,0,0,0,1,2,3.0
0,11,8.0,0,59,84,0,2,0,56.8,49.3,4.9,84.1,4.6,1,1,0,1,0,0,1,4,8.1
1,2,7.4,0,66,68,1,2,0,37.7,43.5,3.4,74.0,4.1,1,1,0,0,0,0,2,9,3.9
1,7,6.5,2,70,73,1,1,1,22.2,17.7,5.3,79.0,4.4,1,1,3,3,1,1,1,2,2.2
1,11,8.4,0,79,85,1,3,3,84.0,81.6,7.6,90.0,4.8,1,1,3,3,1,1,1,8,11.4
0,4,6.5,1,63,63,1,1,0,20.0,8.8,1.5,67.0,3.5,0,0,0,0,0,0,1,4,2.0
1,0,6.5,0,69,73,2,1,0,20.0,22.7,4.0,75.0,4.3,1,1,0,0,0,0,0,2,3.5
0,3,8.1,0,66,66,1,2,0,52.4,52.0,5.3,83.0,4.1,1,0,0,0,0,1,1,8,7.6
1,4,8.5,0,72,86,2,3,2,80.3,66.4,6.8,90.0,4.8,1,1,2,2,1,0,1,1,8.7
0,4,7.3,1,57,63,0,1,0,20.0,18.8,1.1,75.0,3.9,0,1,0,0,0,0,2,0,4.4
1,5,7.6,0,55,60,0,2,1,36.1,30.6,5.5,60.0,4.3,0,1,0,0,0,0,1,8,4.0
1,6,6.9,0,80,64,0,0,0,23.1,24.9,3.4,74.1,4.0,1,1,4,3,1,1,1,2,4.1
0,0,7.4,2,55,64,1,1,1,40.0,32.4,1.5,81.0,3.5,0,1,0,0,0,0,1,2,5.4
1,11,6.6,0,74,84,2,1,1,24.0,26.0,3.8,70.0,3.9,1,1,0,1,0,0,0,1,2.2
0,6,8.0,0,79,83,1,1,0,48.1,34.9,3.7,76.8,3.6,1,1,1,3,1,1,1,1,5.0
1,2,7.6,0,55,72,0,1,1,25.8,34.6,3.5,76.0,3.9,0,1,0,0,0,0,2,8,6.4
1,3,7.9,0,90,84,2,3,2,55.6,49.1,6.7,85.0,4.7,1,1,3,2,1,0,2,8,6.5
1,2,7.7,0,88,79,2,1,0,41.8,38.6,2.3,65.0,3.8,1,0,0,0,0,0,1,6,6.2
0,10,7.0,0,73,57,2,1,0,20.3,7.8,0.5,90.0,4.5,0,1,0,1,0,0,1,8,3.5
1,7,7.9,0,83,69,1,2,3,63.8,45.4,7.9,89.9,4.8,1,1,2,2,1,0,1,1,6.9
1,4,8.5,0,85,88,0,3,2,53.5,42.4,6.7,88.0,4.5,1,1,3,1,1,1,0,3,6.7
1,4,7.5,0,58,65,1,1,0,21.2,18.2,3.7,87.0,4.6,0,0,3,2,1,1,1,1,2.5
0,3,8.3,0,78,84,1,3,2,65.5,52.4,6.0,74.0,4.7,1,1,0,0,0,1,1,8,8.5
1,8,6.5,0,65,68,1,1,0,20.0,14.3,2.4,66.8,3.1,0,0,0,1,0,0,0,2,2.7
1,2,8.3,0,76,83,2,1,0,53.6,58.7,2.6,81.0,4.1,1,1,0,0,0,1,0,4,8.6
1,2,8.2,0,77,67,2,1,0,51.3,42.8,2.7,74.0,4.5,1,1,0,0,0,0,0,8,7.1
1,1,8.7,0,77,86,2,3,3,73.4,67.1,7.1,90.0,4.8,1,1,2,2,1,1,1,9,8.4
1,2,8.2,0,73,82,2,3,2,65.8,53.9,7.9,76.0,4.5,1,1,0,0,0,1,0,4,8.0
1,2,8.3,0,77,80,1,1,0,48.1,42.0,2.0,90.0,4.3,1,1,0,0,0,0,1,8,6.1
1,7,8.1,1,87,80,1,3,2,74.6,62.3,5.6,90.0,4.8,1,1,4,1,1,1,1,7,7.1
0,7,7.6,0,73,72,1,2,0,58.8,54.6,5.1,72.2,4.3,0,1,3,2,1,0,1,4,7.5
1,7,8.1,0,72,82,0,2,0,55.9,39.5,5.0,80.4,4.3,1,1,0,0,0,0,0,1,7.0
0,0,7.8,0,55,67,1,3,2,64.5,67.2,5.2,80.0,3.4,1,0,0,0,0,0,1,1,8.3
1,4,7.5,0,61,73,0,1,1,29.9,8.0,1.2,75.0,3.3,0,1,0,0,0,0,2,2,4.7
1,8,7.4,0,60,69,1,2,0,32.4,32.5,2.9,76.3,4.1,0,0,0,0,0,0,1,9,4.9
0,6,8.5,1,80,88,2,2,1,87.2,71.1,7.6,90.0,4.6,1,1,2,2,1,1,1,9,9.6
0,0,8.1,0,69,78,2,3,0,65.7,52.6,8.7,87.0,4.4,1,1,1,3,1,1,1,2,7.2
1,9,6.8,0,56,70,2,2,0,20.0,27.5,1.9,89.0,4.6,0,1,0,0,0,0,0,8,2.9
0,0,8.1,0,75,81,2,3,2,63.5,49.7,6.5,90.0,4.1,1,1,3,2,1,1,1,0,7.0
1,0,7.6,0,67,66,0,1,0,28.9,30.6,4.4,86.0,4.0,1,0,0,0,0,0,1,4,5.5
1,9,7.7,2,83,80,0,0,1,28.1,21.9,0.6,75.6,4.8,1,1,4,0,1,0,1,8,5.4
1,4,7.7,0,77,71,0,1,0,39.0,39.6,0.9,77.0,4.1,0,1,1,3,1,0,2,4,4.8
1,4,7.5,0,59,69,1,1,1,31.7,14.8,3.3,70.0,4.4,0,0,0,0,0,0,2,9,5.0
1,6,8.7,0,84,77,1,3,2,65.5,45.7,7.3,85.5,4.8,1,1,3,1,1,0,1,0,8.3
1,2,7.8,0,63,67,1,2,0,46.1,40.4,4.2,73.0,3.5,0,1,0,0,0,0,1,4,5.5
0,8,7.7,0,58,80,2,0,1,37.7,35.1,3.2,86.5,4.2,1,1,0,1,0,1,2,8,7.0
1,2,7.5,0,66,65,1,2,0,35.0,38.5,4.4,80.0,3.5,0,0,0,0,0,1,1,1,4.0
1,2,8.1,0,81,87,2,3,2,68.7,58.9,5.2,90.0,4.4,1,1,2,2,1,1,2,2,7.1
1,9,7.6,0,55,75,2,1,0,45.2,35.8,3.0,84.9,4.1,0,1,0,0,0,0,2,8,6.2
1,4,7.4,2,55,70,1,2,1,35.3,26.5,4.2,84.0,4.6,0,1,0,0,0,0,0,4,5.5
1,2,7.5,1,59,86,1,1,1,28.1,30.0,5.2,90.0,4.6,1,1,3,2,1,0,1,6,4.2
1,0,7.5,0,83,81,1,2,0,42.6,44.3,4.9,87.0,4.6,1,1,1,3,1,0,0,0,5.8
0,8,6.5,1,55,65,2,1,2,20.0,13.5,2.7,85.3,4.6,1,1,3,2,1,0,2,7,2.0
1,10,8.7,0,78,85,1,3,0,64.1,56.5,7.0,85.3,4.2,1,0,0,0,0,1,1,8,8.5
0,2,8.4,0,82,88,1,3,2,66.8,48.1,6.1,90.0,4.6,1,1,1,3,1,1,1,1,8.0
1,7,7.3,0,55,67,1,3,0,50.5,50.7,4.5,83.5,4.8,1,1,2,2,1,0,1,2,5.4
1,2,7.6,0,86,68,1,1,0,36.2,40.2,3.8,76.0,3.6,1,1,0,0,0,0,2,5,5.0
1,6,7.4,1,82,70,2,2,2,41.4,44.7,4.4,74.1,3.5,0,1,2,3,1,0,2,2,4.6
1,2,8.1,0,78,84,1,1,0,48.5,39.3,1.7,81.0,3.5,1,1,0,0,0,0,0,8,6.6
1,4,7.8,0,61,71,1,2,0,46.7,45.3,5.0,73.0,4.1,0,1,0,0,0,0,1,3,5.7
1,2,6.7,1,59,66,1,2,0,26.0,17.9,4.4,76.0,4.8,1,1,3,2,1,1,1,0,3.2
1,5,7.4,1,81,73,1,3,1,52.6,37.9,7.5,84.0,4.5,1,1,1,3,1,1,2,8,5.2
0,11,8.1,0,82,84,0,2,1,67.0,50.5,8.7,83.6,4.8,1,1,1,0,0,1,2,2,6.6
1,2,7.1,0,69,69,2,3,0,45.3,38.0,5.2,75.0,3.5,1,0,0,0,0,0,1,7,5.0
1,4,6.6,0,60,69,1,2,0,23.1,28.1,3.0,79.0,3.9,0,1,0,0,0,1,2,4,3.4
0,2,7.8,1,81,86,2,3,2,51.3,52.4,6.7,84.0,4.7,1,1,2,2,1,0,1,5,7.8
0,8,7.8,0,78,83,0,3,1,44.1,36.2,5.5,83.7,4.4,1,1,0,1,0,0,0,1,6.9
0,3,7.6,2,78,63,1,1,1,40.4,22.8,4.2,70.0,4.4,1,1,0,0,0,1,2,5,5.0
1,5,7.5,0,77,80,1,3,0,45.9,39.2,6.6,80.0,4.5,1,0,0,0,0,1,1,8,6.5
1,0,8.3,1,55,71,1,1,1,46.3,40.6,2.0,64.0,4.1,0,0,0,0,0,1,2,5,7.3
0,0,7.6,2,66,83,1,2,0,37.1,41.6,6.8,77.0,4.3,1,1,0,0,0,0,1,0,4.6
1,0,8.6,0,75,66,2,3,0,68.5,61.3,6.4,87.0,4.8,0,0,0,0,0,1,1,0,9.4
1,5,7.7,0,55,63,0,1,1,29.1,35.4,2.1,67.0,3.8,0,0,0,0,0,0,1,8,4.5
0,4,8.0,0,74,62,1,1,0,47.0,35.3,2.4,90.0,4.4,0,1,0,0,0,0,1,3,6.5
1,0,8.5,0,88,88,1,2,2,62.8,46.0,6.5,85.0,4.8,1,1,3,1,1,1,0,1,8.2
0,7,7.4,0,62,66,1,1,1,33.7,30.1,2.9,71.4,3.9,1,1,1,1,0,0,2,1,3.9
0,8,6.5,0,56,64,1,2,0,20.0,21.8,4.9,78.8,4.1,1,0,0,0,0,0,1,8,3.6
1,2,8.8,0,67,82,2,3,3,79.2,52.5,5.8,79.0,4.4,1,1,1,3,1,1,1,8,7.7
0,6,7.0,0,56,71,1,0,0,25.5,30.0,1.6,83.3,3.6,0,1,1,1,0,0,1,2,3.6
1,2,8.5,0,73,88,1,3,0,68.7,60.3,6.3,79.0,4.5,1,1,0,0,0,1,1,6,9.4
0,6,7.9,0,83,81,2,3,1,66.2,53.0,7.7,90.0,4.6,1,1,2,3,1,1,1,2,6.8
1,0,7.4,0,55,66,1,1,1,34.6,20.0,2.0,68.0,4.7,0,1,0,0,0,0,1,2,5.0
0,10,8.3,0,85,88,2,2,2,62.0,55.6,5.8,89.2,4.5,1,1,1,3,1,1,1,8,7.3
0,5,8.2,0,77,83,1,1,2,45.3,44.2,4.4,71.0,4.2,1,1,0,0,0,0,1,6,7.2
1,0,7.6,0,75,68,1,2,1,55.8,46.1,5.3,87.0,4.2,0,1,0,0,0,0,1,5,7.0
1,0,7.5,0,55,67,1,1,0,33.2,26.4,2.8,78.0,4.1,0,0,0,0,0,0,0,5,3.4
0,7,8.4,0,55,71,1,0,1,53.0,60.6,1.0,76.1,3.8,0,1,2,2,1,1,1,0,6.6
0,7,7.4,0,57,66,1,1,0,35.8,21.8,0.1,71.8,4.4,0,0,0,1,0,0,2,6,4.8
0,0,8.3,0,87,88,0,3,1,56.0,39.0,5.5,90.0,4.6,1,1,4,1,1,1,1,9,7.9
1,3,6.5,2,55,72,1,2,1,25.2,23.2,2.2,66.0,4.2,0,0,0,0,0,1,2,9,4.2
0,9,8.3,1,77,85,0,3,2,65.1,53.8,7.3,87.9,4.8,1,1,3,2,1,1,0,7,7.5
1,5,8.3,0,75,71,2,3,0,67.8,56.9,6.9,90.0,4.6,1,1,0,0,0,1,2,3,8.2
1,1,8.0,0,84,70,0,3,0,55.3,48.6,5.6,88.0,4.6,1,1,3,2,1,0,2,2,5.0
0,0,7.4,0,57,61,1,2,1,37.7,42.6,4.2,68.0,3.4,0,1,0,0,0,0,1,2,5.3
1,0,8.6,0,81,88,1,3,0,73.5,69.5,9.0,87.0,4.7,1,1,3,2,1,1,1,0,10.6
1,4,8.6,0,79,84,2,3,2,72.1,58.9,6.9,90.0,4.5,1,1,3,1,1,1,0,4,7.7
0,2,7.7,0,75,77,1,2,0,46.9,43.2,3.8,81.0,3.9,1,1,0,0,0,0,2,8,6.7
0,4,8.3,0,77,63,1,3,3,63.0,45.0,4.8,88.0,4.0,0,1,2,2,1,0,1,4,7.2
1,6,8.3,0,81,81,2,2,2,70.0,70.0,5.3,89.6,4.6,1,1,2,2,1,1,1,2,7.9
1,10,7.8,0,72,79,2,1,0,42.9,49.2,4.7,77.6,4.6,1,1,4,0,1,0,0,8,6.1
1,4,8.3,0,83,70,0,3,0,53.4,60.7,7.6,87.0,4.5,1,1,1,3,1,1,0,3,7.6
1,7,8.1,0,70,71,1,2,1,49.1,37.9,2.0,79.9,3.5,0,1,0,0,0,1,2,4,7.1
1,4,7.7,0,82,81,1,1,1,40.1,37.6,4.1,73.0,4.4,1,1,0,0,0,0,1,6,7.5
1,2,7.5,0,55,61,1,1,1,29.9,36.6,4.2,65.0,3.7,1,1,0,0,0,0,1,5,5.3
1,2,7.6,0,80,65,1,1,1,27.7,18.3,1.3,62.0,4.2,0,0,0,0,0,0,0,6,4.8
1,3,8.4,0,57,71,0,1,0,49.0,45.5,3.4,85.0,3.7,1,1,3,1,1,0,1,4,5.5
0,2,8.3,0,74,77,2,3,3,68.4,60.0,8.4,89.0,4.8,1,0,0,0,0,1,2,1,9.4
1,0,8.0,0,90,84,0,3,3,48.6,49.7,7.9,84.0,4.8,1,1,2,2,1,0,2,7,6.4
0,10,7.3,1,62,72,1,3,0,31.0,42.1,3.2,77.4,4.6,0,0,0,1,0,0,1,1,4.9
0,2,7.7,0,55,66,1,2,1,53.7,47.7,4.2,61.0,4.0,0,0,0,0,0,0,0,6,8.4
1,5,6.5,0,62,87,1,2,1,20.0,18.5,4.2,65.0,4.6,0,1,0,0,0,0,0,8,2.0
0,4,8.9,0,69,85,2,3,2,79.4,53.4,8.1,90.0,4.8,1,1,3,1,1,1,1,2,9.7
1,9,8.2,0,56,65,1,0,0,47.2,33.1,1.5,75.3,4.8,0,0,0,0,0,0,1,8,7.2
1,0,8.5,0,73,70,2,3,1,75.4,48.4,7.3,68.0,4.0,1,1,0,0,0,1,2,5,9.3
1,0,7.8,0,85,87,0,2,2,43.2,36.1,6.8,85.0,4.7,1,1,3,2,1,1,0,0,4.5
1,4,8.9,0,71,84,2,3,0,82.4,51.0,7.1,90.0,4.8,1,1,4,1,1,1,1,0,10.3
0,5,7.4,0,79,70,1,2,1,39.0,35.4,6.1,76.0,4.4,1,1,0,0,0,0,1,6,4.3
0,3,7.5,0,57,78,1,1,0,37.7,19.3,3.0,71.0,4.3,0,0,3,2,1,0,1,2,3.7
1,6,8.7,0,55,84,2,3,2,81.1,75.5,8.0,89.1,4.8,1,1,4,1,1,0,1,5,10.2
1,6,8.4,1,77,83,2,3,2,74.3,62.0,7.5,90.0,4.7,1,1,4,2,1,1,1,1,7.5
0,0,8.1,0,78,83,2,1,3,58.6,41.6,2.3,86.0,4.7,1,0,3,2,1,1,1,0,6.1
0,5,8.5,0,80,82,1,1,2,56.2,42.9,3.2,72.0,4.0,1,1,3,2,1,1,1,9,6.0
0,4,8.3,0,79,84,1,3,1,62.6,62.0,6.1,89.0,4.8,1,1,3,2,1,1,1,4,8.0
0,4,6.5,0,80,88,1,3,2,34.7,38.6,5.8,71.0,4.2,0,0,0,0,0,1,1,6,5.2
0,0,7.4,0,75,66,1,1,0,21.0,20.2,4.9,62.0,4.1,0,0,0,0,0,0,0,3,2.9
0,2,6.6,0,88,83,1,3,2,32.5,41.9,7.5,87.0,4.8,1,1,1,3,1,1,1,0,4.1
0,2,8.0,0,82,81,2,3,2,67.8,61.9,7.1,90.0,4.8,1,1,3,2,1,1,2,7,6.5
0,11,7.6,0,55,60,0,1,1,26.6,26.6,1.5,72.2,3.7,0,0,0,0,0,0,1,6,6.4
0,4,8.5,0,65,73,1,2,0,50.4,36.7,3.6,75.0,4.5,0,1,0,0,0,0,0,6,6.4
1,9,7.6,0,72,86,0,2,0,39.9,33.5,4.5,83.1,4.4,1,1,2,3,1,0,2,0,5.2
0,9,7.7,0,58,73,1,3,0,47.1,31.0,4.8,72.3,4.2,1,1,0,0,0,1,0,8,5.9
0,2,7.6,0,70,80,1,2,2,39.1,44.2,6.0,86.0,4.3,1,1,0,0,0,1,2,5,6.2
1,2,6.5,1,59,64,1,1,0,20.0,17.4,2.7,68.0,4.5,0,0,0,0,0,1,0,8,2.0
0,7,7.6,0,67,67,0,0,1,41.0,34.7,1.8,71.4,4.3,0,1,0,0,0,1,2,1,4.4
1,4,8.6,0,72,83,1,3,2,67.8,59.1,6.3,90.0,4.5,1,1,4,1,1,1,0,1,9.0
0,5,6.7,0,81,64,1,1,1,20.0,20.5,2.4,67.0,4.7,0,1,3,2,1,1,1,0,2.1
1,10,8.6,0,77,84,1,3,2,83.8,67.3,5.7,89.5,4.7,1,1,1,2,1,1,2,8,9.5
1,2,7.3,1,69,72,1,1,1,32.3,28.6,2.6,71.0,4.4,0,1,0,0,0,0,1,5,4.3
1,3,6.9,0,55,73,1,1,1,21.8,22.6,3.1,84.0,4.7,1,0,0,0,0,0,0,0,3.3
1,2,7.6,0,71,82,1,2,0,43.2,33.7,3.6,89.0,4.5,1,1,0,0,0,0,0,7,7.2
0,3,7.4,0,70,67,2,3,2,42.3,54.4,6.9,80.0,4.8,1,1,0,0,0,1,0,8,6.2
1,11,6.5,1,59,67,0,2,0,26.5,21.6,3.4,79.5,4.4,0,1,0,0,0,0,0,9,3.5
1,0,8.0,0,73,85,1,3,1,52.9,51.2,9.0,82.0,4.4,1,1,0,0,0,0,1,2,8.0
1,2,7.6,0,65,65,1,1,1,38.5,22.6,1.4,81.0,4.0,0,1,0,0,0,0,1,0,5.4
1,3,7.5,0,72,63,1,2,1,36.8,34.6,5.5,71.0,4.0,1,1,0,0,0,0,2,8,5.0
1,0,8.5,0,81,80,2,3,2,77.7,62.4,5.8,90.0,4.8,1,1,3,2,1,0,2,4,9.7
1,9,6.5,0,55,62,0,1,0,20.0,4.5,0.7,68.5,3.9,0,0,1,0,0,0,2,8,2.7
1,3,7.9,2,74,70,1,1,1,40.7,19.7,3.4,75.0,4.4,1,1,0,0,0,0,1,8,3.8
0,3,8.6,0,80,80,1,3,2,69.8,68.6,7.2,90.0,4.8,1,1,4,1,1,1,1,2,9.3
0,0,6.5,1,58,68,2,1,1,20.0,27.0,2.8,86.0,3.7,1,1,0,0,0,1,1,1,2.2
1,2,8.6,0,55,67,2,3,2,71.5,59.1,6.2,83.0,4.8,1,0,0,0,0,1,1,8,9.1
1,0,7.4,1,55,68,1,2,1,32.0,18.2,5.1,77.0,3.6,0,0,0,0,0,1,0,9,4.4
1,2,7.7,1,55,62,1,1,1,39.7,25.8,1.6,66.0,3.3,0,0,0,0,0,0,2,9,4.7
1,5,6.5,0,82,70,0,2,0,20.4,18.9,4.4,75.0,4.3,0,1,0,0,0,0,1,8,2.7
1,4,7.6,1,69,71,1,1,0,40.3,52.2,2.1,79.0,4.8,0,1,0,0,0,0,1,5,6.1
1,4,6.7,0,55,82,1,3,1,33.2,28.1,5.5,78.0,4.1,1,1,3,1,1,1,1,9,4.1
1,3,7.8,0,84,86,2,3,2,61.7,56.9,5.4,90.0,4.8,1,1,3,1,1,0,1,8,6.5
1,7,7.5,1,55,64,1,1,2,37.1,22.4,2.3,63.1,3.6,0,1,0,0,0,0,1,7,3.3
1,6,7.5,1,59,69,1,1,2,35.4,19.4,3.7,71.9,4.4,0,0,0,0,0,0,1,5,4.3
1,2,6.5,1,55,74,1,1,1,20.0,21.3,3.2,83.0,4.4,0,0,0,0,0,0,2,6,3.6
0,2,6.7,0,62,65,1,1,1,20.2,16.1,0.6,76.0,3.9,0,0,0,0,0,0,1,0,4.4
0,6,8.4,1,83,83,0,2,2,55.5,43.9,6.9,90.0,4.8,1,1,4,1,1,0,1,8,7.2
0,3,7.6,0,75,83,2,3,2,56.2,47.1,6.8,90.0,4.5,1,1,3,2,1,0,2,2,5.8
0,7,8.2,0,61,82,2,3,1,73.3,57.4,6.3,77.0,4.2,1,1,3,2,1,1,2,0,7.2
0,3,8.0,0,77,88,2,3,2,62.1,47.7,7.2,90.0,4.5,1,1,2,2,1,1,2,8,7.4
0,6,8.6,0,56,72,0,2,0,59.7,48.0,3.8,67.1,4.4,0,1,0,0,0,1,1,0,7.9
0,2,7.7,0,55,67,1,1,0,33.4,27.9,2.6,70.0,4.8,0,1,0,0,0,0,1,7,5.5
1,7,7.7,0,67,82,2,1,1,42.4,34.8,1.9,84.2,4.6,1,1,0,0,0,0,1,4,5.6
0,0,7.7,0,72,79,2,3,3,60.6,51.0,6.5,84.0,4.2,1,1,0,0,0,1,2,3,7.1
0,2,7.5,0,76,71,1,2,0,32.1,29.4,4.0,80.0,4.3,0,0,0,0,0,0,2,1,4.6
1,6,7.3,0,56,72,2,3,1,40.8,35.5,3.3,81.2,4.3,1,1,2,2,1,0,1,0,5.4
1,4,7.6,0,74,79,1,1,1,35.2,24.2,4.2,83.0,4.5,1,1,0,0,0,0,1,0,4.8
1,2,7.0,0,69,67,2,1,0,20.7,16.0,2.5,75.0,3.8,1,1,2,3,1,0,1,6,2.0
1,8,6.9,1,80,67,0,1,0,20.0,26.5,2.6,60.0,4.6,0,0,0,0,0,0,0,9,3.7
0,11,7.4,1,57,72,0,0,0,32.4,27.1,1.8,61.3,3.6,0,0,0,0,0,1,0,8,4.8
1,2,7.4,0,71,65,0,1,1,22.1,25.5,1.9,81.0,3.5,1,1,0,0,0,0,0,0,4.1
1,8,6.5,0,69,67,0,1,0,20.0,19.7,2.7,65.8,4.4,0,0,0,0,0,1,1,9,3.0
1,10,7.2,0,79,81,1,3,1,43.5,53.5,6.5,83.5,4.8,1,1,1,2,1,0,1,7,4.5
1,1,7.6,0,56,67,1,2,1,45.8,50.3,4.1,73.0,4.3,1,1,0,0,0,0,1,8,6.4
1,8,6.6,2,55,69,1,1,1,20.0,23.5,3.9,87.4,4.7,0,1,1,0,0,1,1,8,3.6
0,0,8.2,0,88,80,2,3,2,64.2,55.9,6.3,90.0,4.8,1,1,1,3,1,1,0,5,7.2
0,6,7.4,0,81,63,0,2,1,33.7,26.4,2.2,78.5,3.8,0,0,0,0,0,0,1,9,4.6
1,0,7.6,0,55,60,1,2,0,59.1,57.8,6.4,70.0,3.9,0,1,0,0,0,1,0,0,6.6
1,7,8.5,1,84,84,0,3,2,67.3,52.4,6.6,83.8,4.8,1,1,0,0,0,0,0,1,8.2
1,4,7.5,0,55,67,0,1,0,28.0,15.4,2.2,60.0,3.8,0,0,0,0,0,1,2,4,4.4
1,3,8.4,1,82,88,2,3,2,73.0,67.6,7.8,73.0,4.8,1,1,0,0,0,0,0,5,9.7
1,4,7.3,0,67,64,1,3,0,43.7,45.8,5.5,80.0,4.2,0,0,0,0,0,0,1,1,5.8
1,2,8.4,0,74,81,1,3,1,75.9,70.3,6.4,80.0,4.6,1,1,3,2,1,1,1,6,8.6
1,0,7.3,0,68,85,1,2,0,32.7,27.1,3.3,81.0,3.7,1,1,0,0,0,1,1,4,4.7
1,2,8.4,0,80,75,1,3,0,65.0,54.0,6.5,84.0,4.1,1,1,0,0,0,0,1,8,7.8
1,2,6.5,0,81,63,0,1,0,20.0,7.9,3.0,67.0,4.3,1,0,2,2,1,0,2,1,2.0
1,3,6.5,0,79,64,0,3,0,31.3,31.6,6.7,80.0,4.5,0,1,0,0,0,0,1,7,3.8
0,6,8.4,0,70,74,0,0,2,56.2,48.7,4.4,85.8,4.3,1,1,0,0,0,1,1,2,8.3
0,5,8.4,0,68,71,1,1,0,48.5,46.8,2.2,84.0,4.5,0,1,0,0,0,0,2,9,7.0
1,7,8.4,0,85,86,2,3,3,66.4,51.0,6.2,87.1,4.7,1,0,0,1,0,0,0,0,8.5
0,3,6.7,0,78,68,1,1,0,20.0,23.1,2.4,66.0,4.4,0,0,0,0,0,0,1,6,3.1
1,5,6.9,0,74,71,0,1,0,20.0,23.1,1.0,81.0,4.0,0,1,0,0,0,0,0,1,3.0
1,8,6.6,1,59,76,0,1,1,20.0,26.1,2.2,84.8,4.2,0,1,3,1,1,0,0,8,2.4
0,9,7.9,1,75,88,2,3,0,49.4,40.0,5.7,79.7,4.3,1,1,0,0,0,1,2,8,6.2
1,5,8.3,1,73,85,1,3,2,66.4,41.5,7.5,87.0,4.8,1,1,3,2,1,1,2,8,6.9
1,2,7.8,0,55,68,0,2,0,47.4,43.3,5.3,70.0,4.3,0,0,0,0,0,1,0,6,6.3
0,0,7.3,0,57,75,1,1,1,37.4,38.2,2.6,77.0,4.7,1,1,0,0,0,0,1,7,5.4
1,0,8.2,0,86,63,1,2,1,55.1,56.3,4.0,86.0,4.3,1,1,2,2,1,0,1,0,6.5
1,0,6.9,0,80,78,1,3,0,32.9,42.2,5.3,90.0,3.8,1,1,3,2,1,0,2,4,4.0
1,0,8.4,0,76,88,2,3,2,79.6,72.7,6.3,90.0,4.8,1,1,2,2,1,1,1,1,9.4
0,4,7.0,0,55,83,2,2,1,38.4,41.1,5.5,74.0,4.3,0,1,0,0,0,0,2,6,3.9
1,1,7.7,0,55,65,2,2,0,63.5,50.4,3.8,80.0,4.0,0,0,0,0,0,0,0,8,6.5
0,3,8.4,0,90,83,0,3,0,73.6,40.2,6.3,86.0,4.6,1,1,4,1,1,0,1,6,8.3
1,10,7.8,0,84,86,0,3,0,51.0,44.5,6.5,90.0,4.8,1,1,2,1,1,0,2,7,4.9
1,2,8.4,0,72,82,2,3,2,77.7,50.9,6.6,90.0,4.8,1,1,3,2,1,1,2,3,8.7
0,2,7.6,0,55,64,0,2,0,41.9,25.9,3.9,60.0,3.9,0,0,0,0,0,1,1,3,4.7
0,9,7.3,1,60,68,1,2,0,31.2,26.2,3.4,76.1,4.5,0,1,0,1,0,0,1,0,4.7
1,2,7.6,0,82,80,2,2,2,54.1,45.4,5.3,90.0,4.1,1,1,3,2,1,0,2,8,6.4
1,6,6.5,0,61,85,2,3,1,37.3,48.4,5.6,86.7,4.8,0,1,0,0,0,0,1,2,4.6
0,2,8.4,0,78,84,2,3,2,84.1,74.2,7.4,90.0,4.5,1,1,0,0,0,1,1,8,10.1
1,5,7.7,0,57,66,0,1,1,25.3,31.0,2.4,65.0,4.0,0,0,0,0,0,0,1,8,4.3
1,7,7.8,0,60,62,1,2,2,46.4,31.4,1.5,78.5,3.8,0,0,0,1,0,0,2,5,5.8
1,1,8.3,0,90,84,1,2,2,56.6,45.1,4.5,90.0,4.8,1,1,2,2,1,0,1,8,5.1
1,6,7.5,1,74,85,1,3,3,65.0,47.2,6.6,90.0,4.8,1,1,0,3,1,1,0,2,7.1
1,4,6.5,1,63,68,1,1,0,20.0,13.7,3.1,75.0,3.6,0,0,0,0,0,0,1,2,2.4
1,5,6.5,0,66,69,1,1,0,20.0,25.3,2.5,61.0,4.1,0,0,0,0,0,0,2,8,2.8
0,2,7.6,0,75,70,1,3,2,56.6,39.3,7.1,72.0,4.8,1,1,0,0,0,0,1,8,7.0
1,4,8.1,0,81,86,0,1,2,34.9,41.8,3.5,80.0,4.3,1,1,0,0,0,0,1,5,5.3
1,4,7.4,1,62,69,1,2,1,31.4,10.7,4.4,61.0,4.4,1,1,2,3,1,0,1,0,3.3
0,4,8.1,0,55,66,2,3,2,65.1,50.1,5.2,82.0,4.3,0,1,0,0,0,1,1,0,6.7
0,8,7.6,0,59,69,1,3,1,31.6,33.7,5.1,69.3,4.4,0,1,0,0,0,1,2,1,5.2
1,0,7.6,1,87,84,1,2,2,35.0,24.4,4.2,72.0,4.5,1,0,4,1,1,0,1,3,3.5
1,0,6.6,0,55,72,1,2,0,23.4,19.1,3.8,77.0,4.1,0,1,0,0,0,1,2,6,3.6
1,0,6.7,0,55,61,0,1,1,20.0,25.5,2.7,66.0,3.9,0,1,0,0,0,0,1,5,3.3
0,4,7.5,0,58,75,1,2,0,49.6,39.0,4.5,74.0,4.6,0,1,0,0,0,0,0,0,5.8
1,2,6.5,0,55,70,1,1,1,20.0,16.1,1.6,77.0,3.9,0,1,0,0,0,1,1,4,2.3
1,2,8.5,0,75,67,1,2,1,53.0,44.7,4.6,80.0,4.0,1,1,0,0,0,0,0,0,7.5
1,7,8.4,1,77,82,1,3,1,76.3,66.2,8.4,89.5,4.7,1,1,1,3,1,1,2,1,8.1
1,3,8.1,0,78,66,1,3,2,61.9,56.5,5.8,82.0,4.7,1,1,4,1,1,0,2,8,7.7
0,6,7.6,1,57,64,1,2,0,45.5,39.3,3.1,83.1,4.7,1,1,3,2,1,0,0,2,5.3
1,3,7.3,1,62,70,1,1,0,32.1,30.5,2.5,76.0,4.4,0,1,0,0,0,0,1,9,5.7
1,2,7.0,1,64,72,1,3,2,34.3,30.6,7.0,87.0,3.9,1,1,0,0,0,1,2,6,5.9
1,0,7.2,0,55,69,1,1,0,28.6,34.1,2.1,61.0,3.5,0,0,0,0,0,1,1,5,4.6
1,0,7.1,0,75,82,2,1,1,23.9,24.7,2.3,77.0,4.4,0,1,4,1,1,0,2,1,4.1
1,0,8.6,0,55,68,1,2,1,61.3,51.9,5.2,70.0,4.1,0,1,0,0,0,0,0,6,8.0
1,9,8.2,0,59,69,2,2,3,46.7,38.9,2.2,72.0,4.1,1,0,0,0,0,0,0,9,7.8
1,4,7.4,1,74,83,1,3,2,35.7,43.6,7.8,76.0,3.7,1,1,0,0,0,1,1,1,5.8
0,2,6.5,0,67,72,2,1,0,20.0,20.6,0.3,60.0,4.5,0,0,0,0,0,1,0,7,2.0
1,6,6.5,0,86,71,1,3,2,34.7,29.7,5.7,69.8,4.0,1,1,0,0,0,0,2,5,3.1
1,4,8.0,0,72,70,1,1,0,55.4,43.7,1.3,81.0,4.2,1,1,0,0,0,0,1,7,5.9
1,0,8.0,0,77,69,1,2,1,52.0,33.6,7.2,80.0,4.2,1,0,0,0,0,0,1,4,6.8
1,3,6.5,0,57,68,0,1,1,20.0,23.3,2.7,70.0,3.6,0,0,0,0,0,0,1,8,2.1
1,3,8.4,0,73,81,2,3,2,67.3,42.8,7.6,89.0,4.8,1,1,0,0,0,1,1,6,7.6
1,3,7.6,0,55,59,1,1,0,34.4,31.7,3.0,74.0,4.1,0,0,0,0,0,1,2,5,5.5
0,0,8.7,0,76,88,1,3,2,74.3,50.7,6.7,79.0,4.6,1,1,0,0,0,1,1,0,7.9
0,11,8.2,1,70,84,1,3,0,63.5,45.2,5.5,89.7,4.4,0,1,1,0,0,1,2,1,7.0
1,0,8.0,0,55,66,1,1,0,49.5,36.8,2.3,79.0,3.8,0,0,0,0,0,0,1,7,8.0
1,5,8.3,0,77,87,1,3,2,69.9,56.6,6.0,83.0,4.7,1,0,3,2,1,0,1,8,8.0
0,6,7.3,1,55,84,1,1,1,46.1,32.4,4.3,63.5,4.5,0,1,0,1,0,1,1,5,5.5
1,3,8.0,1,76,84,1,1,2,47.0,33.3,1.9,84.0,4.6,1,0,3,2,1,0,1,8,5.0
1,6,8.1,0,69,88,2,3,1,65.4,46.1,5.7,86.6,4.7,1,1,2,2,1,1,1,2,7.3
1,0,8.9,0,68,85,1,3,2,77.6,65.5,8.0,90.0,4.8,1,1,3,1,1,1,1,0,8.8
1,7,8.3,0,63,69,0,2,1,40.5,34.3,2.0,83.3,4.3,1,0,0,0,0,0,1,0,7.0
1,0,6.7,1,69,69,0,1,0,20.0,20.9,1.8,63.0,3.4,0,0,0,0,0,0,0,0,3.4
0,6,7.7,1,70,87,1,2,0,54.6,45.2,6.3,90.0,4.7,1,1,3,1,1,0,2,1,6.0
1,5,6.5,1,60,67,1,1,0,20.0,15.4,3.9,67.0,4.0,0,0,0,0,0,1,2,2,2.3
1,5,7.2,0,83,67,0,1,1,23.2,16.2,3.0,79.0,4.1,0,1,2,2,1,0,1,9,3.1
1,4,8.4,1,72,65,1,2,1,62.5,45.9,6.5,81.0,3.8,1,1,3,2,1,1,2,0,6.8
1,2,7.7,0,75,86,0,3,2,48.5,41.8,6.9,84.0,4.8,1,1,4,1,1,0,2,8,5.5
1,3,6.7,0,57,67,2,2,2,28.2,27.7,6.2,78.0,4.5,1,1,0,0,0,0,2,7,3.0
1,6,7.1,1,82,82,1,2,1,25.9,16.1,4.0,77.2,4.2,1,1,3,1,1,0,0,2,2.2
0,6,7.7,0,70,71,0,2,1,36.1,29.4,3.2,72.6,4.2,0,1,1,0,0,1,1,2,5.2
0,6,7.7,0,79,80,1,2,1,49.0,47.3,8.4,84.6,4.2,1,1,0,0,0,1,1,3,6.2
1,3,7.4,0,55,71,0,2,0,39.2,28.0,5.1,75.0,3.5,0,1,0,0,0,0,2,8,4.7
1,4,7.5,0,55,67,0,1,1,25.8,19.0,2.8,71.0,4.5,0,1,0,0,0,0,1,0,3.3
1,10,7.8,0,55,68,1,1,0,47.9,29.6,3.8,71.0,4.6,0,1,0,0,0,0,1,8,5.4
1,4,6.6,0,82,88,0,2,0,23.2,31.8,5.4,83.0,4.8,1,1,1,3,1,0,2,7,2.9
0,11,7.5,0,69,65,0,2,1,45.6,31.7,4.6,74.0,4.0,0,1,0,1,0,0,2,9,5.7
0,1,6.8,0,61,60,0,1,0,20.0,24.4,1.5,84.0,4.2,0,0,0,0,0,0,1,8,4.1
1,6,8.5,1,84,86,2,3,1,78.2,57.0,6.5,89.4,4.6,1,1,4,1,1,0,2,3,8.5
1,6,7.6,1,77,85,2,3,1,61.9,47.8,8.2,90.0,4.8,1,0,3,1,1,1,2,9,5.2
1,10,8.6,0,76,86,2,3,3,68.3,71.3,6.6,89.7,4.8,1,1,3,1,1,1,1,8,9.2
1,0,7.7,1,55,74,1,1,1,36.1,52.3,3.5,78.0,3.3,0,0,0,0,0,0,2,7,5.8
1,0,7.9,0,56,69,1,2,1,47.1,38.3,4.4,63.0,4.2,0,1,0,0,0,1,0,0,6.4
1,11,6.9,2,55,81,2,3,1,48.2,39.4,7.6,77.9,4.3,1,1,3,2,1,0,0,8,4.5
1,0,8.6,0,86,80,1,3,0,72.7,59.3,6.8,90.0,4.8,1,1,4,1,1,0,2,0,9.7
1,5,6.5,0,58,62,0,1,1,20.0,30.0,2.7,75.0,3.4,0,0,0,0,0,0,1,8,3.9
1,4,7.5,0,71,67,2,2,3,48.8,29.8,5.7,70.0,4.2,1,1,1,3,1,0,1,2,6.1
1,2,7.7,0,58,61,1,1,1,39.4,22.4,2.5,66.0,4.1,0,1,0,0,0,0,2,8,3.9
1,4,8.5,0,78,87,2,3,0,79.6,55.3,7.8,89.0,4.2,1,1,3,1,1,1,1,4,7.1
1,5,7.9,0,73,79,0,3,2,57.1,53.7,7.2,83.0,4.8,1,1,4,1,1,0,1,7,7.1
1,11,7.7,0,80,68,0,2,0,52.5,48.2,5.7,85.0,4.8,1,1,4,1,1,1,0,8,5.7
1,9,8.4,1,86,87,2,3,1,69.8,56.0,5.7,89.9,4.5,1,1,2,3,1,0,1,3,8.1
1,3,8.4,0,89,79,2,3,2,73.8,77.9,8.0,85.0,4.5,1,1,4,1,1,1,1,8,8.9
1,11,6.8,0,55,67,0,1,1,32.1,14.0,2.3,75.5,4.2,0,1,0,0,0,0,0,6,3.2
1,4,7.7,0,65,61,1,3,1,52.9,52.2,5.9,76.0,4.0,0,0,0,0,0,1,2,0,7.1
1,3,7.4,0,76,74,1,2,1,36.4,39.1,4.3,74.0,3.9,0,1,0,0,0,0,1,6,5.1
1,0,7.6,2,56,68,0,1,0,30.1,25.6,2.7,72.0,4.0,0,0,0,0,0,1,1,0,4.7
0,1,6.7,2,63,68,0,1,0,20.0,28.8,3.0,77.0,4.1,0,0,0,0,0,0,0,8,4.3
1,4,8.4,0,80,78,1,3,2,59.7,48.4,6.4,90.0,4.8,1,1,2,2,1,1,1,8,7.2
1,2,8.1,0,65,63,0,1,0,47.0,49.3,2.3,70.0,3.6,1,1,0,0,0,1,1,8,6.2
1,2,8.2,0,75,81,1,2,2,61.9,53.0,3.2,77.0,4.4,1,1,3,1,1,1,1,0,6.9
1,5,7.8,0,79,69,2,2,2,59.5,46.0,4.3,80.0,4.8,1,1,0,0,0,0,1,8,7.6
1,4,7.6,0,55,82,2,3,2,53.4,45.0,6.7,79.0,4.7,1,1,3,1,1,1,1,3,5.6
1,8,6.5,2,82,68,2,3,0,22.9,20.4,8.6,80.2,4.3,1,1,1,1,0,0,0,1,2.9
1,4,7.5,1,76,70,1,1,0,40.1,36.4,2.4,82.0,4.1,0,0,0,0,0,1,0,0,6.5
1,2,7.5,1,72,86,1,1,1,32.6,21.6,4.5,77.0,4.5,1,1,2,3,1,0,1,9,4.5
1,4,7.7,0,55,63,1,1,1,38.2,43.8,2.2,89.0,4.4,0,0,0,0,0,1,0,4,6.3
0,4,6.5,0,59,66,1,2,0,27.6,15.9,2.1,70.0,3.8,0,1,0,0,0,0,0,2,2.0
1,4,7.5,1,55,64,1,1,1,35.7,20.7,0.2,60.0,4.1,0,0,0,0,0,0,0,2,4.0
0,2,8.5,0,76,84,1,3,2,69.5,55.2,8.0,90.0,4.3,1,1,3,1,1,1,2,9,8.5
1,3,8.4,0,63,60,1,1,1,59.8,54.2,2.2,69.0,4.1,1,1,0,0,0,0,1,9,7.3
1,2,8.6,0,55,70,1,3,0,71.4,57.0,8.7,90.0,4.8,1,1,4,1,1,1,1,0,7.7
1,7,6.6,1,56,65,0,1,1,22.2,18.7,3.0,69.8,4.3,0,1,1,0,0,0,1,5,2.0
0,7,7.8,2,70,83,1,3,1,66.6,60.0,8.7,90.0,4.7,1,1,3,2,1,1,1,7,7.5
1,9,6.7,0,57,71,1,0,0,21.0,19.8,3.4,66.4,4.3,1,0,0,1,0,0,1,2,2.6
1,10,8.4,0,81,88,1,3,1,74.7,62.8,8.2,90.0,4.8,1,1,3,1,1,1,1,8,10.0
1,5,8.3,0,74,74,0,3,3,60.7,63.4,6.3,89.0,4.8,1,1,3,1,1,1,1,7,7.0
0,2,8.6,0,88,80,1,3,2,66.2,55.3,6.2,79.0,4.3,1,1,2,2,1,0,1,4,7.3
1,3,8.3,0,85,84,0,3,2,57.2,54.2,7.2,89.0,4.5,1,1,2,2,1,1,0,0,8.1
1,2,8.0,0,64,85,1,3,2,64.2,49.0,7.5,81.0,4.8,1,0,0,0,0,1,2,8,7.8
1,2,8.5,0,78,82,1,3,1,74.1,66.6,6.2,89.0,4.6,1,1,0,0,0,1,2,6,8.8
1,0,8.4,0,65,72,1,2,2,52.4,47.1,4.1,77.0,4.1,0,0,0,0,0,1,0,7,7.2
1,6,8.4,1,75,88,2,3,3,73.3,49.2,8.1,90.0,4.7,1,1,4,2,1,1,2,0,8.2
0,6,6.5,1,69,66,1,1,0,26.2,24.5,4.8,71.8,4.0,0,1,1,0,0,0,0,1,2.9
1,8,7.8,0,74,81,2,3,0,56.8,47.7,6.8,78.5,4.8,1,0,3,3,1,0,0,3,6.7
1,0,7.6,1,79,82,1,3,0,53.7,48.2,7.6,81.0,4.7,1,1,2,2,1,1,0,0,4.9
1,0,7.9,0,81,88,1,3,2,61.4,50.6,8.1,90.0,4.6,1,1,1,3,1,1,2,2,6.6
0,4,7.9,0,70,83,2,3,2,63.8,44.4,6.4,90.0,4.8,1,1,4,1,1,0,1,2,7.4
1,0,8.5,0,78,81,2,3,2,77.7,57.8,6.2,90.0,4.8,1,0,2,2,1,1,2,1,8.2
0,6,7.6,1,71,62,0,1,0,48.7,39.0,4.7,82.0,4.1,0,1,0,0,0,1,1,6,6.9
0,4,8.4,0,77,82,1,3,2,68.5,60.1,6.5,90.0,4.1,1,1,2,2,1,0,1,3,8.4
1,6,7.8,0,55,71,1,1,2,44.9,36.8,3.5,67.8,3.9,0,0,0,0,0,0,1,2,6.6
1,11,7.8,1,60,59,1,1,0,39.9,24.9,4.0,73.1,4.6,1,1,0,0,0,1,0,5,4.5
1,6,7.5,0,56,81,2,2,1,45.2,51.8,5.1,78.1,4.2,1,1,0,1,0,1,1,0,7.1
0,4,8.6,0,55,78,0,3,2,57.4,63.7,5.4,85.0,4.6,0,1,3,2,1,0,1,4,9.1
0,0,7.3,0,60,69,0,2,0,34.3,25.7,4.8,83.0,4.5,0,0,0,0,0,1,1,2,4.9
1,6,7.6,0,85,86,1,1,2,50.8,44.4,5.7,82.7,3.8,1,0,3,2,1,0,0,9,4.4
1,6,8.5,1,73,83,2,3,1,76.9,68.5,5.9,88.5,4.7,1,1,3,1,1,1,2,4,8.6
1,7,8.4,0,75,69,1,0,0,51.3,37.5,1.9,83.1,4.7,0,0,0,0,0,0,1,5,6.3
1,4,6.5,0,75,73,1,2,1,26.3,23.5,3.5,89.0,4.6,0,1,0,0,0,0,1,0,3.4
0,8,6.5,1,60,66,1,1,0,20.0,16.4,2.6,79.2,4.1,0,0,1,3,1,0,1,8,2.3
1,3,8.7,0,89,83,0,3,1,70.6,49.5,6.6,90.0,4.6,1,1,4,1,1,1,1,8,6.9
1,6,6.6,0,60,87,2,3,0,35.5,45.6,8.6,84.1,4.6,0,1,0,0,0,0,1,2,4.4
0,5,8.3,0,75,80,2,3,2,73.1,57.3,6.5,90.0,4.8,1,0,2,2,1,1,0,8,7.4
1,2,7.0,0,79,82,2,3,2,43.7,54.0,6.5,84.0,4.8,1,1,1,3,1,1,2,0,6.1
0,10,7.8,0,55,68,0,2,0,40.6,35.2,4.4,79.4,4.3,0,1,1,0,0,0,0,0,5.9
0,7,8.2,0,68,86,1,1,2,44.8,22.3,1.1,89.9,4.3,1,0,0,0,0,0,0,0,5.1
1,7,6.5,0,72,70,1,2,0,34.1,24.5,2.8,70.9,4.4,0,1,2,3,1,0,0,3,3.1
1,4,7.1,1,62,86,2,2,2,36.9,45.7,4.1,83.0,4.8,1,1,2,2,1,0,1,5,4.3
1,6,8.4,1,82,87,0,3,3,64.2,48.4,7.1,90.0,4.7,1,1,2,1,1,0,1,6,6.8
1,4,7.6,1,81,66,1,3,1,54.8,52.4,8.1,75.0,3.9,1,1,3,2,1,0,2,0,7.8
0,10,8.2,0,70,72,1,2,1,44.0,34.4,4.4,80.5,4.4,1,1,0,1,0,0,1,2,6.5
1,8,8.2,0,56,85,0,2,1,48.3,29.8,2.8,80.0,4.8,1,1,1,2,1,0,1,9,8.3
1,6,7.9,1,55,67,0,2,2,49.1,43.7,7.2,83.5,4.4,1,1,0,0,0,0,1,3,7.7
1,6,8.3,0,62,67,1,2,3,66.0,48.6,8.3,84.7,4.3,1,1,0,0,0,1,1,2,9.3
1,4,7.4,0,79,71,2,3,2,53.4,42.3,4.6,83.0,4.2,0,1,0,0,0,0,2,5,5.1
1,4,7.8,0,80,63,1,2,0,35.5,14.4,6.4,76.0,4.4,1,1,0,0,0,0,2,0,5.3
1,3,8.4,0,65,86,2,2,0,70.5,58.5,4.1,79.0,4.6,0,1,3,2,1,1,2,6,8.2
1,7,7.5,0,55,60,1,1,2,49.3,36.8,4.2,62.5,4.4,0,0,0,0,0,0,2,4,5.6
1,11,8.5,0,59,71,2,3,0,82.2,65.1,7.0,70.3,3.9,1,1,0,1,0,0,2,1,10.5
0,1,8.4,0,78,69,2,3,2,68.2,63.3,7.5,85.0,4.1,1,0,3,1,1,1,1,8,8.2
1,8,8.2,1,81,88,2,3,0,54.2,45.6,4.2,85.1,4.7,1,1,1,3,1,0,1,8,7.7
0,2,7.5,1,59,69,1,1,0,32.3,36.2,1.1,64.0,4.3,0,0,0,0,0,1,2,4,6.6
1,4,7.2,1,61,73,1,1,1,31.5,19.1,3.4,72.0,4.5,1,1,0,0,0,1,0,3,3.1
1,0,7.5,0,79,81,1,3,2,52.9,51.8,5.3,78.0,4.7,1,1,0,0,0,1,1,1,5.4
1,5,8.2,0,81,87,2,3,2,67.9,43.9,6.3,90.0,4.8,1,1,1,3,1,1,2,3,6.9
1,9,7.0,0,63,63,0,3,0,20.1,25.0,5.7,79.1,4.1,0,1,1,0,0,0,1,7,2.4
1,0,7.4,0,57,71,1,1,0,38.1,42.8,2.4,79.0,3.6,0,1,0,0,0,0,0,7,5.1
1,11,8.0,0,68,69,1,2,0,55.4,33.1,4.0,88.8,3.6,0,1,0,0,0,1,1,7,7.7
1,4,8.2,0,71,88,1,2,2,52.8,45.9,5.0,90.0,4.8,1,1,2,2,1,1,0,4,5.0
1,5,7.5,0,71,80,2,3,1,56.1,36.3,5.7,86.0,4.4,1,1,1,3,1,0,1,8,5.7
1,4,8.1,0,85,83,1,3,2,72.9,62.9,6.7,90.0,4.7,1,1,4,1,1,1,1,5,8.0
0,0,8.1,0,85,80,2,3,2,70.1,54.8,8.5,87.0,4.6,1,1,3,1,1,1,1,5,7.4
0,5,7.7,0,72,88,2,2,0,55.6,50.9,5.2,73.0,4.3,1,1,3,2,1,1,1,8,6.3
0,3,6.7,0,67,60,0,1,0,20.0,13.5,1.7,71.0,4.3,0,0,0,0,0,0,0,1,2.9
0,11,8.1,0,55,73,2,1,0,48.0,33.4,2.0,80.9,4.4,0,0,0,1,0,0,1,1,6.2
1,4,8.2,0,83,82,2,3,2,60.4,50.7,5.7,82.0,4.8,0,1,2,2,1,1,0,6,7.3
0,3,6.5,0,58,66,0,1,1,20.0,13.8,2.7,63.0,3.7,0,0,0,0,0,1,1,1,2.4
0,9,6.5,2,65,82,2,1,2,20.0,18.3,3.8,86.6,4.7,1,0,3,1,1,1,1,8,2.0
1,1,7.3,0,55,65,1,1,0,35.2,8.4,1.3,77.0,3.7,0,0,0,0,0,0,0,1,3.1
1,1,7.9,1,79,88,0,3,2,47.8,49.9,5.3,90.0,4.5,1,0,4,1,1,0,2,3,7.2
0,5,7.3,0,55,70,1,2,0,35.1,30.8,3.7,70.0,3.8,0,0,0,0,0,0,1,8,4.2
1,5,6.8,1,71,87,1,3,2,43.2,41.3,9.3,79.0,4.4,1,1,2,2,1,1,1,8,2.5
1,3,8.4,0,80,80,2,3,2,72.6,61.7,7.5,90.0,4.8,1,1,3,1,1,0,1,8,8.8
0,2,8.2,0,70,84,1,3,0,60.7,43.6,5.6,90.0,4.4,0,1,0,0,0,1,0,7,8.3
1,1,6.5,0,62,72,1,1,2,20.0,12.2,4.2,85.0,4.3,1,0,1,3,1,0,0,8,2.0
1,7,7.8,1,55,66,1,1,1,38.9,40.3,0.0,67.3,4.1,0,0,0,0,0,0,2,2,5.7
1,3,8.2,0,70,84,0,3,2,63.5,56.7,7.3,90.0,4.8,1,1,4,1,1,1,1,2,6.8
0,6,7.4,0,55,71,1,2,1,50.7,43.3,6.5,77.3,4.5,0,1,0,0,0,1,2,2,6.2
1,7,8.9,0,65,74,2,2,2,90.0,71.7,7.5,82.7,4.4,1,1,3,3,1,1,1,3,10.3
1,1,6.5,0,80,82,1,1,3,20.0,5.5,2.8,87.0,4.2,1,1,2,2,1,0,2,9,2.0
1,0,7.6,0,74,65,0,1,0,32.0,31.4,3.7,76.0,3.5,1,1,2,2,1,0,2,7,4.7
1,5,6.5,0,69,62,0,3,1,24.4,10.2,7.0,75.0,4.3,0,0,1,3,1,0,0,8,2.0
0,7,7.5,0,85,64,1,0,2,32.2,25.2,3.8,83.3,4.2,1,0,1,0,0,0,0,5,5.5
0,0,6.5,2,55,60,1,2,0,27.6,27.9,3.9,80.0,3.8,0,1,0,0,0,0,1,5,2.6
1,7,6.5,1,56,68,1,1,0,23.8,24.1,2.2,68.0,4.5,0,1,1,0,0,0,1,8,2.8
0,10,7.5,0,55,66,2,2,1,36.7,25.0,1.3,69.3,3.9,0,0,0,0,0,0,1,7,5.8
1,2,7.5,0,55,63,1,1,1,30.6,23.9,0.8,70.0,3.8,0,0,0,0,0,0,0,8,4.2
1,2,7.9,0,62,65,1,3,1,51.3,60.2,4.1,75.0,3.7,0,1,0,0,0,1,2,8,6.9
1,0,7.6,2,55,69,1,2,1,42.3,34.4,4.4,76.0,3.9,0,0,0,0,0,0,0,1,4.3
0,0,6.6,1,62,65,1,1,0,20.0,22.6,2.6,75.0,4.8,0,0,0,0,0,0,2,0,3.1
0,8,7.9,0,74,88,0,3,2,46.9,35.1,6.1,80.5,4.3,1,1,0,0,0,0,1,4,6.9
0,3,7.6,0,81,83,0,2,0,35.3,37.2,6.7,85.0,4.2,1,1,1,3,1,1,0,8,3.9
1,6,7.7,1,74,88,1,3,1,49.0,46.3,4.8,78.3,4.7,1,1,1,0,0,0,2,2,6.9
0,0,7.9,1,55,67,1,1,0,45.1,43.1,2.7,61.0,4.4,1,1,0,0,0,0,1,3,6.3
0,0,8.4,0,75,80,2,3,2,71.6,58.2,8.0,90.0,4.5,1,1,2,2,1,1,2,2,7.4
1,0,7.6,0,64,68,1,2,2,41.1,32.3,5.0,79.0,4.2,0,1,0,0,0,1,2,4,4.5
1,4,8.7,0,60,65,2,1,1,63.6,41.2,4.1,63.0,4.0,1,1,0,0,0,0,0,4,7.6
1,0,7.5,0,65,71,1,2,1,39.0,31.7,4.1,79.0,4.6,0,1,0,0,0,0,0,0,6.1
0,0,7.8,1,84,76,2,3,2,69.8,56.8,5.6,82.0,4.6,1,0,0,0,0,1,0,5,6.8
0,11,8.1,0,68,63,1,2,1,56.9,42.5,4.5,83.8,4.5,1,1,1,3,1,1,0,7,6.6
1,4,7.6,0,82,65,1,2,1,48.8,40.9,3.8,80.0,4.8,0,1,0,0,0,0,2,7,5.3
1,2,8.3,0,79,80,1,3,2,56.2,41.7,8.1,90.0,4.8,1,1,4,1,1,0,2,9,6.6
0,8,8.2,1,74,80,2,3,1,53.2,44.3,5.3,90.0,3.6,1,1,3,2,1,1,1,6,6.2
1,0,7.5,0,57,84,1,3,1,43.5,42.6,6.9,87.0,4.5,1,1,3,1,1,0,2,1,4.3
1,9,8.3,0,80,83,1,3,2,70.1,54.9,7.3,87.1,4.6,1,1,1,0,0,1,2,8,10.1
1,1,7.4,0,76,82,2,3,2,52.4,45.3,9.5,78.0,4.3,1,1,0,0,0,1,0,6,6.2
1,5,7.5,1,65,71,1,1,0,26.2,23.7,1.9,67.0,3.4,0,0,0,0,0,0,0,8,5.9
0,3,6.5,1,56,64,1,1,1,20.0,15.3,0.8,75.0,3.8,0,1,0,0,0,0,2,6,2.2
1,2,7.5,0,55,70,0,2,2,25.9,23.9,3.1,80.0,4.8,0,1,2,3,1,0,2,6,3.4
1,0,8.7,0,71,78,2,3,0,71.1,56.7,6.0,80.0,4.1,1,1,1,3,1,1,0,2,8.8
0,6,7.4,0,68,68,1,1,0,50.8,47.6,5.4,83.2,4.0,1,1,1,1,0,1,1,2,7.0
1,5,6.5,0,80,64,1,2,0,29.3,21.1,3.9,74.0,4.0,0,1,3,2,1,0,0,0,3.1
0,0,7.4,0,60,61,1,1,0,37.4,53.4,2.2,67.0,4.4,0,1,0,0,0,0,1,9,4.3
1,2,8.3,0,64,74,1,1,0,54.4,47.8,3.3,88.0,4.1,0,0,0,0,0,0,1,8,7.5
0,7,6.7,1,75,70,1,1,1,21.7,7.6,2.3,82.8,3.7,1,1,0,1,0,0,0,7,2.0
1,2,7.7,0,62,63,1,2,0,44.0,48.3,3.6,68.0,3.9,0,1,0,0,0,0,2,0,5.9
1,7,6.7,1,56,62,1,2,1,22.6,19.2,2.9,70.0,3.4,0,0,0,0,0,0,1,1,3.0
1,1,7.7,0,55,65,0,1,0,38.3,17.3,1.9,73.0,3.6,0,0,0,0,0,0,1,6,4.5
1,9,8.6,0,68,80,2,3,1,81.5,46.8,6.4,75.7,4.8,1,1,0,0,0,1,1,8,9.0
0,0,7.6,1,83,74,0,3,0,50.9,43.2,7.4,80.0,4.4,1,1,0,0,0,0,1,1,5.1
1,6,8.5,0,81,81,2,3,0,80.5,64.9,6.9,90.0,4.4,1,1,4,1,1,1,1,5,9.4
0,8,7.6,1,67,69,2,3,0,40.5,34.7,3.4,73.5,4.1,0,1,0,0,0,0,0,4,6.2
0,3,8.2,0,72,69,1,1,0,41.0,33.6,2.3,79.0,4.2,0,0,0,0,0,1,2,6,6.1
0,11,7.4,0,57,77,1,1,1,33.1,18.0,1.9,80.0,4.5,0,1,0,1,0,0,1,6,5.7
1,4,8.5,0,81,85,2,3,2,66.0,59.7,7.7,77.0,4.5,1,1,3,2,1,1,1,9,6.7
1,4,7.7,1,86,79,2,3,2,69.8,67.8,5.8,89.0,4.8,1,1,2,3,1,0,2,9,7.8
1,9,6.9,0,68,65,1,3,1,31.3,21.4,4.6,79.0,4.5,0,1,3,3,1,0,2,8,3.8
1,2,6.5,1,60,59,0,1,0,20.0,24.0,3.1,72.0,3.6,0,0,0,0,0,1,0,6,2.5
1,7,7.5,2,83,61,0,2,0,38.8,37.2,3.1,85.9,4.3,0,0,0,1,0,0,0,7,4.4
1,2,7.5,0,56,66,1,2,0,39.5,32.1,2.9,75.0,3.9,0,0,0,0,0,0,1,8,5.0
1,6,8.7,0,80,66,0,3,2,66.9,60.6,7.4,82.8,4.5,1,1,3,3,1,1,0,2,7.5
1,6,7.7,0,79,66,1,2,0,55.7,47.3,5.6,81.4,4.7,1,1,2,3,1,1,2,0,6.3
0,4,6.8,1,55,68,1,2,0,21.7,16.0,4.2,67.0,3.2,0,0,0,0,0,0,1,1,3.0
0,10,8.4,1,63,67,1,2,2,46.5,35.9,2.2,73.4,4.7,1,0,1,0,0,0,0,8,5.6
0,4,8.0,0,78,83,1,1,0,44.4,31.1,3.4,75.0,3.6,1,1,1,3,1,1,1,0,4.1
1,4,8.3,0,82,86,2,3,2,69.6,63.6,8.1,90.0,4.8,1,1,3,1,1,0,1,5,7.2
1,2,8.2,0,75,73,1,3,0,66.1,42.6,7.0,68.0,3.8,1,1,2,2,1,1,1,8,7.6
1,8,6.7,1,64,64,1,3,2,35.6,20.8,6.4,84.5,4.2,1,1,1,0,0,1,0,8,3.0
1,5,6.7,1,58,71,1,1,0,23.9,16.9,2.7,85.0,4.0,0,1,0,0,0,0,2,8,2.6
1,0,7.8,0,69,80,1,2,0,47.1,42.7,5.6,77.0,4.4,1,1,0,0,0,1,2,0,6.1
0,2,8.1,0,89,85,2,3,2,63.7,55.9,7.1,90.0,4.8,1,1,3,2,1,1,2,8,5.9
0,2,8.7,0,75,86,2,3,2,80.3,66.5,6.5,90.0,4.6,1,1,2,2,1,1,1,1,9.5
0,11,7.5,0,62,74,0,1,1,22.6,41.5,1.5,78.4,4.3,0,0,0,0,0,0,1,7,5.1
1,5,7.4,0,59,69,1,1,1,21.8,16.7,2.5,77.0,3.9,0,1,0,0,0,0,2,4,3.2
1,9,7.4,0,60,60,0,0,1,25.8,33.6,0.8,67.3,4.3,0,1,1,0,0,0,1,8,4.6
0,11,8.3,0,83,85,1,3,2,62.3,64.5,8.0,74.5,3.8,1,1,1,3,1,1,1,8,7.4
0,5,7.8,1,75,85,1,3,1,60.6,35.7,7.9,89.0,4.8,1,1,4,1,1,0,2,8,5.7
1,2,7.9,0,68,82,2,3,2,69.0,42.9,7.1,79.0,4.3,1,0,1,3,1,1,2,2,7.2
0,5,7.9,0,79,63,0,2,0,33.7,14.1,5.3,75.0,4.3,0,0,0,0,0,0,2,8,4.8
1,5,6.5,1,66,61,0,1,0,20.0,30.1,3.0,74.0,4.1,1,0,0,0,0,0,1,1,2.2
1,4,7.5,0,65,65,2,3,0,56.1,43.0,6.6,81.0,3.9,1,1,0,0,0,0,1,1,7.0
0,10,8.4,0,56,62,2,1,0,47.4,33.4,2.0,79.5,4.6,1,0,0,1,0,1,1,8,6.1
0,9,8.0,1,69,86,2,3,1,62.6,66.0,5.4,90.0,4.8,1,1,4,3,1,1,1,0,8.0
0,7,7.8,0,71,88,1,2,1,56.5,47.5,6.1,83.4,4.2,0,1,0,0,0,0,0,4,5.2
1,0,8.1,0,78,83,2,3,2,60.1,53.3,6.4,90.0,4.8,1,1,3,2,1,0,2,1,7.4
0,10,8.3,0,75,80,1,3,2,57.2,49.1,5.3,90.0,3.6,1,1,4,2,1,0,1,8,6.8
1,3,6.6,2,62,72,0,1,0,20.0,19.6,3.0,78.0,4.8,0,0,0,0,0,1,1,8,2.9
0,7,7.4,1,78,65,0,2,0,44.2,25.1,4.5,81.4,4.7,0,0,0,0,0,1,2,7,5.8
1,10,7.5,1,55,72,1,1,0,40.3,43.6,0.5,81.5,3.8,0,1,1,3,1,0,2,7,3.7
0,9,7.6,1,59,73,1,2,0,48.6,39.7,7.0,70.3,4.8,0,1,0,0,0,0,0,6,6.6
1,2,8.1,0,57,68,2,3,2,66.3,39.2,6.4,78.0,4.5,0,1,2,2,1,1,1,8,6.6
1,2,8.4,0,66,87,1,1,2,54.3,49.0,1.1,90.0,4.8,0,1,2,2,1,1,1,4,7.5
1,2,6.6,0,79,66,0,3,0,25.5,30.5,5.4,86.0,4.8,0,0,0,0,0,1,0,4,3.4
0,5,8.4,0,75,87,2,3,2,74.8,60.8,8.0,89.0,4.5,1,1,4,1,1,1,0,2,8.3
1,0,6.7,2,87,67,1,3,1,38.3,38.4,6.7,88.0,4.3,1,0,0,0,0,0,1,2,5.0
1,0,7.7,0,72,79,1,2,0,43.1,32.9,3.9,86.0,4.5,0,1,3,2,1,1,2,4,3.2
0,3,8.5,0,72,82,1,3,1,65.0,59.5,7.6,84.0,3.9,1,1,2,2,1,1,2,4,7.4
1,3,7.5,0,55,64,0,1,1,40.7,40.6,2.5,72.0,4.6,1,1,0,0,0,0,1,0,4.3
1,3,7.2,0,71,83,0,2,0,35.6,41.2,5.0,69.0,4.1,1,1,0,0,0,1,1,7,6.4
0,2,8.8,0,61,67,1,2,0,66.8,53.8,4.4,76.0,4.2,1,0,0,0,0,0,0,8,8.8
1,3,6.8,0,62,69,1,2,2,20.0,28.8,4.6,70.0,4.0,1,1,0,0,0,1,2,8,3.4
1,2,8.6,0,80,87,1,2,2,63.6,47.1,4.7,90.0,4.8,1,1,3,1,1,0,2,0,7.6
0,10,6.7,0,61,65,1,1,0,21.8,19.0,3.8,69.5,3.7,1,0,0,1,0,0,2,8,2.5
1,3,7.6,0,58,74,1,2,0,43.9,35.6,4.7,74.0,3.7,0,1,1,3,1,0,1,7,4.8
1,4,8.0,1,76,88,2,3,2,62.0,43.7,6.9,90.0,4.8,1,1,2,2,1,0,1,5,6.5
1,3,7.4,0,80,70,0,2,2,30.1,49.9,6.3,78.0,3.8,0,1,0,0,0,1,1,7,5.6
0,8,8.0,0,83,67,2,2,2,45.6,41.0,4.2,83.0,4.1,1,0,3,1,1,1,1,8,4.9
1,6,8.7,1,79,80,0,3,2,80.8,58.9,7.4,86.1,4.8,1,1,3,2,1,1,1,4,7.3
1,0,7.5,0,55,67,1,1,0,36.2,17.8,1.8,70.0,4.5,0,0,0,0,0,0,0,9,6.2
1,0,7.6,2,60,71,0,1,0,31.7,19.7,2.1,80.0,3.9,0,0,0,0,0,1,0,7,3.7
1,2,8.5,0,79,85,1,3,0,64.2,58.8,6.9,85.0,4.2,1,0,0,0,0,1,1,5,8.5
1,2,8.4,0,69,87,1,3,2,64.1,56.4,7.9,90.0,4.8,1,1,3,2,1,1,2,3,7.8
1,2,8.0,0,55,71,1,1,1,51.4,49.8,0.8,77.0,4.7,0,1,0,0,0,1,2,0,7.9
0,9,7.4,0,55,67,2,2,0,52.2,35.8,5.3,66.0,3.9,0,0,0,0,0,0,2,7,4.8
0,5,7.4,0,63,73,0,1,0,21.4,38.9,1.3,79.0,4.3,0,0,0,0,0,0,0,8,4.3
1,7,8.3,1,60,79,1,1,1,59.9,52.3,3.8,80.0,4.1,1,0,0,0,0,0,2,6,8.6
1,4,8.5,0,80,70,1,3,1,80.0,52.4,8.3,82.0,4.7,1,1,3,1,1,0,1,0,9.3
0,4,8.0,0,59,72,1,2,0,49.1,41.0,5.1,85.0,4.3,0,1,0,0,0,1,0,6,5.9
0,5,6.5,2,75,72,2,3,2,36.0,37.9,6.2,80.0,4.2,0,1,0,0,0,1,1,8,4.5
1,4,8.9,0,64,74,2,3,2,87.5,72.8,7.8,80.0,4.4,1,1,3,2,1,1,0,0,9.4
0,7,8.2,0,79,86,2,3,2,65.5,61.6,5.9,88.1,4.6,1,1,4,2,1,1,2,6,7.6
1,4,7.2,0,79,74,1,2,1,33.5,28.4,4.3,75.0,4.6,1,1,0,0,0,0,2,7,6.1
0,2,7.8,0,70,67,2,2,0,56.4,44.0,4.8,69.0,3.7,0,0,0,0,0,1,1,2,6.0
0,4,7.2,0,74,71,0,2,1,30.6,30.6,3.2,60.0,3.6,0,0,0,0,0,0,1,5,4.3
1,0,6.5,2,76,81,2,3,2,39.3,42.2,4.9,86.0,4.4,1,1,0,0,0,1,1,5,3.6
1,0,8.2,0,71,87,1,1,2,49.2,34.3,2.7,90.0,4.8,1,1,2,3,1,1,0,5,6.2
1,9,8.0,0,87,80,1,3,2,59.5,43.2,6.0,89.3,4.8,1,1,1,2,1,1,1,8,7.1
1,5,8.4,0,78,70,1,1,2,45.5,34.8,3.3,87.0,4.1,0,0,0,0,0,0,2,8,6.5
1,2,7.9,0,82,87,0,3,1,49.7,29.3,5.3,90.0,4.4,1,1,3,2,1,0,2,2,4.9
1,2,7.9,0,74,80,2,3,2,67.4,71.2,7.4,90.0,4.8,1,1,3,2,1,0,0,6,7.0
0,3,6.9,0,70,66,1,2,1,40.1,28.6,5.4,68.0,3.8,1,1,0,0,0,1,1,8,3.7
1,2,6.5,1,66,70,1,2,2,20.0,23.0,4.9,75.0,4.1,1,1,1,3,1,0,0,6,2.0
0,3,8.1,0,88,84,1,3,2,69.9,48.4,7.7,86.0,4.6,1,1,2,2,1,0,0,8,7.6
1,7,6.6,1,71,71,0,1,1,21.4,13.9,3.3,88.5,4.1,0,1,0,0,0,0,0,4,2.6
0,8,7.0,0,61,58,0,0,1,21.6,31.4,2.7,69.8,4.0,0,0,0,1,0,0,0,8,5.0
1,0,6.8,1,61,71,1,1,0,20.0,9.6,1.5,67.0,4.1,1,0,0,0,0,0,1,1,2.7
1,8,6.7,1,56,82,1,3,0,25.2,34.7,3.2,89.1,4.7,0,1,0,0,0,1,1,9,4.5
0,5,8.3,0,78,79,2,3,0,56.1,49.9,7.3,90.0,4.6,1,0,1,3,1,1,2,8,6.6
0,4,8.4,0,72,61,2,3,2,66.2,44.7,6.2,86.0,4.4,1,1,3,2,1,0,1,0,7.4
1,2,8.0,0,83,83,2,3,0,64.9,61.2,6.0,90.0,4.3,0,1,2,2,1,0,0,6,7.1
1,0,7.8,0,55,69,0,1,2,29.9,25.3,2.9,76.0,4.3,1,0,0,0,0,0,2,8,5.9
1,5,7.6,0,79,67,1,1,2,42.6,38.9,3.4,87.0,4.1,1,1,3,2,1,0,2,8,6.6
1,2,6.5,2,86,72,0,3,1,23.6,19.3,6.7,67.0,3.5,1,1,1,3,1,1,0,8,3.4
1,4,7.9,0,76,63,0,1,1,36.0,24.8,2.2,69.0,3.6,1,1,0,0,0,0,1,3,4.3
1,11,6.8,0,55,61,1,3,0,26.8,37.8,6.1,66.3,3.6,1,1,3,2,1,0,0,5,3.8
1,0,8.3,1,77,82,2,3,2,70.3,40.9,7.8,84.0,4.8,1,1,2,2,1,1,2,4,8.2
1,11,7.7,0,79,71,2,3,1,54.7,50.2,7.4,75.0,4.5,1,1,1,0,0,1,1,5,8.0
1,2,6.9,1,82,85,2,1,2,23.1,22.1,3.4,90.0,4.8,1,1,1,3,1,0,0,6,3.1
1,0,8.4,0,83,80,2,3,2,81.6,62.9,7.1,89.0,4.1,1,1,2,2,1,1,2,0,10.1
1,3,7.8,0,70,84,2,3,2,50.9,47.2,5.5,90.0,4.7,1,1,3,2,1,0,2,6,6.1
1,4,8.2,0,55,70,1,2,1,57.9,51.1,3.6,79.0,3.8,1,1,0,0,0,1,0,3,7.8
1,0,7.8,1,71,83,1,1,2,34.8,37.8,2.6,90.0,4.0,1,1,0,0,0,1,1,9,5.3
1,6,7.7,2,56,73,1,2,0,35.8,36.3,4.5,71.6,4.8,1,1,0,0,0,0,1,0,4.7
0,10,8.0,1,77,66,0,1,0,32.1,43.9,1.8,77.5,4.5,0,1,0,0,0,1,0,1,7.7
0,5,7.2,1,79,82,2,3,0,52.7,52.2,4.2,85.0,4.8,0,1,0,0,0,0,1,9,5.1
1,0,8.0,0,57,61,1,1,3,41.0,42.4,3.3,84.0,4.0,0,1,0,0,0,0,2,3,7.1
1,4,8.4,0,75,87,1,3,2,61.0,48.4,7.3,90.0,4.8,1,1,3,2,1,1,2,7,6.7
0,7,7.5,0,72,67,1,3,2,50.9,43.5,8.4,87.2,4.8,1,1,2,2,1,1,2,6,5.9
1,1,7.7,0,56,59,1,2,0,52.9,43.0,3.3,69.0,3.5,0,1,0,0,0,1,1,8,6.7
0,5,7.6,0,89,82,2,3,2,54.3,49.5,7.1,90.0,4.7,1,1,2,2,1,1,1,2,6.5
0,4,7.7,0,70,70,2,1,0,38.0,21.5,2.9,71.0,4.5,1,1,0,0,0,0,1,4,5.7
1,5,6.5,1,55,64,2,1,0,20.0,22.2,2.1,86.0,3.4,0,1,0,0,0,0,2,8,3.2
1,4,8.3,0,76,88,0,3,2,58.2,58.4,7.6,84.0,4.4,1,1,1,3,1,1,0,4,8.3
1,4,7.9,0,81,80,2,3,2,64.7,50.1,7.9,88.0,4.7,1,0,1,3,1,1,0,1,5.7
1,3,8.2,0,75,83,2,3,2,71.0,57.3,6.8,84.0,4.8,1,1,1,3,1,1,0,8,7.9
0,4,6.5,0,55,65,0,1,1,20.0,26.0,0.6,68.0,4.1,0,0,0,0,0,0,2,5,3.3
1,2,6.5,0,55,73,1,1,0,20.0,22.2,2.7,66.0,3.9,0,0,0,0,0,0,1,7,3.1
1,7,8.3,0,78,86,2,3,3,77.0,54.0,5.4,86.5,4.6,1,0,2,2,1,1,1,6,8.4
1,2,7.8,0,82,78,2,3,2,59.6,38.8,8.1,87.0,4.8,1,0,2,3,1,1,1,8,6.1
1,8,8.3,1,73,84,2,3,2,59.4,33.9,7.9,89.9,4.8,1,1,0,0,0,1,2,8,7.6
1,4,8.0,0,55,75,0,2,1,51.8,49.1,3.7,89.0,4.3,0,1,0,0,0,1,0,0,7.1
0,0,8.3,0,71,83,2,2,2,57.0,58.3,4.7,90.0,4.8,1,1,3,2,1,0,1,0,7.0
1,2,8.6,0,79,85,2,3,2,74.7,59.6,8.3,89.0,4.8,1,1,0,0,0,1,2,6,10.1
1,0,8.6,0,70,83,1,3,2,75.3,65.4,5.6,88.0,4.8,1,1,1,3,1,1,1,5,9.2
1,11,8.4,0,74,88,2,3,3,71.2,54.9,5.4,84.1,4.7,1,1,0,0,0,0,1,0,9.4
0,11,6.9,0,60,63,1,1,1,23.5,19.6,2.1,75.2,4.2,1,1,1,0,0,0,0,4,3.5
1,7,7.8,0,76,67,1,2,3,48.6,38.8,6.2,79.9,4.8,1,1,1,0,0,0,2,6,6.4
0,9,6.6,2,70,64,0,3,1,25.9,22.7,5.4,72.5,4.1,0,1,1,0,0,0,1,8,2.0
0,2,6.5,1,68,72,0,3,2,27.4,28.8,9.0,84.0,4.4,1,1,2,2,1,1,2,4,4.7
0,11,8.3,0,64,69,0,1,0,50.2,50.4,4.3,78.2,3.8,1,0,1,0,0,0,2,1,8.3
1,3,7.9,0,88,83,2,3,2,55.9,44.2,7.5,90.0,4.7,1,1,2,2,1,1,2,0,7.1
1,2,8.9,0,75,84,1,3,2,74.8,60.7,6.6,90.0,4.8,1,1,4,1,1,1,0,8,9.9
1,0,8.6,0,75,85,1,3,2,74.0,60.3,6.7,87.0,4.8,1,1,3,2,1,1,1,1,9.1
1,4,7.6,2,56,70,0,1,0,26.0,17.8,1.9,68.0,4.0,0,1,0,0,0,1,0,9,4.3
0,6,7.6,0,62,63,1,2,0,41.5,22.1,1.7,65.8,4.4,0,0,0,0,0,0,0,7,5.2
0,1,7.3,0,72,69,1,3,1,35.5,34.4,7.5,79.0,3.3,0,1,0,0,0,1,0,1,4.7
1,5,7.6,2,64,83,0,3,0,39.9,46.4,5.9,85.0,4.3,0,1,1,3,1,1,1,8,4.4
0,3,8.3,0,66,83,2,3,2,69.2,62.1,5.2,88.0,4.8,1,1,3,2,1,0,1,7,8.8
0,6,7.5,0,56,67,1,1,1,40.5,39.8,3.2,80.6,4.4,1,1,0,0,0,0,1,5,4.9
0,6,8.4,0,76,83,2,2,1,70.9,48.7,6.8,90.0,4.2,1,1,3,1,1,1,1,3,7.6
1,0,7.5,0,68,69,1,1,0,30.8,27.9,2.6,75.0,4.4,0,0,0,0,0,0,0,0,5.4
0,0,8.0,0,72,84,0,1,2,37.9,38.7,3.7,89.0,4.7,1,1,2,2,1,0,1,1,4.4
1,4,7.7,0,63,70,0,1,0,26.7,27.3,2.2,74.0,3.8,0,0,0,0,0,0,1,4,5.3
1,3,8.2,0,79,88,2,3,2,72.0,58.4,7.2,90.0,4.8,1,1,3,2,1,1,0,6,8.9
1,0,7.9,0,78,82,0,3,0,47.1,55.4,7.4,87.0,3.9,1,1,0,0,0,1,2,4,8.2
1,10,7.8,0,81,66,2,2,0,45.7,16.8,4.5,67.8,4.5,0,1,0,1,0,0,1,8,4.7
1,3,8.1,0,84,82,1,2,0,55.3,35.5,5.4,78.0,4.2,1,1,3,2,1,1,1,7,5.7
0,9,8.3,0,76,88,2,3,1,72.9,63.2,7.5,90.0,4.7,1,1,2,3,1,1,2,9,9.3
1,3,7.3,0,63,66,1,2,2,32.3,15.3,3.6,67.0,4.5,0,0,0,0,0,1,1,1,5.5
1,2,7.5,0,56,70,0,1,0,37.7,23.1,1.5,72.0,3.6,0,0,0,0,0,0,1,6,4.2
1,6,8.6,0,76,86,2,3,1,79.4,73.4,7.7,90.0,4.8,1,1,4,2,1,0,2,2,9.1
1,0,8.3,0,81,87,2,3,2,72.3,41.0,5.6,90.0,4.8,1,1,4,1,1,0,0,1,6.4
0,11,8.3,0,78,66,1,3,2,66.9,55.7,4.9,87.2,4.7,1,1,0,0,0,0,1,1,8.7
0,7,6.6,2,56,59,1,1,1,21.6,24.5,2.3,73.9,3.5,0,0,0,1,0,0,2,5,2.5
1,11,7.5,1,62,78,1,2,1,36.4,29.8,4.8,80.4,4.2,1,1,1,0,0,0,2,5,4.5
1,2,7.5,0,55,66,1,2,0,41.4,38.1,5.7,70.0,3.7,0,1,0,0,0,1,1,7,5.5
0,9,7.9,1,70,65,1,1,0,32.2,23.1,1.7,85.2,4.5,1,1,0,0,0,0,0,8,5.6
1,6,8.4,0,77,88,1,3,3,81.9,64.1,9.0,89.6,4.8,1,1,2,2,1,0,1,1,9.7
0,3,8.2,0,65,66,1,3,0,63.1,39.1,7.1,85.0,4.4,1,0,0,0,0,0,2,2,7.8
1,8,8.2,0,74,70,1,1,1,49.7,23.8,5.6,79.1,4.8,1,1,3,1,1,0,2,8,6.1
1,0,7.9,1,55,63,1,2,1,47.3,32.4,4.4,77.0,4.3,0,0,2,2,1,1,1,0,5.7
0,3,8.2,0,73,78,2,3,2,61.7,53.6,5.6,90.0,4.8,1,1,4,1,1,0,0,5,5.3
0,7,8.2,1,59,58,2,1,0,46.2,47.5,2.1,83.2,4.6,0,0,1,0,0,0,2,0,6.7
1,3,7.5,2,78,87,0,2,1,37.0,42.4,5.8,70.0,3.8,1,1,2,2,1,0,1,5,4.3
0,4,8.6,0,55,83,2,1,0,62.8,53.2,2.5,87.0,4.4,1,1,4,1,1,0,2,7,7.8
1,2,8.2,0,79,86,2,3,2,77.8,59.1,7.5,90.0,4.8,1,1,2,2,1,1,1,7,8.4
1,7,8.3,0,72,82,2,2,1,71.9,51.3,7.9,85.2,4.4,1,1,4,1,1,0,1,5,8.3
0,5,7.6,0,60,68,1,2,0,35.7,38.0,5.0,69.0,4.4,0,1,0,0,0,1,1,5,4.4
0,0,7.6,0,55,67,0,2,0,43.8,33.4,3.9,61.0,3.8,0,1,0,0,0,0,1,2,6.4
1,4,8.1,0,90,84,0,3,2,48.7,43.6,7.2,81.0,4.2,1,1,4,1,1,1,1,6,6.8
0,6,7.6,1,64,62,0,2,0,37.2,26.4,2.3,71.8,3.5,0,0,0,0,0,0,0,4,5.0
1,1,8.6,0,72,86,2,3,2,74.8,56.8,7.3,90.0,4.8,1,1,4,1,1,1,1,8,8.6
0,3,6.5,1,65,68,1,2,0,20.0,25.6,4.6,72.0,4.3,1,1,2,2,1,0,1,6,2.9
0,0,7.9,0,74,70,0,2,0,52.4,56.0,5.1,87.0,4.4,1,1,2,2,1,1,2,1,6.9
1,2,8.2,0,76,88,0,3,0,54.1,41.8,8.6,71.0,4.7,1,1,4,1,1,0,1,8,7.8
1,0,8.2,0,76,85,2,3,2,62.9,45.0,6.9,90.0,4.8,1,1,4,1,1,1,1,3,5.9
1,2,7.3,1,68,64,1,2,1,24.2,18.9,5.3,86.0,4.3,0,1,0,0,0,0,1,7,3.4
1,0,6.7,0,62,61,2,1,1,22.9,27.9,3.0,69.0,3.8,0,1,0,0,0,0,0,2,3.3
0,0,7.4,1,58,62,1,2,1,46.8,58.6,3.7,82.0,4.0,0,0,0,0,0,1,1,0,6.6
1,2,8.0,0,84,83,2,3,2,60.5,60.1,6.3,90.0,4.8,1,1,2,2,1,0,2,6,7.6
1,9,7.4,0,55,66,2,0,1,35.1,33.3,1.3,66.0,4.0,0,1,0,0,0,0,1,8,5.3
0,4,8.4,0,89,73,0,3,3,66.4,55.0,5.9,80.0,4.6,0,1,0,0,0,1,1,1,9.6
0,6,7.8,0,74,63,0,3,1,53.6,60.2,5.5,83.0,3.7,1,0,1,0,0,0,2,1,7.2
1,9,7.7,0,70,67,0,2,2,44.2,33.5,6.2,84.0,4.8,0,1,1,0,0,0,2,9,6.2
0,2,8.1,0,83,81,2,3,2,63.4,30.3,6.1,78.0,3.4,1,1,2,2,1,1,2,6,5.1
1,5,7.1,0,55,66,1,2,0,49.8,42.8,4.5,80.0,3.5,0,0,0,0,0,0,1,8,5.8
1,7,8.7,0,80,83,1,2,2,83.9,50.6,5.8,90.0,4.8,1,1,4,2,1,1,1,0,8.5
0,4,6.5,0,66,74,0,1,0,20.0,30.6,1.0,68.0,4.5,0,0,0,0,0,0,1,1,2.0
1,4,8.4,0,64,84,1,1,2,40.5,55.8,4.1,81.0,3.9,1,1,2,2,1,1,1,1,7.0
0,7,8.8,0,87,81,2,1,2,76.1,51.7,4.4,80.1,3.9,1,0,0,0,0,1,1,1,8.8
1,6,8.0,0,75,68,1,1,1,55.2,36.0,6.1,84.4,4.0,1,1,2,1,1,1,2,3,5.9
1,10,7.8,0,75,75,0,1,1,25.7,21.9,4.9,89.5,4.3,1,1,3,0,1,0,1,8,4.5
1,2,6.8,0,60,59,1,2,0,23.3,17.2,4.3,71.0,4.3,1,1,0,0,0,0,2,8,3.4
1,5,6.6,0,71,70,1,3,1,20.9,19.3,6.8,75.0,3.9,1,1,0,0,0,1,2,0,2.8
0,5,7.0,0,74,64,1,1,1,27.4,17.5,1.7,71.0,4.3,0,1,0,0,0,0,1,2,2.8
1,7,8.2,1,73,84,2,2,2,69.6,58.7,4.8,90.0,4.7,0,1,0,0,0,1,0,5,8.2
1,4,7.5,0,55,66,1,1,1,24.8,26.2,2.3,76.0,3.9,0,0,0,0,0,0,2,1,3.0
1,5,6.7,0,60,68,1,1,0,20.0,22.3,1.4,71.0,4.1,0,0,0,0,0,0,0,2,3.3
1,3,7.3,0,55,69,1,1,2,30.2,29.4,3.4,75.0,3.8,1,1,0,0,0,0,2,7,4.3
0,2,6.5,1,55,65,1,1,1,20.0,21.3,2.3,67.0,3.6,0,0,0,0,0,0,0,4,3.3
0,0,8.7,0,77,83,2,3,2,76.4,73.3,6.5,89.0,4.8,1,1,4,1,1,1,1,1,10.0
1,2,7.5,0,76,69,1,1,1,29.2,22.2,2.1,78.0,4.2,0,0,0,0,0,0,0,8,4.6
0,1,8.1,0,88,82,0,2,0,38.7,46.8,4.9,81.0,4.8,0,1,0,0,0,0,1,9,8.2
0,2,8.5,0,55,84,1,3,1,68.7,56.8,7.0,83.0,4.7,1,1,2,2,1,0,2,8,8.6
0,5,8.3,0,60,83,2,2,0,66.1,50.4,4.4,78.0,4.1,0,1,1,3,1,1,0,8,7.2
0,3,7.5,0,55,68,1,1,1,30.0,29.9,1.7,72.0,3.8,0,1,0,0,0,0,0,4,4.8
0,7,7.9,1,77,79,1,2,2,42.5,22.1,2.8,78.9,3.9,1,0,0,0,0,0,1,4,5.4
1,2,7.3,0,68,72,1,2,1,35.2,37.8,5.3,61.0,4.7,1,1,0,0,0,0,2,1,3.2
1,0,7.2,1,61,61,2,1,0,24.0,32.0,2.6,77.0,4.4,1,1,2,2,1,0,1,1,4.3
1,5,7.4,0,83,88,0,3,2,39.4,30.8,8.1,90.0,4.7,1,1,1,3,1,1,2,8,3.4
1,4,8.3,0,76,70,1,3,0,63.8,48.3,6.5,82.0,4.1,0,1,0,0,0,0,0,0,8.4
1,2,8.2,0,73,68,0,1,2,39.0,34.8,0.7,90.0,4.7,0,1,2,2,1,0,2,4,5.2
0,1,6.8,0,75,74,1,1,3,20.0,25.8,0.0,72.0,4.3,0,1,0,0,0,0,2,7,3.4
0,4,8.0,0,69,85,1,3,2,57.5,50.9,6.3,90.0,4.8,1,1,0,0,0,1,2,6,7.5
1,4,7.3,0,59,60,1,1,1,28.5,18.6,1.0,64.0,4.1,0,0,0,0,0,0,1,4,5.3
1,10,8.4,0,86,85,1,3,2,71.5,54.9,6.0,89.9,4.6,1,1,3,1,1,1,2,5,8.8
0,3,8.1,0,84,83,2,3,0,70.0,48.0,5.5,81.0,4.7,1,1,4,1,1,1,1,8,6.8
1,2,7.6,1,77,72,1,3,1,58.0,47.7,6.6,73.0,4.3,1,1,0,0,0,0,2,8,7.4
1,5,6.8,0,57,64,1,2,0,23.9,32.2,6.4,83.0,4.3,0,0,0,0,0,0,2,0,3.1
1,11,7.4,0,55,72,1,2,0,40.5,48.2,4.1,76.1,4.4,1,1,0,0,0,0,0,5,5.5
1,0,7.7,0,56,83,2,3,1,55.1,39.4,4.8,88.0,4.3,0,1,0,0,0,1,2,3,6.9
1,0,8.5,0,79,88,1,3,0,62.2,51.8,7.7,90.0,4.8,1,1,2,2,1,1,2,6,8.5
1,4,8.3,0,74,60,2,3,2,71.2,55.5,7.9,82.0,4.3,0,1,3,2,1,0,2,4,7.9
0,4,7.5,0,64,61,1,2,0,33.8,27.5,4.2,82.0,4.1,0,0,0,0,0,0,1,3,5.9
1,0,7.0,0,69,61,1,2,1,35.8,37.6,5.2,77.0,4.3,1,1,1,3,1,0,2,1,4.1
0,2,8.1,0,75,80,2,1,2,51.1,49.1,3.8,80.0,4.2,1,0,3,2,1,1,1,4,5.9
1,3,8.2,0,85,77,1,3,2,56.0,60.6,8.5,90.0,4.8,1,1,4,1,1,0,2,6,7.2
1,11,7.4,1,81,69,1,2,1,37.2,45.7,4.3,72.5,3.5,0,1,2,2,1,0,0,8,6.1
0,1,7.4,0,59,75,2,2,0,38.6,25.7,4.8,69.0,4.1,0,0,0,0,0,0,1,8,6.0
1,0,8.6,0,62,78,0,3,0,75.1,67.8,7.2,84.0,4.8,1,1,3,2,1,0,0,0,8.5
1,8,8.3,0,66,83,1,2,2,68.9,55.2,7.7,87.0,4.2,1,1,3,1,1,1,2,9,8.0
0,0,6.6,2,75,72,2,3,0,43.2,41.5,7.2,73.0,4.5,1,1,0,0,0,0,1,0,3.0
0,10,8.4,0,80,87,0,2,2,70.3,54.6,6.4,90.0,4.8,0,1,1,3,1,1,2,4,7.5
1,4,7.3,2,70,65,1,2,2,43.0,33.8,5.2,82.0,4.2,0,0,0,0,0,0,2,0,5.2
1,7,7.5,0,58,65,0,1,0,33.1,35.2,2.1,74.4,4.3,0,0,0,0,0,0,1,0,4.7
0,2,6.5,0,64,68,1,1,0,20.0,24.3,1.0,78.0,4.4,0,0,0,0,0,0,2,4,2.0
1,4,8.1,0,82,85,2,3,2,71.2,75.8,8.2,90.0,4.7,1,1,3,2,1,1,2,3,8.1
1,11,6.8,0,86,71,1,1,1,31.1,23.8,4.9,73.1,4.3,1,0,0,0,0,0,1,1,4.3
0,11,8.3,1,79,84,2,3,2,80.2,71.6,7.6,89.5,4.8,1,1,4,1,1,1,1,1,9.1
0,2,8.7,1,74,68,1,2,1,57.0,55.0,2.1,90.0,4.6,0,0,0,0,0,0,0,2,8.7
1,0,8.0,0,71,83,2,3,2,70.1,65.8,7.7,88.0,4.8,1,1,3,2,1,1,0,4,8.2
0,0,8.1,0,78,81,2,3,2,67.2,55.6,8.2,90.0,4.5,1,1,3,2,1,1,1,1,7.9
1,4,7.7,0,55,66,1,1,0,39.0,32.1,2.6,71.0,4.3,0,1,0,0,0,0,1,1,5.2
1,6,8.1,1,83,87,1,3,1,69.6,67.0,7.5,90.0,4.8,1,0,1,3,1,1,1,1,8.1
0,6,6.5,2,58,67,1,0,0,24.9,24.3,1.4,69.0,3.6,0,0,0,0,0,0,2,3,2.0
1,4,8.4,0,86,79,1,2,2,60.9,49.1,5.3,86.0,4.5,1,1,2,2,1,1,0,7,7.8
0,8,7.9,0,72,81,0,2,2,51.9,22.1,7.6,89.5,4.6,1,1,1,2,1,1,2,8,4.5
1,4,6.5,0,72,70,1,2,0,30.6,25.3,3.4,68.0,4.4,0,1,2,3,1,1,2,5,2.9
0,5,7.0,0,73,64,1,2,0,30.0,21.3,4.3,78.0,4.7,0,1,0,0,0,0,2,8,3.4
0,8,7.3,0,77,85,2,3,1,28.0,31.4,5.9,89.7,4.5,1,1,1,2,1,0,1,2,3.3
1,0,7.7,0,82,76,1,2,2,44.5,38.0,3.6,82.0,4.8,0,1,2,3,1,0,1,5,5.5
1,5,7.4,0,62,72,1,2,1,41.9,43.8,4.5,71.0,4.1,0,1,0,0,0,1,2,1,4.3
1,3,7.6,0,63,81,1,1,0,33.9,32.0,2.8,84.0,4.5,0,1,2,2,1,1,2,0,4.4
1,7,7.6,0,56,57,2,1,0,39.7,39.2,2.6,73.4,4.0,0,1,0,0,0,0,2,1,6.7
1,10,8.3,0,75,86,2,3,1,67.4,56.3,8.2,86.5,4.8,1,1,3,1,1,0,1,8,7.2
1,5,7.6,0,55,67,1,2,0,50.7,44.0,5.5,69.0,4.2,0,1,0,0,0,1,1,4,5.8
0,0,7.8,0,73,72,1,3,2,47.2,31.0,6.3,87.0,4.3,1,1,2,2,1,0,1,5,5.4
1,3,7.6,0,55,70,1,2,1,37.2,35.6,5.0,86.0,4.2,0,0,0,0,0,1,1,4,5.4
1,11,7.3,1,61,61,0,0,1,28.4,37.2,0.8,67.4,4.3,0,1,0,0,0,0,2,8,4.9
1,0,7.9,0,78,77,2,1,2,41.0,43.3,3.4,89.0,4.8,1,0,0,0,0,1,0,0,6.3
0,0,7.3,0,79,71,1,3,0,46.2,41.6,6.0,89.0,3.8,0,0,0,0,0,0,0,2,5.6
1,4,7.8,0,82,82,2,3,1,56.9,42.5,8.0,73.0,4.3,1,1,2,2,1,0,0,0,6.8
1,1,7.5,0,74,70,1,1,0,36.8,30.0,0.9,73.0,4.0,0,0,0,0,0,0,0,8,6.5
1,0,8.5,0,78,82,2,3,1,79.8,60.6,7.2,90.0,4.8,1,1,0,0,0,1,0,9,9.8
1,2,6.7,0,55,62,0,2,0,20.0,33.7,3.9,82.0,4.3,0,1,0,0,0,1,0,0,4.3
1,6,7.8,1,65,64,2,2,1,53.2,55.6,3.4,77.4,3.8,0,0,0,0,0,1,1,1,6.8
1,2,8.3,0,78,84,2,3,3,63.1,35.2,8.2,88.0,4.8,1,1,2,2,1,1,1,6,7.5
1,2,6.5,1,74,82,1,3,2,26.4,16.4,7.4,85.0,4.8,1,1,0,0,0,1,2,8,2.4
0,4,8.4,0,57,68,1,2,1,56.2,53.3,3.6,74.0,4.3,0,0,0,0,0,0,1,5,6.8
1,8,7.3,0,56,69,2,2,1,41.9,34.4,3.8,83.9,4.8,0,0,0,0,0,1,0,5,5.6
1,1,7.4,0,77,87,1,3,0,45.7,30.4,7.8,82.0,4.1,1,1,3,2,1,0,2,6,3.9
1,9,6.7,0,83,74,1,1,0,20.0,19.8,1.1,80.2,4.5,0,1,0,0,0,1,1,6,2.8
0,1,8.3,0,79,82,2,3,2,76.3,53.6,6.7,82.0,4.7,1,1,2,2,1,1,1,8,7.1
1,11,7.4,0,65,60,2,1,1,31.0,21.1,1.5,69.8,4.4,1,0,0,1,0,0,1,0,4.8
1,0,8.4,0,66,86,1,2,2,56.6,58.4,3.7,88.0,4.1,1,1,1,3,1,0,2,1,8.0
0,3,7.7,0,55,70,1,2,0,49.4,42.5,3.5,73.0,3.7,0,0,0,0,0,1,1,8,6.3
1,2,6.5,0,59,67,1,3,1,29.5,32.9,5.4,73.0,4.2,0,1,0,0,0,1,2,8,4.0
1,9,8.7,0,63,74,0,2,1,70.3,58.0,8.0,75.2,3.7,1,1,1,1,0,1,0,8,8.8
1,10,8.2,0,84,88,0,3,0,63.0,38.3,8.9,89.7,4.8,1,1,3,2,1,1,0,2,8.3
1,1,8.1,0,80,70,2,2,2,58.1,52.6,6.5,90.0,4.8,1,1,4,1,1,0,0,8,8.1
0,9,7.6,2,83,85,1,3,2,50.1,40.8,6.4,89.2,4.7,1,1,3,2,1,1,2,8,5.7
1,4,8.2,0,67,86,2,3,2,71.2,64.0,7.4,88.0,4.8,1,1,0,0,0,1,1,4,7.9
1,6,7.7,1,56,72,0,1,0,38.6,33.9,4.3,72.3,4.8,1,1,0,1,0,0,1,1,5.6
1,10,7.6,0,60,67,0,3,2,46.6,32.1,3.4,73.3,4.0,0,1,0,1,0,0,2,8,6.7
1,0,7.6,0,59,69,0,1,0,35.9,37.2,3.5,67.0,4.3,1,1,0,0,0,0,1,3,5.1
1,11,7.7,0,80,86,0,3,2,59.5,57.8,7.0,89.8,4.0,1,1,4,2,1,1,0,7,6.4
1,6,7.5,0,56,65,0,1,0,42.4,34.7,1.5,78.7,4.0,0,1,1,0,0,0,2,2,5.9
0,2,6.5,1,56,57,1,1,1,20.0,21.4,3.2,66.0,3.7,0,1,0,0,0,0,0,0,3.4
0,9,6.5,0,83,64,0,2,2,20.7,26.1,2.6,76.1,4.7,1,0,0,1,0,0,1,8,4.5
0,0,7.6,1,58,72,1,2,2,40.3,44.1,7.4,65.0,4.8,1,0,0,0,0,1,2,4,6.2
1,7,7.5,2,55,69,0,0,0,40.1,45.4,2.2,74.6,4.5,1,1,0,0,0,0,1,4,7.8
0,3,8.2,0,86,86,1,3,2,62.4,39.3,7.3,90.0,4.6,1,1,1,3,1,1,1,8,5.7
0,11,8.5,0,83,85,2,3,2,68.9,58.0,7.9,88.4,4.8,1,1,2,0,1,1,1,8,6.4
1,8,8.5,0,76,88,2,2,2,63.6,54.8,7.5,90.0,4.8,1,1,3,2,1,1,0,1,8.2
0,5,6.5,0,60,69,1,1,1,20.0,18.6,2.6,79.0,3.8,0,1,0,0,0,0,1,8,3.8
1,1,8.8,0,85,83,2,3,2,82.3,69.8,6.3,90.0,4.6,1,1,4,1,1,1,1,8,9.7
1,0,6.8,2,59,72,1,1,0,20.0,21.4,0.7,82.0,4.2,0,0,0,0,0,0,0,1,3.8
0,1,8.7,0,79,84,2,3,2,75.4,82.4,7.9,90.0,4.8,1,1,2,2,1,1,0,8,8.6
1,3,7.5,0,55,74,1,1,0,26.5,30.5,1.6,65.0,3.8,0,1,0,0,0,0,1,8,5.0
1,5,7.4,1,55,66,1,1,2,30.0,2.4,1.7,80.0,4.3,1,1,0,0,0,0,1,8,2.9
0,6,7.6,0,62,80,2,3,0,41.4,38.8,6.0,89.8,4.8,1,1,0,0,0,1,1,5,5.8
0,2,8.7,0,79,85,2,3,2,79.2,56.6,8.1,90.0,4.8,1,1,2,2,1,1,2,6,8.8
0,3,8.3,0,77,82,1,2,2,54.0,48.8,2.9,78.0,4.8,1,1,0,0,0,0,0,4,8.3
1,0,7.8,0,80,81,0,3,3,49.0,44.4,7.3,85.0,4.8,1,1,2,2,1,1,0,5,5.5
0,4,8.4,0,55,81,1,2,0,62.4,57.8,4.1,90.0,4.7,1,1,0,0,0,1,2,0,8.6
0,2,7.4,0,55,65,1,2,1,49.4,41.3,4.8,74.0,3.7,0,1,0,0,0,0,0,4,5.7
0,6,7.7,1,83,88,0,3,2,57.3,45.6,7.0,83.8,4.1,0,1,2,3,1,0,2,1,6.4
1,1,6.7,0,55,65,0,1,0,20.0,11.4,1.6,78.0,3.0,0,0,0,0,0,0,1,8,2.0
1,0,7.7,0,73,68,1,3,1,59.7,48.7,7.4,83.0,4.8,1,1,2,2,1,0,1,0,6.6
1,4,8.0,0,77,86,2,3,2,61.5,60.8,8.0,90.0,4.8,1,1,3,2,1,1,1,0,5.9
1,10,7.6,1,55,67,0,0,2,25.9,23.7,0.8,73.3,3.9,0,1,1,3,1,0,1,8,4.1
0,2,6.7,0,63,63,0,3,1,30.8,34.8,6.9,67.0,4.2,1,0,0,0,0,0,2,7,3.6
0,6,8.2,1,64,88,2,2,2,78.0,58.0,7.5,90.0,4.8,1,1,0,0,0,1,0,2,7.5
1,1,8.0,0,76,86,2,3,2,65.2,56.3,6.9,90.0,4.8,1,1,3,2,1,0,2,2,8.7
1,1,7.5,0,57,69,1,2,1,42.0,23.7,4.6,69.0,3.8,0,1,0,0,0,1,2,9,3.9
0,11,6.5,1,81,66,2,2,1,24.1,33.1,0.3,82.2,4.1,0,1,4,1,1,0,2,7,2.8
1,0,8.3,0,75,82,1,2,0,51.0,40.3,4.7,78.0,4.6,1,1,3,2,1,1,0,1,6.3
1,4,8.0,0,55,73,1,3,2,62.7,47.1,5.8,83.0,4.7,1,1,4,1,1,1,2,0,7.7
1,4,7.6,1,68,66,1,2,1,41.8,38.1,4.6,82.0,4.3,1,0,0,0,0,1,2,6,7.0
1,2,8.6,0,81,67,0,1,1,54.6,38.5,2.6,88.0,4.2,1,1,0,0,0,0,0,5,8.1
1,7,8.4,0,86,82,2,3,2,65.0,43.6,6.1,85.2,4.7,1,1,2,3,1,1,2,9,8.5
1,0,8.0,0,76,84,1,3,1,55.0,49.2,6.4,75.0,4.2,1,1,0,0,0,1,0,4,8.0
0,5,7.1,0,80,83,0,3,0,37.2,34.4,6.4,80.0,4.4,1,0,2,2,1,1,2,8,3.3
0,2,7.4,1,81,86,1,2,1,35.2,48.2,4.4,90.0,4.4,1,1,0,0,0,0,0,9,5.7
1,3,7.6,0,82,74,1,2,2,47.8,44.8,4.5,78.0,4.4,1,1,0,0,0,1,0,8,7.8
1,0,8.2,1,67,88,0,3,2,46.8,29.5,5.4,90.0,4.4,1,1,3,2,1,0,2,8,6.0
0,5,7.8,0,70,65,1,1,0,32.0,25.2,1.6,85.0,4.5,1,1,0,0,0,0,0,7,5.3
1,2,8.2,0,72,88,2,3,2,75.7,64.5,6.4,87.0,4.8,1,1,2,3,1,1,0,8,8.9
1,10,7.5,0,70,87,2,3,3,43.4,40.7,5.7,78.0,4.7,0,1,0,0,0,0,0,1,6.5
1,11,8.3,0,63,81,2,3,0,62.7,47.2,6.7,82.9,4.7,0,0,1,0,0,1,2,4,8.9
0,0,6.5,2,62,66,0,1,0,20.0,11.0,3.3,64.0,3.9,0,1,0,0,0,0,0,0,2.0
0,8,8.5,0,83,78,2,3,0,54.4,48.0,4.9,88.2,4.8,1,0,0,0,0,0,1,1,8.0
1,0,8.1,0,89,83,2,3,2,59.6,35.3,7.8,90.0,4.8,1,1,3,2,1,1,1,4,6.9
0,7,7.8,0,73,72,2,3,1,49.4,31.3,5.8,89.8,4.3,1,1,3,3,1,1,1,5,4.9
1,4,7.6,2,90,79,1,2,1,38.2,39.8,4.8,85.0,4.6,0,0,0,0,0,1,1,6,5.3
1,10,6.8,0,55,63,2,1,0,20.4,18.8,1.9,80.0,4.1,0,0,0,0,0,0,1,8,3.4
1,8,6.6,0,79,68,2,2,3,20.0,9.6,5.6,83.0,4.0,0,0,2,3,1,0,2,7,2.0
1,6,8.6,0,74,82,1,2,1,67.7,56.2,5.9,71.5,3.8,1,1,3,0,1,1,2,6,7.3
0,7,7.6,0,72,71,1,2,0,57.9,55.0,5.0,71.5,4.3,0,1,2,2,1,1,2,7,7.8
1,1,8.6,0,75,85,2,3,2,79.2,73.5,6.5,86.0,4.1,1,1,1,3,1,1,2,8,8.9
1,7,8.4,0,78,58,0,1,1,58.6,46.3,0.0,70.8,4.1,0,0,2,1,1,0,2,4,8.3
1,3,8.3,0,76,70,1,3,0,64.8,64.8,6.1,75.0,4.6,1,1,3,1,1,0,2,7,8.6
1,2,6.8,0,77,75,1,1,0,20.0,31.6,2.5,85.0,4.3,0,1,0,0,0,0,1,8,3.0
1,3,7.7,1,55,64,0,1,1,28.4,28.8,2.8,72.0,4.1,0,1,0,0,0,0,2,8,6.9
0,5,7.6,1,61,66,1,2,1,55.9,40.8,2.6,71.0,4.1,0,1,0,0,0,0,0,1,6.0
0,4,8.6,0,89,83,2,3,0,69.0,61.3,6.0,85.0,4.8,1,1,2,2,1,0,0,4,8.6
0,8,7.7,0,55,64,0,2,0,31.0,21.4,3.7,64.1,4.3,0,1,0,0,0,0,1,8,5.2
1,0,7.6,0,78,84,0,2,2,34.5,33.7,5.9,76.0,4.2,1,1,0,0,0,0,1,0,5.2
1,8,8.2,0,78,82,0,3,1,55.2,40.5,8.1,86.7,4.8,1,1,2,2,1,1,1,2,6.4
0,4,7.2,0,58,66,1,1,1,27.2,25.8,1.8,68.0,4.0,0,0,0,0,0,1,1,0,3.1
1,4,7.5,0,55,67,1,2,1,35.4,27.6,3.1,67.0,3.3,0,1,0,0,0,0,1,1,4.6
1,4,7.5,0,55,62,1,1,0,28.8,23.7,1.8,75.0,3.6,0,0,0,0,0,0,2,2,5.1
1,11,7.7,0,56,61,2,1,0,51.9,56.7,3.8,78.0,3.8,0,1,0,1,0,0,1,1,6.0
1,2,7.5,0,81,66,1,1,0,41.6,29.4,4.3,82.0,3.3,1,1,0,0,0,0,1,6,4.7
0,7,6.9,1,78,82,2,2,2,24.9,14.1,2.7,90.0,4.6,1,1,2,2,1,0,2,1,2.7
1,6,7.6,2,57,62,1,2,0,45.6,47.9,3.8,81.6,4.2,1,0,0,0,0,1,1,2,6.4
0,5,8.5,0,77,78,2,3,2,62.7,50.2,6.8,90.0,4.1,1,1,3,2,1,0,2,8,8.0
1,4,6.5,0,90,67,2,3,2,34.0,22.1,8.6,74.0,4.2,0,0,0,0,0,1,1,1,3.2
1,2,8.5,0,55,61,1,2,0,60.8,51.8,4.0,73.0,4.2,0,1,0,0,0,1,0,7,9.6
1,2,7.7,0,58,71,0,1,0,41.0,36.2,0.4,79.0,4.8,0,1,0,0,0,0,2,6,4.9
0,6,7.7,0,55,61,0,2,0,45.0,40.6,5.1,71.1,4.5,0,1,0,0,0,0,0,3,4.2
1,7,8.0,1,76,85,2,2,2,56.8,51.6,5.0,88.5,4.5,1,1,2,3,1,1,2,0,5.2
1,6,8.2,0,67,83,2,2,1,51.6,37.0,4.5,90.0,4.5,1,0,1,0,0,1,1,1,7.6
0,0,7.6,0,67,69,2,3,2,54.6,30.1,6.1,81.0,4.0,1,1,1,3,1,0,1,4,3.9
1,2,7.5,0,70,67,1,1,1,39.4,29.6,2.0,77.0,4.4,1,0,0,0,0,0,2,8,4.6
1,6,8.3,0,68,82,0,2,1,65.8,47.2,6.5,87.3,4.8,1,1,4,1,1,1,1,1,8.5
1,11,6.5,1,59,82,2,1,0,21.8,13.7,1.4,75.5,3.9,0,0,1,0,0,0,0,9,2.0
1,9,8.2,0,71,83,1,3,3,61.2,59.7,6.8,84.9,4.8,1,1,3,1,1,1,2,8,7.2
1,11,7.9,0,58,71,1,2,0,39.9,43.7,1.2,87.6,4.4,0,1,0,2,1,0,0,8,5.7
0,2,7.4,0,61,66,1,2,0,34.1,48.9,4.5,84.0,4.5,1,1,0,0,0,0,0,8,5.2
1,6,7.9,1,55,86,1,1,0,34.2,31.0,3.7,80.6,4.4,1,0,1,0,0,0,1,1,5.8
1,8,7.8,0,65,66,2,1,0,37.9,28.1,3.6,73.7,3.4,1,1,0,0,0,0,1,4,5.5
1,8,7.9,1,55,65,1,3,1,51.8,35.6,4.0,90.0,4.1,1,1,1,0,0,1,1,5,6.9
1,2,8.2,0,83,87,2,3,2,60.3,31.2,7.2,90.0,4.8,1,1,3,2,1,1,1,9,6.3
1,4,7.7,0,61,84,2,3,1,58.8,40.8,7.1,89.0,4.7,1,1,2,2,1,1,1,4,5.8
1,2,8.4,0,89,86,2,3,2,69.4,65.1,8.2,90.0,4.7,1,1,2,2,1,1,1,7,8.9
1,2,8.1,0,63,79,0,3,1,59.7,49.8,6.8,86.0,4.7,1,1,2,2,1,0,2,8,8.0
0,11,8.5,0,55,74,2,1,2,57.1,54.7,7.2,82.8,4.0,1,0,3,1,1,1,0,8,8.5
1,2,8.4,0,74,86,1,3,0,69.7,48.7,7.2,82.0,4.1,0,1,0,0,0,1,2,5,9.1
0,4,8.6,0,80,83,2,2,2,65.2,53.2,5.2,87.0,4.8,1,1,2,2,1,1,1,0,8.4
1,10,7.8,1,56,63,1,3,2,51.8,43.3,5.9,72.4,4.3,0,1,0,0,0,1,1,3,6.1
1,7,7.9,0,61,68,2,0,0,36.6,21.5,2.4,84.6,4.6,1,0,1,3,1,0,2,4,4.5
1,5,8.6,0,81,80,2,1,2,63.9,48.9,2.1,90.0,4.8,1,1,3,2,1,1,1,3,7.8
1,4,6.6,1,56,65,0,1,1,20.0,18.6,3.4,67.0,4.3,0,1,0,0,0,0,1,0,2.9
0,5,8.0,0,77,88,1,2,2,51.6,45.6,4.4,90.0,4.7,1,1,0,0,0,0,2,7,7.4
0,3,6.5,0,60,75,0,1,0,20.0,25.7,3.4,68.0,3.6,0,1,0,0,0,0,2,8,4.4
1,3,8.4,0,76,85,1,2,0,62.8,48.9,5.2,82.0,4.5,1,1,0,0,0,0,1,1,7.8
0,4,6.8,0,64,70,1,1,1,20.0,19.2,0.6,80.0,3.5,0,1,0,0,0,0,2,4,2.8
1,2,7.8,0,55,68,2,3,1,68.1,51.2,6.7,79.0,4.6,0,0,0,0,0,1,1,0,6.8
1,7,8.3,0,83,88,2,3,2,78.2,68.7,7.0,90.0,4.8,1,1,2,3,1,1,2,8,9.2
1,4,6.8,2,64,64,1,1,0,27.8,21.6,0.8,60.0,3.7,0,0,0,0,0,1,0,1,3.4
0,5,7.9,0,84,82,2,3,2,63.4,48.3,7.4,90.0,4.5,1,0,1,3,1,0,0,8,6.0
0,10,8.7,1,74,86,2,3,1,68.7,47.4,6.6,87.2,4.7,1,1,4,1,1,1,1,8,8.3
1,11,7.8,0,71,79,0,3,0,56.2,38.5,6.3,88.2,4.8,1,1,1,2,1,1,1,2,6.4
1,0,8.1,0,55,88,1,3,2,64.0,50.0,6.5,88.0,4.4,0,1,1,3,1,0,2,2,8.1
0,4,8.4,0,77,86,2,3,2,71.7,42.1,9.4,87.0,4.5,1,1,2,2,1,1,0,5,8.7
0,8,7.6,1,55,64,0,1,1,31.1,21.3,3.9,64.4,4.3,0,1,0,0,0,0,0,8,5.7
1,2,7.6,0,59,61,1,1,1,25.6,13.3,1.8,88.0,4.0,0,1,0,0,0,0,1,8,4.2
1,5,6.5,0,66,80,2,3,2,40.3,35.3,6.4,71.0,3.8,1,1,1,3,1,0,1,8,3.3
0,1,8.2,0,75,80,2,3,0,70.9,45.1,8.2,77.0,3.5,1,1,0,0,0,1,2,8,7.2
1,9,6.8,0,55,61,1,1,0,20.0,24.9,3.3,74.2,3.9,0,0,1,0,0,1,0,8,4.7
1,4,7.5,1,77,87,1,1,0,28.6,24.2,2.5,84.0,3.7,0,1,0,0,0,0,0,6,4.9
1,7,8.3,0,84,67,1,1,0,51.4,38.5,1.3,71.6,4.8,1,0,3,2,1,1,0,3,7.7
1,5,7.5,0,55,60,1,1,1,39.6,40.6,0.0,71.0,4.0,0,1,0,0,0,0,1,8,5.7
1,4,6.5,1,66,74,1,1,0,20.0,15.5,4.6,78.0,4.4,0,1,0,0,0,0,0,4,2.5
0,2,8.1,0,88,67,2,2,1,61.0,52.4,5.5,88.0,4.8,1,1,0,0,0,1,2,8,6.9
0,4,6.5,1,78,68,1,1,2,20.0,19.1,1.9,84.0,4.5,0,1,0,0,0,0,0,9,3.3
1,8,7.6,0,77,85,2,2,1,40.4,32.8,5.4,77.8,4.8,1,1,1,0,0,0,2,2,6.9
1,7,8.1,0,83,87,1,3,1,68.1,53.8,5.5,90.0,4.8,1,1,2,2,1,1,1,4,7.5
1,3,8.3,0,90,83,2,3,3,63.3,56.9,6.4,90.0,4.8,1,1,1,3,1,0,2,9,8.3
0,6,8.4,0,73,78,1,1,2,57.5,54.3,2.0,80.3,4.1,0,1,1,0,0,1,0,9,9.1
1,4,8.3,0,69,86,1,2,3,56.1,40.8,6.3,85.0,4.6,1,1,3,2,1,0,0,4,7.7
1,10,6.7,1,55,74,1,3,1,30.4,26.5,6.4,75.4,4.1,1,1,0,0,0,0,1,2,4.2
0,6,7.4,2,58,69,1,0,1,40.4,32.0,0.6,81.9,4.3,0,1,2,1,1,0,1,1,4.2
1,3,8.8,0,77,85,2,3,2,76.6,60.7,6.3,90.0,4.8,1,1,2,2,1,1,1,6,8.8
1,6,8.3,0,78,82,2,3,2,60.6,51.8,7.3,84.0,4.8,1,1,3,1,1,1,1,1,6.1
1,4,7.7,2,57,65,0,1,0,38.3,34.3,2.4,73.0,4.3,1,1,2,3,1,0,1,5,3.5
1,4,7.9,0,66,57,2,1,0,44.2,44.3,3.1,73.0,4.4,1,0,2,2,1,0,2,4,5.7
0,11,6.5,0,73,73,0,3,1,22.7,23.4,4.4,67.9,4.3,1,1,1,0,0,0,0,5,2.9
0,2,8.5,0,81,85,2,3,2,70.7,63.3,6.4,90.0,4.8,1,1,2,2,1,0,0,8,8.5
1,6,8.3,0,72,79,1,3,2,68.0,62.8,7.9,90.0,4.7,1,1,0,0,0,1,1,1,8.5
1,4,8.5,0,71,82,1,3,0,68.1,65.0,6.2,70.0,3.7,1,1,0,0,0,1,1,6,9.7
1,4,7.5,0,66,66,1,2,0,40.5,29.0,3.6,81.0,4.3,0,1,0,0,0,1,1,2,5.5
1,3,8.3,0,55,63,1,2,0,53.6,37.1,3.5,69.0,4.4,0,1,0,0,0,0,1,9,7.9
1,0,6.5,0,66,85,2,1,2,20.0,34.5,0.4,85.0,4.7,0,1,0,0,0,1,1,2,3.1
0,2,8.7,0,68,82,1,3,3,83.0,73.8,8.4,88.0,3.8,1,1,0,0,0,1,1,8,10.8
0,4,7.8,0,55,68,0,1,1,37.2,40.3,1.8,60.0,4.1,0,0,0,0,0,1,0,3,6.6
1,10,7.4,0,70,88,1,3,3,46.1,39.0,5.5,77.9,4.7,0,1,1,0,0,0,0,8,4.4
0,10,7.5,0,59,68,1,2,0,29.4,27.3,3.5,77.1,4.5,0,1,0,0,0,0,2,9,5.2
1,4,8.6,0,80,82,1,3,0,77.9,52.7,7.1,88.0,4.8,1,1,2,3,1,1,1,2,7.9
0,5,6.5,0,59,69,0,1,0,20.0,15.8,1.4,65.0,4.5,0,0,0,0,0,0,1,9,3.0
1,5,7.5,0,65,86,2,2,1,50.3,40.1,5.4,75.0,4.2,1,1,0,0,0,0,1,2,6.5
1,0,8.8,0,80,83,2,3,2,79.9,68.8,7.6,90.0,4.8,1,1,4,1,1,1,2,9,9.3
1,0,7.7,0,77,58,1,3,0,54.3,63.8,8.2,86.0,4.1,1,1,0,0,0,0,0,5,7.4
1,5,7.4,1,55,86,1,2,2,40.2,37.1,4.1,84.0,4.2,1,1,0,0,0,0,2,5,6.1
1,6,7.4,0,86,78,0,3,2,45.8,35.6,8.6,75.1,4.1,1,1,2,2,1,1,1,6,5.1
1,0,8.4,0,84,80,1,1,2,54.1,60.0,4.0,81.0,4.8,1,0,3,1,1,1,2,0,7.7
0,7,8.3,1,79,84,1,3,2,74.9,69.0,6.1,89.5,4.8,1,1,2,3,1,0,1,6,8.9
1,0,8.3,0,65,66,1,1,0,49.4,51.5,2.6,83.0,4.0,0,1,0,0,0,0,2,9,7.3
1,0,8.5,0,80,80,1,3,2,66.9,62.6,7.7,90.0,4.7,1,1,3,1,1,1,1,1,9.1
0,6,8.1,1,86,79,2,3,1,62.8,49.2,9.0,90.0,4.6,1,1,2,3,1,0,2,2,6.0
1,5,8.0,0,83,83,2,3,2,69.4,55.8,7.0,89.0,4.8,1,1,2,2,1,0,1,8,7.6
1,4,8.0,0,76,85,2,2,2,51.9,51.9,5.4,86.0,4.5,1,1,2,3,1,1,2,4,6.1
0,4,7.9,0,58,78,1,2,0,48.1,45.6,5.9,77.0,3.8,1,1,0,0,0,0,2,2,7.1
0,2,7.0,0,72,82,1,1,2,20.0,43.4,2.4,81.0,4.8,1,0,0,0,0,0,1,5,3.8
1,4,8.3,0,84,86,2,3,0,65.9,58.3,9.0,90.0,4.8,1,1,3,2,1,1,1,9,7.4
1,0,8.3,0,77,86,1,3,0,67.6,45.2,5.5,84.0,4.7,1,1,1,3,1,1,1,5,6.8
1,2,8.4,0,80,80,1,3,2,60.9,47.5,7.6,78.0,4.5,1,0,0,0,0,0,2,8,7.0
1,8,7.4,0,61,85,1,2,2,35.8,29.4,2.7,85.3,4.8,0,1,0,1,0,0,2,0,4.8
1,3,8.4,0,74,88,2,3,2,75.4,76.0,8.8,90.0,4.6,1,1,2,3,1,1,0,5,9.0
1,3,8.4,0,86,83,1,3,0,66.4,47.0,6.1,73.0,4.6,1,1,0,0,0,1,0,7,8.7
0,2,8.0,0,82,81,1,2,2,55.1,49.2,5.2,72.0,4.3,1,1,0,0,0,1,0,7,6.5
1,0,7.6,0,81,81,1,1,0,38.3,26.7,1.9,81.0,4.2,1,1,0,0,0,0,0,5,4.9
1,4,7.5,0,55,70,1,2,2,43.5,36.0,6.3,70.0,4.7,1,1,0,0,0,0,1,4,5.1
0,3,8.1,0,83,82,2,3,2,58.4,44.7,9.7,83.0,4.5,1,1,3,2,1,1,2,8,6.6
0,5,8.3,0,81,86,2,3,2,60.7,52.7,7.8,90.0,4.8,1,1,1,3,1,1,0,2,7.7
1,9,6.6,1,56,66,2,3,0,20.0,41.5,3.2,67.9,4.7,0,0,0,0,0,0,2,8,2.8
1,0,7.2,0,62,59,1,1,0,20.0,16.0,2.0,71.0,3.8,0,1,0,0,0,0,2,7,3.6
1,5,6.5,0,55,59,1,2,0,20.0,20.6,3.9,74.0,4.1,0,1,0,0,0,0,1,8,3.3
0,3,8.3,0,79,84,2,2,1,69.3,38.9,7.1,80.0,4.8,1,1,2,2,1,1,1,0,6.0
0,0,8.1,0,76,85,2,3,2,70.0,50.0,6.5,68.0,4.5,1,1,0,0,0,1,1,2,8.5
1,3,7.5,0,61,60,2,1,0,38.1,34.5,2.4,72.0,3.6,0,1,0,0,0,0,0,8,4.8
1,7,8.2,0,59,60,0,1,1,46.4,40.7,0.0,84.7,4.8,0,1,1,1,1,0,2,7,6.5
0,4,6.7,1,60,64,0,1,0,20.0,16.9,5.3,74.0,4.1,1,1,0,0,0,0,1,2,3.3
0,0,7.6,1,74,68,1,1,1,34.7,35.2,2.7,62.0,3.8,0,1,0,0,0,0,0,5,5.2
1,3,7.4,0,55,64,1,2,1,35.4,29.9,4.5,77.0,4.3,0,1,0,0,0,0,2,1,5.1
1,6,7.6,0,57,67,1,1,0,47.8,37.8,3.5,73.8,4.0,0,1,0,0,0,0,1,6,5.5
1,5,7.3,0,55,72,1,2,1,38.5,39.4,4.1,84.0,4.6,0,1,0,0,0,0,0,8,6.0
1,5,7.3,0,55,61,0,1,0,28.6,30.3,0.7,80.0,3.5,0,1,0,0,0,1,2,8,3.9
0,2,8.5,0,67,85,1,3,2,69.3,59.3,7.3,87.0,4.8,1,1,2,2,1,1,0,7,8.5
1,2,8.7,0,78,84,2,3,2,77.7,64.1,7.8,90.0,4.8,1,1,3,1,1,1,0,1,9.3
0,6,8.5,0,90,85,1,3,3,71.2,61.9,7.5,90.0,4.7,1,1,3,2,1,1,1,2,7.7
0,6,8.9,0,78,82,1,3,2,85.4,76.9,6.1,90.0,4.0,1,1,3,1,1,1,1,6,10.1
1,5,8.0,0,74,68,1,1,1,41.9,34.2,2.0,80.0,4.2,0,1,0,0,0,1,1,8,6.8
1,2,8.3,0,70,85,2,3,2,79.4,62.0,7.1,88.0,4.7,1,1,1,3,1,1,2,7,9.4
0,2,7.5,0,61,67,0,1,0,25.7,31.1,3.3,83.0,3.8,1,1,0,0,0,0,1,4,4.1
0,9,8.3,0,85,79,2,2,2,66.5,55.8,6.5,87.8,4.7,1,1,3,3,1,1,1,2,6.8
0,3,7.7,1,59,67,1,1,1,34.8,39.5,1.7,80.0,3.9,0,0,0,0,0,0,0,2,7.3
1,2,8.2,0,76,69,2,2,1,58.3,48.5,3.8,74.0,4.2,0,1,3,2,1,1,1,8,7.2
1,2,7.9,0,76,83,1,1,2,46.2,34.6,2.6,80.0,4.1,1,1,0,0,0,0,2,9,5.5
1,0,8.2,0,83,79,2,1,1,54.7,52.8,3.9,69.0,4.5,1,0,0,0,0,1,2,4,8.7
0,3,9.0,0,56,61,0,1,1,49.1,41.6,4.6,70.0,3.5,1,0,3,2,1,0,2,5,7.3
1,2,7.7,0,68,70,1,2,1,43.0,47.7,3.9,79.0,4.6,1,1,0,0,0,0,1,8,6.4
1,5,8.1,0,78,83,1,3,0,65.9,47.0,7.2,88.0,4.5,1,1,3,2,1,1,1,6,7.9
1,3,7.1,0,59,69,1,2,1,26.4,23.2,5.0,73.0,4.3,0,1,0,0,0,0,2,9,5.2
0,3,8.3,0,75,82,1,3,1,57.1,34.9,8.2,84.0,4.6,1,1,0,0,0,0,2,9,7.9
1,7,7.7,1,56,63,0,2,1,44.4,34.6,4.6,63.7,3.7,0,1,0,0,0,1,1,6,7.2
1,11,7.4,1,55,70,1,2,1,35.8,35.2,3.3,73.8,3.6,0,1,1,1,0,1,1,8,6.0
0,5,7.4,0,70,88,1,2,0,34.5,31.9,3.7,82.0,4.6,1,1,0,0,0,0,0,1,4.7
0,9,7.4,0,64,62,1,1,0,47.7,35.4,2.3,76.1,3.4,0,0,0,0,0,1,0,8,5.2
1,2,7.5,0,83,81,1,1,2,30.3,30.6,2.7,84.0,4.8,1,0,0,0,0,0,0,3,4.3
1,7,7.7,0,57,80,2,1,2,38.7,41.4,0.5,81.8,4.6,1,1,4,1,1,0,1,3,5.8
1,4,8.0,0,82,84,2,2,2,60.6,42.3,4.5,89.0,4.2,1,1,3,2,1,0,0,3,5.7
1,7,8.1,0,72,65,0,3,1,76.3,48.0,7.1,74.9,4.0,1,1,1,3,1,1,1,8,6.6
0,2,6.5,1,57,70,1,1,0,21.8,31.0,1.8,78.0,3.9,0,1,0,0,0,0,1,6,2.9
1,9,6.5,0,55,65,1,2,0,20.0,25.9,5.1,85.8,4.4,1,1,1,0,0,1,1,4,3.1
1,6,7.5,1,59,67,0,0,2,31.6,28.2,2.5,69.4,4.1,1,1,0,0,0,0,1,9,4.9
1,2,8.6,0,71,82,2,3,2,66.2,50.1,8.2,84.0,4.7,1,1,1,3,1,1,1,7,8.6
0,2,6.8,0,77,66,1,2,0,20.0,20.7,5.4,78.0,3.8,0,1,0,0,0,0,1,8,5.2
1,6,8.9,1,78,87,2,3,2,90.0,65.7,7.5,88.0,4.8,1,1,4,1,1,0,2,2,9.8
0,7,7.8,1,61,69,1,0,0,44.1,39.0,3.0,74.7,3.8,1,0,0,0,0,1,1,4,6.6
1,2,6.5,0,60,75,1,1,1,20.0,37.6,2.1,70.0,3.5,0,1,0,0,0,0,2,1,3.0
1,10,8.2,0,80,87,1,3,1,69.3,78.8,6.2,83.5,4.5,1,1,3,3,1,1,1,6,10.0
1,9,7.5,0,55,86,0,3,3,41.0,38.2,4.2,83.7,4.2,1,1,0,0,0,0,1,1,6.0
0,2,8.4,0,83,86,1,1,2,52.1,32.0,3.1,90.0,4.8,1,1,2,3,1,0,1,7,6.4
1,3,6.5,0,61,66,0,1,0,20.0,26.9,2.3,62.0,4.6,0,0,0,0,0,0,1,7,3.5
1,2,7.5,2,55,67,1,1,0,33.6,27.1,4.1,76.0,4.0,1,0,0,0,0,0,2,8,5.3
1,9,7.5,0,61,61,0,2,1,20.0,15.6,2.4,79.9,3.9,0,1,0,0,0,1,1,2,4.4
0,0,8.2,2,74,66,0,1,1,38.3,35.4,4.0,67.0,4.2,1,1,0,0,0,0,2,2,7.0
1,4,7.9,0,67,64,1,2,2,51.1,31.0,4.7,84.0,4.6,0,1,0,0,0,1,2,6,6.1
0,7,7.5,0,57,72,0,1,0,38.0,33.2,0.0,74.8,4.2,0,0,0,1,0,0,2,2,5.3
1,3,8.4,0,70,86,2,3,2,74.2,71.9,8.7,90.0,4.8,1,1,2,2,1,1,0,8,9.0
0,7,7.7,0,74,62,2,1,0,44.2,35.9,5.9,83.3,4.1,1,1,0,0,0,1,0,7,5.0
1,1,8.0,0,73,88,2,3,2,58.7,27.2,6.1,90.0,4.8,1,1,0,0,0,1,2,1,5.2
1,5,8.6,0,79,88,1,3,2,72.4,57.2,8.7,86.0,4.5,1,1,4,1,1,1,2,9,6.8
1,0,7.5,0,64,74,1,2,1,37.9,39.7,5.0,78.0,4.4,1,1,0,0,0,1,2,8,6.6
1,11,7.5,0,73,86,2,3,2,48.1,44.3,4.5,86.4,3.6,0,0,4,3,1,0,1,1,5.9
0,0,8.6,0,70,85,0,2,2,58.6,45.2,4.2,83.0,3.9,1,1,0,0,0,0,2,1,7.9
1,2,7.4,0,69,74,1,3,0,49.0,29.8,5.6,81.0,3.7,1,1,0,0,0,1,2,0,5.9
1,3,8.8,0,71,79,1,3,2,65.9,52.0,5.1,74.0,4.3,1,1,1,3,1,0,2,4,8.8
0,4,8.6,0,88,81,1,3,2,72.7,54.5,6.7,82.0,4.8,1,1,2,2,1,1,2,6,7.2
1,4,8.9,1,62,75,0,2,1,69.3,52.8,4.2,79.0,4.6,0,0,0,0,0,0,0,4,9.4
0,4,7.4,1,55,63,1,1,1,28.3,26.1,1.1,67.0,3.3,0,0,0,0,0,0,1,0,3.3
1,6,6.7,0,55,63,0,1,1,24.4,23.6,4.0,81.9,3.1,0,1,0,1,0,1,1,9,2.0
1,5,8.2,0,73,85,2,3,2,69.7,63.4,7.5,85.0,4.8,1,1,3,1,1,1,1,2,7.2
1,9,8.5,1,75,88,2,3,3,68.3,58.8,7.5,90.0,4.8,1,1,2,2,1,0,1,8,8.0
1,4,8.3,0,75,72,1,2,0,53.8,36.3,4.8,89.0,4.5,1,1,0,0,0,0,2,7,7.6
0,7,8.2,0,82,83,1,2,2,73.1,42.6,8.3,90.0,4.7,1,1,3,2,1,1,0,8,9.0
1,11,8.0,0,69,81,1,3,2,64.0,58.4,7.4,89.3,4.8,1,1,1,0,0,1,1,9,8.5
1,0,8.1,0,72,65,1,3,0,70.2,47.3,7.7,72.0,4.0,1,1,2,2,1,1,1,1,4.9
1,11,8.5,0,83,68,2,1,1,55.7,41.9,2.0,80.6,3.6,1,0,0,0,0,0,2,9,8.7
0,0,7.4,0,59,64,1,2,0,38.8,18.5,3.8,80.0,4.7,0,1,0,0,0,0,1,4,4.2
1,4,8.5,1,59,82,0,3,1,60.8,55.8,7.0,83.0,4.0,1,1,0,0,0,1,1,8,7.0
0,3,8.0,0,86,85,1,3,2,71.0,44.9,8.8,90.0,4.8,1,1,1,3,1,0,0,6,8.2
0,6,6.5,2,58,67,1,2,1,23.3,23.0,1.1,69.7,3.6,0,0,0,0,0,0,1,9,2.0
0,3,7.5,2,66,59,1,1,0,22.2,22.5,0.2,67.0,3.8,0,0,0,0,0,0,1,9,3.8
1,11,7.9,0,55,62,2,0,1,51.9,47.6,3.3,78.5,4.0,0,0,0,1,0,0,2,1,6.7
1,2,6.6,0,56,75,1,1,1,20.0,36.3,3.7,70.0,4.1,1,1,0,0,0,0,1,8,3.7
1,0,8.3,0,77,88,1,3,2,62.5,72.8,7.8,88.0,4.6,1,1,2,2,1,1,0,0,8.7
0,6,7.8,0,60,65,2,2,0,51.8,39.2,3.1,86.7,4.4,0,1,0,0,0,0,2,0,6.9
0,1,7.4,0,63,62,1,1,0,46.7,36.3,2.4,76.0,3.4,0,0,0,0,0,0,0,7,5.4
0,1,6.5,1,55,65,1,1,2,20.0,20.6,2.7,85.0,4.6,1,1,3,2,1,1,0,8,2.0
1,4,7.7,0,80,83,2,3,2,57.7,56.4,7.5,90.0,4.8,1,1,4,1,1,0,1,7,6.3
0,3,8.4,0,72,67,1,2,1,64.3,42.7,4.0,84.0,4.3,1,1,0,0,0,1,0,8,8.2
1,6,7.6,0,59,61,0,1,0,39.5,38.7,4.1,74.4,4.4,0,0,2,2,1,1,0,2,3.9
0,11,6.7,0,65,79,1,2,1,23.8,40.8,4.7,83.0,4.8,1,0,1,1,1,0,2,2,3.4
0,4,7.8,0,76,83,1,3,1,48.8,20.0,7.6,82.0,4.8,1,1,2,3,1,1,2,5,4.5
1,8,8.3,1,67,85,1,2,2,67.2,54.7,7.6,86.3,4.3,1,1,4,1,1,1,2,8,8.6
1,10,7.0,1,69,64,1,2,0,29.9,22.2,4.3,78.4,4.5,0,1,3,2,1,0,1,8,2.7
0,11,8.6,0,79,78,1,2,0,66.3,44.6,6.8,85.8,4.5,1,0,3,0,1,1,0,4,7.7
1,4,8.2,0,75,82,1,3,0,61.9,56.9,4.8,80.0,4.7,1,1,3,2,1,1,2,0,6.4
1,6,8.3,0,78,85,1,2,2,76.3,58.5,6.1,84.4,4.6,1,0,2,3,1,1,1,4,9.4
1,0,7.4,0,75,72,2,3,0,50.3,33.9,4.5,86.0,4.6,1,1,3,2,1,0,0,6,4.1
1,1,7.6,0,73,62,1,1,0,35.5,32.9,1.8,76.0,4.6,0,0,0,0,0,0,1,9,4.6
0,0,8.5,0,82,82,1,3,2,71.9,56.8,8.7,87.0,4.4,1,1,2,2,1,1,1,2,9.0
0,9,8.4,0,79,88,1,3,3,62.7,42.9,7.2,84.8,4.4,1,1,0,3,1,1,0,7,6.8
1,0,7.4,0,84,64,1,3,0,45.1,16.7,7.4,71.0,4.4,0,1,4,1,1,1,1,2,3.7
0,0,7.5,2,55,71,2,1,1,27.9,21.3,1.2,78.0,4.3,0,1,0,0,0,1,1,5,4.1
0,0,8.8,0,68,87,1,2,2,73.9,59.7,5.1,85.0,4.8,1,1,1,3,1,1,1,7,9.0
1,0,7.7,0,75,68,2,1,0,39.4,37.3,3.8,78.0,4.3,1,1,0,0,0,1,0,5,5.2
1,9,7.5,0,56,71,1,1,0,31.1,18.2,1.0,85.5,4.2,0,1,0,0,0,0,1,2,5.0
0,6,7.4,0,56,71,1,2,1,47.6,38.7,4.6,73.6,3.6,0,0,0,0,0,0,0,7,5.2
1,10,7.5,1,77,67,2,3,2,58.1,24.0,6.8,83.1,4.8,0,1,1,2,1,1,1,8,5.1
1,3,6.5,1,65,68,1,2,1,20.0,18.9,4.6,73.0,4.1,0,1,0,0,0,0,0,8,2.2
0,0,8.1,0,71,80,1,3,2,65.2,44.4,6.6,89.0,4.7,1,1,0,0,0,1,1,0,8.9
1,2,7.4,0,63,72,1,1,0,33.4,39.2,2.2,72.0,3.6,0,1,0,0,0,0,1,8,5.0
0,5,8.6,0,71,84,1,3,1,66.1,51.1,5.7,85.0,4.6,1,1,3,1,1,1,1,3,6.6
1,8,7.5,1,61,62,2,1,0,35.0,42.6,2.2,83.9,3.8,0,0,1,3,1,0,0,8,4.4
0,8,7.1,0,62,57,1,2,2,20.0,23.2,2.7,72.6,4.3,1,1,1,0,0,0,1,0,2.5
0,2,8.4,0,74,68,2,1,1,50.5,36.9,2.3,79.0,4.3,1,1,1,3,1,1,2,8,6.7
1,0,7.8,0,72,83,1,3,1,61.5,51.7,6.6,88.0,4.0,0,1,0,0,0,1,0,2,7.2
0,0,8.0,0,69,74,1,1,0,36.1,32.4,4.4,90.0,4.5,1,1,2,2,1,0,1,5,6.7
1,6,6.5,0,55,66,1,1,1,24.3,29.6,0.3,67.3,3.5,0,0,0,1,0,0,1,4,2.8
0,0,7.7,1,87,84,1,3,2,54.8,44.6,5.7,90.0,4.4,0,1,3,2,1,0,2,8,5.6
1,6,8.5,0,83,84,1,3,0,73.7,58.5,6.9,82.9,4.4,1,1,1,0,0,0,1,4,9.5
1,0,6.5,2,65,86,1,3,0,35.0,30.8,6.8,87.0,4.8,0,0,0,0,0,0,2,4,4.0
1,2,7.5,0,55,65,0,2,1,40.1,29.4,3.2,73.0,3.6,0,1,0,0,0,1,1,8,5.3
1,5,8.2,0,88,84,0,3,2,55.0,39.9,4.6,78.0,4.5,0,1,1,3,1,0,1,5,5.6
1,2,7.6,0,77,70,1,1,1,32.7,29.7,0.7,85.0,4.3,0,1,0,0,0,0,1,8,4.1
0,6,8.3,0,55,81,1,2,0,62.1,48.4,8.0,89.2,4.1,1,1,0,0,0,0,1,1,7.8
0,10,6.9,0,76,80,1,3,2,34.6,43.6,7.7,85.4,4.8,1,1,0,3,1,0,0,9,4.2
1,0,7.7,0,83,67,1,3,2,51.2,42.0,5.2,86.0,4.4,1,1,2,2,1,1,1,4,6.4
1,10,7.9,0,73,78,1,1,1,20.0,17.1,0.9,89.1,4.1,1,1,1,0,0,0,1,8,4.5
1,0,7.9,0,78,61,1,2,0,40.3,41.9,5.5,76.0,4.7,1,0,0,0,0,0,1,2,5.8
1,2,8.9,0,71,81,1,3,2,71.8,55.0,7.1,90.0,4.6,1,1,3,1,1,1,2,6,8.9
0,3,7.3,0,61,74,1,1,0,30.6,31.7,2.9,84.0,4.3,0,0,0,0,0,0,2,5,3.9
1,4,7.4,0,55,70,1,1,1,33.6,26.4,2.9,84.0,4.1,0,1,0,0,0,0,0,9,5.4
1,3,7.6,1,73,65,1,1,0,35.8,41.4,3.4,60.0,4.2,0,1,0,0,0,0,2,8,7.0
1,10,8.9,1,63,88,2,3,3,84.2,67.4,8.4,88.7,4.5,1,1,3,0,1,1,2,8,8.5
1,3,7.5,0,61,62,1,1,1,33.7,27.6,2.8,77.0,3.7,0,1,0,0,0,1,2,9,4.1
1,9,6.8,2,57,70,0,3,1,31.8,33.2,3.1,71.2,4.0,0,0,1,0,0,0,2,8,3.7
0,11,8.1,0,76,81,2,2,1,55.6,27.1,5.0,90.0,4.5,1,1,1,2,1,0,1,5,6.8
0,8,8.0,1,72,88,1,3,3,54.0,48.5,8.1,90.0,4.6,1,1,2,3,1,0,2,8,6.7
0,10,7.5,0,73,86,0,3,2,49.8,37.8,7.4,69.7,4.7,1,1,0,0,0,1,1,9,5.1
0,5,6.5,2,56,65,1,1,1,20.0,18.9,3.7,67.0,4.0,0,1,0,0,0,1,2,7,3.2
1,2,8.4,0,72,83,1,3,2,66.2,59.6,6.7,82.0,4.6,1,1,2,2,1,1,1,6,8.3
1,4,8.2,0,58,85,1,2,0,55.4,47.9,2.7,83.0,4.1,0,1,0,0,0,0,0,0,7.1
0,5,7.5,2,83,85,2,3,2,49.8,40.7,6.3,90.0,4.7,1,1,4,1,1,0,1,2,5.6
1,6,7.5,0,68,83,0,3,0,45.6,28.0,7.6,75.6,4.5,1,0,1,0,0,0,1,7,4.5
1,0,8.3,1,66,68,1,3,2,65.7,61.7,7.9,82.0,4.7,1,1,2,3,1,1,1,3,7.9
1,2,8.7,0,76,81,1,3,1,75.4,61.8,7.4,71.0,4.8,1,1,2,2,1,1,2,0,9.1
1,6,7.8,0,72,88,0,2,2,56.5,34.5,8.7,90.0,4.7,1,1,2,3,1,0,0,0,4.4
0,6,8.4,0,57,75,1,2,2,63.9,43.6,4.9,83.4,4.7,1,1,0,0,0,1,0,4,9.2
0,2,8.1,0,70,81,2,3,2,60.7,36.5,5.7,90.0,4.8,1,1,3,2,1,0,1,0,7.2
0,4,8.1,0,84,82,1,3,2,61.6,45.2,8.1,90.0,4.8,1,1,3,2,1,1,0,0,5.1
1,5,8.4,0,85,81,1,3,1,69.1,70.2,6.8,83.0,4.2,1,1,1,3,1,1,1,7,8.1
1,6,7.7,2,61,70,1,2,0,50.7,44.7,5.6,71.9,4.8,1,1,4,0,1,1,2,1,5.2
0,10,7.5,0,55,66,2,3,0,48.2,40.1,5.4,77.3,4.5,1,1,0,0,0,0,2,8,3.8
1,9,6.5,1,76,65,0,0,0,20.1,22.1,2.7,67.1,3.9,1,1,1,0,0,0,0,8,3.5
0,0,8.2,0,78,80,1,2,3,53.7,41.6,5.6,83.0,4.2,1,1,0,0,0,0,0,2,7.8
1,7,8.1,0,79,88,2,3,2,75.6,62.7,5.6,90.0,4.7,1,1,2,3,1,0,2,8,8.6
0,6,6.5,1,64,63,0,2,0,31.6,31.6,5.0,72.4,3.9,0,1,0,0,0,0,0,5,4.0
0,3,7.3,2,90,88,1,2,0,38.2,40.2,5.2,84.0,3.9,1,1,1,3,1,0,2,9,4.8
0,7,8.5,0,57,84,0,3,0,68.8,48.0,6.2,75.8,4.5,1,1,0,0,0,0,1,5,7.5
1,4,7.7,0,60,70,1,1,0,39.8,45.6,0.7,81.0,4.3,0,0,1,3,1,1,2,4,6.0
0,5,7.7,0,77,86,2,3,2,57.0,42.0,8.3,87.0,4.8,1,1,2,3,1,0,0,0,6.1
1,0,7.5,0,55,72,1,1,1,32.4,24.6,2.3,71.0,4.3,0,1,0,0,0,0,2,0,4.5
1,0,7.8,1,69,84,1,1,0,44.7,51.5,2.8,90.0,4.3,0,1,1,3,1,1,2,0,6.4
1,8,7.8,1,59,69,0,1,0,21.8,16.2,4.3,67.0,4.1,1,0,0,0,0,0,0,7,3.0
1,1,7.5,0,61,59,0,1,0,24.8,25.1,3.9,68.0,3.4,0,0,0,0,0,0,1,8,3.6
1,0,7.6,0,55,67,1,1,0,42.7,33.4,3.1,72.0,4.0,0,1,0,0,0,1,1,4,5.7
1,3,7.9,0,58,71,1,2,1,40.7,57.5,5.4,70.0,4.3,0,1,0,0,0,0,0,8,6.8
0,2,7.6,0,55,61,0,1,2,23.4,24.8,1.8,72.0,3.7,0,0,0,0,0,0,2,7,5.5
1,2,7.7,0,67,78,2,1,3,43.6,38.9,2.8,72.0,4.6,1,1,2,2,1,1,0,4,4.0
1,8,8.6,0,86,84,2,3,3,79.4,51.0,7.5,82.5,4.6,1,0,0,1,0,0,0,8,10.0
1,0,8.1,0,81,83,2,3,2,70.2,62.9,6.9,86.0,4.5,1,0,0,0,0,0,0,3,9.3
0,1,8.2,0,81,86,2,3,2,76.8,63.8,7.2,87.0,4.6,1,1,3,2,1,1,1,1,8.6
1,5,8.3,0,59,85,1,1,2,43.4,42.3,2.7,81.0,4.6,1,0,0,0,0,1,2,8,7.1
1,0,7.6,0,72,65,1,2,1,34.7,26.1,5.0,90.0,3.8,1,1,0,0,0,0,1,1,4.7
0,3,7.5,0,56,58,1,1,0,28.2,14.9,2.9,81.0,3.8,1,1,0,0,0,1,1,2,4.7
1,0,8.1,0,79,88,2,3,2,57.4,52.1,7.7,89.0,4.6,1,0,3,2,1,1,0,7,7.3
0,4,6.6,0,83,88,1,2,1,20.0,19.2,4.7,74.0,4.1,0,1,3,2,1,0,2,3,3.3
1,0,6.6,1,62,86,0,3,0,20.2,19.9,6.7,85.0,4.7,1,1,2,3,1,0,1,1,2.0
0,0,7.9,0,55,62,1,2,2,42.3,27.7,5.5,63.0,3.8,1,1,0,0,0,0,1,5,6.1
1,2,8.3,0,81,88,2,3,2,64.2,49.6,7.5,90.0,4.8,1,1,3,2,1,1,1,4,7.1
1,5,7.5,0,55,84,0,1,1,33.4,21.0,3.6,77.0,4.4,1,1,3,2,1,0,2,6,5.5
1,0,8.5,0,77,86,2,3,2,71.1,58.9,6.5,90.0,4.7,1,1,2,2,1,1,2,5,8.2
0,0,7.6,0,62,73,1,2,0,38.2,38.3,4.3,65.0,4.8,0,1,3,2,1,0,2,7,5.6
1,9,7.9,1,78,71,0,2,1,61.5,46.0,4.2,78.1,3.8,1,0,0,0,0,0,1,7,8.5
1,7,7.9,0,88,85,2,2,3,62.8,39.9,6.4,90.0,4.5,1,1,3,0,1,1,0,7,6.2
0,6,6.7,1,72,64,0,1,0,23.2,15.8,1.7,75.3,4.0,0,1,3,2,1,0,1,6,2.0
1,6,7.5,1,55,68,0,1,1,31.5,27.0,1.9,70.1,4.3,0,1,1,1,0,0,1,1,4.0
0,3,8.0,0,89,88,2,3,2,70.1,57.1,6.6,90.0,4.8,1,1,3,2,1,1,2,9,6.5
1,7,6.7,1,55,67,1,2,0,23.3,14.9,3.2,78.1,3.1,1,1,0,0,0,0,1,1,2.0
0,11,8.2,0,75,85,1,3,3,66.0,49.5,7.1,88.4,4.5,1,1,4,1,1,1,1,5,7.3
1,2,8.0,0,83,64,0,1,1,39.7,30.4,3.6,75.0,4.1,1,0,0,0,0,0,0,8,6.0
1,3,7.7,0,56,65,1,1,1,39.3,50.3,0.0,79.0,4.3,0,0,0,0,0,0,0,8,6.7
1,7,7.5,0,55,78,1,0,0,37.5,15.6,0.1,69.2,3.9,0,1,1,0,0,0,1,7,6.2
1,3,7.9,2,78,75,1,2,0,34.2,36.9,2.1,83.0,4.5,0,1,2,2,1,1,2,0,4.3
1,3,8.4,0,75,83,0,3,2,51.7,27.7,6.2,90.0,4.8,1,1,2,2,1,1,1,1,6.4
1,6,6.5,2,56,72,2,2,0,27.0,34.2,5.4,71.5,4.8,0,1,0,0,0,1,1,6,3.7
0,4,7.7,0,80,87,2,3,1,62.9,61.0,8.2,90.0,4.8,1,1,0,0,0,0,1,5,7.4
0,2,7.8,1,78,66,1,1,1,34.8,44.0,2.0,78.0,4.5,0,1,0,0,0,0,0,0,6.0
0,2,7.3,1,57,64,1,1,0,26.5,30.5,3.8,79.0,4.1,1,0,0,0,0,0,0,4,5.3
0,3,7.5,0,69,83,1,2,0,37.3,46.9,4.6,76.0,4.5,1,1,3,2,1,0,1,8,5.6
0,0,8.3,0,63,80,1,2,0,61.9,59.8,4.5,77.0,3.8,1,1,0,0,0,1,2,7,9.8
0,2,7.5,0,77,67,1,1,1,43.9,54.1,3.6,77.0,4.1,1,0,0,0,0,1,0,8,5.9
1,5,8.5,2,61,69,1,1,0,55.6,51.1,2.3,80.0,4.6,0,0,0,0,0,0,1,8,8.5
0,1,8.1,0,78,80,2,3,2,73.6,61.8,5.5,87.0,4.8,1,1,0,0,0,1,1,7,9.1
1,3,8.7,0,58,66,2,2,2,70.7,56.2,4.1,73.0,4.1,0,1,0,0,0,0,1,8,10.1
1,7,7.6,0,59,59,0,2,0,31.3,51.1,1.3,83.9,3.8,0,1,0,0,0,0,0,7,5.1
1,3,7.4,1,56,64,1,2,2,38.2,20.8,4.6,83.0,4.4,1,1,1,3,1,0,2,9,4.7
1,8,7.6,0,56,66,1,1,0,23.8,38.3,1.8,82.7,4.0,0,1,0,0,0,1,1,8,5.2
1,2,8.2,0,66,86,1,2,0,53.5,53.2,5.5,83.0,4.6,1,1,2,2,1,0,2,0,7.6
0,3,6.5,1,84,80,1,3,0,25.5,27.9,5.8,90.0,4.6,1,1,3,2,1,0,1,9,2.1
1,1,6.5,0,64,66,0,1,0,20.0,13.9,0.2,67.0,3.7,0,0,0,0,0,0,1,8,2.0
1,7,8.1,0,57,68,2,3,2,65.6,58.6,2.5,68.3,4.8,1,0,0,0,0,0,2,4,7.4
1,5,6.9,0,74,63,1,2,0,36.9,32.6,5.8,73.0,4.2,1,1,0,0,0,0,1,8,4.4
0,5,7.8,1,55,62,1,2,0,49.4,40.6,3.0,81.0,4.8,0,1,0,0,0,0,0,8,7.6
1,0,6.6,0,63,62,1,1,0,20.0,31.1,1.7,73.0,3.9,0,0,0,0,0,0,1,5,2.6
1,4,8.4,0,77,82,1,3,2,67.5,63.9,7.4,90.0,4.8,1,0,0,0,0,1,1,4,9.4
1,5,7.3,0,55,69,1,2,0,29.5,30.7,3.8,80.0,4.1,0,1,0,0,0,1,1,9,3.7
1,4,8.1,0,71,83,1,2,0,53.0,39.3,4.9,78.0,4.3,1,1,0,0,0,0,2,0,5.7
1,1,6.8,0,66,69,1,1,0,25.6,18.2,2.3,74.0,4.0,0,0,0,0,0,0,1,8,3.4
1,10,7.5,0,88,81,2,3,2,51.2,27.0,6.1,88.5,4.8,1,0,0,0,0,1,1,8,5.0
1,2,7.0,0,55,68,1,2,1,27.0,35.3,6.8,78.0,4.8,1,1,0,0,0,1,1,6,5.0
1,6,8.1,0,79,88,1,2,2,61.7,56.6,8.3,90.0,4.6,1,0,3,3,1,0,1,7,5.3
1,7,8.5,0,76,82,0,2,3,61.2,63.5,5.4,77.8,4.5,1,0,1,3,1,1,1,2,9.0
0,0,6.5,0,61,68,0,1,1,20.0,23.6,1.2,60.0,3.7,0,0,0,0,0,0,1,2,2.5
0,3,7.9,1,79,62,0,1,1,44.0,35.2,3.2,74.0,3.9,1,1,0,0,0,0,0,8,6.1
1,4,8.6,0,80,64,1,3,2,61.6,50.5,8.5,72.0,4.0,1,1,3,2,1,1,2,4,8.8
0,0,7.7,0,71,69,1,2,0,45.6,37.3,5.5,75.0,3.7,0,1,0,0,0,0,0,4,5.6
0,10,8.3,0,66,87,0,3,3,55.5,45.3,8.0,89.9,4.7,1,1,3,1,1,1,0,5,7.5
0,2,7.9,2,77,83,2,3,2,55.4,39.7,5.3,90.0,4.8,1,1,2,3,1,0,2,0,6.9
1,0,8.3,0,75,79,1,3,2,63.8,44.5,6.9,90.0,4.5,1,1,1,3,1,0,2,7,8.0
1,4,7.5,2,70,87,2,2,2,32.4,23.0,4.3,90.0,4.2,1,1,0,0,0,0,2,7,4.3
0,4,8.0,0,73,71,1,3,1,59.3,54.8,7.4,75.0,4.5,1,1,3,2,1,1,1,7,7.7
0,6,7.5,0,59,70,2,1,1,45.8,28.1,4.9,78.5,3.7,1,1,0,1,0,0,1,0,4.3
1,8,6.5,1,60,64,2,2,1,20.0,32.1,3.2,60.6,3.5,0,0,1,0,0,0,2,1,2.5
1,0,6.9,1,55,64,0,2,1,26.2,26.4,4.1,78.0,4.1,0,1,0,0,0,0,1,2,3.1
0,2,7.9,0,55,59,1,2,0,44.5,18.6,3.8,68.0,3.7,0,0,0,0,0,0,0,8,6.0
1,7,6.5,1,55,65,1,1,1,21.8,18.7,0.2,89.1,3.9,0,1,0,0,0,0,0,7,2.0
1,7,8.4,0,62,66,0,0,1,56.5,45.7,2.6,68.4,3.8,0,0,1,0,0,1,2,4,8.1
0,0,7.6,0,55,60,1,1,0,36.6,42.4,2.8,83.0,4.0,0,0,0,0,0,0,1,5,6.5
1,1,7.3,0,74,84,0,1,2,23.9,23.7,3.4,85.0,4.7,1,1,1,3,1,1,1,8,3.4
0,8,7.2,0,55,71,0,2,0,20.0,23.6,3.1,71.9,4.0,0,0,0,0,0,0,1,2,3.3
1,5,6.5,0,79,64,0,3,2,21.4,30.3,4.7,87.0,4.8,1,0,0,0,0,0,2,8,3.2
1,4,7.7,0,55,67,1,1,1,30.9,29.9,1.8,73.0,4.2,0,0,0,0,0,0,1,0,4.5
1,4,7.6,0,55,58,0,1,1,22.9,25.5,1.9,64.0,4.1,0,0,0,0,0,0,1,2,5.9
1,3,6.7,1,59,64,1,2,1,24.4,8.6,4.1,69.0,4.0,0,1,0,0,0,1,2,9,3.0
0,10,7.7,1,79,86,2,1,3,47.8,24.6,3.5,73.4,3.7,1,1,3,3,1,0,1,2,5.8
0,9,7.8,1,60,86,0,3,0,49.0,43.4,7.1,82.9,4.2,1,0,4,2,1,0,1,8,6.5
1,0,7.4,0,63,76,1,3,1,46.7,49.7,7.7,71.0,4.4,1,0,0,0,0,0,0,0,7.2
1,6,7.6,1,64,68,0,3,2,44.0,37.1,5.5,80.6,4.2,0,1,1,0,0,0,0,2,6.0
0,3,7.5,0,55,74,1,1,0,33.7,12.3,0.7,60.0,3.7,0,1,0,0,0,0,0,2,4.9
1,3,6.7,0,60,67,1,1,0,20.0,28.4,3.2,76.0,3.8,1,1,0,0,0,0,1,1,4.8
0,3,8.2,0,63,65,2,1,0,55.1,51.8,2.8,79.0,4.6,1,0,0,0,0,1,0,0,8.1
1,3,8.0,0,70,84,1,2,2,52.7,31.9,5.3,74.0,4.1,0,1,3,2,1,1,2,8,7.5
0,4,6.7,1,55,57,1,1,0,20.0,16.0,4.9,83.0,4.2,0,0,0,0,0,0,1,0,2.4
0,0,8.1,0,72,87,1,3,2,64.4,54.3,8.8,90.0,4.7,1,0,3,2,1,1,1,4,7.6
1,3,7.5,0,78,68,1,3,1,50.5,36.4,7.1,74.0,4.7,1,1,1,3,1,1,2,8,5.4
0,9,6.5,2,71,64,1,2,1,22.8,11.7,5.1,67.8,4.2,1,1,0,0,0,1,2,8,2.0
1,7,7.6,0,60,72,2,2,0,39.9,40.1,4.5,64.2,4.4,0,0,0,0,0,0,1,9,6.2
1,4,8.9,0,83,82,2,3,2,83.1,66.6,7.6,90.0,4.8,1,1,3,2,1,1,0,5,9.9
1,0,7.8,2,61,68,0,2,1,45.9,45.1,3.3,75.0,4.4,1,1,1,3,1,1,0,0,5.7
1,1,7.9,1,55,66,1,2,0,55.4,41.4,4.1,90.0,4.2,1,1,0,0,0,1,2,4,6.6
1,2,8.0,0,84,87,2,2,2,45.9,49.6,4.1,90.0,4.8,1,1,2,2,1,1,2,7,7.8
1,2,8.6,0,85,81,2,3,2,79.8,73.4,7.5,90.0,4.8,1,1,3,1,1,1,1,7,9.9
1,5,9.0,0,85,80,2,3,0,77.8,60.7,5.7,90.0,4.8,1,1,4,1,1,0,0,3,9.0
1,0,7.5,0,68,58,1,1,1,36.1,25.3,1.3,64.0,3.3,0,0,0,0,0,0,1,4,5.7
1,7,7.6,2,61,64,1,3,2,63.4,39.8,5.9,81.5,3.8,0,1,0,0,0,1,1,7,7.4
0,1,7.8,0,81,81,0,3,2,48.8,49.9,5.8,90.0,4.8,1,0,3,2,1,0,1,1,6.4
1,0,8.0,0,78,88,1,3,0,52.7,48.8,6.1,86.0,4.4,1,1,0,0,0,0,0,2,7.2
0,9,6.5,1,80,81,0,2,2,20.0,31.4,4.1,89.8,4.0,1,1,2,3,1,0,1,8,3.3
1,0,7.6,2,57,61,1,1,0,41.2,43.8,3.3,79.0,4.2,1,0,0,0,0,0,1,1,6.6
0,4,8.7,0,77,85,0,2,2,59.8,47.6,4.3,89.0,4.6,1,1,2,2,1,0,2,4,7.8
1,0,6.8,1,78,67,1,3,0,45.8,48.8,7.4,80.0,4.4,1,0,0,0,0,0,0,2,4.9
1,11,8.6,0,76,78,1,3,2,76.7,51.6,8.4,90.0,4.8,1,1,4,1,1,1,2,8,8.4
0,4,7.6,0,60,74,0,1,0,35.7,24.0,1.6,69.0,3.4,0,0,0,0,0,0,1,3,5.2
1,3,7.7,1,82,81,1,1,0,44.2,36.3,1.3,78.0,4.4,0,1,0,0,0,0,1,8,5.7
1,9,6.5,0,58,66,0,3,1,20.4,33.9,3.8,76.6,4.3,0,0,0,0,0,1,2,8,2.6
1,9,6.6,0,56,65,1,2,1,21.9,40.7,3.3,67.7,4.8,0,0,0,0,0,0,1,8,4.8
1,7,7.1,0,63,64,0,2,2,23.3,26.5,3.1,79.0,4.2,0,0,0,0,0,0,0,7,3.3
1,2,7.7,0,55,61,1,1,0,49.6,54.7,3.9,78.0,3.8,0,1,0,0,0,1,0,2,6.4
1,4,7.9,0,61,66,0,2,1,52.3,52.1,5.7,79.0,4.8,1,1,0,0,0,0,2,1,6.5
1,2,8.1,0,71,85,1,3,2,59.3,48.4,7.3,90.0,4.7,1,1,0,0,0,1,1,8,7.0
1,0,7.4,1,81,88,2,1,2,39.0,38.5,3.4,90.0,4.7,1,1,0,0,0,1,1,5,4.3
1,10,6.6,1,55,65,1,1,0,20.0,17.8,2.7,69.1,4.1,0,1,0,0,0,0,1,8,2.1
1,0,7.6,0,82,75,2,1,0,41.3,42.8,2.8,73.0,4.0,0,1,3,2,1,1,1,8,5.9
0,5,8.0,0,55,66,1,1,0,41.1,39.5,3.0,84.0,3.9,1,0,0,0,0,0,0,8,7.8
1,4,6.5,1,74,82,0,1,2,20.0,14.0,2.2,80.0,4.1,0,1,0,0,0,0,2,6,3.1
0,1,7.8,0,86,82,2,3,2,54.0,50.6,9.2,90.0,4.8,1,1,2,3,1,0,1,2,4.9
1,11,8.5,1,81,83,2,3,2,61.0,50.3,5.2,84.5,4.4,1,1,3,2,1,1,1,6,7.0
1,0,6.8,1,64,62,0,1,1,20.0,16.6,1.6,68.0,3.9,0,0,0,0,0,0,1,0,2.8
1,3,6.5,0,72,67,1,1,0,20.0,32.6,2.3,67.0,4.3,0,1,0,0,0,0,2,9,3.3
1,9,7.6,0,55,68,2,1,0,33.6,51.4,3.6,78.4,4.0,1,1,1,1,0,0,0,8,5.7
0,6,7.0,0,55,83,2,1,0,42.4,44.4,5.8,75.2,4.3,0,1,0,0,0,0,0,1,4.4
0,3,6.6,0,55,69,1,1,0,21.6,22.9,3.9,69.0,4.2,1,1,0,0,0,0,1,8,4.2
1,7,7.4,0,58,66,2,3,0,47.2,42.4,0.8,76.3,3.3,0,1,0,0,0,0,0,3,5.5
1,2,6.9,0,59,71,1,1,2,20.0,21.8,2.3,67.0,3.8,1,1,0,0,0,0,0,4,2.4
1,4,8.1,0,69,82,1,3,3,65.0,56.7,7.6,90.0,4.8,1,1,1,3,1,1,0,6,6.6
0,0,7.7,0,71,71,1,3,0,55.4,22.3,8.5,89.0,4.8,1,1,2,2,1,1,0,0,5.3
1,11,6.6,2,57,79,1,0,1,24.3,26.4,2.6,75.6,4.8,1,0,0,0,0,0,1,2,2.8
1,11,8.2,0,74,73,2,1,1,53.2,36.5,5.9,86.4,4.2,1,1,0,0,0,0,0,3,8.6
0,2,8.3,0,76,86,2,3,2,74.7,68.9,6.9,90.0,4.8,1,1,4,1,1,1,1,7,7.8
1,7,7.3,0,57,70,1,1,1,29.7,13.8,0.5,71.7,3.7,0,1,1,0,0,0,1,6,3.9
1,3,6.6,0,63,74,1,1,1,20.0,23.2,2.0,72.0,4.3,0,0,0,0,0,0,0,8,2.3
0,2,8.2,0,74,88,2,1,1,54.7,38.5,3.4,88.0,4.4,1,1,0,0,0,0,0,0,8.0
1,6,8.7,0,80,79,0,2,2,77.1,56.1,7.4,90.0,4.7,1,1,4,2,1,1,2,1,10.4
1,9,7.3,0,75,82,1,3,2,53.3,46.6,9.5,77.8,4.3,1,1,0,0,0,0,1,7,8.0
1,0,7.4,0,60,69,1,1,1,28.1,14.8,3.5,69.0,4.2,1,0,0,0,0,0,1,5,2.9
1,1,6.5,0,77,71,1,2,1,20.9,17.6,4.1,74.0,3.9,0,1,0,0,0,1,1,8,2.0
1,2,8.0,0,77,84,1,1,2,43.2,37.2,2.1,86.0,4.6,1,1,0,0,0,0,2,0,6.5
1,2,7.9,0,69,81,2,3,2,64.3,49.6,7.0,88.0,4.6,1,1,2,2,1,1,0,2,6.6
1,2,7.4,0,67,66,1,1,0,34.4,32.8,1.4,67.0,4.1,0,0,0,0,0,0,0,2,5.8
0,2,7.7,0,75,83,1,2,0,46.7,40.5,4.4,81.0,4.4,0,1,0,0,0,0,2,1,6.3
0,4,8.2,0,71,81,1,3,0,59.3,46.8,6.1,84.0,4.7,1,1,3,1,1,1,0,3,6.9
1,4,6.9,0,59,60,1,3,2,34.5,41.5,6.2,82.0,3.5,1,1,2,3,1,0,1,0,4.5
0,4,7.5,1,55,66,1,2,1,31.8,21.4,4.1,78.0,4.7,0,0,0,0,0,0,0,3,3.8
1,9,8.4,0,60,62,1,1,0,53.3,36.2,0.9,72.0,3.8,0,0,0,0,0,1,1,3,8.0
0,7,7.5,1,56,72,2,1,1,37.6,42.0,3.6,84.8,4.7,0,1,0,0,0,0,1,7,4.5
0,4,7.8,1,56,59,1,1,1,40.6,43.6,0.7,79.0,3.7,0,1,0,0,0,0,1,7,6.5
0,3,7.8,0,78,83,2,3,2,55.8,48.2,5.2,90.0,4.5,1,1,4,1,1,0,1,6,6.5
1,4,7.5,0,65,70,0,1,0,21.5,21.2,1.6,72.0,3.9,0,1,0,0,0,0,0,4,3.8
0,6,7.3,0,58,64,2,2,1,52.7,39.1,6.4,84.5,3.9,0,1,0,0,0,1,1,6,6.2
0,3,7.8,0,59,86,1,1,1,43.0,29.0,4.0,87.0,4.2,1,1,1,3,1,0,2,8,5.0
1,6,7.9,1,76,82,1,3,0,57.9,54.1,7.0,85.0,4.6,1,1,4,1,1,1,0,1,7.3
1,2,8.0,0,73,88,1,3,0,57.1,45.2,8.7,86.0,4.2,1,1,4,1,1,1,1,0,8.0
1,2,6.5,1,55,74,1,3,1,29.6,26.4,6.5,76.0,4.1,1,1,0,0,0,0,1,8,3.4
0,6,8.5,0,78,69,0,2,2,70.4,53.6,5.8,72.7,3.8,1,1,1,0,0,0,1,4,7.9
1,4,7.4,0,72,85,0,2,0,40.9,52.1,4.5,76.0,4.5,0,1,0,0,0,0,1,5,5.5
1,4,7.4,0,69,74,1,3,1,49.8,39.3,6.2,81.0,4.7,0,1,0,0,0,1,2,1,7.3
1,2,7.3,0,58,60,1,1,0,30.9,27.8,3.0,69.0,3.9,1,1,0,0,0,0,1,7,4.9
1,5,8.7,0,71,57,1,1,0,61.3,55.5,4.4,75.0,4.4,1,0,0,0,0,1,0,2,8.0
1,0,7.6,0,72,81,1,3,2,50.6,33.6,7.2,78.0,4.4,1,1,2,2,1,1,2,4,5.0
0,5,8.3,0,78,88,1,1,2,44.0,46.3,2.4,78.0,4.5,1,1,1,3,1,1,0,6,5.7
0,2,7.3,0,61,70,1,1,1,32.2,22.3,0.9,72.0,4.1,0,1,0,0,0,0,2,7,5.3
1,4,8.1,0,68,83,0,3,2,54.0,48.0,6.6,83.0,4.6,1,0,3,2,1,0,0,2,6.7
0,0,8.1,0,78,71,2,1,2,44.6,38.1,3.2,78.0,4.7,1,1,2,3,1,1,1,1,5.8
0,4,7.9,1,74,62,1,3,1,58.4,46.5,5.3,84.0,4.1,1,1,4,1,1,1,1,0,5.6
0,4,8.1,0,73,85,2,3,2,59.8,45.2,8.5,90.0,4.8,1,1,3,2,1,1,0,2,6.1
0,10,6.6,0,56,58,1,2,0,20.0,22.1,3.3,66.0,3.7,0,1,0,0,0,0,2,4,4.5
1,9,7.8,0,55,68,1,2,1,25.4,26.4,2.6,69.8,3.6,0,1,0,1,0,0,0,2,4.7
1,0,8.1,0,71,87,1,3,2,66.8,47.6,7.5,90.0,4.8,1,1,2,2,1,1,1,4,8.1
1,5,7.8,2,86,70,1,3,2,65.2,57.0,7.8,90.0,4.8,1,1,3,1,1,1,2,8,7.0
1,2,8.7,0,67,86,1,3,2,79.3,65.0,6.5,86.0,4.7,1,1,0,0,0,0,1,4,9.8
0,2,6.6,0,70,72,1,1,1,20.0,20.4,1.0,80.0,3.5,0,0,0,0,0,0,1,0,2.3
0,2,7.6,0,55,66,1,1,1,22.1,22.5,2.5,72.0,4.5,0,0,0,0,0,0,1,9,3.5
1,10,8.6,0,77,70,0,3,1,71.3,67.8,5.5,88.5,4.3,1,1,4,3,1,1,0,7,8.0
1,0,8.2,0,73,78,1,3,2,62.1,42.5,6.6,87.0,4.7,1,1,3,2,1,1,2,7,6.2
1,0,7.9,0,58,81,0,1,0,38.5,48.1,3.7,80.0,4.5,1,1,1,3,1,1,1,1,6.9
1,4,8.3,0,55,64,0,3,1,56.6,52.7,6.6,79.0,4.5,1,0,0,0,0,1,1,0,8.9
1,0,7.4,0,61,67,0,2,1,30.6,25.6,4.9,79.0,4.6,0,1,0,0,0,0,1,3,4.8
1,0,7.4,0,69,86,1,1,0,34.1,39.7,4.6,86.0,4.5,1,1,0,0,0,0,1,0,5.2
1,6,8.5,0,84,71,2,2,1,62.3,49.7,3.8,90.0,4.8,1,1,3,2,1,0,0,0,8.2
1,4,7.0,0,78,71,1,1,1,20.0,25.0,2.8,74.0,4.4,1,1,4,1,1,0,0,4,2.0
1,1,7.4,0,59,64,2,3,1,48.0,37.8,6.2,89.0,4.6,1,1,0,0,0,0,1,1,6.8
0,5,6.5,0,55,68,0,2,1,20.0,28.0,6.0,77.0,4.1,1,0,0,0,0,1,0,8,3.9
1,1,7.5,0,65,67,1,3,0,52.3,35.3,5.4,71.0,4.2,0,1,0,0,0,0,0,5,5.2
1,9,7.5,0,57,69,1,3,1,41.6,22.7,4.5,68.4,3.8,0,1,0,0,0,1,1,8,3.6
1,1,7.4,1,70,70,0,1,0,28.9,25.5,1.8,80.0,3.4,0,0,0,0,0,0,1,8,3.1
1,7,8.5,0,75,81,2,3,2,86.0,60.6,7.0,88.8,4.5,1,1,3,1,1,1,1,4,9.2
1,5,7.7,1,86,67,1,3,2,49.1,47.2,6.6,83.0,4.0,1,1,3,2,1,1,2,8,5.7
1,4,8.1,0,83,79,2,3,2,73.1,55.4,5.0,83.0,4.3,1,1,3,2,1,1,1,2,6.5
1,4,7.1,0,55,69,2,2,0,39.7,29.0,5.9,76.0,4.0,0,1,1,3,1,1,0,6,4.0
1,2,7.0,0,55,67,1,1,1,22.9,16.6,3.4,61.0,3.5,0,0,0,0,0,0,2,0,2.7
0,0,8.4,0,78,66,0,3,0,60.4,62.3,6.6,90.0,4.8,1,1,2,3,1,0,1,9,8.9
0,8,7.8,0,90,80,1,2,2,58.9,35.5,5.9,90.0,4.7,1,1,1,2,1,1,1,7,6.3
1,2,6.6,2,60,68,1,1,0,20.0,27.2,3.1,70.0,3.3,0,1,0,0,0,0,2,8,3.3
1,2,7.8,1,65,67,1,2,1,40.4,39.5,5.9,77.0,4.2,1,1,0,0,0,1,0,8,6.0
1,9,7.7,1,86,67,1,3,3,47.7,47.7,6.8,83.4,4.0,1,1,3,2,1,1,1,9,5.5
1,5,8.2,0,66,65,2,2,1,57.1,39.4,5.4,76.0,4.6,1,1,0,0,0,0,1,8,7.0
0,5,7.6,0,83,69,1,3,0,50.7,43.1,4.7,81.0,4.2,0,1,3,2,1,1,0,8,5.5
0,3,7.0,0,74,60,1,3,1,37.8,26.2,7.7,90.0,4.7,1,1,0,0,0,1,1,8,4.3
0,7,7.0,1,83,86,2,3,3,49.1,47.6,5.7,84.2,4.8,1,0,1,3,1,0,1,0,5.5
0,0,7.5,1,69,72,1,1,1,34.5,31.2,2.7,87.0,4.8,0,1,3,2,1,0,0,6,5.4
0,11,7.5,2,68,72,1,3,1,51.2,36.3,7.4,66.6,3.8,0,1,0,0,0,0,1,5,6.2
1,9,6.5,0,65,70,1,3,2,23.0,40.1,5.6,65.3,4.0,1,1,0,0,0,0,1,0,3.5
1,5,7.7,1,55,64,1,2,0,52.7,40.4,2.8,88.0,4.1,1,1,0,0,0,1,1,1,6.2
1,2,7.9,0,62,64,1,2,0,44.5,25.2,5.0,64.0,3.7,1,0,0,0,0,1,0,5,6.5
1,4,6.5,0,79,58,0,1,0,20.0,10.7,2.8,72.0,4.6,0,0,0,0,0,0,1,2,2.1
1,4,8.7,0,84,77,1,2,2,62.5,41.8,6.8,84.0,4.8,1,1,3,2,1,1,1,1,7.5
1,5,7.3,0,62,71,1,2,1,33.2,19.3,3.6,68.0,4.3,1,1,0,0,0,0,1,5,5.3
0,10,8.0,0,62,74,1,2,0,44.1,38.0,1.0,67.5,3.9,0,0,0,1,0,0,2,8,6.8
1,1,7.2,0,55,75,1,1,1,20.0,14.9,3.3,79.0,4.3,0,0,0,0,0,0,2,8,3.4
1,3,7.3,0,58,60,1,1,0,40.7,27.8,3.2,60.0,4.5,0,0,0,0,0,1,0,7,4.7
1,6,8.3,0,77,88,2,3,2,81.5,75.9,6.9,90.0,4.8,1,1,2,2,1,1,1,1,8.4
1,3,7.8,0,56,73,0,2,0,36.7,37.7,3.5,86.0,4.3,0,1,0,0,0,0,2,0,5.9
1,0,7.5,0,71,68,2,3,0,53.9,37.8,5.8,84.0,4.5,1,1,0,0,0,0,1,3,5.6
1,2,8.1,0,68,71,0,1,0,49.8,37.7,3.0,83.0,4.3,1,1,1,3,1,1,2,8,5.1
0,4,7.5,1,66,84,1,2,0,37.9,35.4,4.2,67.0,4.4,1,0,0,0,0,0,2,0,4.8
1,2,7.5,0,72,64,2,1,1,39.3,37.1,2.8,80.0,4.3,0,1,0,0,0,0,2,8,5.5
1,6,8.4,0,68,82,2,3,2,78.5,64.7,7.8,90.0,4.6,1,1,3,3,1,1,0,3,9.1
0,0,7.2,1,58,63,1,2,0,40.0,29.4,4.2,60.0,4.6,0,0,0,0,0,0,0,9,5.1
1,5,7.4,2,61,65,0,1,0,20.0,21.5,2.6,77.0,4.4,0,0,0,0,0,0,1,8,2.4
0,6,7.8,1,77,67,1,1,0,45.6,48.2,2.9,73.7,4.1,1,1,4,0,1,1,1,2,5.3
1,7,8.4,0,75,87,2,3,3,65.7,47.7,6.8,90.0,4.8,1,1,4,3,1,1,2,7,6.9
1,0,8.4,0,74,82,2,3,1,69.4,52.2,7.5,88.0,4.6,1,1,0,0,0,0,2,1,8.4
1,8,6.7,1,65,64,1,3,2,34.7,19.8,6.3,85.1,4.2,1,1,0,0,0,1,0,2,3.4
1,0,8.5,0,55,66,1,3,1,71.9,51.9,7.3,84.0,4.3,1,1,0,0,0,1,1,5,8.6
0,7,8.7,0,75,88,2,2,1,63.6,40.3,5.7,90.0,4.6,1,1,4,1,1,0,2,2,6.7
1,6,8.0,0,55,65,1,2,0,38.7,37.2,3.4,76.2,4.5,1,1,0,0,0,0,2,8,5.5
0,2,7.5,0,59,66,1,1,1,29.5,36.5,1.9,70.0,4.6,0,0,0,0,0,0,2,8,5.5
1,7,7.6,2,69,74,1,1,0,34.8,16.2,1.0,72.7,4.5,0,0,1,1,0,0,1,1,5.2
0,5,8.6,0,70,84,0,3,3,61.6,54.1,6.8,90.0,4.8,1,1,4,1,1,1,2,7,8.4
1,4,7.4,0,61,57,2,1,3,38.7,41.5,2.8,66.0,3.9,0,0,0,0,0,1,1,1,5.0
1,0,8.1,0,83,88,2,3,0,65.5,52.0,5.7,90.0,4.8,1,1,2,2,1,1,0,5,6.7
1,9,7.3,0,61,64,1,1,0,22.0,18.2,2.4,71.5,3.8,1,0,0,0,0,0,0,8,3.6
1,4,7.6,0,60,64,1,2,0,46.3,39.2,3.6,72.0,4.1,0,1,0,0,0,0,1,5,6.3
1,2,7.7,0,78,71,1,2,0,46.9,37.9,4.7,73.0,4.8,0,1,0,0,0,1,2,7,5.1
1,11,7.4,0,76,72,1,3,0,40.9,48.3,3.8,79.2,4.6,0,1,2,3,1,1,1,6,4.7
1,4,8.0,0,72,65,1,1,2,44.0,37.7,0.0,75.0,3.7,0,1,0,0,0,0,1,4,4.9
0,7,7.4,0,55,64,1,0,2,28.8,22.2,1.7,70.3,3.5,1,1,0,0,0,0,1,0,5.2
1,5,8.0,0,77,82,0,2,1,47.6,38.4,3.0,78.0,4.2,1,1,0,0,0,1,2,4,5.5
1,0,8.4,0,72,82,2,2,2,61.7,51.1,4.3,85.0,4.8,1,0,0,0,0,0,0,6,8.5
0,7,7.3,0,61,75,1,1,1,41.9,39.4,1.0,67.8,3.3,0,1,0,0,0,0,1,3,5.8
1,6,8.2,0,76,82,2,2,1,75.2,62.5,9.4,90.0,3.9,1,1,1,3,1,1,0,1,8.8
1,0,7.6,0,58,69,1,1,0,27.3,29.1,2.0,66.0,4.1,0,1,0,0,0,1,1,5,4.5
1,11,6.6,0,57,70,0,2,0,21.2,18.3,1.8,73.9,3.4,0,0,0,0,0,1,1,8,3.5
0,0,8.0,0,72,83,1,3,1,63.2,55.8,7.4,87.0,4.6,1,1,0,0,0,0,1,0,7.2
1,2,8.2,0,59,71,1,1,1,60.0,50.2,2.3,73.0,3.9,1,0,0,0,0,0,1,2,8.4
0,4,7.4,0,66,86,1,2,0,37.0,47.1,4.8,77.0,4.5,0,1,0,0,0,1,2,4,6.0
1,2,7.7,0,73,78,1,2,0,43.2,48.4,4.7,78.0,4.6,1,1,3,1,1,1,2,7,6.2
1,2,7.3,0,67,70,1,1,1,24.7,33.6,4.4,83.0,3.9,1,0,0,0,0,1,1,0,4.5
0,0,8.2,0,85,84,1,3,2,62.7,51.5,6.1,90.0,4.4,1,1,1,3,1,1,0,0,7.2
0,0,7.6,1,61,83,2,1,1,36.7,37.2,2.7,74.0,3.8,1,1,0,0,0,0,0,0,6.1
1,10,7.8,1,81,60,0,3,1,49.7,39.5,8.4,86.7,4.7,1,1,3,2,1,1,1,8,6.6
1,3,6.6,0,78,67,1,2,0,20.0,0.8,3.5,88.0,4.0,0,0,0,0,0,0,0,4,2.0
1,0,7.6,0,55,66,0,1,1,27.8,31.0,0.7,80.0,3.9,0,0,0,0,0,0,2,7,4.8
0,0,7.6,0,61,66,1,2,1,43.1,45.9,5.6,67.0,4.5,1,0,0,0,0,0,2,2,6.0
1,2,7.1,0,61,68,2,1,2,23.8,18.3,2.6,77.0,4.1,1,1,0,0,0,0,0,5,4.2
0,4,8.0,0,70,87,2,3,2,65.0,32.4,7.5,90.0,4.7,1,1,1,3,1,1,2,7,6.3
1,4,7.7,0,56,75,0,1,0,32.6,24.8,2.5,82.0,4.1,0,1,0,0,0,1,2,1,6.4
0,3,8.3,0,83,82,1,3,0,76.1,65.1,8.4,90.0,4.8,1,1,2,2,1,1,1,8,9.2
1,2,7.8,0,55,69,1,2,1,41.5,39.0,2.3,78.0,4.8,0,1,0,0,0,0,2,7,5.3
1,7,7.4,0,84,80,0,3,0,35.5,12.4,5.0,82.7,4.2,1,1,2,3,1,0,2,5,3.3
1,7,7.3,0,62,66,2,3,0,42.6,40.7,6.0,87.4,4.6,1,0,1,0,0,1,2,0,5.9
1,5,7.4,0,80,71,1,3,0,53.8,28.9,4.9,81.0,4.6,1,1,0,0,0,0,2,8,5.4
1,3,7.8,0,61,81,1,3,1,55.5,49.2,7.6,80.0,4.8,1,0,0,0,0,0,1,8,7.7
1,1,7.9,0,77,85,2,3,2,65.3,62.1,7.9,80.0,4.5,1,1,2,2,1,1,1,9,7.0
1,10,8.9,0,72,83,2,2,1,82.1,60.6,7.8,83.2,4.1,1,1,2,0,1,1,2,9,9.1
0,5,6.7,0,76,71,2,0,0,20.0,16.4,0.5,69.0,3.9,0,1,0,0,0,0,0,8,2.0
0,0,6.5,0,87,80,0,3,2,28.7,28.7,6.6,72.0,4.1,1,1,1,3,1,1,1,4,2.8
1,0,8.5,0,78,85,1,2,2,57.2,43.2,5.3,81.0,3.8,1,1,0,0,0,0,0,0,9.3
1,11,6.8,1,75,72,2,2,0,30.3,35.3,3.3,77.5,4.3,1,1,3,3,1,1,1,1,3.5
0,11,8.3,1,73,81,2,1,2,62.4,52.0,5.9,90.0,4.7,1,0,0,1,0,0,0,8,7.4
1,5,7.8,0,55,69,1,2,0,50.0,43.2,5.1,79.0,4.0,1,1,0,0,0,0,2,7,6.9
1,3,8.4,0,74,68,1,3,0,73.2,63.9,7.7,82.0,4.3,1,1,2,2,1,1,1,6,10.1
1,3,8.3,0,68,79,2,2,2,60.6,48.4,4.8,80.0,4.5,1,1,3,2,1,0,1,9,6.7
0,10,6.6,1,68,65,2,3,2,36.9,32.7,8.6,65.6,4.7,1,0,0,0,0,1,1,7,2.9
1,1,7.1,0,55,61,1,1,0,20.3,27.1,1.9,79.0,3.8,0,0,0,0,0,0,1,8,5.0
0,0,8.4,0,74,86,2,3,2,78.5,74.0,6.0,89.0,4.6,1,1,3,2,1,0,2,3,9.3
1,4,7.4,0,79,73,2,3,2,51.0,52.1,8.5,80.0,4.6,1,1,0,0,0,1,2,3,5.7
1,4,8.3,0,79,82,1,3,2,63.4,61.7,6.3,90.0,4.8,1,1,3,1,1,1,2,0,8.6
0,7,7.5,0,63,81,1,2,1,42.7,33.6,5.3,76.9,4.0,0,1,2,3,1,1,1,6,4.6
1,0,8.5,0,85,83,2,3,2,77.4,67.3,5.4,87.0,4.1,1,1,4,1,1,1,2,2,8.3
1,4,7.6,0,60,64,0,2,0,36.4,28.0,4.6,64.0,4.8,0,0,0,0,0,0,1,1,4.3
1,2,7.7,0,82,84,0,2,2,37.4,27.5,5.5,69.0,4.4,1,1,0,0,0,1,1,3,5.7
0,6,6.5,1,61,69,1,2,1,25.4,18.6,3.6,66.5,4.4,0,0,0,0,0,0,1,3,3.5
0,2,8.4,0,77,86,2,3,2,72.5,69.8,7.5,83.0,4.8,1,1,3,1,1,1,1,8,8.9
1,6,7.7,0,64,67,1,2,3,44.3,36.3,5.3,80.3,4.2,0,1,1,0,0,1,1,5,7.4
0,7,7.8,0,65,73,1,0,0,38.0,26.8,1.7,70.1,4.3,0,0,0,0,0,0,1,8,5.2
1,6,7.6,0,64,80,1,2,2,50.5,48.8,2.7,83.0,4.8,1,1,0,0,0,0,1,3,6.2
1,9,7.9,0,78,87,2,3,0,58.1,33.1,7.4,84.8,4.8,1,1,1,2,1,0,2,4,6.4
0,5,7.6,0,62,63,0,2,0,41.1,19.7,4.5,74.0,4.0,1,1,3,2,1,0,1,9,4.3
0,0,7.4,2,56,64,1,1,0,38.2,35.0,2.0,68.0,4.4,0,0,0,0,0,1,1,4,6.7
1,7,8.2,0,79,65,1,1,3,61.2,49.3,2.4,77.6,3.8,0,0,0,0,0,0,2,6,7.7
1,5,6.8,0,55,67,1,1,1,29.4,12.3,2.6,75.0,4.3,0,1,0,0,0,1,0,8,3.2
1,2,7.4,0,78,65,0,2,1,26.6,21.3,6.6,75.0,4.1,0,1,2,3,1,0,1,9,2.8
0,10,6.7,0,77,70,2,3,1,29.5,31.4,7.2,87.1,4.7,1,1,2,2,1,0,1,5,3.3
1,0,7.7,0,55,69,1,1,0,46.0,53.3,1.9,69.0,4.0,0,0,0,0,0,0,0,2,5.2
1,2,8.0,0,69,71,2,2,2,58.5,51.4,4.0,81.0,4.5,0,0,0,0,0,0,0,0,7.4
0,10,7.6,0,80,65,1,3,2,55.8,36.2,5.7,74.2,4.2,0,1,1,1,0,0,2,4,6.6
1,4,8.5,0,79,85,1,3,3,76.6,53.6,5.3,87.0,4.3,1,1,4,1,1,0,0,2,8.2
1,0,7.4,0,86,78,1,3,2,40.7,31.9,7.8,73.0,4.1,1,1,1,3,1,1,1,0,4.8
0,4,8.0,0,62,69,1,1,1,42.0,38.1,2.1,76.0,3.8,1,1,0,0,0,0,0,5,7.6
1,1,7.5,0,74,85,1,3,2,46.8,40.4,6.9,90.0,4.8,1,1,0,0,0,1,0,6,5.6
1,7,6.7,2,55,70,1,0,1,25.4,16.0,1.3,63.1,4.1,0,1,0,0,0,0,1,5,4.6
1,2,7.2,0,79,84,1,3,2,43.3,41.7,5.1,80.0,4.6,0,0,2,2,1,0,2,2,4.3
0,0,8.4,0,87,87,2,3,2,68.4,55.1,6.2,87.0,4.8,1,0,2,2,1,1,1,0,9.2
0,4,7.6,0,60,62,1,1,1,30.0,22.4,3.3,62.0,3.4,0,0,0,0,0,0,1,6,5.0
1,2,7.6,0,72,84,2,3,0,63.1,49.0,8.4,78.0,3.7,1,1,3,1,1,1,1,6,6.3
0,2,7.5,1,88,86,2,3,0,46.8,28.3,8.6,90.0,4.7,1,0,3,2,1,1,1,0,5.3
1,10,8.4,0,73,81,0,2,0,63.4,55.6,5.1,86.3,4.1,1,1,4,1,1,1,1,9,6.8
1,10,6.8,0,61,68,0,2,0,20.0,21.4,1.4,71.6,4.1,0,0,0,0,0,0,0,7,3.6
0,2,7.0,0,55,63,1,1,1,25.6,23.0,1.3,62.0,3.4,0,0,0,0,0,0,0,0,3.7
0,0,8.2,0,64,87,1,3,2,73.4,52.9,7.0,90.0,4.8,1,1,0,0,0,1,1,9,9.8
1,6,8.2,0,77,88,2,3,1,66.9,40.3,8.8,90.0,4.8,1,1,1,2,1,1,1,4,6.9
0,1,7.0,0,60,58,1,1,1,26.3,36.5,2.6,70.0,4.0,0,0,0,0,0,0,2,0,5.1
0,7,8.1,1,69,78,2,3,0,66.9,53.1,8.2,90.0,4.3,1,1,1,2,1,1,1,2,8.4
1,7,6.8,2,61,67,1,2,0,23.8,20.3,0.0,79.1,3.8,0,1,0,1,0,0,1,4,2.1
1,6,7.7,1,55,73,0,1,1,35.6,39.8,3.8,90.0,4.2,1,1,4,2,1,0,1,1,5.5
1,11,6.5,1,57,68,0,0,1,23.3,13.9,2.4,76.8,3.0,0,0,0,0,0,0,1,4,2.3
0,6,7.9,1,75,63,1,3,1,50.8,60.6,5.8,84.9,3.7,1,0,0,1,0,0,1,5,6.5
1,3,8.5,0,67,67,1,1,2,54.1,49.5,2.4,87.0,4.5,1,1,4,1,1,1,1,6,8.6
0,4,8.2,0,74,81,2,3,2,62.6,50.9,8.0,90.0,4.5,1,1,2,2,1,1,2,1,5.7
1,8,6.5,0,78,72,1,2,1,20.0,12.8,4.0,74.1,3.9,0,1,0,0,0,0,1,1,2.7
1,0,7.5,0,67,69,0,1,0,27.0,27.2,0.0,64.0,4.4,0,1,0,0,0,0,1,4,3.2
1,4,7.6,0,64,61,0,2,0,42.6,35.3,4.6,68.0,3.9,0,1,0,0,0,0,1,2,6.1
1,0,7.4,0,79,67,0,3,2,41.5,32.1,8.7,80.0,4.4,1,1,0,0,0,0,2,4,4.6
1,6,8.2,0,75,82,2,2,2,76.2,61.4,9.6,90.0,3.9,1,1,2,3,1,1,0,2,7.1
1,1,8.2,0,80,86,2,3,2,70.1,58.7,6.1,90.0,4.7,1,1,2,2,1,1,2,8,7.3
1,3,8.2,0,82,64,1,3,2,56.6,36.4,7.4,73.0,4.5,1,1,3,1,1,0,0,6,6.2
1,11,7.6,0,55,64,1,1,1,33.8,36.0,2.3,70.6,4.0,0,1,0,1,0,0,0,8,5.6
0,11,7.6,0,62,79,0,1,1,51.4,42.6,2.4,71.0,4.1,1,1,0,1,0,1,2,3,6.6
0,0,7.5,0,56,63,1,1,1,37.6,43.6,2.5,70.0,4.1,1,1,0,0,0,0,0,8,5.2
0,1,7.4,0,61,65,0,1,0,24.9,18.1,5.2,79.0,4.2,1,1,0,0,0,1,1,8,4.0
0,7,8.0,0,75,88,1,2,2,68.3,63.7,7.0,90.0,4.7,1,1,3,2,1,0,1,6,7.5
0,6,7.6,0,60,75,2,2,3,43.1,36.5,6.1,74.5,4.7,1,1,0,0,0,1,2,6,5.7
1,4,7.5,0,55,71,1,2,1,40.3,20.3,3.3,76.0,4.2,0,1,0,0,0,0,2,7,5.3
1,0,9.0,1,76,87,2,3,3,80.8,49.9,6.7,83.0,4.8,1,1,2,2,1,1,1,4,8.7
1,6,6.7,0,61,60,1,1,1,26.2,32.8,3.6,70.9,3.8,0,1,1,0,0,0,2,1,5.0
0,0,8.1,0,70,78,1,1,2,46.8,35.4,4.1,82.0,4.8,1,0,0,0,0,0,0,4,7.6
0,2,8.5,0,81,83,1,2,0,59.8,40.5,6.8,70.0,3.9,1,1,3,2,1,1,1,8,6.5
0,8,7.4,0,67,73,0,3,0,26.6,27.1,4.7,80.0,4.2,0,1,0,0,0,0,2,5,4.8
1,10,6.9,2,74,58,0,0,1,20.1,16.1,1.3,77.9,3.1,0,1,0,1,0,0,1,8,2.4
0,3,8.0,0,55,65,1,1,0,41.0,29.3,2.8,75.0,4.0,0,0,0,0,0,0,1,8,6.3
0,0,7.5,0,73,84,1,2,0,45.8,27.8,4.9,82.0,3.7,0,0,0,0,0,1,2,3,6.0
1,2,8.4,0,55,63,0,1,0,56.8,55.7,2.3,77.0,3.5,0,1,0,0,0,0,1,0,7.9
1,4,7.6,1,59,63,1,1,1,39.1,34.0,2.3,71.0,4.3,0,0,0,0,0,0,2,6,5.3
0,0,8.9,0,82,81,1,3,1,77.5,57.6,5.6,84.0,4.8,1,1,0,0,0,1,0,0,8.8
1,7,7.7,0,85,83,0,3,3,53.8,44.8,7.2,88.6,4.8,1,0,1,1,0,1,1,7,7.4
0,0,8.5,0,73,83,2,3,2,63.1,45.6,8.3,90.0,4.2,1,0,2,2,1,1,2,1,7.4
1,0,8.6,0,74,61,1,3,0,69.4,68.7,6.6,89.0,4.8,1,1,4,1,1,1,1,7,8.7
1,0,7.4,2,71,67,1,3,0,50.4,49.8,5.9,78.0,4.2,0,1,2,2,1,1,1,2,5.7
1,3,7.3,0,55,68,0,1,1,33.9,28.7,1.6,84.0,4.7,0,0,0,0,0,1,2,6,5.0
1,5,7.4,0,76,74,1,1,0,35.5,20.9,1.8,72.0,4.1,0,1,0,0,0,0,1,8,4.9
1,6,8.2,0,60,75,1,3,2,55.2,39.5,7.6,90.0,4.8,1,0,0,0,0,1,0,1,5.6
0,6,8.3,0,75,83,2,3,2,57.9,53.8,4.5,90.0,4.8,1,1,2,3,1,1,0,2,8.5
1,9,7.6,1,55,63,0,1,0,33.9,22.9,2.5,79.0,4.0,0,0,1,0,0,0,1,8,4.1
0,11,7.5,2,67,71,1,2,0,34.7,32.5,4.7,75.5,3.7,1,1,0,0,0,0,1,5,4.9
0,2,7.7,0,83,83,2,3,2,60.5,64.1,7.8,90.0,4.8,1,1,2,2,1,1,0,3,7.5
1,6,7.8,1,74,69,2,3,1,63.0,54.6,7.9,85.1,4.8,1,1,2,2,1,0,2,2,6.5
1,5,6.5,2,55,60,1,1,0,20.0,30.3,1.9,82.0,3.9,0,1,0,0,0,0,1,4,2.1
1,2,8.6,0,72,85,1,3,3,71.1,60.8,9.7,90.0,4.8,1,1,4,1,1,0,2,5,9.2
0,8,8.3,0,78,83,1,1,0,37.5,16.9,2.2,77.2,3.8,1,1,0,1,0,0,2,7,6.6
0,2,6.5,0,75,65,2,1,0,23.5,22.0,2.4,78.0,4.4,0,1,0,0,0,0,1,0,2.0
1,4,7.8,0,61,84,2,3,3,66.1,50.2,5.7,80.0,4.4,1,1,1,3,1,1,2,5,6.7
1,7,8.3,1,78,82,2,3,1,70.9,54.5,5.6,73.1,4.6,1,1,2,3,1,0,1,7,8.2
0,11,7.5,0,81,85,1,2,1,46.7,24.0,5.1,86.0,4.6,1,1,0,3,1,0,1,5,4.5
1,2,8.0,0,72,88,1,2,2,47.1,37.1,4.5,83.0,4.3,1,1,0,0,0,1,2,8,6.5
1,0,7.7,0,57,64,1,1,0,34.1,27.8,0.2,67.0,3.6,0,0,0,0,0,0,2,1,4.9
1,2,6.7,0,55,67,1,1,1,20.0,30.5,0.6,66.0,3.6,0,0,0,0,0,0,0,8,3.7
1,7,6.5,1,78,70,1,2,0,23.8,35.4,4.2,72.4,4.7,0,1,0,0,0,0,0,4,3.8
1,6,8.5,0,78,85,1,1,1,63.1,55.0,6.5,79.1,4.0,1,1,0,1,0,0,0,1,9.5
1,6,7.4,1,60,67,0,2,1,34.8,28.7,5.2,81.6,4.6,0,1,0,0,0,0,2,1,5.6
0,3,8.2,0,76,82,1,3,0,68.1,57.8,8.4,80.0,4.5,1,1,3,1,1,1,1,7,8.1
1,4,7.6,0,57,66,2,2,2,43.5,35.7,4.9,67.0,4.7,1,0,0,0,0,0,1,2,5.2
1,2,6.8,1,61,66,1,2,2,27.3,24.5,3.8,82.0,3.9,1,1,1,3,1,0,1,5,3.6
1,6,8.4,1,70,70,1,1,3,50.6,45.8,3.6,87.9,4.7,1,0,1,1,0,0,1,1,5.8
1,5,6.9,0,55,65,2,2,0,33.3,17.8,5.0,68.0,3.2,0,1,0,0,0,0,1,8,2.7
1,2,8.4,0,77,80,0,2,0,52.7,35.8,5.0,86.0,4.6,1,1,0,0,0,0,1,2,7.4
1,3,7.4,0,73,70,1,1,0,25.6,30.6,1.3,74.0,3.8,0,0,0,0,0,0,1,8,3.2
1,0,7.5,0,55,58,1,1,0,29.3,29.5,1.9,79.0,3.7,0,0,0,0,0,0,1,6,3.9
1,4,7.5,0,62,62,1,1,0,27.8,19.6,2.9,69.0,4.3,0,0,0,0,0,0,1,2,3.5
1,4,8.9,0,72,84,1,3,0,77.6,68.4,5.8,84.0,4.5,1,1,2,3,1,1,1,5,8.2
1,6,8.2,0,55,79,2,2,1,79.2,47.3,7.7,86.6,3.7,1,1,1,3,1,1,1,0,8.1
1,4,8.3,0,86,86,1,3,2,67.7,57.0,7.1,89.0,4.8,1,1,3,2,1,1,2,0,6.8
1,2,8.1,0,56,66,0,1,1,38.5,23.6,3.3,77.0,4.1,0,0,0,0,0,0,1,8,4.7
1,4,7.9,0,82,80,1,3,2,52.5,47.4,7.0,90.0,4.8,1,1,2,2,1,1,1,4,6.9
1,7,7.5,1,80,73,0,1,0,33.8,23.8,0.6,83.0,4.5,1,1,0,0,0,1,0,1,5.4
1,10,7.7,0,80,76,1,3,0,39.8,18.8,5.7,70.1,3.5,1,1,3,2,1,0,0,6,3.6
1,4,8.3,0,84,84,2,3,3,74.7,71.7,5.9,90.0,4.8,1,1,3,1,1,1,2,0,7.9
1,4,8.3,0,77,82,2,3,0,69.1,55.0,6.0,71.0,4.6,1,1,1,3,1,1,2,4,7.4
0,1,8.1,1,72,88,1,3,2,65.0,52.1,6.1,90.0,4.6,1,1,3,1,1,0,1,8,7.4
1,2,7.4,0,78,71,0,2,0,34.2,36.2,4.6,86.0,3.8,0,1,0,0,0,1,1,8,5.0
0,6,7.5,0,57,65,2,2,0,40.7,38.6,3.0,82.6,4.8,1,1,2,3,1,1,1,0,4.6
1,3,7.6,0,74,72,1,3,0,48.7,49.8,6.2,69.0,3.9,1,1,3,1,1,1,2,7,5.1
1,10,9.0,0,72,83,2,3,2,85.2,64.5,6.8,90.0,4.8,1,1,4,1,1,1,0,5,9.4
1,5,6.8,2,75,67,1,3,0,36.3,40.9,7.4,80.0,4.4,0,1,0,0,0,0,2,8,4.5
1,4,6.5,0,60,74,1,1,0,20.0,10.5,3.1,77.0,3.6,1,1,0,0,0,0,0,4,2.7
1,5,7.4,2,77,68,2,3,1,54.4,24.1,6.6,84.0,4.8,0,1,2,2,1,0,2,8,4.1
0,3,7.7,0,66,63,1,1,0,31.6,38.6,2.2,60.0,3.7,0,1,0,0,0,0,0,6,7.0
1,10,6.6,2,63,71,2,2,2,21.4,18.8,1.8,78.4,3.5,0,1,0,0,0,0,1,8,3.5
0,1,8.1,0,80,85,2,3,2,63.5,62.4,7.5,90.0,4.5,1,1,3,2,1,0,1,8,7.9
0,5,8.2,0,68,63,1,2,2,53.8,41.8,4.4,84.0,4.5,1,1,2,3,1,1,1,8,5.0
0,9,7.1,0,67,66,2,1,1,30.8,14.8,4.0,69.5,3.1,0,1,0,0,0,1,2,8,2.6
1,6,7.4,2,55,68,1,1,1,36.0,22.2,5.7,79.9,3.6,0,0,0,1,0,1,1,6,4.7
1,5,6.5,0,85,65,1,3,2,24.4,17.6,7.1,90.0,4.0,1,0,2,2,1,0,0,3,2.6
1,1,8.9,0,75,84,2,1,2,65.9,50.6,1.6,90.0,4.7,1,1,2,2,1,0,2,8,8.9
1,0,8.2,0,90,81,2,3,2,70.8,60.3,7.8,90.0,4.4,1,1,1,3,1,1,1,0,8.0
1,7,6.5,2,56,64,1,2,0,23.9,26.9,3.8,90.0,4.5,0,0,0,0,0,0,0,6,3.1
1,2,8.5,0,82,83,1,3,2,64.6,60.6,7.6,89.0,4.8,1,1,3,2,1,0,0,7,8.4
1,9,8.2,0,83,87,1,3,0,65.3,40.2,6.3,82.4,4.3,1,1,3,3,1,1,1,8,8.2
1,0,7.5,0,72,83,1,2,1,37.9,26.4,4.3,90.0,4.6,0,1,3,2,1,1,2,4,4.6
1,1,7.6,0,62,67,1,1,0,41.3,37.6,1.0,60.0,4.2,0,0,0,0,0,0,0,8,7.1
1,1,7.5,0,75,61,1,1,1,39.6,33.9,1.0,81.0,4.0,0,1,0,0,0,0,2,0,5.4
1,7,7.5,1,55,58,1,2,0,33.6,28.2,1.6,82.4,3.7,0,0,0,0,0,0,0,8,4.4
0,0,7.5,1,77,72,2,2,0,47.3,27.1,6.0,80.0,4.8,1,1,4,1,1,0,1,5,4.1
1,11,7.3,0,65,72,0,1,2,21.5,15.9,2.7,74.6,4.1,0,0,1,0,0,1,1,8,4.6
1,3,6.8,0,76,80,1,2,0,28.3,15.5,4.7,75.0,4.5,1,1,0,0,0,0,2,0,4.1
1,0,8.3,0,65,62,1,1,1,52.1,48.9,0.3,76.0,4.2,0,1,0,0,0,1,1,1,6.4
1,5,8.1,0,68,69,0,2,0,54.4,54.9,5.9,84.0,4.0,1,1,0,0,0,1,0,7,9.4
1,6,8.5,0,66,85,2,2,1,77.8,53.8,2.3,79.8,4.4,1,1,2,2,1,1,0,9,9.1
0,6,8.7,1,76,88,1,3,2,76.9,54.4,6.9,81.3,4.6,1,1,0,0,0,1,2,2,10.4
0,10,6.9,0,62,63,0,2,0,23.3,22.0,4.2,73.3,4.2,0,1,0,1,0,0,1,8,4.2
0,0,7.5,0,74,70,1,3,1,44.6,31.9,7.5,84.0,4.0,1,0,1,3,1,0,1,0,4.1
1,7,7.5,1,59,61,1,1,2,31.6,35.4,1.2,64.9,4.3,0,0,0,0,0,1,0,9,4.6
1,7,8.2,1,77,88,2,3,3,59.3,48.2,5.9,88.9,3.9,1,1,4,3,1,0,2,9,6.5
1,3,7.8,0,57,64,1,1,0,37.7,40.9,1.8,69.0,4.7,0,0,0,0,0,1,0,8,5.7
1,2,6.5,0,69,68,1,3,0,25.0,34.7,5.2,74.0,4.0,0,1,2,3,1,1,1,5,2.8
0,0,8.7,0,78,87,1,2,2,64.9,43.8,3.7,84.0,4.3,0,0,0,0,0,0,1,2,8.2
1,4,6.8,2,57,59,0,1,0,20.0,9.8,1.2,71.0,3.3,0,0,2,3,1,0,1,0,2.0
0,0,6.6,1,57,62,1,1,1,20.0,13.6,3.0,85.0,4.0,0,1,2,3,1,1,1,5,2.1
1,4,7.5,2,55,63,1,1,0,31.2,23.5,1.5,77.0,4.0,0,1,0,0,0,0,1,3,4.0
1,0,7.3,0,56,70,0,1,0,33.9,15.3,2.2,78.0,3.6,0,0,0,0,0,0,1,7,3.3
0,7,8.3,0,58,70,0,2,0,55.9,54.5,3.7,76.5,3.6,0,1,0,0,0,0,2,2,5.7
1,3,7.5,2,73,67,1,1,1,36.6,37.1,1.1,80.0,4.5,0,1,0,0,0,0,1,7,5.1
0,4,8.4,0,66,71,2,3,3,82.0,66.9,5.8,90.0,4.8,1,0,0,0,0,1,0,0,10.3
1,2,7.8,0,55,69,1,2,0,41.7,45.5,4.3,72.0,4.5,0,1,0,0,0,0,1,7,4.2
0,10,8.8,1,87,80,1,3,2,67.9,56.3,6.2,79.3,4.3,1,1,2,2,1,1,1,8,9.1
0,0,8.0,0,87,85,2,1,2,51.2,52.1,4.4,90.0,4.6,1,1,0,0,0,1,1,6,7.1
0,4,7.8,1,77,88,0,1,1,40.9,38.3,2.5,73.0,4.8,1,1,3,2,1,0,2,6,5.5
1,7,6.8,1,78,57,1,3,0,37.6,37.2,3.5,76.8,4.2,0,1,1,0,0,0,0,7,3.6
1,0,8.2,1,85,86,1,3,0,68.8,59.9,8.0,82.0,4.1,1,1,0,0,0,1,0,0,6.7
1,4,7.5,0,72,86,1,3,2,37.7,28.2,6.2,78.0,4.6,1,1,1,3,1,0,1,8,4.3
0,0,8.5,0,83,85,2,3,2,73.2,63.9,4.8,88.0,4.8,1,1,4,1,1,0,2,1,8.7
1,2,8.3,0,82,84,2,3,2,62.0,46.3,7.0,87.0,4.8,1,1,4,1,1,0,2,3,7.9
1,4,8.6,0,65,82,2,3,2,70.7,49.1,7.8,90.0,4.8,1,1,3,1,1,1,1,1,6.3
1,2,8.1,0,81,81,2,3,2,62.4,65.3,7.9,89.0,4.5,1,1,0,0,0,1,1,6,9.2
1,9,6.6,0,55,66,0,3,1,21.7,10.3,3.0,77.7,4.2,0,1,0,0,0,1,2,9,2.4
1,1,6.5,1,57,60,1,1,1,20.0,15.3,2.3,60.0,4.2,0,0,0,0,0,0,2,7,2.0
0,5,8.4,0,70,85,2,3,2,76.8,71.9,5.4,90.0,4.8,0,1,3,2,1,1,1,8,7.8
1,9,7.3,0,61,64,1,1,1,23.2,16.2,2.6,71.1,3.8,1,0,1,0,0,0,2,8,3.2
1,2,7.4,0,69,81,0,2,1,37.3,36.5,5.0,71.0,4.7,0,1,0,0,0,1,2,8,5.1
0,6,7.9,1,71,67,2,1,0,50.0,34.6,1.8,71.6,3.5,0,0,0,0,0,1,1,1,6.4
0,4,8.5,0,70,88,0,3,2,64.6,54.7,7.0,90.0,4.8,1,1,3,2,1,0,1,0,8.0
1,5,8.1,0,55,69,1,1,0,38.3,41.1,0.7,81.0,4.7,0,1,0,0,0,0,1,2,7.2
1,6,7.0,1,55,82,2,1,2,26.5,24.1,6.0,90.0,4.5,1,1,3,3,1,1,1,2,2.3
1,2,7.9,0,75,83,0,2,2,44.8,48.3,4.8,85.0,4.8,1,1,0,0,0,0,2,5,5.9
1,8,6.5,0,55,58,0,1,0,20.0,15.3,4.0,73.9,4.1,0,1,0,1,0,0,1,8,2.6
0,8,7.4,1,60,63,2,2,1,32.9,34.0,3.2,77.1,3.9,0,1,0,1,0,0,0,8,3.9
1,9,8.5,0,74,85,2,3,3,76.1,67.4,5.1,87.9,4.8,1,1,2,2,1,0,1,8,9.9
1,0,8.3,0,75,84,2,3,2,74.7,71.8,6.7,90.0,4.3,1,1,0,0,0,1,1,4,9.0
1,11,7.3,0,79,80,1,3,2,45.3,44.9,8.8,89.6,4.1,1,1,2,2,1,1,0,2,3.9
1,0,7.4,0,55,61,1,1,0,27.0,29.0,1.8,75.0,4.3,0,0,0,0,0,0,1,5,4.8
0,10,8.8,1,86,81,1,3,1,71.8,48.5,6.1,74.4,4.4,1,1,1,3,1,1,0,7,9.3
1,4,7.7,2,78,81,1,3,0,56.9,49.4,7.0,75.0,4.0,1,1,3,1,1,1,2,7,6.7
1,2,7.9,0,83,86,1,3,2,62.3,54.6,4.3,89.0,4.6,1,1,3,2,1,1,0,8,6.6
1,2,8.0,0,64,69,2,3,2,67.5,54.3,6.4,79.0,4.3,1,0,0,0,0,1,0,8,8.6
0,0,7.5,1,55,66,1,1,1,31.3,23.0,1.6,60.0,3.4,0,1,0,0,0,0,2,0,3.5
1,4,8.2,0,70,84,2,3,2,74.0,58.9,6.5,90.0,4.8,1,1,2,2,1,1,0,7,8.0
0,3,7.7,0,55,82,1,0,0,25.0,20.2,0.4,75.0,3.6,1,1,1,3,1,0,2,8,3.2
1,4,7.6,0,76,64,1,1,0,34.7,41.9,2.9,74.0,4.6,1,1,0,0,0,0,1,6,6.0
0,6,7.5,1,63,68,2,2,1,49.9,34.5,4.8,85.5,4.6,0,1,0,0,0,0,2,7,5.6
1,5,8.0,0,77,84,2,3,2,64.8,39.2,6.8,82.0,4.3,1,1,2,2,1,1,0,8,6.3
0,7,8.4,1,77,88,0,3,2,65.2,49.6,7.1,90.0,4.3,1,1,2,2,1,0,0,0,8.8
1,3,6.9,0,55,65,0,2,1,24.5,29.4,3.5,71.0,3.2,0,0,0,0,0,1,0,8,3.0
1,1,8.6,0,89,82,1,3,0,68.3,61.2,6.9,88.0,4.8,1,1,0,0,0,1,2,8,9.8
1,9,6.6,1,55,66,1,1,1,20.0,21.4,1.7,90.0,3.9,0,1,0,0,0,0,2,8,3.1
1,7,6.6,1,62,64,1,2,0,23.7,35.6,5.0,84.8,4.5,1,1,0,3,1,0,1,0,3.2
1,10,8.0,2,60,81,1,1,1,39.6,56.9,2.1,74.0,3.8,0,1,0,0,0,0,0,7,7.6
0,0,7.9,0,80,84,1,3,2,52.3,52.6,8.4,90.0,4.4,1,1,2,2,1,0,0,0,7.2
1,2,8.2,0,74,87,2,3,2,67.6,63.4,7.1,87.0,4.8,1,1,4,1,1,1,1,8,8.3
1,8,7.7,0,88,79,1,3,1,46.3,42.8,6.6,77.9,4.7,1,1,1,3,1,1,1,9,5.0
1,0,7.5,1,55,69,1,1,0,31.9,38.8,3.2,77.0,3.9,0,1,0,0,0,0,2,0,6.1
0,2,8.2,0,83,81,1,3,2,68.2,53.2,7.0,82.0,4.5,1,1,1,3,1,1,0,7,8.5
1,1,7.4,0,55,64,1,1,1,35.8,32.5,2.6,69.0,3.8,0,1,1,3,1,1,2,5,4.9
0,2,7.3,0,55,74,0,2,1,23.6,26.0,7.2,70.0,3.7,1,1,1,3,1,0,0,2,3.2
0,0,8.5,0,74,83,2,3,2,68.7,61.2,7.5,71.0,4.6,1,1,2,3,1,0,2,2,8.8
0,4,6.8,2,67,63,0,2,0,22.7,16.5,3.9,88.0,4.5,0,1,0,0,0,0,1,2,2.5
1,6,6.6,2,63,69,0,0,1,22.3,23.0,2.7,77.8,3.9,1,1,0,1,0,0,0,9,3.0
1,5,6.8,1,80,64,1,2,0,32.1,33.4,4.9,88.0,4.8,1,1,3,2,1,1,2,8,3.4
1,2,7.9,0,81,68,1,3,0,58.4,59.7,5.5,83.0,4.6,1,1,1,3,1,1,1,8,6.9
0,4,8.2,0,69,86,1,1,2,42.5,23.8,1.6,87.0,4.3,1,0,0,0,0,0,2,0,5.8
1,2,7.6,1,67,70,1,1,0,36.0,32.4,2.2,62.0,3.4,0,0,0,0,0,1,2,8,6.6
0,3,6.5,0,56,63,1,1,0,20.0,9.7,1.6,65.0,3.6,0,1,0,0,0,1,2,3,2.0
1,7,7.6,0,55,69,1,0,2,34.8,47.7,2.3,87.5,4.3,0,0,0,0,0,1,2,6,6.8
1,6,8.6,0,77,82,2,3,3,73.0,71.2,9.0,88.5,4.8,1,1,1,1,1,1,1,1,9.0
1,2,7.7,0,75,75,0,1,1,27.9,21.4,4.7,90.0,4.3,1,1,4,1,1,0,1,0,4.2
1,1,6.7,0,82,73,1,1,1,20.0,13.5,4.0,82.0,4.4,1,1,0,0,0,0,1,8,4.1
0,0,7.3,0,78,80,1,1,0,24.7,26.4,1.4,80.0,3.6,1,1,2,3,1,1,1,5,3.4
1,11,6.5,0,55,72,1,0,2,21.3,21.7,3.0,87.3,4.8,0,0,0,0,0,0,1,4,2.0
1,4,8.1,0,78,82,2,3,2,57.5,69.3,7.6,90.0,4.7,1,1,1,3,1,1,1,9,7.2
0,4,7.6,1,55,68,2,1,3,43.8,41.5,1.3,67.0,3.7,0,1,0,0,0,1,1,3,6.4
1,1,7.0,0,90,80,2,3,2,37.0,43.5,6.8,90.0,4.8,1,1,1,3,1,1,1,8,5.3
0,1,7.3,0,63,62,1,1,0,25.9,22.5,3.1,78.0,3.1,0,0,0,0,0,0,0,4,4.8
1,3,6.9,2,75,74,1,3,1,32.9,21.3,8.8,72.0,4.7,1,1,1,3,1,1,2,6,2.0
0,6,7.7,2,56,72,0,1,2,36.7,46.8,1.8,73.4,4.2,0,1,1,0,0,0,2,0,6.5
0,6,8.3,1,58,87,2,1,3,55.3,50.9,3.7,80.3,4.2,1,1,4,2,1,0,1,2,7.5
1,2,6.5,1,61,63,0,1,1,20.0,20.1,2.2,84.0,3.6,0,0,0,0,0,0,0,8,2.0
1,2,7.1,1,65,61,1,1,1,20.0,19.6,3.4,69.0,3.3,0,0,0,0,0,0,2,9,4.3
1,5,6.9,0,55,64,1,2,2,26.4,7.6,4.9,77.0,4.0,0,1,0,0,0,0,0,0,3.4
0,4,7.5,0,69,62,1,1,0,30.6,21.4,1.9,68.0,3.6,0,1,0,0,0,1,1,2,3.3
1,3,6.9,0,84,73,0,3,2,35.5,26.1,5.6,78.0,4.3,1,1,3,2,1,0,2,6,3.9
1,4,8.1,0,80,87,2,3,2,66.4,70.2,8.5,90.0,4.8,1,1,3,1,1,1,1,6,7.6
1,0,7.6,0,71,63,0,1,1,33.1,17.2,4.5,70.0,3.9,0,0,1,3,1,0,1,9,3.1
0,0,7.0,0,55,73,0,1,0,20.0,24.3,3.2,82.0,4.4,1,0,0,0,0,0,0,0,3.2
1,2,6.6,0,59,78,1,1,1,25.4,36.2,2.6,74.0,3.6,0,0,0,0,0,0,1,8,4.8
0,7,7.5,1,63,65,0,0,0,37.0,31.4,2.4,80.5,3.8,0,1,0,1,0,0,1,0,5.7
1,0,8.3,0,72,69,2,3,2,68.4,54.0,8.0,79.0,4.7,1,1,3,2,1,1,0,3,6.7
0,0,8.1,0,61,84,1,2,1,48.6,27.6,4.3,81.0,4.7,1,1,0,0,0,0,2,2,4.6
1,5,6.5,0,82,88,0,2,2,20.0,10.9,4.7,82.0,4.3,1,1,0,0,0,0,2,9,2.0
1,4,7.9,0,75,87,2,3,2,66.2,48.5,6.1,90.0,4.8,1,1,2,2,1,0,1,5,7.2
1,9,6.7,0,57,70,0,1,0,20.8,23.6,1.7,64.1,4.4,0,1,1,1,0,0,1,8,2.4
1,3,7.5,0,62,69,0,1,0,22.0,35.8,3.5,82.0,4.6,1,1,2,3,1,0,1,8,3.6
1,2,8.0,0,55,62,1,1,0,32.6,21.5,1.6,69.0,3.6,0,0,0,0,0,0,1,0,5.3
1,10,7.5,0,61,88,0,2,2,36.5,32.4,3.2,80.7,4.8,0,1,1,2,1,0,1,8,4.8
1,3,7.6,0,61,71,0,1,0,31.0,38.1,2.4,63.0,4.4,0,1,4,1,1,1,0,8,3.5
1,0,7.7,0,65,69,0,2,0,32.1,43.3,5.2,77.0,4.1,0,0,0,0,0,1,0,2,5.4
0,0,7.8,0,67,72,1,2,0,42.9,47.6,6.8,78.0,4.0,1,1,0,0,0,1,0,0,5.8
1,0,8.0,0,69,69,1,2,1,52.0,31.4,4.0,88.0,3.6,0,1,0,0,0,1,0,1,5.3
1,9,7.6,0,58,65,2,1,2,43.8,33.9,1.4,68.9,4.1,0,1,1,0,0,0,1,9,5.5
1,5,6.5,1,58,71,1,1,1,20.0,12.4,2.1,71.0,4.2,0,0,0,0,0,0,2,8,2.0
0,1,7.6,1,85,70,1,1,1,38.6,35.6,1.2,85.0,4.1,0,1,0,0,0,0,1,8,6.7
1,4,7.4,0,71,81,1,1,0,36.3,41.0,2.6,74.0,4.4,1,1,1,3,1,0,2,0,4.7
0,4,7.4,0,69,67,2,1,0,47.2,44.6,4.8,80.0,4.0,1,1,0,0,0,0,1,9,6.8
1,5,6.5,0,70,69,1,1,0,20.0,23.7,1.6,83.0,3.9,0,1,0,0,0,0,1,8,3.6
1,10,8.3,0,82,69,0,3,3,68.5,43.2,5.0,81.3,4.7,0,0,0,1,0,0,2,2,8.7
1,3,8.3,0,75,83,2,3,0,70.2,63.1,8.6,85.0,4.8,1,1,2,2,1,1,0,8,7.3
1,0,8.4,0,75,67,1,3,2,58.4,41.7,8.0,85.0,4.6,1,1,2,2,1,0,0,1,7.1
0,5,6.5,0,59,57,1,1,0,20.0,20.2,1.8,77.0,4.1,0,0,0,0,0,0,2,8,2.0
1,9,7.4,2,60,62,0,2,0,32.9,18.8,3.3,69.2,4.2,0,1,0,1,0,0,1,6,4.6
1,4,8.4,0,80,79,2,3,2,72.5,65.5,5.6,79.0,4.4,1,0,0,0,0,1,2,4,10.1
1,0,7.5,1,56,69,0,1,0,23.2,22.6,1.8,70.0,3.8,0,0,0,0,0,0,0,5,4.7
1,6,7.1,0,78,69,1,3,1,30.4,21.9,7.2,90.0,4.8,0,0,0,0,0,0,2,2,4.5
0,3,8.3,0,81,84,1,2,0,56.7,49.6,5.7,81.0,3.6,1,1,0,0,0,1,0,8,6.9
0,4,7.7,0,84,63,0,1,2,35.6,36.8,1.2,76.0,4.6,0,1,0,0,0,1,1,0,5.0
1,0,8.0,0,83,64,2,1,1,43.6,41.2,2.5,77.0,3.8,0,1,0,0,0,0,2,4,6.4
1,0,8.1,0,75,75,1,2,0,52.2,30.6,4.3,83.0,4.6,1,1,0,0,0,0,1,4,6.5
0,6,7.3,0,71,65,0,2,0,26.6,31.9,3.7,83.8,4.2,0,1,0,1,0,0,1,0,4.2
0,8,7.8,0,81,83,2,3,1,50.7,30.9,6.2,80.4,4.8,1,1,0,0,0,0,2,7,5.8
1,8,8.3,0,78,81,2,3,2,60.4,54.1,4.8,89.0,4.8,1,1,3,2,1,1,2,7,8.1
0,0,6.6,1,84,70,0,1,2,20.0,37.1,2.8,72.0,4.1,0,1,0,0,0,0,0,3,3.6
0,4,7.8,0,78,82,2,3,2,63.9,42.6,7.0,90.0,4.7,1,1,4,1,1,1,0,0,5.9
1,0,8.4,0,86,81,2,3,2,65.0,56.2,7.0,85.0,4.5,0,1,3,2,1,0,2,2,8.8
1,6,8.5,1,76,84,2,3,1,76.3,83.9,8.6,90.0,4.8,1,1,3,3,1,1,1,4,11.4
0,0,7.8,0,60,83,0,2,0,41.5,31.0,2.8,80.0,4.1,0,1,3,2,1,0,1,1,4.5
1,2,8.0,0,84,84,2,3,2,59.3,48.9,8.1,90.0,4.8,1,1,2,3,1,1,0,8,6.1
1,10,7.4,0,58,69,1,0,0,21.2,15.2,1.5,70.4,3.5,0,0,0,1,0,1,0,0,4.7
0,0,7.6,0,55,74,1,1,0,29.4,11.0,1.1,62.0,4.4,0,1,0,0,0,0,2,0,4.0
0,7,7.3,1,56,66,2,2,1,32.1,19.9,0.9,76.9,4.8,0,0,0,0,0,1,1,4,3.5
1,9,8.7,0,69,88,2,3,1,70.0,60.0,7.8,90.0,4.8,1,1,2,3,1,1,2,2,9.3
1,2,7.8,0,60,62,1,1,2,36.0,38.8,2.2,62.0,3.9,0,0,0,0,0,0,0,4,5.0
1,4,7.6,0,56,61,1,2,1,41.3,40.7,3.5,66.0,4.4,0,1,0,0,0,1,0,4,6.3
0,0,6.5,2,55,60,1,1,1,20.0,12.5,2.6,62.0,4.0,0,0,0,0,0,0,1,0,3.7
1,6,7.6,0,69,83,1,1,1,44.4,37.5,1.8,78.2,3.8,0,1,2,3,1,0,2,1,5.0
1,10,8.2,0,84,82,2,2,3,67.2,52.9,5.4,86.6,4.8,1,1,4,0,1,0,1,0,6.8
1,4,7.7,0,59,70,1,2,0,41.7,36.9,4.7,78.0,3.9,1,1,0,0,0,1,1,4,5.5
1,8,8.4,0,73,83,0,0,2,40.5,34.5,2.8,77.6,4.6,1,1,2,3,1,0,1,4,4.9
0,8,8.4,0,86,83,0,3,1,57.1,50.6,7.5,83.4,4.5,1,0,3,2,1,0,0,1,7.5
1,7,8.2,0,84,87,2,3,1,71.6,74.5,6.5,90.0,4.8,1,1,2,3,1,1,1,0,8.0
1,7,8.1,1,60,57,1,1,2,51.2,45.2,4.5,70.4,3.8,0,0,1,0,0,1,1,0,8.5
1,8,7.0,0,55,61,1,1,0,20.0,22.5,1.8,79.9,3.8,0,0,0,0,0,0,0,2,3.7
1,3,8.3,0,84,81,2,2,2,56.6,48.1,6.0,77.0,4.0,1,1,3,2,1,0,1,5,6.3
1,1,6.5,0,55,66,0,1,0,20.0,9.9,1.6,66.0,3.4,0,0,0,0,0,0,0,8,2.0
1,3,8.1,0,77,87,1,3,2,62.0,51.4,4.8,90.0,4.6,1,1,2,2,1,0,2,8,6.5
0,6,8.0,1,57,70,0,0,0,40.1,24.4,1.3,62.5,4.0,0,0,0,1,0,0,2,1,5.6
1,3,8.1,0,69,83,1,3,2,61.7,54.6,7.5,75.0,4.3,1,1,2,3,1,1,2,7,7.7
1,6,7.7,0,55,69,2,1,1,42.7,20.6,2.2,70.5,4.4,0,0,0,0,0,0,1,5,4.9
1,3,8.1,0,86,87,2,3,2,71.7,44.0,6.2,90.0,4.8,1,1,3,2,1,1,1,8,6.6
1,7,8.3,0,72,85,1,3,2,85.6,66.7,6.4,90.0,4.8,1,1,4,0,1,1,1,1,8.8
1,2,8.0,0,57,66,1,3,0,57.8,47.9,5.2,75.0,4.3,0,0,0,0,0,0,1,4,6.6
1,0,8.3,1,86,78,1,3,0,60.5,44.4,6.9,90.0,4.7,1,1,3,2,1,1,0,1,6.9
1,4,8.4,0,69,83,2,3,3,75.2,67.1,8.5,83.0,4.7,1,0,0,0,0,1,1,0,10.9
0,4,7.5,0,62,69,1,2,1,44.0,31.6,4.3,83.0,4.6,0,1,0,0,0,1,0,4,5.3
1,7,7.4,0,70,67,1,3,1,52.3,38.0,4.7,84.2,4.4,0,1,0,0,0,0,1,6,5.2
0,9,8.7,0,79,84,2,2,3,76.1,84.2,7.9,89.1,4.8,1,1,2,2,1,1,1,3,9.6
0,4,7.7,0,78,65,0,3,1,45.1,38.4,6.5,74.0,4.3,1,1,0,0,0,0,1,3,5.2
0,8,7.5,0,71,86,2,2,2,47.8,27.4,6.5,85.6,4.6,1,1,2,2,1,1,1,1,5.0
0,4,8.3,0,84,80,2,3,2,58.1,52.6,7.8,87.0,4.7,1,1,2,2,1,1,1,3,7.0
1,0,7.6,0,55,65,1,2,1,40.3,33.9,3.7,67.0,3.9,0,0,0,0,0,0,1,9,6.3
1,0,8.4,0,77,85,1,3,0,64.1,49.2,7.8,83.0,4.8,1,1,1,3,1,1,2,9,7.6
1,1,8.4,0,81,88,1,3,2,61.1,50.2,5.9,90.0,4.8,1,1,0,0,0,1,1,4,8.3
0,0,7.6,0,56,67,0,1,0,34.5,21.2,1.8,69.0,4.7,0,0,0,0,0,1,0,5,4.7
1,8,7.9,1,79,88,0,2,3,44.2,46.4,5.3,89.7,4.5,1,0,3,1,1,1,2,8,4.8
1,0,7.7,0,71,65,1,1,1,42.0,19.2,1.7,66.0,4.8,1,0,0,0,0,1,0,4,4.6
1,2,8.0,0,75,66,0,3,1,50.4,46.2,7.5,86.0,4.3,1,1,1,3,1,1,1,0,6.2
1,5,7.5,0,63,64,0,2,0,40.6,28.0,3.7,81.0,4.1,0,0,0,0,0,0,0,8,5.0
1,7,8.5,0,83,85,2,3,3,80.9,60.3,6.4,90.0,4.8,1,1,3,1,1,1,1,3,8.8
1,2,8.2,0,72,83,1,2,2,52.1,44.1,5.6,80.0,4.4,1,1,3,2,1,1,1,8,6.8
1,6,8.6,0,77,78,1,3,0,81.4,68.9,7.6,82.6,4.7,1,1,4,1,1,1,1,5,10.9
1,6,8.3,1,65,63,1,2,1,55.1,51.3,0.7,77.0,4.2,0,1,0,0,0,0,2,1,7.1
0,0,8.2,0,71,72,1,2,1,55.3,39.5,4.1,83.0,4.7,0,1,2,2,1,0,1,5,7.7
1,9,7.2,1,55,74,2,0,2,21.0,15.3,3.2,78.9,4.3,0,0,0,1,0,0,0,8,3.8
1,2,8.0,0,80,69,2,3,0,63.3,48.7,5.2,90.0,4.8,1,1,3,2,1,1,1,7,6.6
1,11,8.6,0,73,61,2,3,1,72.7,70.7,6.6,89.4,4.8,1,1,3,0,1,1,2,6,9.2
1,2,7.8,0,55,68,1,2,1,48.3,51.7,3.4,74.0,4.3,0,0,0,0,0,0,1,6,6.7
1,1,7.4,0,61,82,1,1,0,37.9,33.3,2.4,76.0,4.7,1,1,1,3,1,0,1,8,5.6
1,5,7.1,0,70,84,1,2,2,24.9,28.6,4.0,81.0,4.8,1,1,0,0,0,0,1,3,3.2
1,1,7.5,0,71,88,1,2,0,29.8,33.0,4.6,81.0,4.0,1,1,2,2,1,0,1,8,3.5
1,5,8.1,0,84,88,0,3,0,62.0,38.7,8.8,90.0,4.8,1,1,2,2,1,1,1,8,6.6
0,6,8.3,0,77,83,2,3,1,75.4,58.8,6.9,70.1,3.9,1,0,2,2,1,0,2,5,8.0
0,9,8.2,0,67,64,2,2,1,35.0,35.0,1.8,87.9,3.9,0,1,0,0,0,1,0,1,5.1
1,9,8.4,0,79,81,2,3,2,62.9,62.8,8.5,88.6,4.8,1,1,3,2,1,0,0,8,8.7
1,0,8.4,0,82,88,1,3,2,64.3,46.8,7.0,90.0,4.8,1,1,3,1,1,0,2,4,6.7
1,10,8.3,1,71,79,2,2,2,53.4,49.7,5.5,77.0,4.5,1,1,0,0,0,0,2,8,7.5
0,2,8.1,0,75,85,1,2,0,48.2,44.6,5.8,89.0,4.7,1,1,3,2,1,1,1,5,5.9
1,6,7.6,0,75,75,0,0,2,38.5,43.4,2.4,80.8,4.4,0,1,0,0,0,0,1,2,6.3
0,4,8.2,0,56,82,1,3,0,73.7,55.8,8.3,75.0,4.4,1,1,0,0,0,1,2,9,7.7
1,0,8.0,0,81,88,2,3,2,54.2,41.7,6.9,90.0,4.8,1,1,3,2,1,1,1,4,6.1
1,9,8.0,0,58,75,2,3,0,55.1,52.0,4.7,83.8,4.1,0,1,0,2,1,1,1,8,6.0
0,3,6.5,1,61,66,1,1,0,20.0,25.4,2.2,68.0,4.1,0,0,0,0,0,0,1,4,3.0
1,2,6.6,2,55,66,1,1,1,20.0,23.2,2.4,85.0,3.4,0,0,3,2,1,0,1,5,2.5
0,2,6.5,2,74,61,1,1,0,20.0,24.5,2.4,74.0,4.2,0,1,0,0,0,0,1,6,3.1
1,1,7.4,0,72,85,1,3,0,43.8,47.7,8.3,87.0,4.8,1,1,1,3,1,1,2,8,4.1
1,2,7.8,0,62,70,1,2,0,43.1,48.3,6.7,84.0,3.0,1,1,0,0,0,1,0,6,6.2
1,4,8.7,0,72,67,2,3,1,78.4,47.2,7.6,77.0,4.3,1,1,0,0,0,1,0,1,10.1
0,2,8.3,0,81,86,2,3,2,67.8,58.9,6.6,88.0,4.4,1,1,3,1,1,1,1,0,7.9
1,0,8.4,0,76,85,1,1,2,65.5,40.6,1.9,79.0,4.6,0,1,0,0,0,0,1,1,7.0
1,0,8.3,0,80,85,1,3,2,71.8,70.7,6.2,87.0,4.7,1,1,4,1,1,1,2,9,8.8
0,4,7.8,0,71,87,1,3,1,52.6,46.1,6.5,80.0,4.2,0,1,0,0,0,0,2,7,7.3
1,6,7.6,0,82,81,2,2,0,43.4,31.8,2.3,82.5,4.2,1,1,0,0,0,0,1,2,5.4
1,3,7.5,0,67,71,0,2,0,34.6,22.0,4.5,68.0,4.0,0,1,1,3,1,1,2,4,4.0
1,0,7.4,0,80,69,2,3,0,54.9,52.6,7.0,81.0,4.6,0,0,0,0,0,1,0,5,6.4
0,3,7.6,0,56,67,1,1,0,34.6,25.1,2.0,74.0,3.8,0,0,0,0,0,0,0,8,4.6
0,10,8.3,0,79,85,1,3,0,50.6,41.3,6.1,89.5,4.5,1,0,2,2,1,1,1,8,5.7
0,0,8.2,0,81,88,0,2,3,53.4,32.6,4.4,90.0,4.8,1,1,4,1,1,1,2,1,7.2
0,9,8.0,0,83,67,2,0,0,49.9,47.5,4.1,82.1,4.2,1,0,3,1,1,1,0,8,5.4
0,3,6.5,1,70,66,1,2,0,20.0,30.0,5.2,82.0,4.1,1,1,0,0,0,1,0,6,2.2
0,11,7.5,0,78,68,0,3,1,51.8,46.6,6.9,68.1,3.6,1,1,1,2,1,1,1,7,5.4
0,9,7.2,0,67,66,0,1,0,30.7,15.3,4.2,69.3,3.1,0,1,0,0,0,1,1,8,3.7
1,3,8.2,0,55,82,0,2,0,43.7,27.7,3.6,89.0,4.1,0,1,0,0,0,0,1,8,7.5
0,5,7.4,0,55,62,1,2,1,32.9,30.6,5.5,79.0,4.4,1,1,2,3,1,0,2,7,4.5
1,7,6.5,1,59,72,2,1,0,22.6,32.5,0.7,80.9,3.5,0,1,0,0,0,0,0,6,4.9
0,2,7.7,1,71,83,1,3,3,53.4,57.7,5.3,79.0,3.6,1,1,0,0,0,0,1,5,7.8
1,10,8.6,0,73,83,2,1,3,45.7,38.1,2.9,77.1,4.6,1,1,1,2,1,0,0,8,6.9
1,9,7.3,0,55,66,0,2,1,20.0,11.5,2.7,75.8,4.2,0,0,0,0,0,1,0,8,2.8
0,3,8.5,0,83,79,1,2,2,46.4,33.1,4.6,74.0,4.0,0,1,0,0,0,1,1,8,7.9
1,11,7.5,1,56,65,0,2,1,42.2,32.3,3.3,73.4,3.6,0,1,0,1,0,1,1,0,4.6
1,6,8.1,0,85,86,2,3,2,69.8,63.5,6.4,90.0,4.8,1,1,3,2,1,1,1,1,7.7
1,4,8.4,2,77,84,0,3,2,62.4,56.9,6.9,81.0,4.8,1,0,3,2,1,1,1,2,7.5
0,3,8.5,0,55,84,2,3,1,71.4,51.0,6.2,89.0,4.5,0,0,1,3,1,1,2,8,7.6
1,2,7.6,0,73,82,1,2,3,42.9,32.5,4.6,81.0,4.6,1,1,0,0,0,0,0,0,4.8
0,9,7.4,0,63,63,2,1,0,25.5,21.5,2.9,78.8,3.1,0,0,1,0,0,0,2,2,4.5
1,5,8.5,0,80,87,2,3,2,79.1,57.2,6.3,90.0,4.6,1,1,4,1,1,1,1,8,8.7
0,2,7.8,1,79,70,1,2,0,48.1,41.8,4.3,77.0,4.2,0,1,2,2,1,0,0,8,4.6
0,5,8.0,0,68,85,1,3,3,53.6,36.2,7.1,90.0,4.7,1,1,4,1,1,1,1,8,7.8
1,4,8.0,0,81,83,2,3,2,63.7,48.8,5.6,89.0,3.7,0,1,2,2,1,0,0,0,7.0
1,5,7.6,0,72,83,1,3,1,46.7,32.4,7.8,68.0,4.6,1,1,2,2,1,0,0,8,5.9
1,9,7.8,0,76,83,2,3,2,63.2,55.0,5.5,84.7,4.4,1,1,3,2,1,0,1,8,6.8
1,6,8.6,0,77,69,0,2,1,69.7,64.6,4.8,78.6,3.9,1,1,0,0,0,1,0,1,9.9
1,3,8.0,0,56,66,1,3,1,64.9,65.3,5.6,87.0,3.9,0,1,0,0,0,1,2,6,8.9
1,0,7.7,2,70,84,1,3,1,52.8,43.6,6.5,79.0,4.4,1,1,3,1,1,0,2,3,6.7
1,2,6.7,1,59,61,0,2,1,20.0,18.0,3.6,63.0,4.4,0,1,0,0,0,0,1,6,3.1
0,3,8.1,0,80,82,1,3,2,63.0,57.6,6.9,88.0,4.8,1,1,0,0,0,0,2,8,8.0
1,8,6.5,1,64,70,0,1,1,20.0,12.6,1.4,63.6,4.2,0,0,0,1,0,0,2,6,2.0
1,0,6.5,0,55,68,1,1,0,20.0,23.2,2.7,65.0,4.5,0,1,0,0,0,0,1,5,2.4
1,2,7.8,0,64,66,1,1,1,44.5,39.0,0.6,83.0,4.2,1,1,0,0,0,0,1,8,6.4
0,2,8.1,0,82,81,1,2,1,49.7,46.9,3.3,83.0,4.6,0,1,0,0,0,0,1,6,8.5
0,3,6.9,1,55,59,0,1,0,20.0,20.6,2.9,73.0,4.2,0,0,0,0,0,0,2,9,3.5
1,0,8.4,0,82,87,0,3,2,62.3,44.6,6.6,90.0,4.7,1,1,2,2,1,1,2,8,7.9
1,3,7.5,1,55,70,1,2,0,38.9,34.1,4.9,73.0,4.7,1,1,3,2,1,0,0,4,4.5
1,8,7.2,0,72,83,0,0,0,24.8,24.9,2.2,73.0,4.1,1,1,0,3,1,0,2,0,2.5
1,2,6.5,0,83,65,1,2,1,27.6,29.5,5.5,80.0,4.8,0,0,0,0,0,0,0,1,4.2
0,6,7.5,1,79,71,1,2,1,46.4,41.0,4.3,77.1,3.4,0,1,0,0,0,0,0,0,5.7
0,10,6.6,1,63,62,2,1,0,20.0,31.4,0.2,71.1,3.6,0,0,0,0,0,0,1,9,2.3
0,3,8.0,0,79,81,2,2,2,52.2,43.5,3.6,85.0,4.5,1,1,0,0,0,0,1,7,7.2
1,4,8.9,0,82,87,2,3,2,75.5,59.9,5.9,90.0,4.8,1,1,4,1,1,1,0,0,9.1
1,0,7.8,0,55,67,0,2,2,47.8,53.1,5.1,80.0,3.9,1,1,0,0,0,0,1,2,7.8
0,3,8.6,1,76,87,1,3,3,61.0,51.5,5.7,78.0,4.7,1,1,2,2,1,0,2,8,8.4
1,8,7.6,0,57,66,1,2,0,40.0,24.6,3.6,72.0,3.9,0,1,0,0,0,1,0,8,5.8
1,2,7.9,0,58,81,1,3,2,62.7,51.7,5.5,83.0,4.8,1,1,0,0,0,0,2,4,8.6
1,9,6.5,1,58,66,1,0,1,20.3,13.0,2.3,63.1,3.8,0,1,0,1,0,0,1,9,3.6
1,6,7.9,1,66,83,0,3,0,64.3,46.5,5.1,81.8,3.7,0,1,1,1,0,0,1,4,8.0
1,3,8.0,0,82,81,2,3,2,71.4,57.1,7.1,88.0,4.8,1,1,4,1,1,1,0,1,6.6
0,8,8.3,1,80,88,1,3,2,57.8,37.4,7.1,83.3,4.4,1,1,1,3,1,0,2,2,7.9
1,0,8.4,0,75,82,1,3,1,67.0,42.9,7.4,86.0,4.5,1,1,0,0,0,1,2,3,9.5
1,11,6.7,0,55,61,0,3,0,25.0,35.6,4.0,82.5,4.3,0,1,1,0,0,0,0,1,2.7
0,2,8.3,0,76,83,1,3,2,63.7,40.5,5.4,80.0,4.1,1,1,2,3,1,1,1,2,7.3
1,5,7.2,0,88,85,1,3,2,46.2,43.0,5.1,84.0,4.4,1,1,0,0,0,0,2,3,4.8
1,8,6.5,1,63,70,0,1,0,20.0,12.6,1.4,64.1,4.1,0,0,0,0,0,0,0,9,2.0
1,3,8.4,2,61,81,1,2,2,54.2,46.0,5.8,79.0,4.8,1,1,0,0,0,0,1,5,7.4
1,3,8.5,0,74,86,2,3,2,69.2,45.6,8.0,90.0,4.7,1,1,3,2,1,1,2,9,8.4
0,6,6.6,1,59,73,2,1,0,36.5,18.6,6.9,86.3,3.7,1,1,2,3,1,1,1,7,2.0
0,6,8.5,2,76,88,1,3,1,81.0,61.2,7.7,83.9,4.7,1,1,2,3,1,1,2,0,8.2
1,0,8.6,0,77,86,2,3,2,76.8,62.7,7.7,90.0,4.8,1,1,3,2,1,0,0,1,8.0
0,11,6.6,1,58,68,0,3,1,24.1,23.3,7.0,69.6,4.2,0,1,0,1,0,1,2,8,3.6
1,5,6.9,0,73,83,1,3,2,31.1,32.3,6.1,80.0,4.6,1,1,1,3,1,0,2,5,3.1
1,2,7.0,1,55,70,1,2,1,30.8,37.5,5.9,75.0,4.7,1,1,0,0,0,1,0,6,4.3
1,0,6.7,1,55,72,0,2,1,24.0,26.5,5.2,69.0,4.4,1,1,0,0,0,0,1,2,3.4
1,1,7.6,0,55,83,0,1,0,27.8,27.1,3.9,80.0,3.8,0,0,0,0,0,1,1,7,4.8
0,0,6.5,0,58,69,1,3,2,24.4,23.6,5.4,84.0,4.7,0,0,0,0,0,0,2,1,2.3
1,0,7.5,1,66,78,1,2,2,43.5,44.7,4.2,78.0,4.5,1,1,0,0,0,0,0,0,6.2
0,5,7.3,0,64,83,1,2,3,33.1,37.4,4.6,90.0,4.4,0,1,2,3,1,1,1,8,4.3
1,6,7.7,0,83,77,1,3,2,48.8,42.0,3.8,83.9,4.8,0,1,2,3,1,1,2,1,6.1
0,6,7.8,0,83,76,1,3,1,54.3,46.8,6.3,79.7,4.2,1,1,0,0,0,1,1,2,6.9
1,8,7.7,1,64,81,1,3,0,45.7,27.9,4.4,78.2,3.6,0,1,1,0,0,0,1,8,5.5
0,0,7.2,0,56,65,1,1,1,28.7,32.5,2.7,73.0,3.6,0,0,2,3,1,0,1,2,3.6
1,0,8.0,0,80,84,0,3,2,59.4,50.2,7.6,76.0,4.8,1,1,3,1,1,1,2,3,7.0
1,4,8.0,0,75,83,1,2,0,55.4,42.3,5.8,90.0,4.5,1,1,0,0,0,0,0,9,6.6
1,2,8.5,0,73,84,0,3,1,62.0,47.8,6.5,85.0,3.8,1,1,4,1,1,1,2,8,7.3
1,6,7.6,0,74,83,2,3,3,45.3,34.1,5.9,75.9,3.8,1,1,1,1,0,1,1,2,5.7
1,7,7.5,2,55,67,0,1,1,46.7,37.8,1.5,67.5,4.5,0,0,0,0,0,1,2,6,5.2
1,0,7.6,0,58,70,1,1,1,35.8,42.1,0.1,69.0,4.3,0,0,0,0,0,0,0,5,5.6
1,7,7.6,0,80,83,1,3,2,55.2,48.9,7.0,75.0,4.5,1,1,3,3,1,1,1,0,5.7
1,5,8.3,0,88,84,2,1,1,59.5,56.5,5.1,90.0,4.6,1,1,0,0,0,0,2,8,9.4
1,2,7.8,0,65,70,0,2,0,49.6,34.3,7.6,79.0,4.3,1,1,3,2,1,0,2,0,5.6
0,10,8.5,0,81,87,2,3,3,62.5,52.0,7.5,90.0,4.8,1,1,3,2,1,1,0,8,8.5
1,6,8.3,0,80,66,1,2,1,72.8,64.7,5.9,83.8,4.6,1,1,2,2,1,1,1,7,9.9
1,9,7.6,0,61,67,0,0,1,40.9,38.0,0.8,60.0,4.2,0,0,0,0,0,0,0,0,5.9
1,4,7.1,0,59,68,2,2,1,35.5,39.1,4.3,84.0,3.9,0,0,0,0,0,0,0,0,3.8
1,2,7.5,0,69,79,1,2,1,37.5,45.8,4.8,73.0,4.4,0,1,0,0,0,1,1,5,5.9
0,7,7.4,2,58,69,1,0,1,39.4,27.8,0.0,83.6,4.3,0,1,2,3,1,1,2,7,3.6
0,1,6.5,0,76,87,1,3,0,33.0,25.6,6.5,86.0,4.3,1,1,0,0,0,1,1,8,3.4
0,4,6.5,0,79,67,0,1,0,20.0,11.4,4.3,76.0,4.6,1,1,0,0,0,1,0,1,3.7
0,10,8.4,0,72,80,1,2,2,64.3,44.0,7.1,85.4,4.4,1,1,2,2,1,1,1,8,8.2
1,2,8.4,0,78,82,1,1,0,44.2,35.4,1.3,81.0,4.6,1,0,3,1,1,1,1,0,6.1
1,5,7.5,0,55,60,1,1,1,32.0,31.9,0.9,65.0,4.4,0,1,0,0,0,0,0,8,5.0
1,3,7.6,1,57,68,1,1,1,45.0,36.7,2.3,72.0,4.5,1,1,0,0,0,0,2,7,4.2
1,2,7.8,0,75,65,1,2,0,48.3,47.1,6.2,78.0,4.8,1,1,2,2,1,0,1,5,5.8
0,5,7.4,2,55,64,1,1,1,22.1,38.5,2.5,64.0,4.3,1,1,0,0,0,0,0,8,3.7
1,10,8.0,2,74,82,1,2,1,38.9,33.5,5.6,87.3,4.3,1,1,0,0,0,0,2,8,6.4
0,6,7.6,0,55,70,0,2,0,49.1,51.5,3.2,86.3,4.4,0,1,0,0,0,0,0,0,5.7
1,4,8.3,0,78,66,2,3,2,64.9,52.5,6.7,90.0,4.8,1,1,3,2,1,1,1,2,7.2
0,11,7.5,0,56,63,1,1,0,37.3,20.0,5.2,62.6,4.5,1,1,1,2,1,0,1,4,4.0
1,0,6.5,2,78,71,1,3,2,32.1,22.6,4.9,78.0,4.2,0,1,0,0,0,1,0,3,2.8
0,7,8.2,1,88,88,1,2,2,75.1,36.8,6.7,90.0,4.4,1,1,2,2,1,1,1,0,5.3
1,3,6.7,2,79,70,1,2,2,32.8,20.0,6.0,68.0,4.1,1,0,0,0,0,0,1,9,3.9
0,7,7.5,1,57,73,2,2,2,42.8,43.0,7.1,67.9,4.8,1,0,0,0,0,0,1,7,6.2
1,2,7.5,0,55,63,1,2,0,47.9,48.6,3.6,65.0,3.5,0,0,0,0,0,0,0,7,6.0
1,2,7.5,0,64,61,1,1,0,28.7,33.6,2.6,78.0,3.3,0,0,0,0,0,0,1,0,5.5
1,2,7.2,0,90,82,2,3,2,46.3,32.2,5.2,90.0,4.8,1,1,2,2,1,0,1,0,4.4
0,6,8.3,1,79,83,2,3,2,82.0,55.7,7.3,90.0,4.8,1,1,4,1,1,1,0,3,9.2
1,9,8.3,0,79,81,1,3,2,64.3,60.8,4.6,88.2,4.7,1,1,3,1,1,0,0,5,8.3
1,6,8.0,0,77,84,2,3,3,72.9,67.1,7.4,90.0,4.6,1,1,4,2,1,1,1,2,9.4
1,8,8.7,0,70,88,1,3,1,66.0,54.4,7.8,89.4,4.8,1,1,2,2,1,1,0,4,8.3
1,0,7.5,0,71,86,0,3,0,44.9,42.8,6.4,88.0,4.0,0,1,0,0,0,0,0,1,4.7
1,6,7.6,0,71,66,1,1,0,35.2,30.5,2.1,75.1,4.5,0,1,0,0,0,0,2,7,5.6
1,0,8.3,0,87,76,2,3,2,66.6,47.7,7.1,90.0,4.8,1,1,1,3,1,1,1,2,8.7
1,2,7.6,0,59,62,1,1,1,40.0,37.2,1.5,75.0,3.6,0,1,0,0,0,1,1,8,5.2
0,1,6.6,1,69,64,0,1,0,20.0,26.2,2.1,69.0,4.5,1,1,0,0,0,0,0,8,3.5
1,0,8.0,0,86,86,2,3,2,75.1,52.1,6.2,90.0,4.8,1,1,3,1,1,1,0,5,6.6
1,3,6.5,0,55,67,1,2,0,20.0,21.7,5.9,69.0,3.4,0,1,1,3,1,1,2,6,2.0
1,3,8.3,0,77,88,1,3,2,56.2,53.0,8.6,82.0,4.8,1,1,2,2,1,1,2,8,6.7
1,4,7.7,0,82,64,0,1,0,28.9,19.8,2.6,81.0,3.8,1,1,0,0,0,1,2,5,4.7
1,1,8.3,0,85,86,1,3,2,63.6,47.6,7.1,90.0,4.8,1,1,3,1,1,0,0,0,7.5
0,11,7.8,0,74,74,0,3,2,48.3,41.4,5.8,89.9,4.7,0,0,3,2,1,1,0,2,5.0
1,11,6.5,0,55,61,0,2,0,25.2,26.8,2.9,69.9,3.9,0,0,0,1,0,0,2,3,2.8
0,6,7.4,0,67,74,0,1,0,28.8,33.8,1.1,73.6,3.4,0,0,0,0,0,1,1,2,4.3
1,0,7.8,0,84,84,1,2,0,43.5,42.7,2.8,90.0,4.8,1,1,0,0,0,0,0,3,7.0
1,6,6.7,0,56,63,1,0,0,22.8,23.3,3.8,81.9,3.1,0,1,0,1,0,0,1,1,3.3
0,3,7.4,0,69,83,1,3,1,41.9,32.2,5.9,87.0,4.6,0,0,0,0,0,1,0,7,4.1
1,7,8.2,1,82,84,0,3,2,72.3,53.4,5.7,84.1,4.3,1,1,0,2,1,1,2,9,7.9
1,7,7.8,0,76,86,1,3,2,59.9,45.1,6.1,90.0,4.8,1,1,0,3,1,0,2,8,6.5
1,5,8.3,0,69,83,2,3,1,69.5,43.6,8.0,90.0,4.8,1,1,2,2,1,0,1,3,7.4
1,6,7.5,1,82,82,0,2,2,41.3,35.4,4.5,82.5,4.7,0,1,2,0,1,1,1,1,4.6
0,2,8.3,0,78,83,2,3,2,74.7,64.4,7.2,86.0,4.8,1,1,2,3,1,1,2,5,7.4
1,0,8.2,0,66,88,1,3,2,51.6,32.3,8.6,90.0,4.8,1,1,3,1,1,1,1,4,5.9
0,2,7.8,0,75,84,1,2,3,46.9,41.3,4.2,87.0,4.4,1,1,0,0,0,1,2,4,5.6
0,2,7.5,0,77,84,1,1,2,35.7,37.8,3.9,82.0,4.5,1,1,2,3,1,0,1,8,4.2
0,10,6.9,0,61,63,1,2,0,20.6,20.6,2.6,76.0,4.2,0,0,2,3,1,0,2,8,3.6
1,4,8.5,0,55,83,1,2,0,62.6,59.3,4.0,85.0,4.3,0,1,2,2,1,0,1,2,7.1
1,7,8.2,1,77,86,1,3,3,74.2,71.8,6.2,90.0,4.8,1,1,3,1,1,0,1,5,8.7
0,5,6.6,1,70,66,1,1,1,20.0,20.7,3.2,71.0,4.3,0,0,0,0,0,1,2,7,3.4
0,9,7.7,0,71,69,1,3,0,55.8,60.3,3.8,70.3,4.5,1,1,0,0,0,0,2,8,6.8
1,5,6.5,0,82,71,1,2,1,20.0,14.8,7.4,72.0,4.6,1,1,0,0,0,1,2,7,3.7
0,1,7.6,0,70,67,0,1,1,33.0,31.7,2.4,73.0,4.4,0,1,0,0,0,0,1,5,5.7
1,4,7.6,0,71,71,1,3,0,49.2,36.5,8.9,87.0,4.4,1,1,1,3,1,1,2,0,4.2
0,4,8.0,0,64,70,2,1,2,48.5,54.2,3.8,81.0,3.9,0,0,2,3,1,1,1,4,6.9
0,2,7.0,1,55,73,1,1,1,23.3,11.2,3.5,63.0,3.7,1,1,0,0,0,0,1,0,4.3
0,7,7.9,0,69,60,0,2,1,65.3,63.3,4.5,88.8,4.7,0,1,0,0,0,0,0,7,7.0
1,2,7.4,0,55,69,0,1,1,28.8,10.2,2.4,70.0,4.3,0,1,0,0,0,0,1,8,3.8
1,7,7.5,1,57,66,0,2,1,38.0,25.5,1.7,65.3,3.7,0,1,0,1,0,0,2,1,6.2
1,4,8.4,2,71,72,1,1,0,40.7,37.6,2.0,80.0,4.6,0,1,1,3,1,0,2,7,5.9
1,7,8.4,1,82,88,2,3,2,81.8,58.3,8.9,87.8,4.8,1,0,0,0,0,1,1,8,9.3
1,2,7.5,0,78,83,1,3,0,51.0,42.0,7.5,90.0,4.3,1,1,4,1,1,0,0,8,7.2
1,10,8.1,0,75,80,0,1,1,54.0,52.7,6.7,78.1,4.5,1,1,1,3,1,1,1,0,6.4
1,0,7.7,0,57,66,0,1,0,30.2,22.1,1.5,67.0,3.8,0,1,0,0,0,0,0,0,4.4
0,4,8.2,0,58,63,1,3,1,66.4,62.4,6.2,80.0,4.0,0,1,0,0,0,1,0,7,9.4
0,8,8.2,0,82,85,1,3,3,61.5,51.9,7.8,89.5,4.4,1,1,0,0,0,1,2,2,7.1
1,5,7.9,0,57,80,1,1,1,43.7,35.4,1.9,65.0,4.3,0,0,0,0,0,0,1,8,5.5
1,2,7.5,0,55,86,0,1,0,21.8,23.0,3.0,76.0,4.0,0,1,0,0,0,0,0,5,3.9
1,0,8.3,0,60,79,0,2,0,56.4,52.5,4.1,77.0,4.1,1,0,0,0,0,0,2,0,7.6
1,4,7.4,0,83,80,1,2,0,31.2,12.4,5.3,80.0,4.2,1,1,1,3,1,0,0,9,2.9
1,0,8.1,0,76,88,0,1,2,37.4,31.6,4.0,77.0,4.6,1,1,3,2,1,1,1,8,5.9
1,0,7.7,0,68,70,1,2,1,42.8,35.8,4.7,75.0,4.6,1,1,0,0,0,0,0,1,6.0
1,0,8.6,0,66,83,2,3,3,83.2,71.7,9.5,90.0,4.8,1,1,2,2,1,1,0,2,9.9
1,7,6.5,1,71,70,1,3,0,31.6,25.0,3.3,70.5,4.4,0,1,3,3,1,1,1,0,2.0
0,0,7.6,0,81,68,1,2,2,38.3,31.7,3.6,74.0,4.2,0,1,0,0,0,0,2,0,5.1
1,2,6.9,0,61,71,1,1,0,20.7,19.8,2.0,83.0,3.5,0,1,0,0,0,0,1,6,3.9
1,7,8.6,1,78,83,2,3,2,87.9,64.5,6.8,85.3,4.5,1,1,3,3,1,1,2,6,8.7
0,2,7.8,1,58,61,1,1,0,39.2,31.7,3.9,79.0,3.8,1,1,0,0,0,0,2,5,6.0
1,1,6.5,2,55,71,1,1,0,20.0,10.4,2.9,89.0,3.7,0,1,0,0,0,0,2,8,2.7
1,7,8.7,0,60,65,1,1,1,66.9,41.6,3.8,65.2,4.0,1,1,0,0,0,0,2,4,8.9
1,7,6.9,0,62,75,1,1,1,24.7,17.0,2.3,74.2,4.4,0,0,0,0,0,0,2,7,3.8
1,6,8.4,2,55,84,0,3,3,55.3,38.5,7.2,71.3,4.5,1,1,2,2,1,1,2,4,7.3
1,4,7.4,0,74,66,1,2,0,44.5,33.3,3.6,65.0,3.9,0,0,0,0,0,0,1,2,4.8
1,2,6.6,0,82,70,1,2,2,20.0,14.9,4.1,83.0,4.6,1,1,0,0,0,0,0,8,3.0
1,3,8.1,0,85,86,1,3,2,51.8,40.9,7.2,83.0,4.7,1,1,2,2,1,0,2,7,6.6
0,4,8.2,0,83,85,1,2,2,53.5,43.3,6.1,89.0,4.8,1,1,4,1,1,1,2,0,7.0
0,0,7.5,1,77,72,0,1,0,20.0,8.8,2.2,79.0,3.6,0,1,0,0,0,0,2,3,4.4
1,4,7.3,0,64,76,1,1,3,20.0,17.3,1.6,83.0,4.5,1,1,2,3,1,0,1,0,3.7
1,2,7.8,0,62,68,1,1,1,35.2,28.6,3.2,71.0,3.8,0,1,0,0,0,0,2,0,5.8
0,4,6.7,1,56,70,1,1,1,20.0,14.7,1.9,71.0,3.8,1,0,0,0,0,0,1,7,2.0
1,6,7.4,2,73,82,1,3,0,46.1,36.9,6.7,79.5,4.6,1,1,1,0,0,0,1,2,6.8
0,2,7.9,0,66,60,0,2,0,35.5,44.9,4.2,80.0,4.2,0,1,0,0,0,1,0,8,5.0
1,0,8.1,0,86,65,0,3,0,56.4,59.5,4.8,84.0,3.3,0,0,0,0,0,0,1,5,8.0
0,0,8.5,0,66,71,2,1,2,62.9,62.3,3.9,77.0,4.5,1,1,3,2,1,0,0,5,7.6
1,6,8.4,1,72,70,1,0,3,56.7,37.1,4.9,90.0,4.5,1,1,2,1,1,1,0,3,6.0
0,4,7.5,0,66,84,1,2,0,44.9,46.3,3.6,73.0,4.4,0,0,0,0,0,0,1,5,5.8
1,3,8.4,0,85,81,2,3,2,67.6,53.5,8.9,90.0,4.8,1,1,2,2,1,1,0,8,7.0
0,2,7.6,0,56,67,1,1,1,35.9,30.7,1.6,68.0,4.2,0,0,0,0,0,0,2,4,4.1
0,2,7.5,1,57,58,0,1,0,26.9,19.4,1.4,68.0,4.1,0,0,0,0,0,0,1,8,3.6
1,3,8.0,0,73,80,1,2,0,50.8,57.2,6.4,90.0,4.7,1,1,2,2,1,0,2,8,6.4
1,3,7.9,0,55,61,0,3,1,62.1,41.7,7.1,77.0,4.0,1,1,0,0,0,1,0,9,7.0
1,0,8.3,0,75,86,1,2,3,64.6,52.1,5.4,90.0,4.8,1,1,3,1,1,0,2,7,7.6
1,5,6.5,0,66,66,1,2,1,29.2,40.1,6.1,80.0,4.1,0,1,0,0,0,0,1,2,5.3
1,0,8.6,0,77,82,2,3,2,75.7,63.9,6.5,90.0,4.8,1,1,2,2,1,1,1,1,8.3
1,2,8.3,0,74,70,2,3,0,63.0,38.0,6.7,82.0,4.5,1,1,0,0,0,1,1,9,8.1
0,11,7.7,1,55,70,1,2,1,35.8,35.3,1.9,77.3,4.0,0,1,0,0,0,1,1,7,6.2
0,1,6.5,2,67,67,0,1,1,20.0,20.2,1.6,66.0,4.1,0,0,0,0,0,0,1,4,2.8
1,2,7.6,0,76,67,0,1,2,32.1,23.0,3.3,74.0,4.6,1,1,2,2,1,1,2,4,4.4
0,2,7.9,1,72,69,1,1,0,45.0,36.3,1.2,81.0,4.2,0,1,0,0,0,0,2,6,7.1
0,4,7.8,0,70,66,2,1,0,46.2,31.2,1.3,70.0,3.5,0,0,0,0,0,0,1,4,5.8
1,11,8.3,0,64,59,0,3,0,54.6,44.8,3.2,77.6,4.5,0,1,0,1,0,0,2,9,7.0
1,2,8.2,0,85,86,1,3,2,64.0,55.5,6.2,90.0,4.8,1,1,2,2,1,0,1,7,7.5
1,6,7.0,1,70,72,1,2,0,45.5,23.0,5.7,83.3,4.6,0,1,1,0,0,0,0,1,4.9
0,0,8.6,0,78,67,1,3,0,69.7,60.2,5.9,88.0,4.5,1,1,0,0,0,1,1,1,10.5
0,11,8.2,0,84,85,2,3,3,75.2,51.3,7.0,90.0,4.6,1,1,3,1,1,1,1,8,7.5
1,7,8.2,1,55,69,1,1,0,66.2,48.1,2.1,83.6,4.0,1,1,3,1,1,1,1,7,6.3
0,10,8.4,0,65,86,0,3,2,50.7,51.5,8.0,80.3,4.4,1,1,2,3,1,0,2,7,6.8
0,5,8.4,0,85,84,0,3,2,61.6,55.8,7.6,84.0,4.5,1,0,2,2,1,1,1,8,7.5
1,2,7.8,0,85,57,2,2,2,44.6,38.8,4.4,81.0,4.5,1,1,2,3,1,1,2,7,5.4
1,3,8.4,0,57,62,2,1,1,48.2,43.5,3.3,78.0,3.9,1,1,0,0,0,1,0,6,6.8
1,6,8.2,1,77,85,2,3,1,67.5,49.7,7.2,90.0,4.8,1,1,3,1,1,1,1,0,7.2
1,4,7.2,0,83,65,0,3,0,43.0,30.7,6.5,75.0,4.6,0,0,2,3,1,0,0,3,3.6
1,10,6.8,1,62,72,1,1,0,20.0,15.4,1.9,60.0,4.7,1,1,1,0,0,0,1,7,2.9
0,0,7.5,0,75,80,1,3,0,63.6,60.8,8.8,83.0,4.2,1,1,0,0,0,1,1,9,6.3
1,6,7.4,1,62,73,0,2,2,29.2,22.0,2.1,64.6,3.6,0,1,0,1,0,1,1,2,2.7
1,0,7.5,0,59,66,0,1,1,27.0,35.8,3.2,83.0,4.4,0,1,0,0,0,0,2,2,3.4
0,2,8.9,0,72,87,2,2,0,68.3,65.4,5.2,90.0,4.8,1,1,2,2,1,1,1,1,7.9
1,2,8.0,0,78,79,1,1,1,43.8,37.6,4.0,83.0,4.2,1,1,0,0,0,0,0,7,5.3
0,0,6.7,0,68,57,1,1,1,20.0,19.7,0.9,70.0,4.0,0,0,0,0,0,0,1,7,2.0
0,9,8.0,0,72,86,1,3,2,52.3,47.8,5.3,84.9,4.6,1,1,4,2,1,1,1,1,5.6
1,8,7.6,0,63,68,2,1,1,36.2,33.3,1.1,60.0,4.2,0,0,0,0,0,0,1,9,4.8
1,9,7.6,0,66,68,0,1,0,26.5,12.5,2.1,74.2,4.0,0,0,0,0,0,0,1,0,3.1
1,0,6.5,1,66,83,0,3,1,31.8,25.7,7.3,67.0,4.1,1,1,0,0,0,1,2,4,3.6
1,2,7.7,1,79,70,1,3,2,55.3,51.5,6.0,88.0,4.5,1,1,0,0,0,0,2,8,6.4
0,0,7.6,0,68,66,1,1,1,38.8,36.2,2.1,83.0,4.3,1,1,2,2,1,1,1,0,5.4
1,0,8.4,0,78,85,2,3,2,76.4,65.4,6.5,90.0,4.8,1,1,3,2,1,1,2,9,9.1
0,2,8.8,0,78,85,0,3,0,72.2,51.2,8.3,90.0,4.4,1,1,0,0,0,0,2,9,9.8
1,2,8.2,0,75,87,1,2,2,55.0,43.0,5.0,81.0,4.8,1,1,3,2,1,0,0,8,6.2
1,4,7.7,1,55,61,1,1,1,44.0,39.3,1.5,82.0,4.0,0,0,0,0,0,0,2,3,7.4
0,2,7.4,0,64,64,1,1,1,22.0,28.3,2.2,75.0,4.2,1,1,0,0,0,0,1,7,3.8
1,3,6.8,1,69,86,1,3,0,37.9,26.9,7.8,90.0,4.8,1,1,3,1,1,1,2,9,3.4
1,0,6.7,1,70,68,1,1,0,20.0,19.5,2.6,75.0,4.1,1,1,0,0,0,0,1,1,3.1
1,4,7.8,0,55,87,1,2,1,57.8,56.2,5.2,73.0,4.0,1,1,0,0,0,1,2,3,7.3
1,5,7.3,0,55,73,1,2,1,41.9,43.7,2.5,70.0,4.0,0,0,0,0,0,0,2,9,4.4
1,3,8.4,0,77,67,0,2,2,58.3,43.0,6.4,87.0,4.3,1,1,0,0,0,1,2,8,7.5
1,3,7.7,0,65,88,1,3,2,56.8,33.2,8.1,86.0,4.5,0,1,0,0,0,0,1,1,6.1
1,7,8.1,0,72,83,2,2,0,55.6,39.2,4.6,80.7,4.3,1,1,0,0,0,0,2,3,6.9
1,0,8.2,0,78,82,2,3,2,61.6,45.6,5.7,85.0,4.8,1,0,1,3,1,1,1,4,6.5
0,0,8.1,0,87,85,2,3,2,70.7,49.7,7.0,84.0,4.1,1,1,2,2,1,0,2,1,7.0
1,2,6.5,0,55,67,0,1,0,20.0,14.4,3.4,77.0,4.1,0,0,0,0,0,1,2,2,2.4
0,10,8.4,0,87,88,2,3,2,63.1,53.0,6.8,90.0,4.8,1,1,1,1,1,0,0,9,6.0
1,6,8.4,0,75,88,2,3,3,71.3,50.4,8.2,90.0,4.7,1,1,4,1,1,1,1,1,6.2
1,11,7.1,1,55,68,2,2,1,36.3,45.6,3.7,68.7,4.3,0,1,0,1,0,1,2,8,5.1
1,7,7.7,0,82,82,2,1,2,53.6,42.8,4.4,82.1,4.8,1,1,0,1,0,0,2,1,7.1
1,11,6.6,0,69,72,1,2,1,32.6,35.2,5.0,68.4,4.5,1,1,0,0,0,0,2,7,3.0
0,9,7.6,0,71,72,0,1,0,30.9,13.6,2.4,82.0,4.3,0,1,0,0,0,0,1,8,3.3
0,7,8.6,0,71,84,1,3,3,77.6,42.3,6.2,86.9,4.0,1,1,0,1,0,1,0,7,8.6
1,11,7.5,0,55,71,1,1,1,34.6,20.0,3.5,61.0,4.4,0,1,0,0,0,1,1,4,3.2
0,0,7.7,0,82,82,1,1,3,45.0,41.9,5.5,79.0,4.1,1,1,4,1,1,1,1,4,5.1
1,7,8.5,0,70,84,1,3,2,66.1,52.0,5.0,90.0,4.4,1,1,2,1,1,1,2,9,7.9
1,1,8.3,0,79,81,1,3,2,63.7,60.0,4.7,89.0,4.8,1,1,3,2,1,0,1,9,7.9
1,1,7.8,0,84,66,1,3,2,49.3,48.3,6.2,78.0,4.8,1,0,0,0,0,1,1,3,7.5
1,11,6.6,1,56,75,1,2,1,23.3,37.8,3.8,69.5,4.1,1,1,0,0,0,0,1,9,4.2
1,10,7.6,1,55,68,1,1,0,27.8,25.2,1.4,68.1,4.3,0,0,0,0,0,0,2,3,3.9
1,0,7.8,0,56,70,0,1,0,26.6,29.4,2.7,63.0,4.2,0,1,0,0,0,0,1,4,5.3
1,6,7.8,0,56,71,1,3,2,60.7,43.7,5.8,90.0,3.8,0,1,0,0,0,0,0,9,7.0
1,6,6.6,0,55,65,1,3,0,23.8,13.3,1.5,79.5,4.7,0,1,1,1,0,0,1,6,2.0
0,7,7.8,0,84,82,2,3,2,62.2,46.7,5.8,90.0,4.7,1,1,2,3,1,1,1,0,5.8
1,3,6.5,0,59,76,1,1,1,20.0,21.3,1.1,64.0,4.1,0,1,0,0,0,0,1,6,3.2
1,0,8.6,0,77,74,1,3,1,70.3,57.1,6.5,87.0,4.6,1,1,4,1,1,1,2,1,9.0
1,6,6.5,0,82,69,1,0,2,24.8,13.7,3.9,80.3,4.2,1,1,3,2,1,1,1,1,2.8
1,6,8.4,2,77,85,0,3,3,64.0,60.8,7.1,82.6,4.8,1,0,2,2,1,1,1,3,7.9
1,7,7.5,1,62,64,2,2,1,48.2,31.2,6.3,80.9,3.8,1,1,3,2,1,0,1,7,4.2
0,2,7.3,2,56,71,1,1,1,29.9,14.9,1.5,70.0,3.8,0,0,0,0,0,0,1,0,2.9
0,0,7.5,0,55,71,1,1,0,32.7,23.6,1.8,70.0,4.3,0,1,0,0,0,0,1,9,5.1
1,0,6.5,1,55,71,1,1,1,20.0,9.8,0.9,64.0,4.0,0,0,0,0,0,0,1,0,2.0
1,2,8.4,0,73,73,1,3,1,71.6,61.8,5.8,75.0,4.3,1,0,0,0,0,1,0,7,10.0
1,7,8.4,0,85,86,1,0,0,51.6,58.4,2.5,77.9,4.2,1,1,4,1,1,0,1,5,8.4
1,9,6.5,0,56,66,0,0,1,20.0,9.4,1.7,66.5,3.4,0,0,1,0,0,0,2,8,2.1
1,5,6.5,0,69,67,0,1,1,20.0,24.6,2.9,66.0,4.4,0,0,0,0,0,1,2,8,3.2
1,1,6.5,1,55,70,0,1,1,20.0,10.0,3.7,66.0,3.6,0,0,0,0,0,0,0,8,2.4
1,5,7.7,0,82,65,0,2,1,38.9,21.9,4.8,81.0,3.8,1,1,0,0,0,0,0,8,5.4
0,2,7.5,0,56,62,0,2,0,34.8,17.9,5.3,63.0,4.5,1,1,2,2,1,1,2,7,4.4
1,8,7.4,1,55,85,0,2,2,34.7,30.3,4.2,83.2,4.2,1,1,0,0,0,0,0,8,4.7
1,2,7.4,0,67,62,1,1,0,29.1,27.5,2.7,74.0,3.5,0,1,0,0,0,0,2,8,4.0
0,6,7.7,1,73,80,1,3,1,44.7,33.1,4.6,79.6,4.3,1,1,3,2,1,1,2,1,4.9
1,0,8.2,0,65,71,1,2,0,48.8,39.2,5.0,83.0,4.8,1,0,1,3,1,0,0,2,6.4
1,5,7.9,0,77,80,0,3,1,57.4,49.6,8.9,86.0,4.6,1,0,2,2,1,1,0,8,6.0
1,0,8.5,0,63,67,1,0,2,52.4,42.6,0.0,70.0,4.2,1,0,0,0,0,0,2,0,7.5
1,2,8.4,0,87,85,1,2,2,65.3,38.8,4.2,86.0,4.8,0,1,2,2,1,1,1,6,7.8
1,3,8.1,0,68,61,1,1,0,52.0,46.4,2.5,70.0,4.3,1,0,0,0,0,1,1,4,5.6
0,6,8.6,0,90,86,2,2,2,73.5,63.3,7.7,90.0,4.7,1,1,3,3,1,1,1,9,7.5
0,2,7.5,0,81,66,0,3,2,33.0,30.7,5.2,90.0,4.8,1,0,2,2,1,0,1,1,3.2
0,8,8.7,0,73,68,2,2,2,73.5,65.2,7.0,89.7,4.8,1,1,3,2,1,1,2,9,9.3
1,2,7.7,0,88,61,1,1,0,40.4,21.1,1.4,79.0,4.6,0,0,0,0,0,0,1,2,4.0
0,1,8.3,0,55,73,2,1,1,53.5,45.5,2.7,84.0,3.5,1,1,0,0,0,1,0,9,8.0
0,2,8.3,0,65,80,1,3,1,62.9,45.4,8.7,83.0,4.8,1,0,0,0,0,1,1,6,7.4
0,3,7.7,0,63,64,2,1,0,47.8,40.3,1.9,83.0,4.6,0,1,0,0,0,0,1,4,6.0
1,7,8.3,0,84,85,2,3,2,63.9,56.7,4.8,90.0,4.8,1,1,4,0,1,0,1,3,7.5
0,9,7.6,0,66,68,0,1,1,33.7,31.2,2.5,75.7,4.3,0,1,0,0,0,0,2,6,5.0
1,11,7.4,1,83,67,1,1,1,35.9,31.7,3.2,78.1,4.0,1,1,3,1,1,0,1,1,5.2
1,2,7.5,0,55,69,1,2,0,44.7,41.9,3.7,65.0,4.1,0,1,0,0,0,1,0,4,6.9
1,6,8.5,1,55,84,2,2,2,70.6,74.3,5.7,90.0,4.6,1,1,4,3,1,1,2,3,10.2
1,7,7.9,0,79,82,2,3,3,60.1,58.6,7.4,79.6,4.6,1,1,2,3,1,0,1,0,7.5
1,0,7.5,1,67,71,1,2,1,34.9,22.2,4.3,83.0,4.0,0,1,0,0,0,0,0,5,5.1
1,3,6.5,2,61,70,1,1,2,20.0,1.4,2.5,68.0,3.8,1,0,0,0,0,0,0,8,2.4
1,0,7.6,0,74,81,0,2,1,30.3,24.9,5.0,85.0,4.3,1,1,2,2,1,0,1,2,3.0
1,0,8.2,0,85,85,2,3,2,62.8,46.3,8.8,90.0,4.8,1,1,3,1,1,1,1,4,6.9
0,4,8.3,0,55,66,1,1,0,43.0,39.1,1.6,78.0,3.7,0,1,0,0,0,0,1,2,7.7
0,4,8.0,0,56,63,0,1,0,46.6,43.7,1.1,70.0,3.6,0,0,0,0,0,1,2,3,8.0
1,9,7.6,0,55,70,0,1,1,31.6,18.7,0.9,86.9,4.3,0,1,0,1,0,0,1,9,4.6
1,5,8.3,0,70,70,0,1,0,45.2,38.8,3.2,79.0,3.5,0,1,1,3,1,0,0,8,6.7
1,3,7.8,1,80,85,2,3,2,58.9,48.3,6.4,90.0,4.3,1,1,2,2,1,1,2,9,5.1
1,4,8.1,0,71,70,1,2,1,47.6,39.6,2.8,78.0,3.5,0,1,0,0,0,0,2,1,6.5
0,6,7.4,0,55,63,2,1,1,37.6,37.7,3.9,66.9,3.2,0,1,0,1,0,0,1,2,6.2
0,3,7.8,0,61,78,1,2,1,52.4,47.8,5.8,81.0,4.1,1,1,1,3,1,1,2,0,5.1
1,6,7.0,0,55,68,0,0,0,31.7,32.5,3.5,79.4,4.7,0,0,0,0,0,0,1,4,3.3
1,9,8.5,0,76,87,2,3,1,69.7,58.6,6.2,73.3,4.2,0,1,0,0,0,0,0,8,10.0
1,9,6.7,1,55,69,1,1,0,21.8,18.7,2.0,62.2,4.6,0,0,0,1,0,0,0,2,2.8
1,4,8.4,0,57,64,1,1,0,58.7,55.4,1.1,72.0,3.5,0,0,0,0,0,1,1,0,8.7
0,6,8.1,0,78,74,1,0,1,45.0,46.4,2.6,90.0,4.6,1,1,4,2,1,0,1,0,6.9
1,2,7.3,0,66,68,1,1,0,39.6,46.1,2.9,77.0,4.3,1,1,0,0,0,0,0,2,5.3
1,2,6.9,1,55,63,0,1,0,20.0,11.0,1.2,78.0,4.5,0,1,0,0,0,0,1,0,2.8
1,3,7.5,0,55,66,1,1,2,24.7,18.4,2.5,72.0,4.3,0,0,0,0,0,0,2,2,4.3
1,2,7.5,0,62,70,1,1,2,36.5,19.2,2.6,68.0,4.6,1,0,0,0,0,0,2,5,4.2
1,6,7.3,0,80,67,1,3,3,44.8,37.4,9.3,82.3,4.4,1,1,0,0,0,0,1,1,6.5
0,10,7.7,0,55,67,0,1,1,29.1,27.0,1.1,87.8,4.2,0,1,0,0,0,0,1,0,4.3
0,6,7.5,2,64,82,1,2,3,56.6,56.0,5.7,90.0,4.8,1,0,4,3,1,0,2,1,7.7
1,1,7.7,0,71,68,1,2,3,39.0,16.2,3.6,78.0,4.4,0,0,0,0,0,0,1,7,4.9
1,3,8.5,0,78,84,2,3,2,70.1,50.5,7.2,90.0,4.7,1,1,2,3,1,1,1,5,8.6
0,0,8.1,0,74,81,2,3,2,68.9,68.1,8.3,88.0,4.8,1,1,1,3,1,1,1,5,9.5
1,1,7.7,0,64,67,0,1,1,26.6,11.3,2.8,72.0,3.5,0,1,0,0,0,0,0,8,4.9
1,5,8.2,0,76,82,1,1,2,42.8,46.4,1.6,86.0,4.4,0,0,0,0,0,0,1,9,6.4
0,2,6.6,0,79,85,1,3,1,32.9,39.3,6.2,80.0,4.4,1,1,1,3,1,0,1,4,4.4
1,4,6.5,0,65,59,0,2,2,20.0,26.0,6.6,75.0,4.5,1,0,0,0,0,0,0,1,2.1
1,7,7.4,0,57,62,2,1,1,33.3,23.1,2.6,69.4,4.2,0,1,1,0,0,0,0,7,4.3
1,0,7.4,0,56,75,1,1,1,34.8,29.3,0.9,82.0,3.7,0,0,0,0,0,0,2,5,4.8
0,5,8.6,0,81,85,0,3,2,60.9,53.2,6.1,90.0,4.8,1,0,3,1,1,1,1,8,8.8
1,0,7.0,0,62,63,1,1,0,23.5,25.4,2.1,65.0,3.8,0,0,0,0,0,0,1,9,3.4
1,6,8.2,1,82,88,2,2,2,70.4,57.7,6.9,90.0,4.8,1,1,1,2,1,1,0,2,7.3
1,7,8.1,0,69,88,0,3,1,63.5,36.1,6.6,90.0,4.2,1,1,0,3,1,1,0,1,6.3
0,0,7.5,0,55,87,0,1,0,20.0,17.3,1.4,72.0,4.0,0,1,0,0,0,0,2,7,2.6
1,11,8.1,0,85,82,1,2,2,68.4,50.8,7.0,89.0,4.8,1,1,4,0,1,1,0,8,6.6
1,2,6.6,1,81,85,1,2,1,20.0,13.5,5.8,81.0,3.4,1,1,2,2,1,0,1,9,2.0
1,10,8.5,0,73,73,2,2,2,69.6,62.8,5.6,74.8,4.3,1,0,0,1,0,0,2,8,9.8
0,3,8.2,0,67,83,0,3,2,63.6,45.2,7.1,90.0,4.7,1,1,3,2,1,1,1,8,6.1
0,5,8.3,0,76,80,1,3,2,69.6,66.0,5.8,90.0,4.7,1,1,2,2,1,1,1,8,8.0
0,0,6.5,0,55,70,1,2,0,20.0,24.1,4.1,60.0,4.3,0,0,0,0,0,0,1,1,3.1
1,4,8.3,0,75,82,0,2,0,62.6,44.9,4.4,90.0,4.6,1,1,3,2,1,1,1,9,7.3
1,6,7.5,1,58,74,1,3,1,34.1,17.5,3.0,84.6,3.1,0,0,1,0,0,0,1,1,5.2
0,6,8.6,1,76,82,2,3,2,80.2,67.6,6.8,81.0,4.5,1,1,4,0,1,1,1,9,10.4
1,7,8.7,1,70,80,1,3,1,71.9,56.2,5.4,81.2,4.4,1,1,2,2,1,1,1,7,9.4
1,7,7.4,1,62,72,2,2,2,29.5,17.8,1.0,66.2,3.6,0,1,0,0,0,0,0,2,3.0
0,2,6.8,0,63,78,1,2,1,26.0,20.6,4.3,79.0,4.6,0,0,0,0,0,1,1,8,3.4
1,0,8.1,0,84,88,2,3,2,64.2,52.5,8.9,90.0,4.8,1,1,3,2,1,1,0,5,7.9
0,3,7.5,0,80,67,1,1,0,32.3,39.0,1.7,73.0,3.4,0,1,0,0,0,0,0,8,5.0
1,11,8.2,0,65,65,2,2,1,59.1,42.4,5.5,75.9,4.6,1,1,0,0,0,1,1,3,7.1
1,6,7.4,1,62,62,1,1,1,32.5,23.2,3.6,71.4,4.3,0,0,0,0,0,0,1,2,5.2
0,5,7.8,0,59,75,1,1,0,42.3,40.3,2.9,85.0,4.0,1,1,0,0,0,0,1,8,7.3
1,1,6.7,1,62,67,0,1,0,20.0,11.6,2.7,79.0,4.2,0,0,0,0,0,0,0,1,3.5
1,9,7.3,0,58,67,0,0,1,20.0,20.9,1.3,71.2,4.6,0,0,0,0,0,0,1,8,3.9
1,0,8.3,0,87,81,2,3,2,67.6,48.4,8.2,90.0,4.8,1,1,0,0,0,1,2,0,6.7
1,2,7.3,0,55,67,1,1,0,29.4,23.3,1.6,75.0,4.4,0,0,0,0,0,0,1,2,5.2
0,7,8.0,0,71,68,1,1,0,46.9,36.8,3.2,80.0,3.8,1,1,4,2,1,0,2,6,5.9
1,8,6.7,1,66,61,2,1,0,20.7,22.8,3.5,65.0,4.7,0,0,0,1,0,0,1,0,2.4
1,7,7.1,0,70,68,2,1,0,32.0,21.3,2.3,81.4,4.3,1,1,2,3,1,0,0,2,2.7
1,1,7.1,0,57,74,1,2,1,31.3,23.8,3.6,80.0,4.7,0,1,2,2,1,1,1,8,3.7
1,6,7.7,0,76,66,1,1,1,41.2,33.0,1.8,78.4,4.6,0,1,0,0,0,0,1,7,6.1
0,2,7.6,0,67,85,2,3,1,50.7,40.3,6.0,79.0,4.8,0,1,1,3,1,1,2,8,5.7
1,1,7.1,0,60,65,1,1,0,29.1,27.0,2.0,69.0,3.5,0,0,0,0,0,0,1,9,4.2
0,4,7.4,0,55,80,1,1,0,34.8,46.3,3.2,78.0,3.9,0,0,0,0,0,0,1,9,6.3
1,2,8.4,0,77,73,2,2,0,64.0,45.3,5.4,76.0,4.4,1,1,3,2,1,0,2,6,6.4
0,2,6.8,0,55,63,0,1,1,20.0,14.6,1.6,62.0,3.5,0,0,0,0,0,0,0,8,3.2
1,0,8.1,0,59,57,1,1,1,49.7,47.0,4.7,67.0,3.8,0,0,0,0,0,1,1,0,6.0
1,8,7.4,0,68,67,2,1,0,29.6,25.5,3.4,71.4,4.4,1,1,1,1,0,0,1,8,2.7
1,0,8.3,0,83,88,1,3,2,68.5,60.6,6.7,90.0,4.8,1,1,1,3,1,1,2,2,7.5
1,7,8.2,0,74,84,2,2,1,66.6,46.8,6.5,90.0,4.8,1,1,2,2,1,1,0,6,7.0
0,10,6.9,0,77,67,0,2,0,20.0,20.1,0.5,78.7,4.4,0,0,0,0,0,0,2,8,3.3
1,0,7.3,0,58,68,0,2,1,26.5,19.0,5.7,74.0,3.7,0,0,0,0,0,1,1,2,2.7
1,2,6.7,1,76,68,0,1,1,20.0,20.1,2.9,69.0,4.4,0,0,0,0,0,0,2,7,2.1
1,7,7.6,0,57,66,2,3,1,45.9,34.7,4.6,69.2,4.7,1,0,0,0,0,0,2,0,5.0
1,2,7.3,0,55,70,0,1,1,27.0,21.3,2.6,80.0,4.1,0,0,0,0,0,0,2,2,4.0
1,6,7.4,0,55,68,0,2,1,30.9,17.6,3.6,81.5,4.4,1,0,1,3,1,0,0,0,4.0
1,0,7.5,1,55,67,1,1,1,31.8,34.9,2.6,84.0,4.3,0,1,0,0,0,0,1,3,5.5
0,0,7.6,0,62,65,1,1,1,31.9,27.1,3.5,66.0,3.6,1,1,0,0,0,0,2,3,5.2
0,0,6.5,1,61,60,0,1,0,20.0,31.0,2.9,80.0,4.3,0,0,0,0,0,1,1,4,2.9
1,3,8.3,0,74,81,1,2,1,53.1,39.0,5.3,80.0,4.7,1,1,0,0,0,1,2,8,8.6
0,11,8.1,0,70,82,1,3,0,58.9,46.8,7.1,90.0,4.6,0,1,4,2,1,1,2,7,5.7
1,6,8.5,0,66,85,2,2,1,77.6,52.6,2.4,80.1,4.4,1,1,4,2,1,0,1,7,8.7
1,11,8.4,0,82,81,1,3,1,75.1,56.7,6.3,76.5,4.5,1,1,2,3,1,0,1,9,9.8
1,2,8.0,0,82,67,1,3,1,56.8,47.7,7.2,90.0,4.4,0,1,0,0,0,0,1,2,6.4
1,6,7.4,0,56,70,1,0,1,39.5,38.8,1.7,78.0,4.0,0,1,1,0,0,1,1,4,4.5
0,0,8.4,0,72,84,2,3,2,76.4,47.4,7.1,90.0,4.8,1,1,3,2,1,1,1,9,8.2
1,5,7.9,0,71,84,2,3,2,61.5,47.7,6.5,86.0,4.8,1,1,0,0,0,1,0,8,6.3
0,10,8.1,0,72,87,2,2,3,55.0,47.3,4.2,79.1,4.5,1,0,1,0,0,0,2,6,6.7
0,4,7.9,1,77,80,2,1,2,39.7,23.0,3.2,75.0,3.9,1,0,0,0,0,1,0,5,4.6
1,2,8.7,0,76,82,2,3,2,70.6,60.4,7.8,83.0,4.8,1,1,2,2,1,1,1,9,8.1
0,7,7.6,0,65,69,1,0,0,36.6,31.1,1.9,78.6,4.4,0,0,0,0,0,0,1,4,3.6
1,11,7.7,1,77,81,0,2,0,44.5,37.4,5.6,88.2,4.8,1,0,1,0,0,0,1,8,6.7
1,3,8.2,0,80,86,2,3,2,64.2,61.3,7.3,90.0,4.8,1,1,3,2,1,1,0,8,6.2
0,1,7.8,0,55,66,1,1,1,49.3,42.1,0.4,76.0,3.8,0,1,0,0,0,0,2,9,7.2
0,0,6.6,1,74,82,1,2,1,20.0,12.2,5.7,82.0,4.4,1,1,0,0,0,1,2,0,2.7
1,7,8.4,1,89,82,1,3,0,71.1,56.1,7.7,90.0,4.8,1,1,3,1,1,1,2,5,8.9
0,8,6.5,0,66,67,1,1,0,20.0,13.1,3.6,75.0,4.4,0,0,0,0,0,1,2,3,3.0
0,5,6.6,0,62,82,1,1,0,20.0,22.5,2.9,75.0,4.4,0,0,0,0,0,0,0,8,3.3
1,1,8.2,0,55,85,1,3,1,61.8,42.1,6.6,69.0,3.8,0,1,0,0,0,0,0,8,7.5
0,3,8.2,0,55,86,0,2,2,51.8,41.0,4.9,79.0,4.5,1,1,0,0,0,0,0,9,6.9
0,5,7.0,0,61,64,1,1,1,22.8,18.8,2.1,75.0,4.2,1,1,0,0,0,0,2,8,3.3
1,0,8.3,0,63,69,0,1,1,38.7,35.2,2.4,80.0,4.3,1,0,0,0,0,0,0,2,6.4
1,8,8.1,0,85,88,2,3,2,63.7,45.4,7.5,89.6,4.8,1,1,2,2,1,1,2,6,8.0
1,0,8.4,1,81,85,2,3,2,74.1,44.0,7.0,90.0,4.5,1,1,1,3,1,0,1,0,6.7
0,4,7.6,0,68,87,1,3,0,52.0,46.7,6.4,90.0,4.8,1,1,2,2,1,1,2,6,6.2
0,11,8.5,0,76,77,2,2,2,64.2,52.5,6.9,89.3,4.1,1,1,3,2,1,0,1,8,7.3
1,8,7.3,1,55,62,2,0,1,20.0,26.6,2.6,76.0,3.9,0,0,0,1,0,0,2,1,3.5
1,2,8.4,0,84,86,2,2,2,59.7,62.5,4.5,83.0,4.5,1,1,4,1,1,0,1,8,8.5
0,3,7.5,0,84,81,0,1,2,31.6,21.1,3.0,81.0,4.1,1,1,0,0,0,0,1,5,3.2
1,6,8.4,0,78,82,2,3,2,78.8,68.3,9.1,89.4,4.7,1,1,0,3,1,1,2,4,8.8
1,5,7.0,0,62,67,0,1,0,23.9,28.4,3.3,69.0,4.5,1,0,0,0,0,0,0,3,3.9
1,0,7.7,1,80,75,2,3,0,55.7,51.2,5.8,83.0,4.6,1,0,0,0,0,0,2,0,7.6
1,2,8.1,0,83,84,1,3,2,49.7,47.4,8.4,81.0,4.5,1,1,1,3,1,0,2,6,6.0
1,2,7.9,0,90,69,1,3,2,53.6,47.8,7.9,88.0,4.5,1,0,1,3,1,1,2,7,7.8
0,2,6.5,0,55,65,1,1,1,20.0,26.7,0.2,64.0,3.5,0,0,0,0,0,0,0,7,4.4
1,7,7.9,1,90,79,2,3,2,63.9,33.0,7.1,90.0,4.8,1,1,1,3,1,0,0,6,6.2
0,3,7.6,1,62,61,1,2,0,41.6,23.6,4.2,76.0,4.0,0,0,0,0,0,0,0,1,5.4
1,0,8.5,0,81,80,2,3,0,76.5,61.5,6.3,89.0,4.5,1,1,4,1,1,1,1,9,9.7
1,3,8.4,0,77,82,2,2,2,59.1,55.3,5.5,81.0,4.6,1,1,3,2,1,1,0,8,7.6
1,10,6.9,0,59,63,0,2,0,20.0,13.6,2.7,60.0,4.3,0,0,0,1,0,1,2,8,2.6
0,5,8.2,0,86,81,2,3,2,62.3,43.1,7.5,90.0,4.5,1,1,1,3,1,1,2,8,7.5
1,4,7.6,0,58,72,0,1,0,28.5,26.1,1.3,82.0,3.9,0,1,0,0,0,0,0,0,5.6
0,2,8.3,0,78,88,1,3,2,53.3,46.6,6.5,90.0,4.8,1,1,2,2,1,1,2,8,7.3
1,2,7.3,0,69,67,1,1,0,22.7,33.9,3.3,65.0,3.9,0,0,0,0,0,0,0,6,5.7
1,2,8.8,0,77,87,0,3,2,69.1,67.4,6.6,89.0,4.5,1,1,1,3,1,1,1,1,9.6
0,8,8.6,0,63,66,0,1,3,54.1,31.4,2.8,71.2,3.9,1,0,0,3,1,0,1,8,7.4
1,0,7.3,0,57,69,1,1,0,31.4,29.1,1.1,75.0,3.2,0,0,0,0,0,0,2,0,4.9
1,0,8.2,0,77,83,1,3,2,69.5,60.5,8.5,89.0,4.8,1,1,1,3,1,1,2,1,9.1
1,0,7.4,1,55,66,2,2,0,43.1,53.5,3.2,68.0,3.8,0,1,0,0,0,0,0,2,6.2
0,2,6.7,0,61,63,1,1,0,20.7,19.5,2.9,76.0,4.2,0,0,2,3,1,0,1,4,3.1
0,0,7.5,0,56,71,0,2,1,43.3,36.9,4.1,73.0,3.6,0,0,0,0,0,1,1,1,6.6
0,11,6.6,2,67,73,0,3,1,31.1,30.5,8.9,83.7,4.4,1,1,1,1,1,0,1,8,4.0
0,5,6.5,0,72,67,0,1,0,20.0,26.5,0.8,73.0,3.7,0,0,0,0,0,1,0,8,3.0
1,8,7.6,0,73,87,0,2,0,34.6,30.4,4.3,84.4,4.4,1,1,1,3,1,0,2,8,4.7
1,6,8.2,0,73,68,1,3,2,64.0,56.4,6.5,90.0,4.4,1,1,2,1,1,1,2,6,8.5
1,2,7.2,0,81,82,2,3,0,45.4,27.6,7.2,86.0,4.8,1,1,2,3,1,1,1,7,4.8
1,1,7.5,0,74,66,0,2,0,34.9,20.1,4.7,86.0,4.2,1,1,2,2,1,0,2,8,4.4
1,3,7.3,2,74,72,2,3,2,42.1,49.1,8.4,90.0,4.3,1,1,0,0,0,1,1,9,6.5
0,8,8.3,0,79,88,0,3,2,59.1,38.1,7.2,83.5,4.4,1,1,2,3,1,0,1,8,6.4
1,10,7.5,1,55,70,1,2,1,41.8,52.0,4.6,75.5,4.4,1,1,0,1,0,0,2,8,7.0
1,4,8.7,1,55,80,1,3,0,74.8,38.5,7.3,78.0,3.2,1,1,0,0,0,1,1,0,7.6
0,9,8.4,1,78,69,2,3,2,68.5,62.6,7.3,84.9,4.1,1,0,3,0,1,1,1,8,7.7
1,2,6.8,0,77,80,1,2,0,28.6,31.2,3.5,80.0,3.8,0,1,2,2,1,1,1,4,3.3
1,8,7.7,0,89,65,1,3,1,49.0,33.7,6.1,83.4,4.6,1,1,0,3,1,0,2,1,4.6
1,0,8.3,0,77,83,2,3,2,71.7,43.4,5.6,85.0,4.8,1,1,2,3,1,1,0,4,6.4
1,5,8.6,0,81,84,2,3,2,74.5,63.7,6.4,76.0,4.2,1,1,2,3,1,1,1,4,7.2
1,8,8.4,0,74,86,2,3,1,67.5,53.1,6.1,72.8,4.2,0,1,0,0,0,1,1,9,8.1
1,11,8.0,0,90,86,2,3,2,68.3,51.6,7.0,83.7,4.7,1,1,3,1,1,1,1,6,6.4
0,9,6.7,0,60,69,1,2,1,23.0,27.6,4.4,77.3,4.4,0,1,0,0,0,0,0,8,2.7
1,3,7.6,0,68,85,1,2,2,46.7,47.4,7.0,76.0,4.8,1,1,0,0,0,1,0,8,5.2
1,0,7.9,0,74,88,2,3,2,64.2,44.6,7.3,90.0,4.8,1,1,3,1,1,1,2,9,8.2
1,2,7.9,0,83,84,2,3,2,61.2,42.9,6.2,90.0,4.3,1,1,2,2,1,0,1,8,5.6
1,0,8.0,0,71,81,0,3,3,56.2,41.8,7.7,72.0,4.5,1,1,2,2,1,1,1,5,5.6
0,8,8.2,0,75,83,1,2,1,41.0,27.4,4.2,83.1,4.7,1,1,0,0,0,0,2,6,7.0
1,3,6.7,0,55,67,1,1,0,20.0,19.6,1.5,74.0,3.7,0,1,0,0,0,0,2,8,3.0
1,0,7.7,0,80,65,1,3,3,56.6,47.8,7.4,87.0,3.9,1,1,0,0,0,0,0,2,7.6
1,7,7.0,1,73,64,1,2,0,27.2,36.4,0.9,74.8,4.4,0,1,0,0,0,0,1,6,3.8
0,4,7.2,0,55,66,0,2,0,30.0,39.0,4.2,82.0,4.8,0,1,0,0,0,0,1,0,6.4
1,6,7.6,2,55,68,2,1,0,32.2,28.6,3.6,75.4,4.2,0,1,0,1,0,0,1,2,5.8
1,6,8.5,1,72,70,2,3,0,77.5,53.8,7.9,69.9,4.0,1,1,0,0,0,0,2,4,8.2
1,4,8.3,0,74,88,2,3,2,62.2,42.2,7.0,90.0,4.5,1,1,4,1,1,1,0,0,6.8
0,1,7.5,1,61,71,1,1,0,26.6,27.7,2.4,71.0,3.6,1,0,3,2,1,0,1,8,4.2
1,7,6.7,1,59,58,1,2,0,25.1,18.4,1.3,73.5,4.5,0,0,0,0,0,1,1,0,2.7
1,3,8.4,2,72,88,1,1,0,55.6,46.3,2.0,74.0,4.3,1,1,0,0,0,0,1,8,7.9
1,0,8.4,0,72,85,1,3,2,62.1,58.3,8.0,90.0,4.8,1,1,0,0,0,0,0,5,8.6
0,3,8.3,0,55,70,1,1,0,51.2,53.9,3.8,89.0,4.5,1,1,0,0,0,0,2,4,8.5
1,0,7.6,0,84,63,1,2,0,45.1,45.9,4.9,68.0,4.3,1,1,0,0,0,0,1,7,5.9
1,7,8.5,1,75,81,2,3,0,85.2,60.7,6.9,89.8,4.5,1,1,3,2,1,1,1,0,9.9
0,2,6.5,1,81,84,0,3,2,26.1,25.3,6.1,85.0,4.6,1,1,1,3,1,1,2,9,2.0
1,5,7.4,0,65,82,1,3,0,49.3,51.4,5.1,83.0,4.2,0,1,0,0,0,0,0,1,4.7
1,3,8.7,0,77,81,2,3,2,74.4,61.4,6.2,87.0,4.6,1,1,3,2,1,1,1,8,9.3
1,4,6.8,0,61,66,0,3,0,21.1,34.1,6.3,83.0,4.3,1,1,3,2,1,0,1,5,4.0
0,4,8.6,0,77,77,1,3,2,69.0,60.2,6.5,83.0,4.8,1,1,2,2,1,1,0,0,7.3
1,10,7.8,2,81,85,0,3,2,50.6,39.2,8.3,90.0,4.8,1,0,2,3,1,0,1,7,4.0
0,10,8.5,0,77,83,2,3,2,72.4,63.9,8.2,88.1,4.8,1,0,0,0,0,1,0,7,8.1
1,3,7.4,0,90,72,1,0,2,34.0,26.8,0.0,73.0,4.2,0,1,0,0,0,0,2,8,5.1
1,2,7.7,0,69,74,1,2,0,38.6,29.9,5.6,85.0,4.3,0,1,0,0,0,1,1,3,6.5
1,0,8.6,0,56,85,1,2,3,61.3,53.7,4.8,75.0,4.5,1,1,4,1,1,1,0,1,7.5
1,2,7.3,0,75,72,1,2,2,34.1,27.2,5.2,73.0,4.7,1,1,0,0,0,1,0,8,4.0
0,4,6.7,0,62,72,1,1,2,20.5,5.6,1.5,74.0,4.3,1,0,2,3,1,0,2,9,2.0
0,6,8.1,0,74,81,1,3,2,72.4,72.3,8.8,89.8,4.8,1,1,2,3,1,1,1,9,8.9
1,8,8.2,0,81,87,2,2,2,51.7,46.4,5.7,90.0,4.8,1,1,2,2,1,1,1,9,6.5
0,0,7.7,1,57,59,1,1,0,40.6,22.9,1.9,85.0,3.9,0,0,4,1,1,0,2,5,5.5
0,10,7.3,0,81,83,0,3,0,37.4,35.0,6.4,80.7,4.4,1,0,2,2,1,0,0,2,3.2
1,1,6.7,0,64,69,1,1,0,20.0,20.3,1.1,70.0,3.6,0,0,0,0,0,0,2,7,3.3
0,4,8.6,0,68,86,2,3,3,70.7,65.4,4.8,89.0,4.7,0,1,4,1,1,1,0,5,9.8
1,0,7.5,0,55,68,0,2,1,43.2,47.8,3.2,67.0,4.4,0,1,0,0,0,0,2,4,6.4
1,3,7.5,0,77,76,0,3,0,47.6,48.0,4.0,89.0,3.9,0,1,2,2,1,0,1,1,5.6
0,2,8.0,0,79,87,1,3,1,73.5,65.8,7.6,90.0,4.8,1,1,3,2,1,1,0,8,7.4
1,2,7.4,0,69,73,1,1,0,31.1,34.4,0.9,77.0,4.5,0,1,0,0,0,0,1,7,4.6
1,2,7.9,0,87,85,1,3,0,48.5,42.3,6.4,88.0,4.7,1,1,1,3,1,0,2,1,6.6
1,3,7.5,0,63,73,1,1,0,39.4,33.8,0.0,76.0,4.2,0,0,0,0,0,1,1,8,4.5
0,3,8.1,0,72,80,2,1,0,45.4,39.3,1.6,86.0,4.3,1,1,0,0,0,0,0,5,6.9
0,9,8.7,0,78,84,2,3,1,76.1,82.7,7.8,89.6,4.8,1,1,3,2,1,1,2,8,9.6
1,0,8.4,0,56,63,0,2,0,51.0,23.0,3.6,71.0,3.8,1,1,0,0,0,0,0,5,7.1
0,2,8.5,0,70,72,1,2,3,62.6,53.3,4.2,90.0,4.8,0,1,0,0,0,1,0,5,8.2
1,11,7.1,0,86,76,0,1,0,23.5,32.2,3.6,73.6,4.4,0,1,1,0,0,0,0,5,4.2
1,4,8.5,0,75,84,2,1,2,68.3,51.1,1.3,85.0,4.7,0,1,4,1,1,1,2,0,7.5
1,8,8.2,1,89,85,2,2,2,58.4,50.8,7.1,90.0,4.8,1,1,3,3,1,1,0,8,7.8
1,9,7.4,1,67,66,0,2,0,32.8,16.3,5.4,71.2,3.5,0,1,0,0,0,1,0,8,2.5
1,5,7.4,0,55,72,1,1,0,40.6,44.0,0.9,82.0,3.8,0,1,1,3,1,0,2,5,6.0
1,2,7.5,2,63,69,1,2,0,41.8,34.7,3.6,65.0,4.7,0,1,0,0,0,1,1,9,6.6
1,2,8.4,0,55,63,1,1,1,42.7,34.9,1.6,70.0,3.7,1,1,0,0,0,1,1,8,5.8
1,4,7.5,0,55,62,2,2,0,49.3,40.6,1.0,70.0,4.4,0,1,0,0,0,0,1,6,6.8
1,4,8.2,0,78,77,2,3,3,73.1,45.3,8.6,90.0,4.2,1,1,0,0,0,1,0,6,8.0
0,0,6.5,0,64,80,1,2,3,20.0,8.0,6.2,77.0,4.4,1,0,0,0,0,1,1,0,2.1
0,7,8.1,0,72,85,2,3,1,73.8,53.9,6.8,90.0,4.6,1,1,1,2,1,0,1,2,7.2
0,3,6.5,0,55,76,0,1,1,20.0,14.0,3.6,89.0,4.2,0,0,3,2,1,0,1,8,3.0
0,2,6.6,1,63,69,2,2,2,34.9,36.6,3.2,71.0,3.6,0,0,0,0,0,0,2,7,3.9
0,8,7.7,0,55,65,0,2,0,30.5,19.6,4.0,64.9,4.3,0,1,0,0,0,0,1,1,5.2
0,7,8.0,1,68,75,0,2,2,56.4,57.5,5.0,79.5,4.5,0,1,0,1,0,0,0,0,6.5
0,6,8.3,0,89,64,0,2,0,60.0,47.9,4.0,75.9,4.7,1,1,2,2,1,0,1,1,7.5
1,4,8.6,0,87,81,1,3,0,68.6,66.0,9.8,90.0,4.8,1,1,3,1,1,1,2,4,9.0
1,5,8.3,0,63,60,1,2,0,52.6,42.0,3.4,78.0,4.5,0,1,0,0,0,0,2,8,6.8
0,8,7.6,0,69,64,1,1,0,26.8,18.4,1.5,72.6,4.3,0,1,0,0,0,1,2,8,3.9
1,3,6.5,1,57,81,2,2,0,24.0,15.4,4.4,83.0,4.1,1,1,0,0,0,0,2,4,2.0
0,1,7.2,0,55,75,1,1,0,36.0,28.6,0.4,60.0,3.2,0,1,0,0,0,0,2,8,5.1
1,6,6.5,0,79,63,0,0,0,25.7,29.4,1.9,87.6,3.9,0,0,1,0,0,0,2,0,3.5
1,6,8.1,1,81,83,0,3,3,61.4,64.6,6.1,85.4,4.8,1,1,3,3,1,1,1,9,8.4
1,4,8.5,0,86,85,2,3,0,67.4,58.2,7.6,87.0,4.6,1,1,2,2,1,1,1,0,8.6
1,2,7.7,1,74,71,1,2,0,43.8,28.0,2.4,68.0,3.7,0,1,0,0,0,0,1,0,6.2
0,8,8.6,1,73,87,0,2,1,61.5,53.2,8.4,83.2,4.8,1,1,3,2,1,1,1,8,8.2
1,1,7.9,1,63,67,0,1,0,38.5,38.3,0.6,64.0,4.1,1,1,0,0,0,0,0,3,5.8
0,6,8.7,0,80,74,1,3,1,88.1,71.9,8.0,82.7,4.7,1,1,2,3,1,1,1,8,9.3
1,7,8.7,0,63,84,2,1,2,68.8,68.8,5.6,76.7,4.4,1,1,4,2,1,1,1,2,8.7
1,9,8.2,0,85,87,1,3,1,65.7,39.2,6.1,83.5,4.3,1,1,3,1,1,0,2,6,7.6
1,2,7.9,0,70,60,1,1,0,32.5,18.3,2.1,76.0,4.2,1,1,0,0,0,0,1,4,4.7
1,9,8.3,1,86,86,0,3,2,62.1,47.0,7.1,89.6,4.8,1,1,3,0,1,1,0,8,8.1
0,3,7.0,0,60,67,1,3,0,38.1,22.4,6.7,82.0,4.7,1,1,2,2,1,0,2,6,3.3
1,10,8.5,0,75,72,1,3,3,66.9,61.5,6.5,76.6,4.5,1,1,1,0,0,1,1,8,10.1
1,1,8.4,0,78,83,2,3,2,76.6,50.4,7.3,90.0,4.8,1,1,3,2,1,1,1,9,7.3
0,2,6.7,0,64,73,0,1,1,20.0,48.6,1.7,70.0,4.6,1,1,0,0,0,0,0,6,4.6
1,3,6.5,1,57,74,0,3,0,21.2,20.4,6.0,71.0,3.6,0,1,0,0,0,0,0,8,3.2
1,4,8.3,0,72,88,2,3,2,70.4,61.2,5.4,90.0,4.8,1,1,3,2,1,0,2,2,7.9
0,6,7.7,2,71,84,2,2,2,65.0,63.2,9.5,90.0,4.8,1,1,2,3,1,1,1,2,8.0
1,3,7.5,1,78,66,1,2,1,36.1,32.9,6.0,79.0,4.7,1,1,0,0,0,0,2,8,5.0
1,0,8.7,0,80,80,1,3,2,77.4,55.2,6.9,85.0,4.8,1,1,3,2,1,1,1,5,9.3
0,6,7.6,0,86,88,1,3,2,61.4,65.1,6.6,90.0,4.8,1,1,4,2,1,1,2,6,6.7
1,6,8.4,0,55,60,1,2,1,59.3,54.1,5.2,82.9,4.0,0,1,3,2,1,1,0,8,8.0
0,4,7.5,0,70,75,1,2,1,36.0,36.5,3.2,76.0,4.4,0,1,0,0,0,1,1,4,3.8
0,4,8.1,0,84,86,1,2,0,52.3,51.0,4.0,90.0,4.6,1,1,4,1,1,1,1,5,7.0
1,0,7.5,1,73,80,1,3,2,51.2,57.0,5.5,80.0,4.6,0,0,4,1,1,0,1,5,6.6
1,3,7.6,0,60,68,1,1,2,30.7,19.0,0.6,75.0,4.8,0,1,0,0,0,0,2,1,4.4
1,8,6.5,0,55,59,1,3,2,20.0,17.4,3.3,65.6,4.7,0,0,0,1,0,1,2,2,2.9
1,0,8.0,0,80,84,2,3,0,58.8,50.5,6.9,82.0,4.8,0,1,4,1,1,0,1,5,7.6
0,6,7.4,0,62,66,1,1,1,33.5,34.6,3.7,71.5,3.9,1,1,0,0,0,0,2,2,4.9
1,7,8.3,0,75,83,1,3,3,77.3,73.2,6.1,90.0,4.3,1,1,0,0,0,0,0,0,10.2
0,2,7.9,0,57,68,1,3,1,52.8,39.0,5.7,71.0,4.6,1,1,0,0,0,0,2,7,6.4
0,8,7.3,0,63,62,2,0,0,22.5,17.7,3.0,78.2,3.1,0,0,0,0,0,0,1,2,4.6
0,2,8.5,0,76,86,2,3,2,76.8,62.5,6.8,90.0,4.8,1,1,4,1,1,1,1,8,8.9
1,3,6.5,0,56,73,1,1,1,20.0,27.5,1.7,81.0,4.6,0,0,0,0,0,0,0,4,2.9
1,0,8.1,2,73,84,1,3,1,57.0,54.1,5.5,76.0,4.2,0,1,2,3,1,0,0,0,6.7
0,3,6.5,0,58,82,0,3,1,20.0,15.8,5.8,79.0,4.3,1,1,0,0,0,0,2,8,2.0
1,2,8.6,0,75,86,2,3,2,71.6,58.7,6.7,79.0,4.8,1,1,2,2,1,0,1,6,7.6
0,5,7.5,0,83,85,0,3,2,43.0,33.6,6.4,86.0,4.4,0,1,0,0,0,0,0,5,6.0
0,2,6.5,1,55,74,1,2,1,20.0,25.0,4.6,76.0,4.5,1,1,0,0,0,0,2,4,4.1
1,0,7.7,0,55,68,1,2,0,37.9,24.3,2.5,77.0,4.3,0,1,0,0,0,0,0,0,5.7
0,4,7.6,0,83,87,2,2,0,46.9,45.0,4.4,73.0,4.4,1,1,3,2,1,0,0,1,6.3
1,2,7.9,0,60,74,1,3,3,60.1,53.9,6.0,77.0,4.3,0,0,0,0,0,1,1,4,6.1
1,0,8.4,0,63,82,2,1,2,51.0,40.4,0.1,87.0,4.5,1,0,3,2,1,0,0,5,5.8
1,11,8.5,0,70,78,2,2,0,74.6,75.2,5.8,84.8,4.5,1,1,3,2,1,0,2,6,9.0
1,4,8.1,0,55,75,2,3,2,61.9,41.9,3.4,85.0,4.5,0,1,1,3,1,0,1,7,5.5
1,6,7.8,0,82,80,1,2,2,54.2,58.5,7.1,90.0,4.8,1,0,1,2,1,1,1,1,7.7
1,7,7.3,0,79,85,1,3,3,47.0,30.3,6.8,90.0,4.5,1,1,1,2,1,0,1,5,3.4
1,5,6.5,1,55,63,1,1,0,20.0,14.8,3.6,81.0,4.3,0,1,0,0,0,1,0,8,2.8
0,2,8.2,0,73,84,2,3,2,65.5,50.2,7.8,90.0,4.8,1,1,2,2,1,0,1,1,6.3
0,2,7.7,0,55,64,1,1,0,52.1,37.0,1.2,76.0,4.1,0,1,0,0,0,1,1,1,5.1
1,4,8.4,0,63,82,2,1,0,54.3,43.1,3.6,90.0,4.8,1,1,0,0,0,0,2,1,7.7
0,4,8.2,0,73,85,2,3,2,63.2,56.2,7.0,90.0,4.4,1,1,2,2,1,1,1,9,7.8
1,8,6.6,2,55,71,0,0,2,20.0,5.7,0.7,75.2,3.2,0,0,0,1,0,0,2,9,2.4
1,0,8.5,0,78,84,2,3,2,70.9,50.5,7.2,81.0,4.5,1,1,3,1,1,1,0,4,7.7
0,11,6.5,1,75,73,2,2,1,37.3,40.6,6.1,80.3,4.2,0,1,0,0,0,1,2,4,4.7
0,0,6.5,0,57,66,1,1,1,20.0,8.3,1.6,72.0,3.5,0,0,0,0,0,0,0,9,2.0
0,3,6.7,1,65,62,1,1,0,20.0,22.2,0.7,71.0,3.9,0,0,0,0,0,0,2,9,2.0
1,2,7.6,0,57,68,1,1,1,42.9,40.7,3.5,71.0,4.2,0,0,0,0,0,0,1,4,6.1
0,7,7.6,0,78,81,1,3,1,56.5,51.8,7.6,86.9,4.0,1,1,3,2,1,1,0,0,6.7
1,4,7.7,2,55,82,1,2,0,39.6,42.2,2.5,81.0,4.4,1,1,1,3,1,0,1,0,6.2
1,4,7.5,0,55,79,1,2,0,46.5,39.0,6.7,81.0,4.8,1,1,0,0,0,0,2,6,7.2
0,2,7.8,0,69,68,2,1,1,46.3,37.2,3.7,71.0,4.3,1,1,2,2,1,0,2,8,5.6
0,4,8.7,0,69,88,1,3,2,71.9,56.9,7.7,90.0,4.8,1,1,2,2,1,1,2,0,8.9
0,10,7.2,0,76,81,2,0,0,32.9,21.6,2.4,88.4,4.8,1,1,2,2,1,1,1,7,4.1
1,0,8.2,0,61,58,1,1,2,44.8,45.6,2.3,79.0,4.8,1,1,0,0,0,0,1,2,8.1
0,8,7.8,0,55,64,2,2,1,32.6,41.5,2.0,81.5,4.5,1,1,1,0,0,0,0,9,5.8
1,4,6.6,0,59,63,1,1,0,20.0,25.1,2.1,63.0,3.8,0,0,0,0,0,0,1,5,3.8
0,2,8.2,0,76,83,1,3,1,64.8,51.4,7.3,85.0,4.7,1,1,1,3,1,0,1,5,7.4
1,2,7.5,0,55,65,0,1,1,23.0,19.2,1.3,72.0,3.5,0,1,0,0,0,0,2,8,3.5
1,5,8.5,0,75,82,2,3,2,75.0,65.0,5.9,90.0,4.5,1,1,4,1,1,0,2,9,9.0
0,0,7.7,0,75,71,0,1,2,24.5,12.3,2.2,68.0,4.2,1,0,0,0,0,1,1,1,3.7
1,3,8.3,0,70,85,2,3,2,68.5,50.8,7.2,81.0,4.8,1,1,3,2,1,1,1,8,7.5
1,1,7.3,0,58,70,1,1,1,23.7,21.9,2.6,72.0,4.6,0,1,0,0,0,0,1,8,4.4
1,0,7.5,0,55,68,1,1,0,27.4,24.4,1.5,68.0,4.3,0,1,0,0,0,0,0,5,5.4
0,0,7.6,1,55,68,1,1,1,33.5,21.7,1.3,66.0,4.5,0,1,0,0,0,0,0,5,4.4
0,4,6.9,1,82,86,2,3,3,45.0,46.8,6.0,80.0,4.8,1,0,1,3,1,0,1,7,3.8
0,6,7.8,0,55,67,1,3,2,68.4,72.4,6.0,82.4,3.4,1,0,1,0,0,1,0,2,7.6
0,2,8.5,0,80,87,2,2,0,59.7,55.7,3.4,83.0,4.7,1,1,0,0,0,0,1,9,8.2
1,7,6.9,0,56,57,1,1,0,38.0,40.9,4.2,75.3,4.2,0,0,0,0,0,0,2,4,4.5
0,4,7.9,2,80,71,1,2,1,47.6,32.0,5.2,61.0,4.2,1,1,0,0,0,0,1,1,4.7
1,3,7.5,0,55,69,0,1,1,28.6,26.9,2.7,74.0,4.0,0,1,0,0,0,0,2,0,5.2
1,5,7.6,0,84,67,1,3,0,61.3,42.8,6.4,80.0,4.3,1,1,0,0,0,1,2,1,4.8
1,10,8.6,0,75,72,1,3,1,67.8,59.2,6.6,76.9,4.5,1,1,0,0,0,1,0,8,10.4
1,11,8.0,0,80,86,1,3,2,66.6,41.5,7.3,78.8,3.7,1,1,1,2,1,1,1,6,7.0
1,5,8.2,1,83,78,2,3,2,68.7,48.9,6.2,90.0,4.7,1,1,1,3,1,1,2,2,7.0
0,9,6.5,0,59,70,0,1,1,20.0,25.8,0.0,63.3,3.9,0,0,1,1,0,0,0,3,3.4
0,0,8.7,0,85,79,2,3,2,80.6,54.7,9.1,81.0,4.7,1,1,2,2,1,1,1,3,8.1
1,1,8.0,0,59,64,1,2,0,57.5,36.8,4.9,61.0,3.6,1,0,0,0,0,1,2,8,5.6
0,4,7.7,0,79,87,1,1,0,35.9,26.3,3.0,74.0,4.0,1,1,2,2,1,0,2,0,4.4
0,11,7.6,1,70,79,1,2,0,37.4,28.7,4.4,77.0,3.7,1,1,3,2,1,1,2,1,4.6
1,4,7.5,0,55,65,1,2,1,39.0,41.0,5.3,69.0,3.2,0,1,0,0,0,1,2,9,4.9
1,0,8.2,0,90,85,1,3,2,69.5,77.2,9.4,87.0,4.8,1,0,1,3,1,1,0,5,8.4
1,0,7.3,1,69,65,1,3,1,47.2,49.4,6.1,81.0,4.2,1,1,0,0,0,0,1,1,7.3
1,10,8.3,0,78,86,1,3,1,66.9,56.4,7.1,90.0,4.4,0,1,2,2,1,0,2,7,7.3
1,3,8.5,0,71,84,2,1,2,55.0,40.2,3.8,86.0,4.4,1,1,3,2,1,1,1,8,7.1
1,1,7.4,1,56,71,1,1,1,31.0,35.8,1.9,70.0,3.8,0,0,0,0,0,1,0,8,4.4
1,2,6.8,0,77,67,1,1,1,21.0,15.8,3.1,68.0,4.5,0,1,0,0,0,0,0,0,2.8
1,4,8.2,0,79,64,2,1,2,58.1,48.9,2.8,74.0,3.9,0,0,0,0,0,1,2,9,8.0
1,3,6.6,1,64,71,0,1,2,20.0,29.2,1.6,81.0,4.0,0,1,0,0,0,0,1,8,3.4
0,4,6.5,0,55,69,0,2,0,20.0,19.5,5.6,78.0,4.3,1,1,0,0,0,1,2,5,2.0
1,2,8.0,0,59,82,2,2,3,69.1,67.2,5.1,82.0,4.0,1,1,3,2,1,1,1,8,7.3
0,5,7.9,0,55,74,1,3,0,53.8,34.3,6.6,78.0,4.2,0,1,3,2,1,1,1,5,6.8
1,7,8.2,0,85,76,2,2,1,70.5,60.1,5.6,88.9,4.8,1,0,0,0,0,1,0,7,8.4
1,5,7.4,0,84,67,1,1,1,29.1,1.6,1.5,80.0,4.3,0,0,0,0,0,0,2,8,3.3
1,0,7.6,1,55,58,1,1,1,39.3,38.7,1.9,79.0,4.3,0,1,0,0,0,1,1,1,5.3
0,3,8.2,0,88,86,1,3,0,70.7,52.0,6.8,86.0,4.8,1,1,3,2,1,1,2,6,7.6
1,4,8.3,0,85,85,0,3,2,63.1,43.9,7.4,90.0,4.8,1,1,1,3,1,1,1,2,8.2
1,8,7.7,0,76,68,1,1,1,40.3,22.3,1.9,80.6,4.6,0,1,0,0,0,1,0,8,4.1
1,10,7.7,1,56,79,1,3,0,47.7,45.4,4.7,78.2,4.4,1,0,4,1,1,0,0,2,5.7
0,7,8.4,2,77,88,0,3,2,65.9,48.9,7.0,90.0,4.3,1,1,2,1,1,1,2,7,8.4
0,11,8.3,0,58,69,0,2,0,45.2,35.3,3.5,80.0,3.9,1,1,0,1,0,1,0,8,7.2
1,7,8.7,0,83,86,0,3,2,73.5,63.1,5.9,88.4,4.1,1,1,0,0,0,1,2,6,10.0
1,11,8.9,0,80,87,0,3,3,75.2,58.9,6.6,89.8,4.8,1,0,1,0,0,0,0,8,9.2
1,7,8.2,1,55,88,1,2,1,60.6,45.6,5.2,85.9,4.2,1,1,2,2,1,0,1,0,7.6
0,4,7.4,0,59,74,1,2,1,32.9,32.8,4.0,83.0,4.2,1,1,2,3,1,0,1,0,3.5
1,0,7.6,1,64,65,1,2,0,45.4,36.0,4.3,77.0,4.0,0,1,0,0,0,0,0,0,5.3
1,0,8.5,0,78,84,2,3,2,80.1,60.2,7.7,90.0,4.8,1,1,3,2,1,1,1,1,9.0
1,0,7.0,0,76,65,1,1,1,24.8,15.4,3.0,69.0,4.0,1,1,0,0,0,0,1,4,4.7
1,2,6.6,0,55,67,1,1,2,20.0,9.8,2.0,67.0,4.0,0,0,0,0,0,0,1,0,2.3
1,4,7.5,0,55,62,1,1,0,29.8,21.7,3.6,75.0,3.8,0,1,0,0,0,0,1,2,3.3
1,3,8.3,0,59,86,2,1,2,55.9,67.4,1.8,83.0,4.4,1,1,0,0,0,1,1,4,8.9
0,1,7.5,0,55,73,0,2,0,40.2,29.6,5.5,76.0,4.2,1,1,0,0,0,0,1,9,6.2
0,0,8.2,0,75,81,2,3,2,68.9,61.4,7.6,75.0,4.2,1,1,1,3,1,1,1,1,8.3
0,2,7.4,1,73,83,1,3,2,59.1,51.4,6.8,81.0,4.5,1,1,0,0,0,1,0,0,6.5
0,3,7.9,0,56,70,1,3,0,55.1,52.8,6.5,64.0,4.1,1,1,0,0,0,0,1,2,7.9
1,5,8.2,0,62,63,0,1,1,49.8,42.0,1.6,79.0,3.9,0,1,0,0,0,1,0,6,6.3
0,9,6.5,0,59,72,2,2,1,20.7,33.2,1.9,67.2,4.7,0,0,0,1,0,0,0,8,2.7
1,5,7.5,0,68,65,0,3,3,46.5,41.8,6.2,78.0,4.7,1,1,0,0,0,0,0,4,5.3
1,10,8.3,0,79,83,1,3,0,59.9,57.3,7.2,89.6,4.7,1,1,1,3,1,1,1,8,7.9
1,9,7.5,2,60,63,1,2,1,34.2,40.6,3.0,81.5,3.8,1,1,1,0,0,0,0,4,6.5
1,4,7.9,0,88,83,0,3,2,51.3,58.5,8.3,90.0,4.4,1,1,3,2,1,1,2,5,6.5
1,5,8.9,0,71,86,1,2,0,69.7,55.3,3.6,77.0,4.5,1,1,0,0,0,0,2,2,8.0
1,7,7.7,0,55,66,0,2,0,40.1,32.3,2.3,73.3,4.3,0,1,0,0,0,0,0,5,6.0
1,5,6.7,1,55,64,1,1,0,22.1,19.5,2.0,73.0,3.8,0,1,0,0,0,0,1,2,3.2
1,4,8.6,0,71,67,1,2,0,65.5,44.3,3.8,85.0,4.2,0,1,4,1,1,0,0,0,7.4
1,4,7.6,0,83,86,2,2,1,53.6,39.6,4.8,88.0,4.8,1,1,0,0,0,0,0,0,7.1
1,9,8.2,0,81,87,2,3,3,68.3,44.4,6.4,90.0,4.8,1,1,2,3,1,1,2,2,7.7
1,6,7.5,0,55,62,2,1,0,51.9,43.0,1.6,72.4,4.4,0,1,0,1,0,0,1,2,6.4
0,4,7.6,0,73,72,1,3,0,55.4,55.6,5.4,69.0,4.3,0,1,3,2,1,0,0,8,5.1
0,2,6.5,0,55,71,1,1,0,20.0,22.7,1.7,75.0,4.1,0,0,0,0,0,0,2,4,2.1
0,7,8.1,0,81,81,2,2,0,67.4,35.4,5.2,90.0,4.6,1,1,3,1,1,1,2,2,6.5
1,3,8.4,0,55,68,1,3,0,69.0,43.6,8.0,63.0,4.3,1,1,0,0,0,1,1,1,8.6
1,0,7.7,0,79,61,0,1,0,24.7,33.7,2.2,77.0,4.6,0,0,0,0,0,1,1,7,5.2
1,11,6.9,1,72,87,1,3,0,28.7,21.3,5.1,83.9,4.8,1,1,2,2,1,1,2,0,4.0
1,9,7.7,0,57,58,1,3,0,52.7,44.6,3.3,69.8,3.5,0,1,1,1,0,0,2,1,6.1
1,2,7.7,0,72,88,1,3,2,60.9,56.5,4.9,90.0,4.5,0,1,3,2,1,0,1,0,5.3
1,6,7.5,1,60,71,1,2,3,42.8,43.5,4.3,79.9,4.2,0,0,0,1,0,0,2,0,6.4
0,0,7.1,2,78,67,1,2,2,37.3,34.1,3.7,82.0,4.3,0,0,0,0,0,0,1,1,5.3
0,11,7.9,0,90,86,2,2,1,64.2,42.5,5.1,88.5,4.8,1,1,2,3,1,1,1,7,6.3
0,10,6.8,0,62,83,2,0,0,20.0,23.5,2.7,74.8,4.4,0,0,0,1,0,0,0,7,2.9
1,11,7.3,0,63,69,1,1,1,27.5,15.3,1.4,76.8,4.3,0,1,0,0,0,0,1,8,3.1
0,10,6.6,0,75,83,2,3,1,38.0,48.9,6.9,84.1,4.0,1,0,0,1,0,0,0,3,3.4
1,2,6.5,0,75,68,1,1,0,20.0,0.0,2.5,80.0,4.3,1,1,0,0,0,0,0,8,2.3
0,0,8.4,0,85,79,2,3,2,71.7,45.5,7.5,90.0,4.5,1,1,4,1,1,0,1,5,8.7
1,11,7.7,1,66,86,0,1,2,50.8,38.5,3.9,75.8,4.7,1,1,0,3,1,0,2,8,6.0
1,5,8.2,0,81,88,2,3,2,61.5,51.8,6.9,90.0,4.8,1,1,4,1,1,1,0,8,7.3
0,6,8.5,0,74,65,0,3,0,75.4,50.6,6.1,86.5,4.5,1,1,1,3,1,0,1,9,8.3
1,4,7.7,1,61,87,2,1,0,39.9,45.6,3.5,78.0,4.0,0,0,0,0,0,0,2,5,5.5
1,0,8.2,0,90,84,2,3,2,66.3,45.7,7.6,90.0,4.8,1,1,1,3,1,1,1,3,6.6
1,4,6.7,0,58,59,1,1,0,23.3,18.4,1.5,71.0,4.5,0,0,0,0,0,1,2,5,2.0
1,3,7.3,0,79,86,0,1,0,20.0,17.8,1.7,78.0,3.7,0,1,0,0,0,0,1,8,3.8
1,7,7.7,1,70,88,1,3,2,57.3,55.0,7.1,90.0,4.8,1,1,1,3,1,1,1,6,5.5
1,0,7.8,0,88,84,2,3,3,53.8,46.9,7.7,82.0,4.3,1,1,0,0,0,0,0,1,7.3
1,8,7.5,1,55,63,1,1,0,26.4,25.5,2.6,74.3,4.6,0,0,0,1,0,0,1,2,4.1
1,2,8.3,0,81,88,2,3,2,68.9,69.8,6.2,90.0,4.8,1,1,3,2,1,1,1,8,9.0
1,11,8.6,0,72,86,2,3,3,78.6,61.3,6.7,83.8,4.8,1,1,3,2,1,1,0,4,9.8
0,3,6.5,1,55,64,1,1,1,20.0,19.1,3.1,81.0,4.8,0,1,0,0,0,0,0,6,2.5
1,10,8.6,0,77,88,2,3,1,78.3,79.7,7.0,90.0,4.8,1,1,2,1,1,1,1,8,8.8
0,4,7.8,0,55,62,1,2,0,48.7,48.9,5.1,84.0,4.5,0,0,0,0,0,0,1,9,6.5
0,3,6.5,0,55,68,2,1,3,20.0,8.3,3.6,83.0,4.5,1,1,0,0,0,0,1,7,2.0
0,11,6.7,0,59,86,2,2,2,28.2,24.6,5.4,86.1,4.8,1,1,1,3,1,0,2,7,3.0
0,6,7.5,0,57,63,0,2,0,34.7,24.6,0.3,68.2,4.3,0,0,0,0,0,0,2,5,5.4
0,4,7.7,1,66,80,2,3,0,58.3,54.0,6.3,81.0,4.7,1,1,3,2,1,1,0,4,5.8
1,2,6.8,0,69,68,1,2,0,23.1,16.3,4.1,79.0,4.0,0,1,0,0,0,0,2,7,4.2
0,4,7.5,0,78,87,2,3,0,52.5,42.0,7.7,88.0,4.6,1,1,1,3,1,0,2,1,6.1
1,2,7.9,0,85,88,0,2,2,41.1,28.7,4.7,85.0,4.0,1,1,2,3,1,1,1,7,4.1
1,0,8.4,0,75,79,2,3,1,72.3,48.4,7.5,80.0,4.6,1,1,0,0,0,1,1,4,8.3
0,3,6.5,0,55,87,1,2,0,20.0,19.7,5.3,77.0,4.0,0,1,0,0,0,0,1,7,3.5
1,7,7.7,0,55,61,0,0,0,43.3,41.8,0.8,79.0,3.8,0,0,0,1,0,0,2,8,5.9
1,5,8.2,0,75,87,1,3,0,62.6,66.7,5.8,90.0,3.9,1,1,0,0,0,1,1,8,7.4
1,4,7.7,0,55,72,2,2,0,45.9,36.8,4.7,71.0,4.0,0,1,3,2,1,0,1,8,5.4
1,10,8.0,0,78,85,0,2,1,45.7,34.4,3.9,82.4,4.8,1,1,3,2,1,1,2,8,5.3
0,0,7.7,0,81,75,1,2,2,47.0,33.8,4.5,83.0,3.9,1,1,0,0,0,1,1,9,5.4
0,0,7.4,0,79,83,1,3,2,44.8,19.6,8.7,90.0,4.8,1,1,1,3,1,1,0,9,5.0
1,6,7.7,0,55,68,1,1,0,41.3,22.1,2.4,70.1,4.4,0,0,1,0,0,0,1,6,5.4
1,4,6.7,2,62,66,0,1,0,20.0,26.4,2.7,76.0,4.2,1,1,0,0,0,0,2,9,2.0
0,2,8.1,0,76,69,1,1,0,38.7,42.2,1.4,70.0,4.3,1,1,0,0,0,1,1,8,6.3
0,7,8.4,0,76,84,1,3,3,65.2,38.5,6.7,90.0,4.8,1,1,3,2,1,1,1,6,7.4
0,0,8.4,1,60,84,2,3,2,63.8,57.4,8.7,84.0,4.8,1,1,3,2,1,1,1,1,7.0
0,0,7.4,0,60,66,1,2,0,44.0,32.6,4.3,82.0,4.3,0,1,0,0,0,1,1,4,5.3
0,7,7.8,0,76,83,0,2,2,49.7,19.0,7.2,84.7,4.8,1,1,2,3,1,1,2,8,3.7
1,5,7.6,1,56,69,1,1,1,38.7,46.7,2.3,60.0,4.4,0,1,0,0,0,0,1,7,6.7
1,0,8.3,0,55,67,1,2,0,55.3,49.4,2.7,75.0,3.8,0,1,0,0,0,1,1,0,8.3
1,2,8.2,0,57,68,1,2,0,51.9,53.6,4.6,81.0,4.0,1,1,0,0,0,1,2,8,7.6
1,11,6.6,2,90,64,0,1,0,22.1,26.0,4.4,70.4,4.5,1,0,0,0,0,1,0,3,3.8
1,8,7.5,0,66,66,0,3,1,44.6,32.3,6.7,78.2,4.7,1,1,3,3,1,0,0,5,4.5
1,4,8.1,0,55,65,1,1,0,48.8,35.2,2.4,85.0,3.1,0,1,0,0,0,1,2,0,8.2
0,2,8.7,0,76,87,0,1,2,46.1,42.9,3.5,90.0,4.5,1,1,3,2,1,1,2,8,6.9
1,4,8.7,0,79,81,1,3,2,68.5,54.4,5.5,89.0,4.7,1,1,3,2,1,1,1,2,7.7
1,0,6.8,0,76,85,1,3,2,32.5,31.0,6.1,78.0,4.5,1,1,0,0,0,1,0,3,3.8
1,8,6.8,0,76,64,1,2,0,30.2,32.3,4.9,78.7,3.4,0,1,0,0,0,1,0,2,4.4
1,2,7.8,1,82,82,2,3,2,59.2,56.0,6.8,90.0,4.5,1,1,1,3,1,1,0,8,7.5
1,7,7.8,0,57,86,1,2,1,49.2,46.5,4.7,86.1,4.7,0,1,0,0,0,1,1,1,5.2
1,2,7.6,0,81,84,0,3,2,47.1,47.2,6.4,81.0,4.5,1,1,2,2,1,1,1,4,4.6
1,9,7.4,2,55,65,1,1,0,26.8,23.5,1.7,76.9,3.6,0,0,1,0,0,1,0,8,5.3
1,7,8.6,0,86,80,2,3,0,75.3,59.9,6.4,90.0,4.8,1,1,3,2,1,1,1,2,8.4
0,0,7.6,0,74,69,1,1,0,39.1,31.7,2.3,72.0,4.2,0,1,0,0,0,1,2,1,8.4
1,5,8.1,0,90,85,0,3,0,56.6,49.8,7.1,86.0,3.7,1,1,2,2,1,1,2,8,7.8
1,4,7.7,0,55,62,1,1,1,45.2,49.9,3.5,74.0,4.5,0,0,0,0,0,0,2,2,6.8
1,0,7.4,0,73,69,2,2,1,43.2,50.6,3.7,72.0,3.5,0,0,0,0,0,0,1,8,5.1
0,2,7.2,0,74,69,1,2,0,31.6,23.2,3.8,83.0,4.5,0,1,0,0,0,1,1,7,3.4
1,3,7.1,0,73,72,0,1,0,20.0,25.2,2.2,68.0,3.6,0,1,3,1,1,0,1,8,3.7
1,6,8.1,0,55,78,1,3,0,79.8,49.7,8.2,87.1,3.7,1,1,2,3,1,1,0,3,7.3
1,0,8.1,0,68,75,0,2,0,35.4,14.5,5.1,82.0,4.2,1,0,3,2,1,1,2,4,3.8
0,2,8.1,0,57,83,1,2,2,48.1,50.5,4.6,78.0,4.7,1,1,0,0,0,0,1,6,7.4
0,2,6.5,1,64,65,0,1,0,20.0,20.5,1.4,81.0,4.1,0,1,0,0,0,0,1,0,2.3
0,0,8.7,0,80,74,2,3,0,85.0,66.6,7.5,80.0,4.7,1,1,2,3,1,1,1,0,10.2
0,3,7.7,0,71,70,0,1,0,24.9,24.0,3.4,70.0,3.7,0,0,4,1,1,0,0,8,4.0
1,9,7.4,1,60,74,2,3,3,57.6,47.9,6.0,86.0,4.2,1,1,0,0,0,0,2,8,5.8
1,3,6.5,0,55,70,1,2,1,20.0,19.3,4.7,79.0,3.9,0,1,0,0,0,1,0,7,2.0
1,4,8.1,0,74,82,2,2,0,59.1,42.0,5.7,83.0,4.4,0,0,0,0,0,0,0,0,5.2
1,7,7.4,1,64,66,0,1,2,39.5,35.8,3.9,81.5,4.4,0,0,0,0,0,1,1,1,4.7
1,2,8.7,0,77,87,2,3,3,77.2,76.4,6.1,90.0,4.6,1,1,3,1,1,1,2,8,9.5
1,0,8.2,0,80,80,1,3,0,65.7,60.2,7.5,90.0,4.7,1,1,3,2,1,1,0,9,6.6
1,10,7.8,0,73,82,1,2,3,43.8,33.0,4.7,80.9,4.6,1,1,0,0,0,0,0,8,5.2
1,3,7.6,0,58,64,1,2,0,47.7,47.8,3.9,65.0,3.3,0,1,0,0,0,0,2,2,6.3
1,0,8.5,0,78,70,1,2,0,56.5,46.4,4.5,87.0,4.0,1,1,2,2,1,0,2,5,6.2
0,0,6.7,1,82,70,2,1,2,20.0,2.5,3.3,82.0,4.6,1,1,0,0,0,0,1,0,2.0
0,5,7.5,1,55,63,1,1,1,37.1,25.5,3.1,69.0,3.7,0,0,0,0,0,0,2,8,3.8
0,11,7.4,0,55,65,1,2,0,52.2,42.5,4.8,73.5,3.7,0,1,1,1,0,1,1,8,6.4
0,6,8.3,1,71,67,2,2,2,64.3,51.9,4.6,77.0,3.8,0,1,0,1,0,1,1,1,7.6
1,5,6.9,2,55,81,2,3,1,44.0,38.2,7.7,77.0,4.3,1,1,3,2,1,1,1,9,5.6
1,5,7.4,0,55,62,1,1,0,22.4,20.4,0.5,71.0,4.7,0,1,0,0,0,0,2,8,4.6
0,4,8.4,0,79,84,2,3,2,74.7,57.4,9.0,90.0,4.8,1,1,1,3,1,1,2,1,9.1
1,11,6.8,0,76,80,1,2,1,29.4,33.0,3.4,80.1,3.8,0,1,2,2,1,0,1,8,3.4
1,5,8.3,1,80,80,2,3,2,84.8,71.4,6.9,82.0,4.4,1,0,3,1,1,1,0,8,8.6
1,6,7.5,0,74,85,1,2,2,37.0,37.2,6.0,84.5,4.8,1,1,0,1,0,0,2,2,4.5
1,4,7.4,0,55,63,1,1,0,32.0,36.3,1.4,80.0,3.4,0,0,0,0,0,0,0,0,5.1
1,6,8.1,1,77,83,1,2,1,51.2,30.1,5.2,89.9,4.3,1,1,4,2,1,0,2,4,5.6
1,0,8.6,0,88,85,1,3,2,70.4,62.2,6.1,90.0,4.6,1,1,3,1,1,1,1,5,8.9
1,7,6.6,0,62,58,0,0,0,23.1,6.0,0.0,68.8,3.8,0,0,0,1,0,0,0,0,2.8
1,3,7.9,0,84,64,1,2,1,41.2,29.0,3.6,77.0,4.2,1,1,3,2,1,1,2,0,5.3
0,10,7.8,0,83,67,1,1,0,38.4,36.4,2.2,74.0,4.5,0,0,1,0,0,1,1,8,6.5
0,2,6.7,0,61,62,0,1,0,20.0,21.3,1.0,78.0,3.8,0,1,0,0,0,0,2,8,5.1
0,6,6.5,0,56,71,2,3,0,40.2,31.1,5.7,84.2,4.4,0,1,0,1,0,0,0,3,3.3
1,6,7.8,1,66,60,1,3,0,55.9,50.4,5.9,72.3,4.3,0,0,0,0,0,0,0,1,6.9
1,0,7.6,0,55,60,1,1,0,34.3,20.5,3.6,71.0,3.9,0,1,0,0,0,0,0,4,3.9
0,0,8.2,0,83,82,1,3,2,67.2,53.0,7.3,86.0,4.6,1,0,1,3,1,1,1,2,7.1
0,5,7.5,0,55,73,1,2,1,45.4,37.3,2.5,72.0,4.8,0,1,0,0,0,1,1,9,6.1
0,8,7.7,0,66,72,0,2,0,44.6,33.8,5.6,78.7,4.1,1,1,0,0,0,0,1,8,6.5
1,3,7.6,0,80,80,2,1,2,39.4,39.2,4.4,79.0,4.5,1,1,3,1,1,1,0,8,7.5
1,2,7.7,0,73,60,0,1,1,38.6,33.5,2.5,64.0,4.4,1,1,0,0,0,0,2,9,5.7
1,4,7.7,1,60,72,1,2,0,39.0,27.1,7.5,76.0,4.1,1,1,0,0,0,0,0,5,4.1
0,1,7.3,0,77,85,1,3,2,33.4,36.4,5.9,90.0,4.5,1,1,2,3,1,1,1,1,3.2
0,0,7.4,0,60,68,2,1,0,35.8,26.2,2.3,79.0,4.8,0,1,0,0,0,0,2,0,3.6
1,5,7.7,0,70,67,1,3,2,45.3,33.7,6.4,84.0,4.8,0,1,0,0,0,1,1,8,5.4
1,1,7.4,0,69,69,2,2,0,44.3,28.3,5.9,66.0,4.2,1,0,0,0,0,1,1,8,5.4
0,7,8.2,1,77,67,2,0,0,54.2,38.0,3.0,74.1,4.4,1,1,0,1,0,0,2,0,7.7
0,3,8.5,0,56,81,0,1,1,43.3,35.1,1.6,64.0,3.8,1,0,0,0,0,0,1,7,7.8
1,0,8.5,0,73,69,2,2,2,62.1,61.4,6.9,90.0,4.7,1,1,0,0,0,1,0,1,8.8
1,0,8.6,0,82,85,2,3,2,71.7,55.7,6.5,88.0,4.5,1,1,0,0,0,1,0,0,8.4
1,6,7.7,1,60,61,1,0,1,41.1,26.5,2.6,67.7,4.1,0,1,0,0,0,1,2,7,4.8
0,5,7.3,0,61,67,1,1,0,24.2,18.0,4.1,70.0,3.7,1,1,0,0,0,0,1,1,3.5
0,6,7.4,1,59,67,1,2,1,43.7,33.0,5.9,80.0,4.8,1,1,1,0,0,0,2,2,4.6
1,2,8.2,0,71,68,1,3,0,60.1,44.3,4.2,79.0,4.6,0,1,0,0,0,0,0,3,7.7
1,4,8.2,1,77,88,1,3,0,57.0,55.4,4.2,88.0,4.8,0,1,3,2,1,1,0,0,6.8
1,10,7.4,1,55,75,1,1,1,34.9,28.6,4.3,71.9,4.0,0,0,1,1,0,1,2,8,4.4
1,6,7.3,0,71,72,1,0,1,41.2,39.4,3.7,87.5,4.7,1,1,1,0,0,0,2,2,4.9
1,0,7.9,0,83,86,2,3,3,61.3,43.6,7.9,82.0,4.6,1,1,2,2,1,1,0,6,6.4
1,8,7.4,0,59,64,2,3,1,43.1,32.0,6.2,88.3,4.6,1,1,0,0,0,0,0,7,5.2
1,1,7.7,2,59,62,1,3,0,66.5,48.1,7.9,81.0,4.8,1,1,0,0,0,1,2,8,7.6
0,5,7.7,0,76,68,0,1,0,26.5,29.7,2.1,81.0,4.4,1,1,0,0,0,0,1,8,5.8
0,5,7.5,1,64,64,1,1,0,28.6,18.5,2.6,73.0,4.4,1,1,0,0,0,1,1,2,5.2
0,6,8.3,0,66,88,2,3,2,59.7,60.0,8.5,87.8,4.8,1,1,3,3,1,0,1,2,8.4
0,6,6.8,2,60,68,2,0,0,21.4,13.6,2.7,74.4,4.2,0,1,0,0,0,0,2,9,3.7
0,3,7.6,0,55,68,0,1,0,29.3,37.0,1.0,65.0,4.1,0,0,0,0,0,0,0,6,5.4
0,2,8.2,0,74,86,2,3,3,69.4,61.5,6.1,88.0,4.8,1,1,4,1,1,1,1,0,7.5
0,0,7.7,0,55,84,1,1,1,31.2,25.2,4.8,84.0,4.2,1,1,0,0,0,0,1,1,6.5
1,10,8.6,0,70,71,1,1,2,50.5,51.1,4.0,80.7,4.6,1,1,3,1,1,0,0,7,7.0
0,3,8.3,0,68,87,2,3,2,72.7,60.0,7.8,89.0,4.8,1,1,3,2,1,1,1,7,8.4
1,2,8.1,0,84,81,1,3,2,58.7,45.0,7.1,90.0,4.7,1,1,3,2,1,1,1,0,7.2
1,10,7.2,1,58,58,2,0,1,20.0,20.0,1.8,63.9,4.6,1,1,0,0,0,0,1,5,2.9
1,6,8.3,1,55,71,0,1,1,50.1,43.4,2.8,66.4,4.1,0,0,0,0,0,0,1,2,7.1
0,7,8.0,0,58,83,2,2,0,60.1,47.2,4.5,86.2,4.6,1,1,0,1,0,0,0,8,8.0
1,1,8.2,0,88,85,1,3,2,63.9,55.9,7.1,90.0,4.8,1,1,2,2,1,1,2,8,7.0
0,0,8.4,0,81,66,2,1,2,60.0,43.6,3.9,85.0,4.1,1,1,3,1,1,1,1,3,7.6
1,0,7.4,0,55,70,1,1,3,32.3,24.3,3.7,61.0,4.0,0,0,0,0,0,1,1,9,4.2
1,8,8.2,1,71,85,1,2,2,59.4,39.9,9.1,84.9,4.7,1,1,0,0,0,1,0,6,6.6
1,3,7.4,0,55,64,1,2,0,40.3,28.7,4.6,84.0,4.1,0,1,0,0,0,0,1,1,6.0
1,6,6.5,1,70,73,1,2,2,25.0,21.5,6.2,77.9,4.4,1,1,2,3,1,1,2,0,2.0
1,10,6.7,1,55,64,1,2,0,20.1,6.1,1.8,64.3,4.5,0,1,1,1,0,0,1,8,2.0
1,5,7.8,0,78,85,2,3,2,55.5,51.0,7.8,83.0,4.7,1,1,1,3,1,0,2,8,7.2
1,4,6.5,0,78,72,1,1,0,20.0,26.0,3.4,78.0,3.6,0,1,0,0,0,0,0,7,4.3
0,0,6.6,0,76,84,1,2,1,20.0,20.9,6.1,70.0,4.6,1,1,0,0,0,0,2,9,3.9
0,8,7.7,0,58,69,1,1,0,47.6,25.1,2.6,82.8,4.4,0,1,1,2,1,1,1,8,5.0
0,11,8.0,0,79,81,2,2,3,70.8,60.0,7.0,83.6,4.5,1,0,0,0,0,0,0,0,7.9
1,0,6.8,0,55,71,0,1,1,20.0,10.7,2.5,64.0,3.8,0,0,0,0,0,0,1,5,2.8
1,9,6.9,0,90,81,2,3,3,38.2,44.2,6.9,90.0,4.8,1,1,1,3,1,1,0,8,3.7
1,3,8.2,1,70,74,1,3,0,60.3,51.7,5.1,84.0,4.5,1,1,2,2,1,1,1,3,7.8
1,2,8.6,1,82,81,2,3,2,76.7,57.3,7.6,90.0,4.8,1,1,1,3,1,0,1,8,7.8
1,2,7.5,0,82,74,2,2,1,40.9,28.6,3.3,90.0,4.2,1,1,0,0,0,0,2,7,4.1
0,0,7.6,0,69,65,1,2,0,48.2,33.0,4.6,79.0,4.1,0,1,3,2,1,0,2,5,5.9
0,2,8.5,0,61,75,0,1,1,49.3,45.2,4.1,90.0,4.8,1,0,0,0,0,0,1,8,7.4
1,3,7.9,0,89,85,0,1,2,30.0,31.1,4.2,87.0,4.7,1,1,0,0,0,0,1,8,7.7
1,9,7.5,1,79,86,1,3,1,54.1,50.3,7.4,72.4,4.4,1,1,0,0,0,0,1,8,6.3
0,6,7.8,1,56,66,2,2,1,50.5,46.6,4.7,82.0,4.7,1,1,0,0,0,0,2,9,5.9
1,11,8.2,1,83,84,1,2,1,62.8,46.0,6.1,75.7,4.7,1,1,0,0,0,1,1,4,8.4
1,6,8.1,0,55,64,1,2,0,52.4,38.8,2.8,86.6,3.1,0,1,0,0,0,1,1,9,7.7
1,0,7.5,0,55,73,0,2,1,44.8,22.8,5.0,70.0,4.4,1,1,2,2,1,0,0,9,4.8
0,11,7.7,1,68,87,1,3,1,63.0,33.6,6.2,85.3,4.8,1,0,2,1,1,1,1,1,6.0
1,10,7.6,1,55,72,0,2,0,48.7,35.9,4.6,70.1,4.2,0,1,2,2,1,0,1,8,5.5
0,2,8.3,1,70,70,1,3,1,67.0,59.4,4.5,86.0,4.3,0,1,2,2,1,0,2,8,8.5
1,0,7.5,0,55,64,1,1,1,35.8,45.2,2.3,63.0,3.5,0,0,0,0,0,0,2,5,5.0
0,5,7.5,0,56,67,1,1,1,28.2,27.0,1.1,87.0,4.2,0,1,0,0,0,0,2,8,4.7
0,3,8.2,0,58,80,1,1,1,46.3,57.9,2.6,76.0,4.1,0,0,0,0,0,0,1,7,8.4
1,11,7.7,0,57,59,2,0,0,34.4,36.3,3.8,70.6,4.1,0,1,0,0,0,0,1,5,5.2
1,6,6.5,0,65,65,1,1,2,26.2,29.4,2.5,83.7,4.1,0,0,0,0,0,1,2,1,3.1
1,4,8.5,0,77,88,2,3,2,64.2,52.1,8.1,90.0,4.8,1,1,3,1,1,1,1,4,7.3
0,2,8.4,1,71,83,1,2,0,64.0,51.4,5.2,82.0,4.4,1,1,0,0,0,0,1,2,7.8
0,3,7.6,0,59,63,1,1,1,39.0,31.5,1.8,70.0,3.9,0,1,0,0,0,0,1,8,5.1
0,0,8.3,0,79,85,1,3,2,64.4,43.2,7.1,88.0,4.4,1,1,4,1,1,1,1,2,7.5
1,6,8.4,1,83,87,1,3,1,70.4,63.7,6.8,90.0,4.6,1,1,0,2,1,1,1,7,8.2
0,5,6.5,0,77,70,1,3,2,29.4,30.2,6.9,87.0,4.7,1,1,3,2,1,0,1,8,3.1
0,9,8.1,0,72,86,2,0,2,49.5,51.7,1.9,76.1,4.6,1,1,0,0,0,0,1,8,8.6
1,0,7.4,0,64,67,0,1,0,25.7,25.8,2.1,65.0,4.2,0,0,0,0,0,1,0,0,4.5
1,6,8.4,1,83,87,1,3,2,88.2,69.9,8.5,90.0,4.3,1,0,0,0,0,0,0,9,10.0
1,6,7.7,1,63,60,2,1,0,37.8,38.4,2.6,83.8,4.3,0,0,2,3,1,1,0,0,4.7
0,6,7.7,0,57,69,1,2,1,49.9,54.6,5.0,83.4,4.1,0,1,0,0,0,0,2,5,6.8
1,3,8.9,0,62,69,2,1,2,69.9,53.8,3.9,90.0,3.7,1,1,2,2,1,0,2,1,8.7
1,8,6.5,2,58,71,1,1,0,27.1,11.5,3.8,70.9,4.3,0,0,0,0,0,1,2,9,2.0
1,8,6.5,1,60,72,2,2,1,27.0,12.5,3.8,69.8,4.3,0,0,1,0,0,1,2,2,3.3
0,5,7.8,0,77,81,2,3,0,61.2,56.5,3.8,81.0,4.5,1,1,0,0,0,0,0,8,7.1
1,7,8.2,0,74,87,1,2,2,68.3,55.5,6.0,90.0,4.8,1,1,3,1,1,1,0,4,7.8
1,11,6.5,0,68,64,0,1,2,24.6,27.9,1.2,71.4,3.7,0,1,0,1,0,1,1,0,2.5
0,2,7.5,0,58,64,1,1,1,24.2,35.4,2.5,68.0,4.7,0,0,0,0,0,0,1,4,5.1
1,0,8.4,0,76,85,2,3,2,62.3,53.9,6.0,90.0,4.8,1,1,2,2,1,1,2,1,7.9
1,10,7.5,0,71,73,1,3,1,45.2,46.6,6.1,86.5,4.8,0,1,1,0,0,1,0,8,6.2
0,1,6.5,2,65,82,2,1,2,20.0,19.0,3.8,86.0,4.7,1,0,2,2,1,0,2,1,2.0
0,6,7.6,0,67,86,1,3,2,55.7,47.3,9.5,85.5,4.6,1,1,2,3,1,1,1,1,5.8
1,2,7.5,0,55,65,0,1,1,28.6,22.9,0.2,62.0,3.7,0,0,0,0,0,0,1,8,5.2
0,2,8.1,0,66,85,2,3,2,58.8,43.4,7.2,90.0,4.7,1,1,1,3,1,0,2,3,6.8
1,11,8.2,0,77,83,2,2,2,64.1,37.5,8.4,83.2,4.1,1,1,1,0,0,1,1,8,8.8
1,3,7.5,0,87,76,1,2,0,46.3,33.7,5.6,78.0,3.9,1,1,0,0,0,1,2,8,5.1
0,5,8.2,0,76,74,1,3,0,59.0,60.5,7.3,90.0,4.1,0,1,3,2,1,1,2,8,6.6
1,0,7.9,1,64,60,1,1,0,39.7,40.7,3.5,77.0,4.7,1,1,0,0,0,0,2,2,6.6
0,9,6.5,0,77,86,1,3,0,32.6,26.6,6.6,85.4,4.3,1,1,0,0,0,0,2,8,4.4
1,5,7.6,0,55,63,0,2,0,42.8,34.6,3.1,79.0,4.3,0,0,2,2,1,0,1,5,5.9
0,5,7.6,0,55,59,0,1,0,35.0,28.6,2.9,75.0,4.2,1,0,0,0,0,1,1,1,5.1
1,5,8.1,0,61,69,0,2,0,48.5,43.8,2.6,84.0,4.7,0,1,0,0,0,0,2,8,7.4
1,10,7.1,0,62,80,0,1,3,20.6,35.6,1.3,85.3,4.2,0,1,0,0,0,0,1,8,3.9
0,7,7.7,0,58,71,0,0,0,26.6,11.9,1.0,84.9,4.1,0,0,0,0,0,0,1,8,6.0
1,6,8.1,0,86,83,2,2,2,77.4,66.6,7.1,90.0,4.7,1,1,4,0,1,1,1,7,7.7
1,0,6.6,0,80,82,0,3,0,34.8,30.5,4.6,87.0,4.5,0,0,0,0,0,0,0,1,3.7
1,4,7.9,0,82,88,2,3,2,62.7,40.1,7.7,90.0,4.8,1,1,1,3,1,1,1,2,6.5
1,4,7.8,1,58,68,1,1,1,44.5,38.2,0.0,72.0,4.2,0,1,0,0,0,0,2,6,7.1
0,0,7.9,0,55,82,1,1,1,41.9,50.1,1.6,73.0,4.3,0,0,0,0,0,0,1,1,6.4
1,0,8.4,0,90,79,2,3,2,69.5,37.6,7.6,88.0,4.5,1,1,3,1,1,1,1,0,6.5
1,7,7.6,0,60,65,1,3,0,45.8,40.9,1.8,74.5,4.1,0,1,2,3,1,0,0,7,6.1
1,10,7.3,0,77,87,1,3,2,53.8,46.8,7.3,89.9,4.4,1,1,2,2,1,0,1,7,5.5
0,0,7.9,0,60,62,1,1,1,43.1,22.4,1.5,63.0,4.2,0,0,0,0,0,0,1,4,6.2
1,7,8.5,0,84,87,1,3,1,73.1,55.6,7.1,82.5,4.8,1,1,3,2,1,1,2,7,8.1
1,3,7.5,0,74,77,0,2,0,38.7,34.7,5.7,72.0,4.1,1,1,0,0,0,0,0,6,4.8
1,2,8.4,0,68,64,2,3,1,69.6,53.4,7.7,76.0,4.1,1,1,0,0,0,0,0,6,8.7
1,3,6.5,0,79,67,1,1,0,20.0,34.0,0.0,69.0,3.7,0,1,0,0,0,0,0,8,3.6
1,3,6.5,1,55,66,1,2,1,21.8,34.4,6.0,61.0,3.9,0,1,0,0,0,0,0,7,2.4
1,4,8.7,0,68,84,1,3,3,66.7,50.6,7.1,87.0,4.7,1,1,1,3,1,1,2,5,8.5
1,2,8.7,0,60,75,1,1,2,54.8,46.8,3.6,80.0,3.8,1,1,0,0,0,0,2,6,6.7
0,2,6.5,0,58,67,1,2,0,30.0,24.7,4.3,77.0,4.4,0,1,0,0,0,0,2,7,4.2
0,0,8.2,1,81,88,1,3,2,57.5,50.3,5.0,90.0,4.7,1,1,3,2,1,1,2,2,7.7
0,6,7.1,0,57,65,1,1,1,26.7,12.6,3.8,72.0,4.1,1,1,0,1,0,0,0,0,5.3
1,10,8.0,1,82,82,1,2,2,62.0,42.5,6.2,82.5,4.7,1,1,1,3,1,1,2,7,6.0
1,0,7.6,0,75,72,1,2,1,46.3,40.6,3.9,79.0,4.3,0,1,0,0,0,1,1,1,6.3
0,4,7.6,1,64,73,1,1,0,29.4,27.0,2.9,61.0,3.7,0,0,0,0,0,0,2,5,3.4
1,5,7.2,0,86,76,0,1,0,20.0,30.2,3.4,73.0,4.4,0,1,0,0,0,0,1,1,3.6
0,0,8.2,0,71,83,1,3,2,59.3,52.4,5.9,90.0,4.8,0,1,2,2,1,1,1,4,8.3
1,3,7.7,0,65,88,1,1,2,36.1,21.7,2.4,88.0,4.2,0,1,4,1,1,0,1,7,3.5
0,1,8.3,0,78,84,0,1,1,42.9,22.7,2.5,77.0,3.8,1,1,0,0,0,0,0,5,4.3
0,4,8.1,0,70,82,1,1,0,47.4,40.4,2.3,90.0,4.7,0,1,0,0,0,1,1,7,7.1
1,0,7.8,0,55,73,2,2,1,44.5,28.3,6.5,65.0,4.8,0,1,2,3,1,0,1,1,6.3
0,0,8.1,0,77,81,2,3,2,69.8,56.5,7.0,90.0,4.6,1,1,1,3,1,1,2,3,7.6
0,0,7.7,0,55,62,0,1,1,31.4,37.2,2.3,71.0,4.0,0,0,0,0,0,0,0,1,5.3
1,1,6.7,2,61,73,1,1,0,21.9,24.9,1.2,78.0,4.2,1,1,2,3,1,1,1,9,2.8
1,7,6.5,0,55,68,0,0,0,22.8,22.7,0.8,77.9,4.1,0,0,0,1,0,0,1,8,2.6
0,2,8.1,0,70,82,2,3,0,65.4,46.4,5.3,79.0,4.8,1,1,0,0,0,0,0,9,6.8
0,2,8.2,0,64,85,0,3,2,50.7,49.6,7.9,80.0,4.4,1,1,2,2,1,1,1,0,5.6
1,0,6.6,1,56,63,0,1,1,20.0,14.0,2.3,66.0,3.7,0,0,0,0,0,1,1,5,2.3
1,7,7.3,0,67,64,2,3,1,46.8,45.7,5.2,82.5,4.2,0,0,1,0,0,1,1,2,5.1
0,7,7.0,0,70,65,1,1,0,31.8,40.8,1.0,75.6,4.5,0,1,1,0,0,1,0,7,5.6
1,6,7.1,0,79,69,2,2,0,30.5,20.1,7.1,90.0,4.7,0,0,0,0,0,0,0,4,4.5
1,3,8.7,0,75,86,1,2,1,65.2,65.7,6.7,76.0,4.2,1,1,2,2,1,1,1,8,8.3
1,7,8.0,1,78,80,1,2,1,73.3,64.2,7.0,90.0,4.8,1,1,0,1,0,1,2,6,9.3
1,8,7.7,0,55,63,1,0,0,27.3,24.4,1.2,69.3,3.8,0,1,0,0,0,0,2,7,4.1
0,4,8.0,0,75,84,2,2,2,53.3,62.5,4.6,85.0,4.7,1,1,3,2,1,0,0,6,7.0
1,7,7.6,2,86,69,2,3,1,60.6,62.4,7.5,84.0,4.3,1,1,3,2,1,0,1,6,6.7
0,7,8.7,0,83,81,2,3,1,73.2,55.8,5.3,77.1,4.6,1,1,2,1,1,1,2,6,9.2
1,7,8.5,0,56,71,0,3,1,74.3,49.1,7.2,80.1,4.0,0,1,0,0,0,1,0,8,8.4
0,0,7.5,0,81,81,2,3,1,49.3,51.8,5.2,90.0,4.4,0,1,0,0,0,1,0,7,7.1
0,3,7.5,0,64,65,0,1,1,26.6,27.8,2.2,80.0,4.1,0,1,0,0,0,0,0,1,4.5
0,10,7.9,1,56,68,1,0,1,39.4,34.0,0.8,67.3,3.7,0,0,1,0,0,0,0,7,6.8
0,5,6.6,0,76,65,1,3,0,28.0,33.4,5.9,81.0,4.4,0,1,0,0,0,1,2,9,4.5
1,4,8.6,0,68,84,1,3,2,67.5,55.5,7.3,90.0,4.7,1,1,3,1,1,1,2,6,7.3
0,4,7.7,1,58,64,1,1,1,36.0,26.9,2.2,73.0,3.7,0,1,0,0,0,0,1,5,4.7
0,6,8.7,0,72,83,0,2,2,73.2,49.8,7.5,86.4,4.5,1,0,0,0,0,1,1,7,8.3
1,0,8.4,0,72,85,1,3,2,77.0,68.9,6.8,90.0,4.8,1,1,1,3,1,1,2,0,9.4
1,4,8.1,0,70,88,2,3,2,69.5,46.1,6.9,90.0,4.4,1,1,0,0,0,1,0,2,6.9
0,6,8.3,0,81,81,2,2,0,67.9,61.3,7.6,90.0,4.6,1,1,3,2,1,1,0,0,8.0
1,6,8.3,0,65,81,2,2,0,70.0,73.5,8.6,87.9,4.3,1,1,0,0,0,1,0,5,10.1
0,0,6.6,0,55,63,1,1,1,20.0,40.7,1.4,71.0,4.0,0,1,0,0,0,0,2,6,3.5
1,5,7.8,0,56,72,0,2,1,38.9,44.6,3.1,79.0,4.7,0,1,0,0,0,1,2,8,5.8
1,0,8.2,0,71,69,1,2,0,50.6,36.8,5.6,88.0,4.8,1,1,2,2,1,1,1,7,5.1
1,6,7.4,1,87,83,2,2,0,37.2,32.9,7.5,81.0,4.7,1,1,0,0,0,1,2,1,5.1
1,3,8.8,0,80,86,2,3,2,80.5,83.5,7.8,90.0,4.7,1,1,2,2,1,1,0,1,9.4
0,6,8.3,1,62,84,2,3,2,77.3,63.3,6.8,90.0,4.8,1,1,0,0,0,1,1,1,8.0
1,7,7.7,0,59,70,1,1,1,46.9,38.3,4.3,80.5,3.9,1,1,1,1,0,0,2,8,6.3
1,6,7.6,1,75,77,0,0,1,38.5,40.5,0.6,79.7,4.3,1,1,4,2,1,1,2,9,4.0
1,9,7.7,0,75,80,2,2,2,56.9,36.6,5.6,69.2,3.8,1,1,0,0,0,1,1,7,6.8
1,2,8.6,0,88,87,2,3,2,70.8,59.2,8.6,90.0,4.8,1,1,4,1,1,1,0,6,7.8
1,1,7.4,1,55,73,1,1,1,36.0,42.2,3.1,65.0,4.5,0,0,0,0,0,0,2,8,4.8
1,10,7.1,0,74,67,2,2,0,49.2,39.3,6.7,80.6,4.4,1,1,0,0,0,1,1,8,6.1
1,6,7.7,0,55,68,0,2,1,42.3,20.2,3.3,72.6,4.7,0,1,0,0,0,1,1,9,4.9
0,2,7.7,0,77,81,1,3,2,50.4,37.0,6.6,90.0,4.8,1,1,3,2,1,0,0,9,4.9
1,2,7.8,1,69,68,1,1,1,35.1,34.2,3.1,77.0,4.1,0,0,0,0,0,1,0,4,5.8
0,4,7.6,0,62,63,1,2,0,43.2,32.7,4.3,64.0,4.5,0,1,0,0,0,0,1,5,6.2
0,2,8.5,0,81,82,2,3,2,75.0,69.7,8.0,90.0,4.8,1,1,3,1,1,1,1,8,9.8
0,2,6.9,0,77,76,1,1,0,24.5,22.5,1.7,76.0,4.0,0,1,0,0,0,0,0,8,2.2
1,5,7.7,0,62,84,1,1,3,35.0,30.9,4.1,71.0,3.6,1,0,0,0,0,0,0,8,4.0
1,2,8.8,0,66,85,2,3,2,74.2,58.8,7.0,90.0,4.8,1,1,3,2,1,1,1,3,8.8
1,0,8.4,0,83,79,2,3,1,82.1,68.4,7.1,84.0,4.5,1,1,3,2,1,1,1,9,9.7
1,11,7.3,0,80,71,2,2,0,40.9,41.8,2.7,76.0,3.9,0,1,1,0,0,0,1,5,3.9
1,3,7.3,0,84,62,0,3,1,44.8,27.3,6.1,82.0,3.8,0,0,0,0,0,0,0,1,4.2
1,6,8.5,0,79,84,2,2,1,80.2,55.6,8.7,90.0,4.7,1,1,3,2,1,1,2,5,8.7
1,2,6.7,1,77,69,2,1,2,29.4,29.0,3.2,72.0,4.5,0,1,0,0,0,1,2,0,3.9
1,10,6.8,0,72,63,1,3,1,30.8,30.9,7.3,74.7,4.5,1,1,0,0,0,0,1,0,3.7
0,0,7.4,0,55,68,1,1,1,30.2,42.3,2.9,63.0,4.2,0,1,0,0,0,1,1,6,5.7
1,3,8.1,0,59,82,2,3,1,71.3,65.7,8.9,67.0,4.4,1,1,0,0,0,0,2,9,9.6
1,6,8.4,0,81,88,0,3,3,69.3,50.8,7.4,90.0,4.8,1,1,3,2,1,1,0,9,6.7
0,3,7.6,0,72,72,1,1,0,39.1,51.9,1.8,84.0,4.1,1,1,0,0,0,0,2,8,6.1
1,2,6.5,2,55,62,1,1,0,20.0,28.4,1.8,66.0,4.1,0,0,0,0,0,0,1,0,2.4
1,2,8.7,0,73,87,1,2,2,59.6,48.5,3.9,90.0,4.8,1,1,2,2,1,0,1,0,8.1
1,5,7.1,0,62,72,1,1,0,24.4,9.4,0.7,79.0,4.6,0,0,0,0,0,1,1,9,4.1
0,9,6.9,2,58,68,1,2,2,22.3,18.4,2.8,77.8,3.8,0,0,0,1,0,0,0,4,3.1
1,11,7.5,0,62,73,0,1,1,31.4,44.9,1.9,65.9,4.0,0,1,0,0,0,0,2,6,4.9
0,4,7.5,0,55,64,1,1,2,27.3,21.7,2.5,67.0,3.5,1,1,0,0,0,0,2,4,4.8
0,6,6.6,2,55,64,1,3,1,31.2,32.6,5.4,78.5,3.7,0,1,1,0,0,0,0,0,2.7
1,6,7.5,1,68,86,2,2,0,36.2,43.3,5.1,88.0,4.5,1,1,0,0,0,0,1,2,6.3
1,6,8.1,2,55,67,1,2,0,46.9,37.2,4.7,74.1,4.5,0,1,1,1,0,0,2,8,6.6
1,0,8.3,0,78,85,2,3,2,70.6,63.5,5.2,90.0,4.8,1,1,3,2,1,1,2,4,7.5
1,0,8.0,0,79,80,2,3,2,72.0,62.5,7.4,89.0,4.8,1,1,0,0,0,1,1,0,9.0
1,2,7.7,0,62,72,2,2,0,38.0,44.5,4.6,80.0,3.8,1,1,0,0,0,0,0,4,6.0
0,11,7.7,0,63,86,0,2,1,35.7,26.6,3.3,70.7,4.5,0,1,0,0,0,0,1,8,6.0
1,2,7.9,0,89,86,2,3,0,65.6,52.4,6.1,90.0,4.8,1,1,3,2,1,1,0,1,6.9
1,2,7.6,0,63,60,1,2,1,33.6,39.1,5.3,69.0,4.2,0,0,0,0,0,0,2,5,4.9
0,11,8.7,0,73,81,1,2,2,86.9,67.3,7.3,90.0,4.8,1,1,0,0,0,1,2,8,10.7
1,2,6.9,0,58,58,1,1,0,20.0,18.8,2.0,76.0,4.5,0,0,1,3,1,0,2,8,2.3
1,2,8.4,0,78,86,1,2,0,53.8,47.6,3.9,90.0,4.8,1,1,3,2,1,0,0,4,6.4
0,3,6.5,1,60,68,2,2,1,26.4,29.8,5.9,76.0,3.9,1,1,0,0,0,0,2,8,4.0
0,6,7.6,0,69,86,0,1,0,28.0,26.2,5.4,86.2,4.0,1,1,4,1,1,1,2,9,3.1
1,10,7.7,1,73,87,0,2,1,23.3,25.5,0.9,77.7,4.7,1,1,0,0,0,1,1,7,5.7
0,2,8.5,0,56,72,0,2,1,52.3,64.5,3.1,89.0,4.8,1,1,3,1,1,0,2,6,8.7
0,6,8.3,0,86,87,0,3,1,60.7,41.9,5.9,90.0,4.6,1,1,4,0,1,1,1,2,6.6
1,8,8.3,0,75,71,2,3,0,63.2,51.5,6.9,90.0,4.6,1,1,0,0,0,0,1,8,7.5
0,1,7.5,0,77,78,0,3,1,41.3,46.4,5.9,84.0,4.5,0,1,0,0,0,1,0,8,6.0
1,5,8.2,0,74,68,0,2,2,48.6,39.1,4.7,88.0,3.3,1,1,2,3,1,1,0,8,6.2
1,9,6.8,0,57,58,1,1,0,21.4,33.8,2.2,78.9,4.0,0,0,0,0,0,0,0,8,3.8
0,4,8.4,0,80,87,1,3,2,72.2,45.7,8.9,90.0,4.8,1,1,2,2,1,1,2,9,7.0
1,1,6.5,1,55,66,1,2,1,24.8,21.8,5.9,68.0,3.7,0,1,0,0,0,0,1,8,2.8
0,11,8.5,0,74,86,2,3,0,79.2,61.8,6.8,87.1,4.8,1,1,4,1,1,0,0,4,8.6
1,0,7.7,2,62,65,1,1,1,31.3,31.3,4.1,76.0,4.0,0,0,0,0,0,0,0,0,4.4
0,2,8.6,0,79,84,1,2,2,61.0,47.6,4.5,81.0,4.3,1,1,3,2,1,0,1,1,5.2
1,7,7.6,0,65,58,0,0,2,32.3,18.8,1.7,64.1,3.9,0,0,1,0,0,1,2,1,5.2
1,4,7.8,0,60,76,1,1,0,40.5,40.5,2.5,86.0,4.0,1,1,3,2,1,0,1,3,5.5
1,2,8.8,0,82,82,0,1,2,48.1,27.2,3.7,90.0,4.8,1,1,0,0,0,0,2,8,5.2
0,6,8.1,0,64,77,1,2,0,59.6,37.3,5.0,82.1,4.5,1,1,0,0,0,1,2,2,7.9
1,9,8.8,1,77,72,0,3,2,65.4,51.5,7.4,85.0,4.6,0,1,0,0,0,0,1,8,7.0
0,7,6.5,1,55,66,2,1,1,30.7,22.8,1.9,75.1,4.4,0,1,0,0,0,0,2,0,4.2
1,9,6.5,0,55,67,2,2,1,20.0,37.3,5.2,86.1,3.9,0,0,0,0,0,1,1,8,3.6
1,4,8.2,0,77,80,2,3,2,80.3,65.3,5.2,86.0,4.5,0,0,0,0,0,1,2,1,9.0
0,4,8.3,0,55,80,2,3,1,67.4,67.8,5.2,90.0,4.8,1,0,4,1,1,0,1,3,7.9
1,6,7.5,1,81,70,1,2,3,37.3,18.0,6.3,90.0,3.9,1,1,0,0,0,1,2,5,5.3
1,5,7.3,0,55,68,1,2,2,37.0,44.2,3.6,79.0,4.6,0,0,2,2,1,0,1,8,4.5
0,6,8.3,0,70,80,0,1,2,54.6,36.7,0.7,90.0,4.1,1,0,3,3,1,1,0,0,7.2
1,2,7.5,0,67,71,1,3,3,58.8,56.5,7.3,68.0,4.1,1,1,0,0,0,0,2,4,6.0
1,6,7.8,0,64,88,1,2,3,55.4,54.6,7.5,90.0,4.8,1,1,0,0,0,1,2,6,5.9
0,4,8.1,0,76,88,1,3,1,57.3,56.2,7.2,89.0,4.4,1,1,3,2,1,1,2,2,7.5
1,7,8.3,0,78,72,1,3,0,57.5,37.1,6.7,69.2,4.3,0,0,1,1,0,0,2,2,6.7
1,0,8.2,0,65,83,2,3,2,70.4,58.8,6.6,88.0,4.8,1,1,3,2,1,1,2,0,7.9
0,1,7.4,0,56,66,0,1,0,25.1,21.0,3.3,75.0,3.8,0,0,0,0,0,0,1,8,3.4
1,0,7.8,0,86,82,2,3,0,59.7,32.3,5.6,90.0,4.6,1,1,0,0,0,1,2,2,7.4
1,2,7.9,2,79,80,2,3,1,50.3,40.5,6.2,75.0,4.5,1,1,0,0,0,1,0,1,6.4
1,8,7.4,0,69,71,0,2,0,24.9,20.9,1.9,80.0,3.4,0,0,0,1,0,0,0,2,3.4
1,3,7.4,0,55,70,1,1,0,29.4,20.2,1.3,84.0,4.1,0,0,0,0,0,0,1,7,4.1
0,2,8.2,0,74,86,1,2,2,53.2,52.0,5.0,90.0,4.8,1,1,4,1,1,0,1,9,7.6
1,0,7.7,1,82,86,2,3,0,57.6,57.5,7.4,79.0,3.9,1,1,1,3,1,1,2,9,6.8
1,3,7.4,0,76,84,1,3,0,48.4,52.7,7.5,81.0,4.7,1,1,3,1,1,0,2,1,5.2
1,11,7.3,1,59,60,1,1,2,23.5,20.5,1.3,68.6,3.7,0,1,0,0,0,0,0,8,3.0
1,4,8.5,0,76,66,1,2,2,61.6,52.2,5.0,79.0,3.9,1,1,2,2,1,1,2,3,6.9
1,7,8.4,0,79,83,1,3,2,76.3,56.8,6.4,90.0,4.7,1,1,2,3,1,1,1,7,8.5
0,5,8.0,0,72,65,0,1,0,33.9,27.9,0.4,82.0,4.3,0,1,0,0,0,1,2,8,4.9
1,3,7.1,1,57,62,1,3,2,41.3,36.9,7.2,72.0,3.8,1,0,0,0,0,1,1,8,4.9
1,5,7.6,0,81,63,2,3,1,52.1,51.0,8.7,74.0,4.2,1,1,0,0,0,1,1,0,5.6
1,4,6.5,0,62,77,0,1,0,20.0,29.5,3.3,89.0,4.6,1,0,0,0,0,0,2,4,4.5
0,3,6.7,1,78,66,1,2,2,23.0,25.5,2.7,75.0,4.2,0,0,0,0,0,0,1,3,3.7
0,7,6.5,0,57,67,0,1,0,23.6,39.7,2.0,62.4,3.6,0,0,1,0,0,1,0,0,3.8
1,2,6.5,1,75,60,0,1,0,20.0,30.0,2.8,62.0,4.1,0,0,0,0,0,0,0,8,3.7
0,6,8.1,1,83,88,2,3,2,67.5,52.8,7.8,90.0,4.8,1,1,3,2,1,1,0,1,7.1
0,4,6.6,0,61,64,1,1,0,20.5,17.5,2.4,69.0,3.8,0,1,0,0,0,0,1,9,2.0
0,0,8.2,0,88,87,2,3,2,73.0,37.8,7.1,90.0,4.4,1,1,2,2,1,0,1,0,6.4
1,10,7.7,1,61,68,1,0,0,21.9,7.9,2.3,75.8,4.3,0,1,0,0,0,0,1,8,3.2
1,2,8.1,0,69,67,2,3,3,69.0,42.2,7.9,76.0,4.5,1,1,0,0,0,0,2,8,6.0
1,10,7.6,2,68,64,0,2,1,21.4,37.1,2.0,68.7,3.5,0,0,0,0,0,0,0,8,5.3
1,4,7.5,0,80,85,0,2,1,33.1,40.8,6.5,82.0,4.2,1,1,0,0,0,0,0,1,6.4
1,6,7.7,0,70,72,1,1,1,39.5,31.7,5.4,76.4,4.7,1,1,1,3,1,1,2,2,5.0
1,1,7.5,0,55,59,1,1,0,36.1,31.9,3.2,60.0,4.2,0,1,3,2,1,0,2,8,4.3
1,5,7.9,0,83,80,2,3,2,59.4,56.2,7.1,90.0,4.6,1,1,1,3,1,0,2,8,8.0
1,11,7.3,1,59,69,0,2,0,25.1,15.3,1.5,74.3,3.7,0,0,0,0,0,0,2,7,5.1
0,5,7.4,0,76,71,1,1,0,34.9,22.8,3.1,88.0,4.5,0,1,2,2,1,0,2,6,3.5
0,11,8.4,1,70,64,2,2,2,76.9,68.1,7.1,90.0,4.8,1,1,3,3,1,1,2,2,9.7
1,2,7.6,0,75,70,1,2,0,39.5,25.6,3.3,71.0,3.5,0,1,0,0,0,0,1,8,4.9
0,9,8.2,1,81,86,2,3,2,76.4,63.5,7.2,86.5,4.6,1,1,3,2,1,1,1,3,9.0
1,3,7.6,0,79,82,1,3,1,40.3,22.5,7.4,86.0,4.6,1,1,0,0,0,0,0,5,4.2
1,0,7.7,0,80,84,1,3,2,53.5,45.0,7.0,90.0,4.7,1,1,3,2,1,1,1,4,6.8
0,7,7.8,0,70,66,2,1,0,48.2,31.3,0.8,73.3,3.5,0,0,0,0,0,0,1,6,5.7
0,4,7.5,1,77,87,1,3,1,46.6,35.4,8.3,83.0,4.4,1,1,3,2,1,0,0,9,4.6
1,4,8.0,0,77,84,1,3,0,64.4,64.7,6.1,90.0,4.8,1,0,2,3,1,1,1,6,6.6
0,2,8.2,0,82,86,0,3,2,52.0,58.3,5.4,90.0,4.7,1,0,2,2,1,1,2,5,7.6
1,2,7.4,0,55,68,2,1,1,40.8,51.7,4.7,75.0,4.4,1,1,0,0,0,1,0,4,4.8
1,6,7.7,0,56,68,2,1,1,34.1,33.3,2.4,74.9,4.2,0,0,0,1,0,1,2,1,4.3
0,2,6.7,1,75,80,1,3,1,34.2,44.8,7.7,86.0,4.8,1,1,1,3,1,1,2,6,4.1
0,4,8.5,0,85,82,2,3,2,61.5,56.1,6.2,90.0,4.7,1,1,3,1,1,1,2,0,7.9
1,2,8.3,0,74,88,1,3,2,67.3,51.3,6.7,88.0,4.8,1,1,3,2,1,1,0,8,7.0
1,11,8.2,0,85,70,1,3,1,74.2,73.1,8.2,87.4,4.7,1,1,3,1,1,1,2,0,9.4
1,3,7.7,0,76,81,1,3,2,53.9,34.4,6.8,85.0,4.5,1,1,0,0,0,1,1,8,7.4
1,3,7.5,0,59,69,0,1,0,30.9,9.2,1.9,71.0,3.8,0,1,0,0,0,1,0,4,3.9
1,2,6.6,1,73,68,1,1,0,20.0,16.4,0.8,78.0,3.7,0,1,0,0,0,0,1,9,2.0
1,11,8.1,0,82,81,2,3,2,70.6,45.8,8.6,89.6,4.8,1,1,1,2,1,1,0,8,6.7
0,0,8.9,0,77,76,1,3,0,70.2,48.6,6.5,83.0,4.8,1,1,1,3,1,1,2,9,7.9
0,2,7.6,0,76,57,2,3,3,50.5,33.7,7.8,77.0,4.1,0,1,3,2,1,0,2,7,6.2
1,0,7.6,0,55,64,1,2,0,47.0,44.5,6.2,63.0,4.1,0,1,0,0,0,1,1,0,6.5
1,0,6.5,0,68,74,1,1,1,20.0,18.8,4.1,61.0,3.1,0,0,0,0,0,0,2,0,2.0
0,10,8.6,0,79,79,2,3,1,73.1,42.8,8.0,83.8,4.5,1,1,2,1,1,0,1,6,8.7
1,2,6.7,0,55,67,1,2,0,30.4,13.2,5.5,75.0,4.8,1,1,1,3,1,0,2,5,2.0
0,0,8.3,0,76,81,0,3,0,63.9,66.0,8.5,87.0,4.6,1,1,3,2,1,1,2,1,7.9
1,7,8.2,0,79,61,2,2,0,51.8,38.0,2.4,89.6,4.6,0,1,0,0,0,0,0,4,7.6
1,8,8.2,0,76,82,2,2,0,55.2,43.0,9.0,80.9,3.8,1,1,3,2,1,1,2,7,5.6
1,8,7.4,1,55,71,2,1,0,33.5,34.4,2.5,72.7,3.6,0,0,1,1,0,0,2,1,3.5
0,5,6.8,0,59,69,1,2,1,26.2,40.6,3.4,76.0,3.8,0,1,0,0,0,1,1,8,3.7
1,8,8.5,0,69,86,1,3,3,60.7,31.8,6.9,79.9,4.1,1,1,1,0,0,1,2,1,7.6
1,0,8.3,0,83,85,2,3,2,74.4,66.0,5.7,90.0,4.8,1,1,3,1,1,0,1,1,8.8
0,0,8.1,0,75,81,0,3,2,53.1,34.9,6.7,88.0,4.8,1,1,4,1,1,1,0,3,8.2
1,5,7.5,1,58,73,2,3,2,58.9,37.9,6.7,77.0,4.8,1,1,2,3,1,1,1,8,5.5
1,8,7.3,0,66,63,1,2,0,33.0,29.6,5.5,77.2,4.2,0,0,1,0,0,0,1,8,5.0
1,3,7.6,0,73,84,1,2,2,41.0,41.5,3.5,70.0,4.8,0,1,2,2,1,0,0,8,4.7
1,4,8.5,0,83,88,2,3,2,79.0,68.1,6.6,90.0,4.8,1,1,4,1,1,1,0,1,9.5
0,0,7.5,0,77,86,2,2,0,46.2,41.8,4.6,72.0,4.2,1,1,2,2,1,1,2,2,6.0
1,3,7.1,0,55,61,0,1,0,20.0,24.8,1.1,71.0,3.8,0,0,0,0,0,0,1,8,3.4
0,0,7.7,0,78,73,1,3,3,56.3,45.7,5.5,84.0,4.7,1,1,0,0,0,0,2,4,6.6
1,6,6.5,2,55,71,0,0,2,24.3,26.2,2.7,84.0,4.5,0,0,0,0,0,0,0,5,3.4
0,5,8.2,0,56,66,1,1,0,44.0,36.1,0.0,71.0,4.0,0,1,0,0,0,0,0,8,5.7
0,2,6.5,0,73,74,1,2,1,20.0,20.2,4.2,68.0,4.3,1,1,0,0,0,1,2,8,2.0
1,7,6.5,0,74,83,0,0,3,23.1,14.9,1.8,83.2,4.1,0,1,0,1,0,0,1,8,2.1
1,4,7.7,0,79,66,0,2,1,33.2,35.3,6.1,75.0,4.1,1,1,3,2,1,1,1,8,5.3
0,5,7.6,0,76,67,0,2,2,35.1,29.5,3.9,67.0,4.0,0,1,0,0,0,0,2,8,5.0
0,0,8.0,0,78,87,2,3,2,67.9,50.7,6.7,90.0,4.8,1,1,1,3,1,1,1,0,7.2
0,8,8.2,0,71,86,2,2,2,54.7,42.2,4.2,89.5,4.8,1,0,0,0,0,0,1,5,8.0
0,7,6.5,0,55,70,0,2,0,23.9,19.5,5.1,80.6,4.3,1,1,0,0,0,0,1,7,3.8
1,0,7.6,0,68,83,1,1,1,39.1,33.9,1.2,76.0,3.8,0,1,2,2,1,0,0,5,5.2
1,1,6.5,0,59,65,1,1,0,20.0,11.3,2.4,74.0,4.2,0,0,0,0,0,1,2,8,2.0
1,6,7.6,0,57,69,0,1,1,29.4,37.4,3.4,69.7,3.8,0,0,0,1,0,0,1,9,5.4
1,11,7.8,0,81,67,1,3,1,62.3,43.7,6.6,82.4,4.0,0,1,3,3,1,1,0,2,5.6
1,7,7.6,0,84,86,2,3,2,57.1,40.1,4.4,90.0,4.8,1,1,0,1,0,0,1,5,6.6
0,5,7.4,0,74,86,1,3,2,48.7,38.6,7.2,70.0,4.7,1,1,0,0,0,1,1,8,5.5
0,3,7.8,0,64,67,1,1,0,30.1,19.6,2.1,77.0,4.1,0,1,0,0,0,0,1,8,5.3
1,2,7.4,0,55,68,1,2,1,31.8,13.3,4.2,60.0,3.2,0,0,0,0,0,0,2,8,2.9
0,0,8.5,0,77,71,2,3,2,82.0,59.5,7.0,87.0,4.4,1,1,1,3,1,0,2,1,10.1
1,2,7.3,0,77,63,1,2,0,39.0,32.8,2.6,74.0,3.6,0,1,0,0,0,0,1,3,4.5
1,2,6.8,2,62,62,0,2,1,20.0,12.9,4.1,72.0,4.4,0,0,0,0,0,1,2,6,3.8
1,0,7.9,0,71,62,2,3,2,65.2,51.5,7.7,90.0,4.8,1,0,3,2,1,1,2,2,7.4
0,8,7.8,0,55,66,2,1,1,44.9,37.3,0.7,76.0,3.8,0,1,0,0,0,0,0,8,6.7
1,0,8.1,0,75,86,2,3,2,60.5,40.9,5.8,90.0,4.8,1,1,1,3,1,0,0,0,6.9
1,2,7.7,0,82,69,2,3,2,61.4,58.4,6.1,78.0,4.8,1,0,0,0,0,1,0,1,7.2
0,0,6.6,1,77,84,1,3,2,31.4,32.1,5.2,85.0,4.7,1,1,2,2,1,1,0,5,3.7
1,11,7.2,0,78,61,1,3,1,29.0,43.0,4.3,78.7,4.4,0,1,0,0,0,0,1,1,5.3
1,0,7.7,0,55,69,1,1,0,34.4,19.4,1.0,67.0,4.0,0,0,0,0,0,1,1,4,4.0
1,6,8.0,0,78,69,2,1,1,56.1,38.5,7.7,81.4,4.2,1,0,0,0,0,0,2,2,7.6
0,2,8.2,0,58,72,1,1,3,49.3,52.3,5.5,77.0,3.6,1,1,2,3,1,1,1,5,7.1
1,9,7.6,0,62,69,1,0,0,35.8,19.2,3.0,78.6,4.3,1,1,3,2,1,0,1,8,3.2
1,0,7.6,0,69,72,1,2,1,42.5,37.2,4.2,84.0,4.7,0,0,0,0,0,0,2,1,5.1
1,3,6.6,1,77,71,1,1,0,20.0,35.2,1.6,76.0,4.8,1,1,0,0,0,0,1,8,2.9
1,0,7.6,1,65,60,1,1,0,30.0,33.2,3.6,66.0,3.7,1,1,0,0,0,1,0,4,5.7
1,11,8.6,0,87,68,0,3,1,77.6,63.3,8.0,82.1,4.8,1,1,0,0,0,1,0,5,8.7
1,4,8.0,0,79,78,2,3,2,68.7,60.6,7.0,90.0,4.8,1,1,4,1,1,1,1,6,7.5
1,4,7.9,1,73,72,1,2,0,54.4,39.4,4.9,67.0,4.4,1,0,4,1,1,1,1,0,6.3
1,5,8.2,0,76,79,0,2,2,57.2,54.3,3.6,79.0,4.0,1,1,1,3,1,0,1,8,7.8
1,7,7.4,0,81,65,2,2,2,44.3,23.7,3.4,88.8,4.5,0,1,1,0,0,0,2,4,4.8
0,0,7.3,0,68,58,1,1,1,29.8,27.1,1.1,68.0,4.7,0,1,0,0,0,0,1,2,4.2
1,2,8.3,0,67,81,1,3,2,60.4,46.2,8.5,86.0,4.8,1,1,0,0,0,1,2,8,8.1
0,7,7.6,0,68,86,0,3,1,54.2,48.9,6.0,90.0,4.8,1,1,2,3,1,0,2,7,5.7
1,6,7.9,0,61,67,2,1,2,46.0,32.6,4.0,78.0,3.4,1,1,1,0,0,1,1,9,5.4
1,0,7.5,0,55,64,0,2,0,33.7,17.5,4.2,88.0,4.2,0,0,2,2,1,1,0,6,3.1
1,2,6.6,0,55,71,0,3,1,23.5,14.1,6.8,90.0,4.4,0,1,0,0,0,0,1,4,2.9
0,3,7.3,0,55,74,1,2,1,38.5,38.2,4.0,88.0,4.8,0,0,0,0,0,1,1,6,6.2
1,2,7.6,0,88,82,1,3,0,51.4,39.4,7.1,68.0,4.2,1,1,0,0,0,0,1,7,5.8
1,4,7.6,0,66,74,1,3,0,50.7,33.0,9.6,72.0,4.0,1,0,0,0,0,1,1,4,7.0
1,0,7.5,0,55,64,0,1,0,27.6,1.1,3.6,63.0,4.3,1,1,0,0,0,0,1,9,3.3
1,2,8.9,0,71,83,2,3,2,86.6,76.0,7.4,89.0,4.6,1,1,3,2,1,1,1,4,10.4
1,3,8.1,0,71,72,1,3,0,56.3,49.1,8.2,70.0,4.8,1,0,0,0,0,0,1,8,8.6
1,2,8.4,0,76,82,2,3,2,73.8,66.8,7.0,89.0,4.5,1,1,0,0,0,1,1,1,8.4
0,0,6.5,0,58,66,0,1,0,20.0,20.6,0.9,62.0,4.0,0,1,0,0,0,0,2,0,3.8
1,2,8.5,0,90,83,2,3,2,73.0,57.9,8.2,90.0,4.8,1,1,4,1,1,1,1,8,7.6
0,5,6.5,1,79,65,0,1,2,20.0,22.3,3.5,76.0,4.1,1,1,0,0,0,0,2,8,3.5
1,7,8.3,1,78,73,1,3,0,64.8,42.9,8.2,88.0,3.9,1,1,3,3,1,1,1,2,7.8
0,2,7.4,0,76,63,1,2,1,38.9,30.4,4.8,71.0,4.0,0,1,2,3,1,0,1,7,4.4
1,11,8.3,2,74,85,0,2,2,69.4,43.0,7.5,87.1,4.8,1,1,3,2,1,1,2,8,6.9
0,4,8.6,0,83,84,2,2,2,65.5,57.8,5.4,81.0,4.6,1,1,3,1,1,1,2,1,7.3
1,0,7.8,0,63,71,1,2,0,41.1,43.9,3.5,81.0,3.9,0,0,0,0,0,1,2,3,6.5
1,7,7.8,0,81,73,0,3,0,63.0,35.3,6.7,85.3,4.4,1,1,0,1,0,1,2,5,7.3
1,5,8.3,0,76,82,1,3,2,58.7,49.7,6.3,77.0,4.0,0,1,0,0,0,1,1,8,7.5
1,10,6.9,0,78,80,1,1,1,21.1,31.3,7.2,81.2,4.3,1,1,1,3,1,1,2,8,2.7
1,6,8.0,1,74,85,1,3,3,63.1,54.7,5.5,78.9,4.1,1,1,3,2,1,1,2,2,6.7
1,0,7.8,0,55,71,0,3,1,57.6,39.3,5.3,90.0,3.8,0,1,0,0,0,0,2,1,6.8
1,5,7.4,1,56,67,1,2,0,42.3,21.9,4.9,68.0,4.3,0,1,0,0,0,0,2,5,6.6
1,10,8.5,0,80,81,1,3,2,70.7,54.0,7.1,86.9,4.6,1,1,1,0,0,1,2,8,8.8
0,0,8.4,1,82,88,2,3,2,65.8,61.5,7.6,90.0,4.8,1,1,2,2,1,1,1,5,6.6
0,4,7.7,0,70,86,2,3,2,59.5,53.3,8.0,90.0,4.8,1,1,0,0,0,1,1,4,7.6
0,11,7.1,1,79,82,1,3,0,40.6,36.4,6.5,79.8,4.4,1,0,1,1,1,1,1,8,6.4
1,0,7.6,0,55,78,1,1,0,27.4,26.9,3.1,71.0,3.9,1,1,3,2,1,0,1,0,4.2
1,0,8.4,1,71,84,2,2,0,65.7,54.7,5.8,80.0,4.0,1,0,0,0,0,0,1,4,8.1
1,11,8.6,0,87,84,2,3,1,75.6,61.2,8.8,84.5,4.4,1,1,1,2,1,1,2,8,9.2
1,0,7.8,1,75,64,1,2,2,42.9,37.5,6.3,90.0,4.3,1,1,0,0,0,0,1,7,6.2
0,0,8.2,0,73,69,2,3,2,81.1,60.3,6.5,83.0,3.8,1,1,0,0,0,1,1,2,9.1
1,4,7.4,0,55,84,1,1,1,39.0,47.0,1.6,81.0,3.8,0,1,0,0,0,0,0,0,5.0
1,6,8.3,1,74,68,1,1,0,53.3,41.8,2.5,79.2,4.1,1,1,0,0,0,0,0,1,6.8
0,4,8.6,0,71,83,2,3,0,78.9,47.6,6.7,81.0,4.7,1,0,3,2,1,1,1,2,8.2
1,4,7.5,0,65,71,1,2,1,41.2,31.5,3.5,78.0,3.8,0,1,0,0,0,1,1,2,5.8
0,4,8.0,0,68,75,1,2,1,51.5,58.0,5.3,76.0,4.5,0,1,0,0,0,1,0,4,6.8
0,1,7.6,1,73,74,0,3,0,47.8,44.6,7.1,77.0,4.8,1,1,1,3,1,1,1,8,6.2
0,1,7.6,0,80,72,0,3,1,50.8,37.1,6.4,90.0,4.6,1,1,2,3,1,1,1,5,5.9
1,3,6.7,1,79,65,1,1,0,20.0,31.4,3.3,76.0,4.6,1,0,3,2,1,0,1,8,2.9
1,8,6.6,2,66,68,1,1,0,20.0,12.4,2.4,67.4,3.1,0,0,0,0,0,0,1,1,2.7
0,9,8.2,0,76,81,1,3,2,65.4,38.8,7.3,90.0,4.5,1,1,3,2,1,1,2,9,6.1
1,6,7.7,1,55,70,1,0,2,47.2,50.3,2.2,78.5,3.9,0,1,0,0,0,0,2,7,6.2
1,4,8.0,0,66,85,1,3,2,58.4,25.7,5.2,90.0,4.3,1,1,3,2,1,1,2,1,5.5
0,0,8.4,0,77,78,2,3,2,69.8,51.3,7.8,83.0,4.7,1,1,1,3,1,0,0,7,7.9
1,6,8.1,0,55,67,1,2,0,47.8,36.4,3.8,63.9,3.0,0,0,1,0,0,1,1,0,7.1
0,6,7.3,0,70,70,2,1,1,43.7,38.8,2.8,82.7,3.8,0,0,0,0,0,0,0,1,7.3
1,3,7.5,0,63,69,1,1,0,28.6,33.3,2.8,68.0,4.8,0,1,0,0,0,0,1,8,5.0
1,6,7.4,0,62,69,1,1,0,29.5,28.2,1.9,78.0,3.7,0,1,0,1,0,0,0,4,4.0
1,10,8.6,0,57,68,0,0,0,53.2,38.2,1.6,86.0,3.8,0,1,0,0,0,1,0,8,6.9
1,5,8.3,0,84,82,2,3,2,69.2,48.6,7.3,89.0,4.7,1,1,1,3,1,1,1,4,7.3
1,5,6.5,1,57,76,1,1,0,20.0,17.6,3.5,76.0,3.9,0,1,0,0,0,0,1,4,2.3
1,5,8.3,0,56,71,1,3,2,65.8,61.3,7.7,90.0,4.5,1,1,3,2,1,1,1,8,7.5
1,3,8.3,0,82,84,1,2,0,59.8,41.7,3.6,76.0,4.4,1,1,3,2,1,0,1,8,6.3
1,3,8.5,1,55,64,2,2,0,66.0,56.4,4.5,79.0,4.8,1,0,0,0,0,1,2,9,8.4
1,11,6.7,0,55,62,0,0,1,23.3,28.7,2.8,65.6,3.9,0,1,0,1,0,0,1,3,5.6
1,4,7.5,0,59,65,1,1,0,29.3,34.3,2.7,72.0,4.3,0,0,0,0,0,1,0,5,5.5
1,7,8.1,1,86,82,1,2,3,74.4,63.2,6.4,90.0,4.7,1,1,4,1,1,0,1,8,8.4
1,2,6.5,0,69,84,1,2,1,21.0,17.8,3.6,82.0,4.1,0,1,0,0,0,0,0,8,2.9
1,4,8.4,1,77,73,1,3,0,62.8,42.7,8.5,85.0,3.9,1,1,2,2,1,0,0,6,7.9
0,2,7.7,0,84,67,1,1,0,37.8,34.6,2.2,74.0,4.5,0,0,0,0,0,0,1,8,4.0
0,3,6.5,0,57,70,1,1,1,20.0,22.7,1.5,82.0,3.9,0,1,0,0,0,0,0,8,2.3
0,6,6.6,2,62,66,1,1,0,24.3,26.5,3.1,77.1,4.8,0,0,1,0,0,0,0,1,3.3
1,0,8.1,0,73,85,2,3,2,71.0,61.7,5.5,87.0,4.6,0,1,1,3,1,1,2,0,7.0
1,4,8.2,0,76,77,0,3,1,51.3,38.1,6.2,90.0,3.8,1,1,0,0,0,0,2,4,6.7
0,2,7.8,0,64,61,0,1,0,34.1,37.2,2.0,64.0,3.9,0,0,0,0,0,0,0,8,5.9
1,5,7.4,0,55,73,1,1,0,20.8,22.4,3.1,77.0,3.8,0,1,0,0,0,0,1,8,3.3
0,10,8.2,0,82,82,2,2,1,55.1,42.7,7.4,90.0,4.7,1,1,4,1,1,0,2,8,6.3
1,10,6.6,1,72,60,1,1,0,20.0,6.4,1.9,80.0,3.2,0,0,0,0,0,0,0,3,3.4
1,5,8.2,0,68,62,1,1,1,48.8,29.9,3.5,68.0,3.7,1,0,0,0,0,0,2,7,7.5
1,2,7.6,1,60,68,0,1,1,32.5,28.3,1.4,61.0,4.3,0,0,0,0,0,1,0,1,5.0
0,0,8.0,0,75,82,1,3,2,57.0,53.1,6.7,90.0,4.8,1,1,3,1,1,1,2,8,6.0
1,1,8.4,0,79,68,1,3,1,63.5,60.7,5.8,75.0,4.8,1,1,0,0,0,1,0,9,8.4
0,7,6.6,1,56,64,0,2,0,23.4,21.1,5.6,80.7,3.7,1,0,0,1,0,0,1,6,2.2
1,0,8.4,0,75,88,1,3,1,68.4,53.8,6.4,84.0,4.5,1,1,2,2,1,1,2,5,9.5
1,3,6.6,0,59,71,1,1,0,20.0,19.6,2.0,77.0,3.8,0,1,0,0,0,0,1,8,3.8
0,2,6.8,1,71,85,1,2,1,22.5,33.8,4.5,65.0,3.9,1,1,2,3,1,0,1,7,3.0
1,1,7.6,0,81,81,1,3,0,52.2,40.3,7.4,83.0,4.3,1,1,3,2,1,1,2,8,4.7
0,7,7.8,1,72,85,1,0,0,47.4,35.8,2.1,86.0,4.5,1,1,4,2,1,0,2,8,4.7
1,7,6.6,2,84,88,0,2,0,24.9,14.0,5.5,89.0,4.3,1,1,2,3,1,0,1,4,3.3
0,8,8.3,0,80,81,0,3,3,61.1,52.2,7.0,89.8,4.8,1,1,2,3,1,1,0,8,7.6
1,2,6.6,1,77,68,1,1,1,20.0,23.2,0.8,80.0,4.4,0,1,0,0,0,0,0,4,3.2
0,10,8.4,0,76,83,0,3,0,62.0,58.2,7.0,78.9,4.7,1,1,1,0,0,1,2,8,8.6
1,11,8.2,0,80,85,1,3,1,65.9,55.9,6.1,89.0,4.8,1,1,2,3,1,1,0,8,7.9
0,4,7.6,0,55,70,2,1,0,33.4,31.7,2.9,79.0,4.8,1,1,0,0,0,0,1,7,4.3
1,7,7.4,0,86,78,0,2,3,43.3,32.0,7.6,76.0,4.1,1,1,2,3,1,1,0,6,4.5
1,2,6.7,2,55,67,1,1,1,20.0,17.2,3.6,69.0,4.0,0,0,0,0,0,1,0,8,3.0
1,11,8.1,0,84,69,1,3,2,79.5,52.3,6.1,77.1,4.5,1,1,0,1,0,0,1,5,8.1
1,4,7.8,0,70,85,1,3,0,50.0,41.2,8.6,83.0,4.8,1,1,0,0,0,0,1,6,6.7
0,0,7.5,0,55,67,1,1,0,26.0,19.2,2.2,68.0,4.1,1,1,0,0,0,0,0,2,5.4
0,5,7.3,0,56,63,0,1,1,21.2,29.7,2.5,75.0,3.2,0,1,0,0,0,0,0,8,4.3
0,2,7.8,1,77,68,0,2,2,38.6,29.5,3.8,82.0,4.8,1,1,0,0,0,0,0,7,3.8
1,6,7.6,2,69,82,2,1,0,46.8,42.6,5.2,88.5,4.6,1,1,0,1,0,1,0,9,6.1
1,0,7.6,0,64,70,1,1,1,40.6,14.7,2.3,77.0,4.1,0,1,0,0,0,1,0,0,3.0
1,0,7.7,0,78,82,2,3,0,54.9,46.7,6.3,87.0,4.4,1,1,0,0,0,0,2,3,7.9
1,2,8.0,0,83,79,0,3,1,54.6,61.2,5.7,83.0,4.4,1,1,2,2,1,0,0,0,7.7
0,2,7.9,0,61,82,2,3,2,61.9,47.6,8.0,89.0,4.8,1,1,3,1,1,1,1,7,8.1
0,0,7.5,0,74,66,0,2,0,34.6,13.6,4.7,81.0,4.1,1,1,0,0,0,1,1,5,4.0
0,6,6.9,1,77,82,2,1,1,26.7,17.6,3.8,90.0,4.7,1,1,2,2,1,0,2,2,2.0
1,1,7.5,0,55,71,0,1,0,27.7,28.8,1.8,78.0,4.0,0,0,0,0,0,0,1,8,6.1
1,0,7.5,0,56,71,1,1,3,20.0,17.7,2.2,79.0,4.5,1,0,0,0,0,0,2,0,3.1
0,6,8.6,0,75,80,2,3,2,75.5,68.7,8.1,87.9,4.4,1,1,2,1,1,1,1,1,9.6
1,1,7.3,0,55,59,1,1,0,24.6,32.2,0.4,77.0,4.0,0,1,0,0,0,1,0,9,3.6
1,0,8.5,0,84,88,2,3,2,78.2,68.3,8.5,90.0,4.8,1,1,4,1,1,1,0,8,8.1
1,0,6.9,0,77,63,1,2,0,27.3,27.2,5.0,79.0,4.2,1,1,0,0,0,0,0,5,4.4
0,2,6.6,2,64,70,1,1,0,20.0,33.2,0.7,73.0,4.2,0,0,0,0,0,0,2,8,3.8
0,4,7.6,1,73,59,1,1,0,43.3,47.2,1.1,69.0,3.4,1,1,0,0,0,0,1,0,6.5
1,0,8.5,2,80,80,2,3,2,81.6,62.8,9.1,90.0,4.8,1,1,0,0,0,0,2,9,10.0
1,3,7.4,0,57,72,1,1,1,32.8,22.2,3.1,70.0,4.0,1,1,0,0,0,0,2,5,5.1
0,0,8.4,0,88,84,1,3,2,64.4,47.4,8.3,90.0,4.8,1,1,3,2,1,1,2,1,7.1
1,3,7.5,0,55,60,1,1,0,28.3,24.4,1.1,88.0,4.6,0,0,0,0,0,0,1,9,4.8
0,4,8.4,0,78,82,1,3,1,64.0,68.5,8.3,79.0,4.4,1,1,2,2,1,1,2,0,8.5
1,5,7.5,2,58,72,1,1,3,37.8,33.6,3.1,68.0,3.6,0,0,0,0,0,0,1,9,5.5
1,9,8.3,0,72,86,1,2,2,63.4,45.6,8.9,84.9,4.7,1,1,0,1,0,1,0,8,8.6
0,7,8.2,0,68,73,1,2,0,53.9,38.3,4.1,76.1,4.5,1,1,0,0,0,0,1,8,6.9
0,6,8.2,1,73,83,0,2,3,65.1,52.6,8.4,90.0,4.4,1,0,1,0,0,1,2,2,8.5
1,6,7.5,0,80,63,1,3,0,39.1,44.4,5.3,72.9,3.7,0,0,0,0,0,0,2,1,5.0
1,6,7.7,1,65,75,2,1,1,39.6,31.4,4.4,74.7,4.0,1,1,1,3,1,1,1,5,5.0
1,2,8.1,0,81,78,0,2,3,52.9,51.9,4.9,78.0,4.1,1,1,3,2,1,1,2,3,6.1
1,1,8.3,0,77,87,0,3,2,64.4,43.2,5.1,78.0,4.3,1,0,0,0,0,1,1,8,8.3
1,2,6.6,0,60,62,1,1,1,20.0,22.6,4.5,68.0,3.3,1,0,0,0,0,0,1,8,2.9
1,0,8.5,0,72,83,1,2,0,54.3,52.9,6.1,87.0,4.3,1,1,3,1,1,0,1,2,8.3
1,2,7.4,0,69,62,1,1,0,38.1,29.0,0.8,78.0,4.4,0,0,0,0,0,0,0,8,4.3
0,4,8.0,0,78,73,2,2,2,53.7,38.8,3.7,87.0,4.8,1,1,3,2,1,0,1,5,4.6
1,4,7.8,0,59,70,1,1,1,36.0,37.0,2.3,76.0,4.8,0,0,0,0,0,0,2,5,4.0
1,5,7.0,0,61,63,1,1,1,28.2,18.7,3.2,70.0,4.8,0,0,0,0,0,0,2,2,2.3
1,6,7.5,0,80,87,0,2,1,46.1,33.9,6.4,79.3,3.7,1,1,1,0,0,0,0,1,7.0
1,1,7.5,0,55,72,1,1,0,29.2,35.8,0.9,60.0,3.3,0,1,0,0,0,0,0,0,6.0
1,6,8.7,0,80,84,1,3,2,80.0,74.5,7.7,90.0,4.8,1,1,2,3,1,1,0,7,8.5
1,4,7.6,0,76,65,0,2,1,41.3,46.4,6.0,77.0,4.7,1,1,0,0,0,0,2,9,5.2
0,3,6.7,0,61,64,1,2,0,23.5,19.8,4.0,74.0,4.1,0,0,0,0,0,0,1,8,4.5
0,1,7.9,0,69,87,1,2,2,51.4,45.4,4.8,83.0,4.5,1,0,2,2,1,0,1,0,6.9
1,2,7.8,0,60,68,0,1,1,30.2,22.7,0.9,77.0,4.3,0,0,3,1,1,0,0,0,3.9
0,6,8.7,1,85,86,2,2,3,87.4,46.6,8.3,90.0,4.8,1,1,4,1,1,1,0,1,10.0
0,4,8.6,0,71,82,2,3,1,82.8,64.0,6.8,90.0,4.3,1,1,3,1,1,1,2,0,8.6
1,2,6.6,1,64,70,1,1,0,20.0,6.0,1.8,71.0,4.5,1,1,1,3,1,0,1,7,2.0
1,4,7.5,0,58,71,1,1,0,35.4,41.7,2.1,64.0,4.0,0,0,0,0,0,0,0,1,5.0
1,7,8.4,0,79,84,2,3,2,68.0,56.7,7.8,90.0,4.7,1,1,3,1,1,0,1,7,8.0
1,2,7.0,1,64,65,1,1,0,20.0,16.8,0.2,68.0,3.9,0,1,0,0,0,0,0,8,2.0
1,5,8.4,0,60,85,2,1,2,56.8,41.3,3.4,84.0,4.5,1,1,0,0,0,0,0,8,7.4
1,6,8.2,0,74,82,1,3,1,55.3,58.3,7.4,80.7,4.2,1,1,2,2,1,1,0,1,6.5
1,5,6.9,0,81,73,0,3,0,32.6,20.9,7.1,76.0,3.8,0,1,0,0,0,1,2,9,4.1
1,0,8.5,0,75,81,1,3,2,73.2,53.7,7.5,90.0,4.7,1,1,4,1,1,1,1,1,7.9
1,5,8.0,0,85,82,2,3,2,54.2,39.2,6.0,90.0,4.5,1,1,2,2,1,0,1,8,5.0
1,7,8.5,1,73,82,2,3,1,76.0,66.1,6.0,88.2,4.8,1,1,3,1,1,1,1,8,7.3
1,7,7.7,0,86,87,0,2,3,47.0,59.3,4.5,88.1,4.8,1,1,2,2,1,0,1,7,6.0
1,0,7.6,0,55,65,1,1,0,35.1,38.7,2.6,77.0,4.4,0,0,0,0,0,0,1,1,6.6
1,7,8.2,1,81,75,1,2,0,68.3,58.2,8.5,85.9,4.8,1,1,0,3,1,1,2,0,7.0
0,8,8.1,0,72,65,0,1,0,28.6,23.3,0.2,82.0,4.3,0,1,0,0,0,0,0,8,4.1
1,1,8.4,1,77,81,1,2,2,53.1,58.6,4.6,79.0,4.2,1,0,0,0,0,0,2,8,8.5
0,0,8.4,0,83,84,2,3,2,77.5,63.0,8.0,90.0,4.8,1,1,3,2,1,1,1,0,8.4
1,5,7.6,0,55,62,1,3,1,51.0,42.8,5.7,73.0,4.4,0,1,0,0,0,0,0,7,6.8
0,0,8.1,0,65,85,1,1,1,45.0,29.6,1.6,90.0,4.6,0,0,0,0,0,0,0,0,6.1
1,5,8.6,0,55,82,2,1,2,65.2,58.4,3.5,73.0,4.6,1,0,0,0,0,0,1,8,9.0
0,4,8.3,0,81,83,1,3,2,66.4,62.2,7.4,82.0,4.8,1,1,3,2,1,1,1,6,7.4
1,0,6.5,0,55,70,1,3,2,31.2,23.3,7.2,85.0,4.8,1,1,0,0,0,0,2,5,3.0
1,6,8.4,0,88,84,2,3,1,63.4,63.9,6.6,90.0,4.3,1,1,3,1,1,1,0,4,7.9
1,2,6.5,0,59,67,1,1,0,20.0,29.0,3.0,73.0,4.0,1,0,2,2,1,0,1,1,2.1
1,4,8.4,0,78,58,0,1,1,53.8,45.6,0.6,67.0,4.1,0,0,2,2,1,1,0,7,7.9
0,8,6.6,2,63,68,0,1,0,20.0,24.1,3.1,75.7,4.1,0,0,0,1,0,0,0,8,2.7
1,6,8.2,0,74,82,2,3,0,66.4,60.3,5.3,82.8,4.7,1,1,3,2,1,1,1,2,7.5
1,2,7.4,0,78,86,1,3,0,45.5,57.7,6.9,75.0,4.6,0,0,0,0,0,0,0,3,5.9
0,6,7.6,0,57,59,0,1,0,37.9,21.7,3.4,66.8,4.6,0,0,1,0,0,0,1,2,5.1
0,4,6.8,0,65,60,1,1,1,20.0,4.2,2.9,72.0,4.3,0,1,1,3,1,0,1,3,2.9
0,0,8.4,0,79,86,1,3,2,64.2,64.7,7.4,90.0,4.5,1,1,3,2,1,1,2,0,8.4
1,11,8.4,0,70,81,2,1,1,52.1,37.7,3.2,87.1,4.8,1,1,1,0,0,0,1,9,6.2
0,9,6.8,1,60,65,1,1,0,24.2,18.8,2.1,77.3,3.7,0,1,0,3,1,0,0,0,2.1
1,4,7.5,1,63,63,1,2,1,38.2,38.2,3.0,82.0,4.0,0,0,0,0,0,0,0,3,5.6
1,2,6.6,1,70,66,1,1,1,20.0,29.7,3.6,83.0,3.9,1,0,0,0,0,0,1,7,3.7
1,0,7.6,0,75,70,1,1,0,35.6,18.0,3.8,76.0,4.0,0,1,2,3,1,0,1,0,4.1
0,5,8.3,0,81,87,2,3,2,63.0,52.2,7.4,90.0,4.8,1,1,2,2,1,1,1,6,7.9
0,4,8.2,0,85,81,2,3,2,63.7,46.0,8.3,85.0,4.8,1,1,3,1,1,1,1,7,6.8
1,9,8.2,1,89,84,2,3,2,61.6,40.3,6.0,89.8,4.8,1,1,3,1,1,1,1,0,6.2
1,6,7.6,0,55,65,1,1,0,37.0,31.6,1.6,84.5,3.2,0,0,0,0,0,0,1,2,5.6
0,4,7.6,0,71,62,1,2,0,45.6,35.0,3.9,79.0,4.1,0,1,0,0,0,0,0,3,4.6
1,0,7.6,0,76,85,2,3,2,57.1,43.8,7.9,90.0,4.8,1,0,2,2,1,1,1,4,6.2
1,3,7.1,0,71,69,1,2,0,30.0,34.6,4.6,77.0,3.7,1,1,2,3,1,0,1,0,3.3
0,3,8.6,0,62,80,1,2,2,55.9,38.8,6.5,75.0,4.3,1,1,3,2,1,0,1,8,7.4
0,3,6.5,0,59,76,0,2,1,20.0,21.6,4.0,72.0,3.0,0,1,0,0,0,0,2,7,3.0
1,4,7.9,0,74,84,1,3,2,54.9,46.0,6.2,90.0,4.6,1,1,0,0,0,1,0,6,8.0
0,6,7.6,0,60,66,1,3,1,40.5,40.1,5.5,76.2,4.5,1,1,0,0,0,1,0,1,5.8
1,3,8.3,0,71,84,2,3,2,62.7,53.2,5.9,90.0,4.8,1,1,4,1,1,1,2,8,8.3
0,7,8.2,1,71,85,2,3,2,71.4,60.4,9.4,90.0,4.8,1,1,2,3,1,1,1,2,8.0
0,6,7.6,0,55,62,1,1,1,46.6,41.1,2.8,81.8,4.2,0,0,0,0,0,0,0,2,5.3
0,6,7.5,0,55,64,1,1,2,31.3,22.7,3.0,68.6,3.5,1,1,0,0,0,0,2,9,4.1
0,5,7.5,0,56,66,1,2,0,43.5,37.8,4.1,83.0,4.3,0,1,2,2,1,1,1,2,4.8
1,5,6.8,0,62,83,1,1,0,26.8,20.5,5.0,74.0,4.0,1,0,0,0,0,0,2,1,2.6
0,0,7.9,2,81,85,2,2,2,51.6,54.2,4.1,88.0,4.8,1,1,4,1,1,1,2,5,5.5
1,0,7.7,0,62,68,0,1,0,30.3,44.3,2.9,82.0,4.7,1,1,0,0,0,0,1,5,5.4
1,0,7.7,0,86,88,2,3,2,58.3,47.1,8.6,90.0,4.8,1,1,2,2,1,1,0,4,4.4
1,8,6.5,2,61,68,0,2,0,30.9,13.2,5.1,84.0,4.7,0,1,0,0,0,1,1,2,2.4
1,6,8.9,0,72,81,2,3,1,80.1,74.4,8.8,87.4,4.8,1,1,4,1,1,1,0,0,10.9
0,0,8.4,0,83,80,2,2,2,69.7,57.5,4.0,78.0,4.1,0,1,3,1,1,0,1,1,7.9
1,9,8.1,0,76,86,1,3,2,68.7,56.7,7.8,85.9,4.8,1,1,3,0,1,1,2,7,7.3
1,11,8.6,0,72,86,1,3,2,76.0,59.9,8.0,83.4,4.8,1,1,3,2,1,1,0,7,8.6
1,3,7.6,2,74,77,2,3,3,50.0,28.9,6.8,72.0,4.0,1,0,0,0,0,0,2,1,7.2
0,4,7.5,0,78,81,1,3,0,55.0,45.7,7.2,83.0,4.1,1,1,2,2,1,1,1,9,6.0
0,0,8.6,0,71,88,1,3,2,76.1,76.9,5.1,76.0,4.0,0,0,0,0,0,1,0,4,9.0
1,8,7.6,0,83,65,1,2,1,33.4,16.3,4.9,81.1,3.8,1,1,0,1,0,0,2,8,5.8
0,3,8.3,0,76,86,1,3,2,68.4,54.6,8.7,88.0,4.8,1,1,2,2,1,0,1,8,7.9
1,2,8.5,0,72,83,2,3,2,70.3,66.6,5.8,90.0,4.8,1,1,3,1,1,1,1,7,7.5
1,5,8.3,0,76,70,2,1,2,53.0,45.8,1.8,72.0,4.0,1,1,0,0,0,0,1,0,7.9
1,0,7.0,2,71,72,1,3,0,41.5,20.4,5.3,82.0,4.6,0,1,0,0,0,0,0,4,3.6
0,11,8.3,1,80,84,1,3,2,73.9,70.8,6.5,86.6,4.8,1,1,2,3,1,1,0,7,7.4
1,4,8.6,0,80,82,2,3,2,80.3,49.7,7.5,90.0,4.8,1,1,4,1,1,1,1,1,7.4
1,7,8.3,0,74,87,2,3,3,70.0,46.4,7.3,90.0,4.7,1,1,4,1,1,1,2,7,8.1
0,4,8.4,0,73,84,2,3,2,73.3,57.1,7.0,90.0,4.8,1,1,1,3,1,0,2,1,9.3
1,2,7.9,0,58,70,1,1,0,35.8,43.8,1.3,87.0,4.4,0,1,1,3,1,0,2,8,7.1
1,4,8.1,0,84,86,2,3,2,66.2,59.6,5.9,90.0,4.8,1,1,3,2,1,0,2,9,8.4
0,7,6.9,1,68,63,0,2,0,26.8,15.9,3.2,90.0,4.5,0,1,1,1,0,1,0,8,2.4
1,7,8.5,0,73,82,0,3,2,70.7,54.9,5.7,78.7,4.8,1,0,4,1,1,1,2,7,7.1
1,3,8.2,0,85,80,2,3,0,70.2,45.8,6.7,81.0,4.8,1,0,2,2,1,1,2,7,7.8
1,10,8.0,1,81,79,1,3,2,50.1,42.4,4.0,84.9,4.8,0,0,2,2,1,1,1,5,5.7
1,3,7.9,0,78,87,2,3,2,66.6,62.7,7.9,90.0,4.8,1,1,3,1,1,1,1,6,7.1
1,9,6.5,0,55,72,0,2,1,22.6,14.0,2.3,71.4,3.8,0,1,1,0,0,0,2,8,2.7
1,4,7.4,0,61,75,1,1,0,31.5,25.0,1.1,60.0,4.3,1,1,2,2,1,0,2,3,4.8
0,5,7.1,0,55,75,1,1,0,25.9,15.7,1.3,74.0,4.6,1,0,0,0,0,0,2,9,3.7
0,4,6.8,0,57,62,0,1,1,20.0,21.1,1.0,61.0,3.5,1,1,0,0,0,0,1,0,2.0
1,10,8.4,0,73,88,2,1,3,57.6,44.7,4.9,84.7,4.6,1,1,4,1,1,1,2,9,7.0
1,7,6.5,2,66,82,0,2,3,23.5,30.6,6.1,88.3,4.7,1,0,1,3,1,1,1,3,2.0
1,4,9.0,0,79,86,0,3,2,83.7,65.0,6.4,86.0,4.8,1,1,2,2,1,1,2,3,9.5
1,7,8.1,0,84,83,1,2,3,76.9,62.9,6.2,90.0,4.7,1,1,4,1,1,1,1,6,9.1
0,0,6.5,1,55,62,1,2,1,27.7,28.3,3.3,82.0,4.0,0,1,0,0,0,0,2,1,2.0
1,11,7.5,1,55,64,0,2,1,36.7,42.7,3.2,75.1,3.9,0,1,0,0,0,0,2,8,6.9
0,11,6.8,1,66,65,1,2,0,24.0,27.4,1.9,75.6,4.3,0,0,0,0,0,0,1,8,3.7
1,6,8.4,0,56,63,0,3,0,54.6,25.9,4.2,72.9,3.8,1,1,0,1,0,1,2,3,6.6
0,2,8.5,0,87,85,0,3,2,64.0,60.8,7.7,90.0,4.8,1,1,4,1,1,1,2,7,7.2
1,7,8.0,0,84,81,1,3,0,57.7,43.2,8.0,90.0,3.8,1,0,3,1,1,1,1,6,6.6
0,6,7.5,1,73,84,0,3,0,48.2,47.7,7.5,87.7,4.4,1,1,1,2,1,1,0,2,4.8
1,7,8.2,0,74,82,1,1,2,54.6,54.5,6.6,81.8,4.2,1,1,2,2,1,1,2,4,7.7
1,11,8.1,1,74,86,0,3,3,49.8,56.0,7.4,83.6,4.8,1,1,0,0,0,1,0,0,8.0
1,2,8.1,0,84,68,2,3,2,76.1,49.6,6.3,77.0,4.5,1,1,0,0,0,1,0,7,8.7
1,6,8.4,2,70,73,2,1,1,45.9,41.5,2.4,81.8,4.6,0,1,0,2,1,0,1,7,7.2
0,0,7.5,0,59,74,0,1,1,32.3,31.9,1.6,60.0,4.2,0,0,0,0,0,0,0,0,5.4
1,6,7.3,0,55,74,0,1,1,33.4,24.7,1.4,77.7,4.5,0,1,0,1,0,1,1,1,4.3
0,5,7.6,0,55,59,1,1,1,36.7,27.7,1.9,76.0,3.4,0,0,0,0,0,0,2,8,5.0
1,0,6.5,2,61,69,1,1,0,24.0,20.4,0.0,61.0,3.5,0,1,0,0,0,0,0,8,3.1
1,8,8.4,0,69,83,2,2,3,60.1,38.5,8.4,90.0,4.8,1,1,1,3,1,1,1,9,5.6
0,0,8.4,0,68,83,1,3,2,66.0,53.0,6.8,77.0,4.5,1,1,2,2,1,1,0,0,7.7
1,7,6.9,1,56,67,2,1,1,28.7,28.7,2.0,64.8,3.5,0,0,0,0,0,0,2,6,3.4
1,5,7.0,0,70,68,1,2,0,27.3,33.1,5.6,89.0,4.1,1,0,0,0,0,1,1,7,3.9
1,7,7.5,0,57,67,1,0,0,37.8,35.5,1.8,63.8,3.5,0,1,1,1,0,0,2,9,5.8
1,3,7.7,0,55,64,0,2,0,36.0,36.2,3.9,85.0,4.0,0,1,3,2,1,1,2,9,6.3
0,5,7.9,0,83,82,1,3,2,61.8,45.1,5.8,90.0,4.7,1,1,4,1,1,0,2,8,5.2
0,2,8.5,1,76,82,2,3,2,69.9,42.7,6.1,90.0,4.7,0,1,2,3,1,1,1,6,6.5
1,4,7.5,0,74,86,1,1,0,27.7,21.5,3.5,85.0,4.1,1,1,0,0,0,0,1,4,2.9
1,0,8.1,0,78,67,2,3,0,59.8,47.1,7.0,88.0,4.6,1,1,1,3,1,0,0,1,7.5
1,6,6.5,0,82,86,0,3,2,24.8,46.2,7.3,90.0,4.8,1,1,3,1,1,1,1,0,2.7
1,2,8.2,0,84,86,2,3,0,60.9,67.1,6.7,89.0,4.4,1,1,0,0,0,1,1,0,7.8
0,8,7.5,0,63,69,1,1,0,28.4,13.4,1.9,72.5,4.0,0,1,0,0,0,0,1,2,3.8
1,9,7.7,1,75,63,1,1,0,43.0,38.5,2.3,74.6,4.1,1,1,0,1,0,0,0,8,7.3
1,5,6.5,0,64,62,0,3,0,28.4,22.6,7.4,68.0,4.2,1,0,2,2,1,0,1,8,2.0
1,6,7.0,0,73,68,0,2,1,35.0,35.8,6.9,90.0,4.1,1,1,1,0,0,0,1,2,5.0
1,6,8.6,0,72,88,2,2,2,72.4,52.1,4.9,90.0,4.8,1,1,3,1,1,1,1,4,9.3
0,0,7.3,0,71,71,1,1,1,39.2,33.9,2.5,80.0,3.8,0,0,0,0,0,0,1,1,4.2
0,2,7.2,0,55,68,0,2,1,28.3,36.1,3.4,71.0,3.6,0,0,0,0,0,1,1,7,5.0
1,5,7.5,0,55,70,0,2,0,39.4,41.6,3.9,69.0,4.3,0,0,0,0,0,1,1,3,4.9
0,3,6.8,0,60,70,1,3,0,39.3,29.6,5.1,80.0,3.9,1,0,0,0,0,1,1,8,3.0
0,8,7.5,1,62,63,0,2,1,38.4,15.3,4.3,74.5,4.0,1,1,4,3,1,0,2,1,3.6
1,1,6.5,1,59,72,1,2,0,30.5,17.0,3.8,71.0,4.3,0,0,0,0,0,0,2,8,2.0
1,1,6.6,0,55,60,1,1,1,20.0,32.0,0.2,82.0,3.7,0,1,1,3,1,0,1,5,2.6
0,3,7.4,0,88,84,0,3,2,37.7,25.4,9.1,75.0,4.3,1,1,2,2,1,1,1,6,3.5
1,4,7.7,0,55,65,1,1,1,40.9,21.0,2.0,64.0,4.5,0,0,0,0,0,0,1,1,4.8
0,5,7.3,0,55,72,0,1,0,20.0,27.7,3.1,72.0,4.0,0,0,0,0,0,0,2,6,5.4
0,5,8.3,0,80,81,1,3,3,66.4,57.8,7.1,90.0,4.8,1,1,1,3,1,1,0,8,7.3
1,3,7.4,0,55,73,1,3,0,45.0,45.3,7.0,84.0,4.1,1,1,0,0,0,1,1,8,5.2
1,5,8.3,0,69,80,2,3,2,69.2,56.1,7.0,90.0,4.8,1,0,4,1,1,1,1,8,9.1
0,2,7.3,1,60,85,1,1,0,28.7,30.6,2.2,72.0,3.7,0,0,0,0,0,0,2,1,4.7
0,10,7.6,0,62,66,2,0,0,27.0,19.8,2.3,75.3,4.3,0,1,0,1,0,0,0,4,6.2
1,5,8.1,0,71,72,1,2,1,51.5,39.3,5.7,90.0,4.7,1,1,0,0,0,0,2,2,7.8
0,2,6.5,0,55,70,1,2,0,20.0,27.6,3.3,81.0,3.3,0,0,0,0,0,1,1,9,3.2
1,4,8.0,0,68,85,0,2,2,51.5,42.7,6.2,90.0,4.8,1,1,3,2,1,0,2,5,6.4
1,0,7.4,0,86,69,1,1,1,29.8,32.5,1.5,82.0,4.3,0,1,0,0,0,0,2,7,6.2
1,6,8.8,0,79,83,1,2,1,85.1,53.1,7.1,90.0,4.8,1,1,4,0,1,0,1,0,10.0
0,0,7.5,1,64,82,1,3,3,51.6,53.8,5.0,90.0,4.8,1,0,3,2,1,1,2,3,6.5
0,11,7.2,0,73,71,1,1,0,42.2,33.5,3.4,74.7,4.2,1,1,2,3,1,1,2,2,5.0
1,0,7.7,1,55,73,1,1,0,33.0,29.8,3.9,70.0,4.8,1,1,0,0,0,0,2,9,6.2
1,3,8.2,0,69,85,0,3,0,57.9,41.2,7.6,77.0,4.0,1,0,0,0,0,1,1,2,6.7
1,8,8.2,0,84,77,0,3,2,53.2,37.0,6.0,71.9,4.8,0,0,1,0,0,1,0,5,7.2
1,2,6.6,1,56,65,1,1,0,20.0,17.0,2.0,87.0,4.8,0,0,0,0,0,0,2,0,2.3
0,10,7.8,0,70,69,1,1,0,58.6,62.3,4.0,71.5,4.5,1,1,0,1,0,0,0,9,7.1
1,4,8.5,0,82,87,2,3,2,77.4,42.8,7.0,90.0,4.8,1,1,3,1,1,0,2,1,8.8
1,0,8.1,0,82,83,0,3,2,57.6,71.8,7.7,82.0,4.8,1,0,3,2,1,1,1,6,7.5
1,1,7.9,0,65,85,1,1,1,37.6,26.4,3.2,76.0,4.4,1,1,0,0,0,1,1,8,4.9
1,11,7.6,0,77,70,1,2,0,62.4,38.4,5.8,79.7,4.7,0,0,0,0,0,1,2,7,6.6
1,0,6.5,1,55,73,0,2,0,20.0,13.6,2.4,71.0,3.4,0,1,0,0,0,0,1,5,2.6
1,0,7.0,0,56,62,1,1,0,20.0,27.0,1.9,70.0,4.1,0,0,0,0,0,0,1,0,4.2
1,0,8.2,0,86,71,2,3,2,72.8,70.6,8.1,87.0,4.7,1,1,3,2,1,0,1,2,8.0
1,11,7.6,1,55,63,1,1,2,35.5,25.2,1.0,72.6,3.6,0,0,0,0,0,0,1,0,5.1
0,0,6.6,0,57,66,1,1,1,20.0,14.9,4.6,77.0,4.0,0,0,0,0,0,1,0,6,2.7
0,2,8.0,0,76,88,1,3,2,57.9,51.1,7.9,90.0,4.7,1,1,2,2,1,0,1,0,7.2
1,0,8.4,0,76,85,2,3,2,72.1,58.2,7.0,89.0,4.8,1,1,1,3,1,1,1,9,7.5
1,0,8.7,0,85,82,0,3,2,70.0,58.7,8.1,88.0,4.7,1,1,3,1,1,1,1,7,9.0
1,11,6.6,2,82,86,2,1,2,21.5,14.5,5.9,81.4,3.4,1,1,2,1,1,0,1,4,2.0
1,2,7.7,2,61,64,1,1,2,36.2,33.8,2.1,64.0,4.4,1,1,0,0,0,1,2,8,4.5
1,5,7.4,0,79,67,0,2,1,37.5,24.7,2.9,71.0,4.7,0,1,0,0,0,1,2,8,5.7
1,8,7.6,2,55,63,1,1,1,29.1,19.6,2.6,79.5,4.0,0,0,1,0,0,0,1,9,4.4
1,3,7.5,0,76,80,1,2,1,34.6,35.5,5.5,74.0,4.2,1,0,0,0,0,0,2,5,5.5
1,0,7.6,1,62,68,0,1,0,41.0,13.4,2.0,64.0,3.7,0,0,0,0,0,0,1,9,4.9
1,9,7.4,0,61,73,1,3,1,45.7,27.9,2.9,89.3,3.6,0,0,1,0,0,0,1,8,4.9
1,2,8.0,0,78,85,2,3,3,61.3,50.9,6.7,90.0,4.8,1,1,2,3,1,0,1,0,6.2
0,7,8.5,0,89,72,1,2,3,71.1,55.0,5.5,82.5,4.6,0,1,0,0,0,1,2,5,9.1
1,3,8.0,0,78,83,1,2,3,51.7,33.0,4.3,74.0,4.0,1,1,3,1,1,0,1,5,5.4
0,0,7.7,0,59,74,1,2,0,42.0,34.0,3.5,71.0,4.4,0,1,0,0,0,0,0,4,5.3
1,11,7.8,0,89,83,2,3,2,68.1,54.4,7.3,86.9,4.8,1,0,0,0,0,1,2,2,6.8
1,0,6.5,0,55,67,0,1,0,20.0,25.9,0.0,66.0,3.5,0,0,0,0,0,0,2,3,3.1
0,11,7.4,1,55,64,1,2,0,43.4,34.2,1.7,81.7,3.5,0,1,1,0,0,0,2,6,5.7
0,0,8.2,0,80,85,2,2,2,54.7,37.9,4.7,80.0,4.5,1,1,1,3,1,0,2,3,7.3
1,2,7.7,1,71,85,1,1,0,36.4,33.1,2.5,79.0,4.3,0,1,3,2,1,0,2,5,5.1
0,3,8.3,0,75,62,1,3,2,69.9,54.6,6.6,87.0,4.6,0,1,2,3,1,1,0,9,8.3
1,11,7.5,1,84,65,1,2,1,48.7,26.5,4.1,75.6,4.6,1,1,0,0,0,1,2,7,4.8
0,8,7.7,0,65,69,1,2,0,28.1,26.9,2.7,76.3,4.3,0,1,0,0,0,0,0,2,5.1
0,11,8.2,0,74,80,2,2,1,55.4,52.3,4.0,80.7,4.2,1,0,3,3,1,0,0,2,6.6
1,11,6.6,1,55,68,1,2,0,21.8,14.2,1.6,72.1,3.2,0,1,0,1,0,0,2,6,2.8
1,9,7.5,2,65,71,0,1,0,26.2,23.7,2.1,66.9,3.4,0,0,0,0,0,0,0,6,4.4
1,8,7.4,0,72,72,0,2,1,30.5,33.5,4.2,81.1,3.8,1,1,0,0,0,1,0,1,3.6
0,4,6.6,0,58,62,1,2,1,29.9,28.4,2.8,62.0,3.4,0,1,0,0,0,1,1,0,3.7
1,3,7.8,2,74,73,1,1,1,30.7,26.9,2.0,82.0,3.9,0,1,0,0,0,0,2,8,5.7
0,2,8.6,0,82,86,2,3,2,69.8,59.2,7.6,90.0,4.8,1,1,2,2,1,1,2,8,8.5
1,2,8.2,0,79,65,1,1,0,43.7,45.1,3.6,77.0,4.1,1,1,0,0,0,0,0,8,6.7
1,2,7.6,0,62,60,1,1,1,39.8,19.6,2.2,63.0,3.8,0,0,0,0,0,1,1,2,5.4
0,6,6.6,0,59,68,1,1,1,22.9,7.8,4.5,70.9,3.4,0,0,0,0,0,0,2,7,2.0
0,2,7.9,1,67,63,1,2,1,61.9,49.6,2.6,82.0,4.5,1,1,0,0,0,0,1,3,6.0
1,11,7.9,1,59,84,1,2,0,61.2,48.5,7.0,89.8,4.5,1,1,2,1,1,1,1,5,7.5
1,2,7.9,0,90,82,1,3,2,57.7,62.2,9.2,90.0,4.8,1,1,2,3,1,1,1,7,7.6
1,9,8.1,0,87,84,1,2,2,63.4,56.8,7.1,90.0,4.8,1,1,1,1,1,1,1,4,7.0
1,8,8.4,1,79,68,0,3,1,59.6,57.7,5.7,75.2,4.8,1,1,0,0,0,0,0,9,8.8
1,2,7.1,0,77,67,0,1,0,23.6,14.5,1.6,70.0,4.4,0,0,0,0,0,0,2,6,4.8
1,8,6.9,0,62,64,0,3,1,20.0,20.7,5.6,79.9,4.1,0,1,0,0,0,0,0,7,2.6
0,3,8.1,0,64,82,2,2,2,58.6,60.5,5.7,90.0,3.7,1,1,2,2,1,0,2,8,6.9
0,6,8.0,1,74,80,2,2,0,69.4,58.4,5.9,89.3,4.2,1,1,4,2,1,1,2,2,6.6
1,8,7.7,1,76,80,0,3,3,51.7,31.6,5.9,70.0,3.8,1,1,0,1,0,1,1,2,4.3
1,9,6.5,0,82,69,0,3,3,20.9,14.7,5.9,73.6,4.3,1,1,1,1,0,0,2,9,2.2
1,0,8.3,0,88,77,1,3,1,63.5,67.3,6.5,90.0,4.5,1,1,1,3,1,1,0,2,7.6
1,0,8.1,0,55,63,1,2,3,55.8,44.9,4.3,85.0,4.6,1,1,0,0,0,0,0,0,7.0
0,4,7.5,0,55,62,0,2,0,40.8,48.3,5.7,71.0,3.4,0,0,0,0,0,0,1,1,5.9
1,3,7.9,1,78,81,1,1,0,39.6,31.8,2.0,89.0,4.5,1,1,3,2,1,1,2,6,5.4
1,3,6.9,2,69,69,1,2,1,34.7,28.6,5.7,60.0,4.8,1,1,0,0,0,0,2,7,4.7
1,3,8.4,0,88,80,2,3,0,77.1,55.8,6.4,90.0,4.8,1,1,3,2,1,1,1,8,8.8
1,7,8.9,1,71,84,1,2,1,79.2,66.7,5.3,87.7,4.6,1,1,3,2,1,1,2,1,11.2
1,0,8.7,0,80,84,2,3,2,75.6,70.1,7.2,90.0,4.8,1,1,2,3,1,1,1,1,9.2
0,3,8.5,0,78,64,1,3,0,66.4,53.2,5.6,75.0,4.8,1,1,0,0,0,0,0,8,7.2
1,3,8.0,0,62,61,0,1,1,35.8,20.4,3.7,67.0,4.1,1,1,4,1,1,1,1,4,4.6
0,3,8.3,0,89,68,1,1,2,40.7,37.2,3.3,88.0,3.8,1,1,4,1,1,0,2,1,5.8
1,0,8.0,0,72,83,2,3,2,62.4,63.6,8.1,87.0,3.7,1,1,2,2,1,1,1,0,8.0
1,10,7.6,0,55,74,1,1,1,41.1,38.6,4.8,75.4,4.2,0,1,0,1,0,0,1,7,5.8
1,2,8.4,0,76,82,2,3,2,63.9,62.0,6.4,90.0,4.1,1,1,3,2,1,1,2,0,7.4
0,6,6.7,1,55,65,1,1,0,20.3,22.5,0.9,77.4,3.9,0,1,0,0,0,0,0,9,2.6
1,2,6.5,0,55,66,0,1,1,20.0,10.3,2.6,60.0,4.1,0,0,0,0,0,0,0,1,2.0
1,2,8.7,0,88,80,2,3,2,79.7,67.8,4.8,83.0,4.8,1,1,0,0,0,1,0,8,10.6
1,6,7.4,0,72,85,0,2,0,43.4,56.6,4.9,78.5,4.5,0,1,1,0,0,1,0,9,4.5
1,0,7.7,0,65,74,1,1,1,40.8,33.2,0.8,75.0,4.5,0,1,0,0,0,0,1,0,6.1
1,4,7.3,0,85,87,2,3,2,45.7,25.7,7.5,90.0,4.0,1,0,2,3,1,1,1,4,3.0
1,0,7.3,0,55,74,1,1,1,30.4,21.5,0.9,76.0,4.5,0,1,0,0,0,0,2,1,4.4
1,0,8.7,0,80,83,2,3,2,81.1,50.2,6.5,90.0,4.8,1,1,3,1,1,1,2,4,6.9
1,2,6.6,0,55,67,1,1,0,20.0,21.7,1.4,70.0,4.1,0,0,0,0,0,0,2,4,2.0
0,9,7.5,0,66,84,0,2,2,41.9,48.3,4.7,76.3,4.1,0,1,0,3,1,0,1,6,5.8
1,8,8.7,0,70,84,1,3,0,72.1,70.6,6.0,89.1,4.5,1,1,2,2,1,1,1,8,10.1
1,8,7.5,0,57,70,1,2,1,38.4,18.2,4.7,69.7,3.8,0,1,0,0,0,0,0,0,4.3
1,10,8.3,0,82,77,2,3,2,70.7,66.0,8.1,84.9,4.8,1,0,0,0,0,1,0,8,9.7
0,2,6.8,0,71,62,1,1,1,20.0,11.9,2.7,85.0,3.9,1,0,0,0,0,0,1,8,2.0
1,0,7.6,0,63,68,1,1,1,36.2,27.1,2.1,77.0,4.8,0,1,0,0,0,1,1,4,5.8
1,10,7.1,0,55,66,1,2,0,34.2,17.8,5.0,68.0,3.2,0,1,0,0,0,0,1,8,5.1
0,5,8.4,0,90,85,2,3,2,73.2,51.1,5.5,90.0,4.8,1,1,3,2,1,0,2,8,8.7
1,5,7.7,0,55,72,0,1,0,27.2,29.6,1.0,77.0,3.4,0,1,3,1,1,0,0,8,4.3
1,10,7.7,0,55,65,1,1,3,38.7,37.7,2.5,77.5,4.4,0,1,0,0,0,1,2,4,3.6
1,2,7.3,0,56,75,1,2,1,33.9,28.2,4.4,73.0,4.0,0,0,0,0,0,0,0,2,5.0
1,5,7.4,0,78,79,2,1,0,31.9,35.6,5.2,73.0,4.1,1,1,0,0,0,0,2,2,4.4
1,5,7.8,0,55,57,1,1,0,34.7,23.7,0.6,77.0,3.8,0,0,0,0,0,0,1,8,5.3
1,2,8.4,0,85,67,0,3,0,64.6,41.0,6.4,83.0,4.5,1,1,4,1,1,1,0,7,7.6
1,0,8.2,0,60,79,2,1,2,54.1,59.7,4.4,77.0,4.8,1,1,0,0,0,0,1,4,7.2
1,7,8.7,0,76,82,2,3,2,75.2,47.3,7.1,83.2,4.7,1,1,1,3,1,1,1,5,8.5
0,2,8.4,0,55,81,1,1,0,57.0,46.5,4.0,80.0,3.7,1,1,0,0,0,0,2,6,7.4
1,0,8.4,0,62,66,0,1,1,54.5,45.5,3.0,66.0,3.8,0,0,0,0,0,0,0,5,8.3
0,2,7.7,0,63,87,0,2,0,32.0,25.5,3.3,72.0,4.5,0,1,0,0,0,1,2,4,5.7
0,2,7.9,0,55,72,1,1,0,37.7,36.6,0.9,80.0,3.8,0,0,0,0,0,0,1,7,6.8
0,2,8.1,0,80,85,1,3,2,55.7,42.0,6.2,89.0,4.6,1,1,3,2,1,1,2,1,6.6
0,9,6.5,1,56,68,0,2,0,25.6,23.9,4.8,76.7,3.5,0,1,0,3,1,0,1,9,2.0
0,5,6.7,1,66,69,1,1,1,20.0,34.3,2.0,79.0,3.5,0,1,0,0,0,0,1,7,2.6
0,10,8.6,0,70,85,1,3,1,76.7,71.5,5.3,90.0,4.8,0,1,4,1,1,1,2,4,10.3
1,4,7.7,0,55,63,2,2,1,46.5,37.7,3.5,74.0,4.1,0,1,0,0,0,0,0,7,6.5
0,7,8.3,0,74,80,1,3,3,61.4,59.3,5.7,75.6,4.0,1,1,1,0,0,1,0,1,8.3
1,1,7.4,0,71,69,0,1,1,26.7,29.6,2.7,90.0,4.8,1,1,0,0,0,0,1,8,5.0
1,8,7.6,0,69,88,1,1,0,28.0,17.4,2.7,71.0,4.0,1,1,0,0,0,0,1,7,4.7
1,3,7.5,0,55,69,1,1,0,31.5,28.6,2.5,60.0,3.9,0,0,0,0,0,0,2,8,5.3
1,1,8.4,0,77,83,2,2,3,63.6,61.3,5.2,90.0,4.6,1,1,3,2,1,1,1,8,8.7
0,11,6.5,2,61,63,2,0,0,23.7,19.3,2.9,66.1,4.8,1,0,1,0,0,0,2,9,2.2
1,7,7.8,1,87,83,1,2,0,57.8,50.5,4.4,83.6,4.8,1,1,1,2,1,1,2,6,7.2
0,0,7.6,0,85,61,0,2,0,35.3,22.3,5.1,80.0,3.7,1,0,0,0,0,0,2,2,4.7
1,6,8.3,0,71,84,1,3,0,65.8,55.4,7.0,84.6,4.8,1,1,2,2,1,1,0,5,7.5
1,11,8.5,1,78,73,1,3,3,70.3,47.4,6.1,77.6,4.5,1,1,1,3,1,1,0,0,8.0
1,10,8.1,1,75,83,2,3,3,68.5,64.7,9.0,89.5,4.8,1,1,2,2,1,1,2,7,9.3
0,5,6.5,1,57,68,1,2,0,25.6,23.9,5.1,77.0,3.5,0,1,1,3,1,0,2,4,3.5
0,5,6.8,0,55,71,0,2,1,23.7,13.4,5.1,65.0,4.8,0,1,0,0,0,0,1,8,2.0
1,0,7.4,2,74,82,1,3,0,42.0,31.9,6.3,78.0,4.6,1,1,0,0,0,0,2,2,3.8
1,0,8.4,0,71,84,2,2,2,72.1,62.2,4.2,77.0,4.8,1,1,3,2,1,0,0,3,9.9
0,2,7.6,0,70,63,1,1,1,27.6,21.6,1.8,63.0,4.5,0,0,0,0,0,1,2,8,4.1
0,6,6.5,0,61,63,2,2,1,23.0,13.3,3.3,66.9,4.0,0,0,1,0,0,0,1,5,2.1
1,4,7.3,1,61,66,1,3,0,40.5,40.2,6.5,84.0,4.6,1,0,0,0,0,1,2,4,5.5
1,0,8.4,0,79,84,1,3,0,63.5,51.4,5.7,77.0,4.7,1,1,2,3,1,0,2,0,6.9
1,6,8.2,0,83,88,2,3,1,75.0,58.5,8.9,90.0,4.6,1,1,3,0,1,1,1,3,8.0
1,4,7.6,0,55,69,1,1,1,33.2,38.0,1.2,70.0,3.8,0,1,3,1,1,0,0,7,5.0
1,0,8.4,1,79,85,2,2,0,66.0,56.5,5.8,74.0,4.4,1,0,0,0,0,0,2,4,8.0
1,4,7.5,0,68,73,1,1,0,26.4,19.5,3.6,90.0,4.6,0,1,0,0,0,0,2,0,2.7
1,3,8.0,0,85,87,1,1,0,31.0,29.6,3.5,81.0,4.6,1,1,0,0,0,1,1,8,5.5
0,1,7.4,0,55,65,1,1,0,35.2,29.5,2.3,77.0,3.8,0,0,0,0,0,0,2,1,5.2
1,3,8.4,0,55,66,1,2,2,58.7,50.6,4.5,81.0,4.2,1,1,2,3,1,1,1,2,7.6
1,0,7.8,0,72,79,1,3,0,50.6,52.1,6.6,79.0,4.8,1,1,0,0,0,0,1,5,6.3
0,1,7.0,0,55,80,1,2,0,29.0,42.2,5.8,73.0,4.5,0,1,0,0,0,0,2,4,5.0
0,4,7.5,2,55,65,1,3,0,49.5,65.0,7.4,77.0,4.0,1,1,0,0,0,0,1,2,7.5
0,5,8.0,0,72,88,1,3,3,58.9,53.0,7.9,90.0,4.6,1,1,2,2,1,0,2,8,6.6
1,10,8.0,0,83,82,0,3,2,61.7,42.2,6.4,81.7,4.6,1,1,2,2,1,0,2,8,7.4
1,3,8.0,0,77,82,0,3,2,50.7,32.2,6.7,76.0,4.7,1,1,2,3,1,1,1,9,6.0
1,5,8.5,0,84,88,2,3,0,71.4,42.6,9.5,90.0,4.7,1,1,3,1,1,1,1,1,8.5
0,3,8.0,0,79,78,2,2,2,49.9,48.2,3.3,87.0,3.8,1,1,3,2,1,1,2,6,6.4
1,4,8.4,0,81,63,1,2,1,66.9,58.7,4.6,73.0,4.0,1,0,0,0,0,0,1,3,9.9
1,0,8.5,0,80,83,1,2,2,58.1,52.1,4.6,90.0,4.8,1,1,4,1,1,0,1,1,7.8
0,1,7.4,0,72,85,1,1,2,28.0,38.1,2.9,90.0,4.3,1,1,2,3,1,0,1,8,4.2
1,11,8.2,1,67,84,2,2,1,72.2,45.9,7.5,78.6,4.5,1,1,1,0,0,1,0,8,7.5
1,0,7.7,0,55,74,1,1,0,38.0,31.8,1.7,65.0,3.0,0,0,0,0,0,1,0,7,6.7
0,5,7.5,0,58,70,1,1,0,33.9,26.8,3.0,77.0,4.1,0,1,0,0,0,0,1,7,3.8
0,4,8.3,0,55,64,2,1,2,59.3,52.1,2.1,75.0,3.9,0,0,0,0,0,1,2,6,7.5
0,5,6.5,1,72,87,1,1,1,20.0,22.6,1.3,84.0,4.4,1,1,1,3,1,0,1,3,2.9
0,4,8.2,0,55,82,0,1,1,46.0,33.4,0.8,64.0,3.9,0,1,0,0,0,0,0,4,6.5
0,4,7.7,0,65,70,1,1,0,37.4,34.8,3.6,70.0,4.4,1,1,0,0,0,0,1,6,4.0
1,4,8.5,0,76,83,1,3,0,61.5,61.1,9.0,88.0,4.7,1,1,2,2,1,1,2,2,7.3
0,8,6.5,2,64,66,2,1,0,20.0,4.2,1.3,87.0,4.8,0,0,3,3,1,0,0,0,2.0
1,2,7.7,0,57,63,1,2,1,43.5,24.0,3.6,69.0,4.1,1,0,0,0,0,0,1,8,4.4
0,9,6.8,1,55,69,0,2,0,23.8,8.8,5.3,70.1,4.2,1,0,1,0,0,0,1,8,3.4
0,4,7.7,0,75,58,1,1,0,40.2,33.6,2.7,76.0,3.8,0,1,0,0,0,0,1,8,4.3
1,0,8.6,0,81,80,1,2,3,65.7,52.4,5.8,76.0,4.7,1,1,0,0,0,0,1,1,8.8
0,0,8.3,0,55,80,2,3,1,70.1,52.9,6.9,80.0,4.6,1,0,0,0,0,1,2,3,9.9
0,6,8.3,0,85,82,1,3,2,71.7,53.9,8.5,90.0,4.7,1,1,2,3,1,1,1,6,8.0
1,0,8.4,0,55,80,1,3,1,55.7,46.7,7.8,85.0,4.8,1,1,0,0,0,0,0,7,9.0
1,0,8.0,0,71,87,2,3,2,65.5,61.6,8.0,90.0,4.8,1,1,3,1,1,1,0,5,7.1
1,3,8.0,0,81,77,1,3,0,53.7,69.4,6.7,87.0,4.3,1,1,2,2,1,1,2,8,7.8
1,0,8.4,0,81,69,1,3,0,64.0,57.2,7.5,84.0,4.4,1,1,3,1,1,0,2,4,8.2
1,7,8.2,1,76,81,0,3,1,68.0,47.7,5.4,81.5,4.8,1,1,4,1,1,1,2,8,7.3
1,5,7.7,1,55,59,1,1,0,41.3,33.2,1.3,64.0,4.1,0,0,0,0,0,1,2,9,6.1
1,2,8.5,0,78,82,1,3,0,75.6,67.1,7.7,90.0,4.8,1,1,3,2,1,1,2,4,7.5
0,2,7.0,0,57,64,1,2,1,31.1,34.9,3.4,84.0,3.9,0,1,0,0,0,0,1,7,4.3
1,2,8.0,0,83,81,0,3,2,48.6,25.9,6.7,87.0,4.5,1,1,1,3,1,0,1,8,6.0
1,6,8.5,0,82,65,0,3,0,70.2,67.0,6.9,89.5,4.8,1,1,4,1,1,1,1,1,8.4
1,7,7.6,0,55,64,2,1,2,37.0,23.8,1.1,79.0,3.5,1,1,0,0,0,1,1,6,5.5
1,3,8.2,0,82,80,2,3,3,72.8,69.1,8.2,81.0,4.8,1,1,4,1,1,0,1,3,10.5
0,5,8.1,0,55,73,2,1,0,43.5,29.2,2.1,82.0,4.4,0,0,0,0,0,0,1,5,6.5
1,2,7.2,0,63,71,1,1,0,20.9,20.9,1.4,65.0,3.7,0,0,0,0,0,0,1,5,2.0
0,8,6.8,0,55,78,1,0,1,20.0,11.1,0.6,66.1,4.1,0,0,0,0,0,0,1,8,4.1
0,8,8.1,0,79,85,2,3,3,60.8,56.6,7.5,89.6,4.5,1,1,4,2,1,1,1,8,6.5
0,4,7.9,0,84,88,2,3,2,65.2,54.1,6.7,90.0,4.8,1,1,3,1,1,0,2,6,6.6
0,0,8.0,0,84,88,1,3,2,55.1,41.2,8.8,89.0,4.3,1,1,1,3,1,0,2,4,4.4
1,0,6.5,0,55,68,2,1,0,23.3,22.8,1.8,69.0,3.7,0,0,0,0,0,0,1,0,2.7
0,3,7.8,1,60,70,1,1,1,33.3,27.5,3.5,67.0,3.5,0,0,0,0,0,0,2,9,4.0
0,6,7.8,1,70,80,1,2,0,57.2,50.5,4.5,80.8,4.4,1,1,0,0,0,1,1,7,5.5
0,3,7.0,1,69,81,0,1,1,21.7,16.9,3.5,67.0,4.1,0,1,0,0,0,0,1,1,3.4
1,0,7.7,0,85,83,1,3,2,49.8,43.7,7.7,85.0,4.8,1,0,0,0,0,0,2,5,7.0
1,8,6.6,2,75,76,1,1,0,20.0,18.7,4.7,82.2,3.7,1,1,3,3,1,1,2,0,2.0
0,9,8.8,1,64,79,0,3,0,75.1,58.1,7.0,81.8,4.8,1,1,3,3,1,1,2,1,10.0
0,2,8.4,0,81,68,0,3,2,60.3,38.5,5.7,74.0,4.5,1,1,2,3,1,0,0,4,8.0
0,5,6.6,1,68,64,1,1,0,20.0,19.3,3.2,74.0,4.7,1,0,0,0,0,0,1,8,3.4
1,0,8.0,0,72,83,0,2,2,40.0,25.5,6.5,87.0,4.7,1,0,0,0,0,0,2,4,5.8
0,0,8.4,0,55,63,1,2,0,51.2,34.2,4.5,80.0,3.3,0,0,0,0,0,1,2,0,7.0
1,10,7.9,0,68,69,1,1,2,43.6,47.1,3.9,79.0,4.6,1,1,1,0,0,1,1,8,6.8
1,7,7.1,0,74,87,0,3,2,36.7,25.9,7.5,90.0,4.8,1,1,2,2,1,1,0,7,4.1
1,11,7.6,0,79,62,0,2,0,34.8,23.9,0.9,76.9,4.8,0,0,0,0,0,0,1,9,4.4
1,3,7.8,0,56,88,1,3,1,48.8,40.0,7.0,84.0,4.5,1,1,0,0,0,0,0,9,5.7
0,9,7.7,0,78,72,1,0,0,41.0,36.6,3.7,70.8,4.3,0,1,0,1,0,0,1,8,5.0
1,6,7.8,0,71,65,2,2,1,50.1,41.6,3.4,86.0,4.3,1,1,3,2,1,0,1,2,4.9
1,6,8.8,0,80,84,1,3,0,79.1,63.1,8.4,86.4,4.8,1,1,3,2,1,1,0,6,8.8
1,4,8.2,0,62,68,0,1,0,39.2,31.1,0.6,71.0,4.8,0,0,0,0,0,0,2,8,6.2
0,1,7.4,0,72,66,1,1,0,28.8,32.0,2.2,79.0,4.8,0,1,0,0,0,0,1,1,5.0
1,3,8.1,0,83,86,2,3,2,58.3,67.5,7.4,82.0,4.7,1,1,3,1,1,0,1,8,7.6
1,4,8.0,0,83,86,2,3,2,59.2,58.1,7.2,90.0,4.8,1,1,2,2,1,1,1,1,7.5
1,7,8.5,0,78,62,1,3,0,75.3,61.5,5.4,76.4,4.3,1,1,2,2,1,1,2,7,9.1
0,6,7.6,1,87,65,2,1,2,44.0,42.4,6.9,83.4,4.7,1,1,0,1,0,1,1,2,7.0
1,11,7.4,0,63,83,2,3,0,55.0,29.8,6.4,84.4,4.6,0,0,0,0,0,1,2,6,4.7
1,4,8.6,0,71,81,2,3,2,72.5,55.1,8.0,90.0,4.8,1,1,3,1,1,1,1,0,8.0
1,5,6.5,1,57,79,1,1,1,20.0,24.3,2.8,76.0,4.8,1,0,0,0,0,1,1,8,2.4
1,2,8.7,0,69,79,1,1,1,57.3,46.3,1.5,80.0,4.1,1,1,1,3,1,1,2,8,6.9
0,0,8.4,0,68,83,1,1,2,42.1,38.2,2.5,83.0,4.5,1,1,0,0,0,0,0,0,6.1
1,0,8.0,0,81,86,1,3,2,62.3,46.5,7.1,90.0,4.8,1,1,2,2,1,1,1,9,5.5
0,9,7.3,0,64,82,1,1,2,33.5,38.0,4.7,90.0,4.4,0,1,1,3,1,0,2,9,4.6
0,0,8.3,1,75,65,0,2,0,59.4,49.5,3.3,79.0,4.3,0,0,3,2,1,0,1,0,7.6
1,0,7.7,2,59,61,1,1,1,39.2,22.5,2.0,66.0,4.1,0,1,0,0,0,0,0,7,5.2
0,2,6.7,0,76,66,0,1,0,20.0,18.4,0.5,79.0,4.4,0,0,0,0,0,0,2,0,3.7
1,2,8.5,0,78,83,2,3,2,71.5,60.8,7.0,90.0,4.8,1,1,3,1,1,1,0,8,7.2
0,4,8.4,0,70,67,1,2,2,60.2,52.2,5.2,72.0,4.6,1,1,0,0,0,1,1,4,8.9
0,10,8.4,0,88,85,2,2,1,58.7,59.7,3.8,87.2,4.8,1,1,3,2,1,1,2,9,6.9
0,2,8.7,0,74,84,2,2,2,69.8,68.1,5.5,90.0,4.8,1,1,3,2,1,1,2,2,8.2
1,0,8.2,0,81,66,0,1,1,42.5,37.1,3.4,85.0,4.7,1,0,0,0,0,0,1,1,6.6
0,2,7.9,0,62,74,1,1,0,42.1,38.6,0.9,68.0,3.9,0,0,0,0,0,0,0,8,5.0
1,3,8.8,0,58,69,0,1,0,62.4,42.3,0.5,84.0,4.5,0,1,3,1,1,0,2,4,7.4
1,3,7.5,0,68,69,1,3,2,49.9,48.6,6.1,78.0,4.8,0,1,0,0,0,0,2,3,6.3
1,3,6.5,0,75,69,0,1,0,20.0,30.9,0.6,80.0,3.9,0,1,0,0,0,0,0,8,3.3
0,7,7.7,1,79,85,0,3,1,58.5,57.7,6.4,83.4,4.8,1,1,3,1,1,0,1,4,6.7
1,9,8.5,1,66,83,0,2,3,61.8,63.2,6.9,88.8,4.6,1,1,1,0,0,0,1,8,9.6
1,5,8.0,0,84,81,2,3,3,68.1,43.8,8.0,90.0,4.6,1,1,2,3,1,1,0,3,6.1
1,0,8.1,0,55,70,1,2,0,56.8,52.1,5.5,81.0,4.2,0,0,0,0,0,0,2,2,6.8
0,9,7.5,0,68,85,1,0,2,34.7,24.4,3.3,81.6,4.6,1,1,2,2,1,0,2,7,4.4
0,9,8.3,0,55,73,0,3,2,50.2,50.3,4.2,70.7,4.4,1,1,3,3,1,0,1,1,8.0
1,1,7.7,1,64,81,1,2,0,50.6,33.3,4.4,78.0,3.6,0,1,0,0,0,1,2,8,6.3
1,2,7.4,2,69,63,0,1,1,20.0,36.5,2.0,69.0,3.5,0,0,0,0,0,0,2,6,4.3
1,3,6.5,2,55,60,1,1,1,20.0,22.9,4.1,70.0,3.3,0,1,0,0,0,0,2,0,2.0
0,7,8.1,0,64,76,1,0,1,51.1,26.7,2.6,83.3,4.4,1,0,4,2,1,1,2,5,5.0
0,5,7.7,0,71,68,1,2,0,57.3,61.8,4.0,71.0,4.5,1,1,0,0,0,0,1,8,7.2
1,7,7.7,0,83,82,1,1,1,43.0,37.9,3.7,75.5,4.5,1,1,0,0,0,0,2,5,5.7
0,1,7.7,0,61,83,1,3,2,49.0,37.9,7.5,76.0,4.4,1,1,0,0,0,0,0,8,6.0
1,7,7.8,0,77,68,0,2,0,49.7,46.1,5.8,85.8,4.8,1,1,4,1,1,0,1,4,6.9
1,7,8.6,0,90,80,2,3,2,83.9,74.0,8.6,90.0,4.8,1,1,2,0,1,1,1,0,8.8
1,5,8.0,0,77,74,1,3,0,55.1,37.6,8.6,79.0,4.8,1,1,0,0,0,1,0,8,6.0
0,6,8.5,0,72,86,1,1,0,61.5,60.7,1.5,86.7,4.4,1,1,4,2,1,1,2,4,7.6
1,9,8.4,0,81,88,1,2,3,58.8,50.0,5.8,89.9,4.8,1,1,0,0,0,0,1,8,7.6
0,9,6.5,1,56,66,0,2,1,20.5,31.3,2.0,81.3,4.0,0,1,0,0,0,0,1,1,2.9
1,1,7.3,0,55,65,1,2,0,40.1,17.4,3.6,65.0,4.2,0,0,0,0,0,0,1,9,5.9
1,2,7.9,0,61,66,1,3,0,62.2,63.9,5.5,78.0,4.4,0,0,0,0,0,0,0,0,8.8
0,3,7.5,0,79,83,1,3,0,41.6,29.2,6.0,80.0,4.0,1,1,0,0,0,0,0,1,5.8
1,0,8.1,0,77,87,1,3,1,67.7,66.3,5.6,88.0,4.4,0,1,3,1,1,1,0,4,8.3
0,5,8.1,0,82,84,2,3,0,64.2,64.0,7.7,74.0,4.3,1,1,0,0,0,1,2,8,8.0
1,0,8.7,0,79,86,2,3,2,76.2,67.0,8.9,83.0,4.8,1,1,3,2,1,1,2,4,9.0
1,4,6.7,0,55,67,1,1,0,20.0,13.5,3.6,75.0,3.1,1,1,0,0,0,0,1,3,2.0
1,3,7.3,0,55,65,1,1,1,23.9,7.6,2.6,69.0,4.2,0,0,0,0,0,0,1,8,3.0
1,6,8.4,2,80,84,1,3,2,73.9,65.6,7.1,86.0,4.8,1,1,0,0,0,1,1,2,9.8
0,0,7.2,0,55,64,0,2,1,33.5,30.5,5.1,77.0,4.0,0,1,0,0,0,0,0,3,5.0
1,5,6.8,0,67,61,0,1,0,20.0,29.3,2.3,60.0,3.9,0,0,0,0,0,0,0,8,2.5
1,3,8.6,0,75,88,2,3,1,75.2,60.3,7.5,90.0,4.8,1,1,4,1,1,1,1,1,9.0
1,1,6.7,1,73,67,1,2,0,20.0,23.8,3.0,78.0,4.6,0,1,1,3,1,0,1,9,3.6
0,0,7.4,0,72,75,1,1,1,26.5,27.1,0.5,70.0,4.3,0,1,0,0,0,1,2,2,5.1
1,11,7.7,0,56,63,1,2,2,44.5,26.0,3.6,69.3,4.1,1,0,0,1,0,0,0,8,4.5
1,9,7.1,0,58,74,1,3,1,33.2,24.0,3.8,79.8,4.7,0,1,2,1,1,1,1,7,3.8
1,4,6.8,1,60,67,1,1,1,20.0,20.4,0.4,75.0,3.8,0,1,0,0,0,0,1,6,2.9
0,9,7.3,0,61,67,0,2,1,23.4,16.6,4.2,70.0,3.7,1,1,1,0,0,1,2,8,4.7
1,0,8.8,0,84,83,2,3,2,83.3,59.5,6.9,90.0,4.8,1,1,1,3,1,1,2,3,8.8
1,0,7.5,0,60,57,1,1,0,34.6,33.3,1.5,71.0,4.0,0,0,0,0,0,0,1,5,5.7
1,8,8.2,0,71,88,2,3,1,60.7,43.2,7.6,90.0,4.8,1,1,3,2,1,0,0,8,6.4
1,9,8.4,0,75,85,2,3,3,76.7,68.9,4.8,87.8,4.8,1,1,1,3,1,0,1,8,10.4
0,9,6.6,0,73,65,0,2,1,37.7,35.1,6.8,90.0,4.6,1,1,1,0,0,0,0,8,4.2
1,10,7.6,1,62,67,1,1,1,34.5,36.3,0.6,61.6,3.9,0,0,0,0,0,0,0,1,5.1
0,4,7.7,0,55,64,1,1,0,36.7,29.6,0.9,77.0,3.7,0,0,0,0,0,0,1,0,5.9
1,2,7.3,0,60,64,1,1,1,20.3,22.3,1.6,66.0,4.4,0,0,0,0,0,0,0,8,2.7
1,2,8.1,0,84,88,0,2,2,52.4,33.1,5.5,75.0,4.3,1,1,3,2,1,1,0,7,5.7
1,3,8.0,0,78,70,0,3,2,46.8,38.0,6.6,87.0,4.7,1,1,2,3,1,0,1,8,5.1
0,4,8.3,0,85,82,2,3,2,67.1,48.8,8.1,90.0,4.7,1,1,2,2,1,0,1,4,6.6
0,7,6.6,2,80,86,2,2,1,22.4,22.4,1.8,87.7,4.1,1,1,1,0,0,0,2,6,2.3
1,4,6.7,0,55,64,1,1,2,20.0,6.6,2.5,80.0,4.4,0,1,2,2,1,0,1,1,3.0
1,5,7.9,0,64,69,1,1,2,44.4,33.7,2.6,72.0,4.8,1,0,3,1,1,0,1,1,5.7
1,0,6.5,0,55,66,1,1,1,20.0,13.6,1.1,78.0,4.0,0,0,0,0,0,0,1,2,2.2
1,10,8.0,0,78,83,0,3,2,50.8,54.4,7.8,88.5,4.7,1,1,4,2,1,0,2,8,7.4
0,5,7.4,0,55,70,1,1,0,31.1,27.4,1.3,74.0,3.8,0,1,0,0,0,0,1,7,3.3
1,9,7.9,1,70,78,2,3,2,38.1,29.7,3.4,77.6,4.4,0,1,0,0,0,0,1,8,5.7
1,6,7.4,0,75,72,2,2,0,54.5,38.5,5.0,88.1,4.6,1,1,2,1,1,0,1,2,5.9
1,0,7.7,1,80,87,2,3,2,62.2,55.9,7.4,82.0,4.8,1,1,0,0,0,1,1,4,7.0
0,3,7.3,0,78,87,0,1,2,20.0,18.9,2.9,82.0,4.7,1,1,3,2,1,0,0,8,2.9
1,7,7.6,0,59,65,0,3,1,48.8,40.0,1.8,74.3,4.2,0,1,3,3,1,0,2,0,6.1
1,11,6.5,0,58,67,1,0,0,24.4,32.8,3.1,72.6,4.0,1,0,2,2,1,0,1,1,2.3
0,0,8.0,0,59,86,0,3,2,48.2,47.4,7.8,90.0,4.1,1,1,0,0,0,1,1,2,5.9
0,2,8.5,0,82,84,1,2,2,58.3,40.2,5.7,79.0,4.3,1,1,3,2,1,0,1,4,7.4
1,4,8.1,0,82,85,0,2,2,42.4,31.1,6.1,80.0,4.4,1,0,3,2,1,1,0,3,5.9
1,2,8.3,0,81,87,2,3,2,75.8,55.2,5.6,90.0,4.8,1,1,2,2,1,1,1,8,9.2
1,3,7.8,0,81,79,1,2,0,56.3,50.2,3.5,90.0,4.0,1,1,0,0,0,1,1,0,4.9
0,4,8.5,0,85,84,1,3,2,70.7,58.5,7.2,90.0,4.7,0,1,0,0,0,1,2,0,8.8
0,2,7.2,0,59,63,1,1,1,30.5,31.7,2.2,67.0,3.8,0,0,0,0,0,0,2,6,4.5
0,0,7.5,1,56,69,1,2,0,43.5,42.8,4.8,81.0,4.7,0,1,0,0,0,1,1,1,6.4
1,0,7.6,0,55,66,1,2,0,48.5,32.9,3.4,80.0,3.8,1,1,0,0,0,0,1,1,4.8
0,7,6.6,0,55,71,2,2,1,22.6,28.0,0.8,77.9,4.0,0,0,0,0,0,0,2,1,3.7
1,2,7.6,0,57,67,1,1,0,37.3,27.1,1.4,77.0,4.1,0,1,1,3,1,0,1,0,4.9
1,11,7.5,0,72,69,2,2,0,46.7,32.6,4.1,71.9,4.5,1,1,0,0,0,0,1,4,4.3
0,2,8.5,0,64,79,2,1,1,60.6,47.3,1.3,73.0,4.5,1,0,0,0,0,0,0,8,7.4
0,0,7.3,0,57,82,0,2,0,33.1,35.5,5.5,82.0,4.5,0,1,0,0,0,0,0,1,5.7
0,4,8.5,0,68,83,2,2,2,60.6,48.0,5.0,89.0,4.8,1,1,4,1,1,1,1,8,8.4
0,1,8.2,0,82,85,1,3,2,63.6,56.3,7.8,90.0,4.4,1,1,0,0,0,1,2,9,8.8
1,6,8.6,1,81,69,2,3,1,82.1,60.0,7.6,81.6,4.4,1,1,1,3,1,1,2,2,8.6
1,10,7.8,0,63,84,1,0,3,34.0,31.4,4.1,70.6,3.6,1,0,1,0,0,0,0,3,5.5
0,2,8.6,0,71,65,0,1,0,51.1,53.0,1.9,82.0,4.6,0,0,0,0,0,0,2,9,8.6
1,2,8.6,0,73,80,1,2,2,62.4,52.6,6.8,80.0,4.8,1,1,0,0,0,1,2,2,8.0
1,6,7.2,1,55,72,2,3,0,41.8,34.0,4.8,76.0,3.7,0,0,1,0,0,1,2,5,4.9
1,2,8.3,0,73,69,0,1,2,38.3,33.3,3.0,75.0,4.2,0,1,0,0,0,0,1,8,7.4
0,0,8.3,0,88,65,1,2,0,57.8,44.2,3.5,74.0,4.7,1,1,1,3,1,0,1,5,6.9
1,0,8.1,0,78,85,1,3,0,63.9,45.8,5.8,87.0,4.1,0,1,4,1,1,0,2,9,7.5
1,6,7.8,1,63,83,1,3,1,66.3,55.4,8.3,76.6,4.2,1,0,0,0,0,1,0,1,7.3
0,2,8.0,0,80,87,2,1,2,47.5,32.4,3.5,88.0,4.0,1,1,0,0,0,1,0,7,6.5
1,5,8.4,0,59,81,2,2,2,62.7,37.2,2.0,71.0,3.4,0,1,0,0,0,0,0,7,7.2
0,6,8.2,0,61,87,1,1,0,45.3,36.2,3.9,77.2,4.5,0,0,0,0,0,0,1,9,7.0
1,4,7.4,0,55,66,1,1,0,33.3,19.2,2.0,71.0,3.3,0,0,0,0,0,1,0,0,3.7
0,0,7.0,0,58,73,0,1,1,20.0,14.0,0.8,75.0,4.0,0,1,0,0,0,0,1,0,4.3
1,2,6.5,0,72,67,1,1,1,20.0,12.5,3.9,77.0,4.1,1,1,0,0,0,0,2,0,2.0
1,4,8.0,0,70,84,1,3,2,66.3,49.8,8.9,90.0,4.8,1,1,4,1,1,1,1,4,7.2
1,0,7.1,0,69,69,1,1,0,28.7,21.6,2.6,79.0,4.3,1,1,1,3,1,0,2,0,3.6
1,9,6.5,0,55,66,0,3,0,21.9,18.5,1.7,79.3,3.9,0,0,0,0,0,0,2,3,3.1
0,3,7.6,0,56,62,0,1,1,31.3,35.3,1.6,73.0,3.3,0,0,0,0,0,0,2,6,6.0
1,6,7.9,0,77,82,2,3,1,57.5,59.3,6.6,83.0,4.3,1,1,2,2,1,1,1,7,7.8
1,5,8.2,0,71,80,1,2,1,53.1,48.0,5.4,77.0,4.5,1,1,0,0,0,1,2,8,7.0
1,7,8.9,0,80,87,0,2,0,63.2,39.6,1.1,90.0,4.6,0,1,2,1,1,1,1,4,9.6
0,10,6.6,1,58,61,1,3,1,40.8,52.1,7.0,70.3,4.1,0,0,0,0,0,0,0,8,5.4
1,3,8.1,0,73,83,1,3,2,71.3,63.2,8.7,78.0,3.7,1,1,2,2,1,0,2,0,7.1
0,9,7.9,0,81,87,2,2,2,61.9,65.0,6.9,88.6,4.6,1,1,2,3,1,0,1,3,8.3
1,2,7.9,0,71,68,1,1,1,51.2,42.2,2.8,67.0,3.3,1,1,0,0,0,1,2,8,6.9
1,3,7.7,1,78,68,2,1,0,37.3,28.0,2.8,74.0,4.1,1,1,1,3,1,1,1,9,4.9
1,6,8.1,0,78,83,2,3,1,76.3,63.3,7.4,90.0,4.8,1,1,2,1,1,1,1,7,8.5
0,7,8.5,0,66,88,2,3,1,73.3,50.4,6.3,90.0,4.3,0,1,0,1,0,0,2,9,8.5
1,0,8.4,0,73,82,1,3,2,57.4,46.8,6.3,88.0,4.5,1,1,1,3,1,0,1,9,7.8
0,3,7.4,1,55,68,1,1,0,33.0,22.8,2.6,77.0,4.1,0,1,0,0,0,0,1,4,3.7
1,0,8.5,0,73,83,1,3,2,73.0,61.8,5.2,86.0,4.7,1,1,4,1,1,0,2,2,9.5
1,3,7.8,0,63,58,0,1,0,37.8,32.7,1.7,81.0,4.2,0,0,0,0,0,1,1,8,6.7
0,3,8.4,0,85,78,2,3,2,77.6,54.6,8.1,90.0,4.8,1,1,4,1,1,1,0,8,6.7
0,0,8.1,0,69,65,0,3,0,52.5,43.4,7.1,77.0,3.9,1,0,0,0,0,1,1,2,7.0
0,0,8.1,0,70,76,1,3,2,55.0,48.9,7.6,90.0,4.6,1,1,2,2,1,1,0,4,6.1
1,4,6.7,1,55,67,1,1,1,20.0,23.6,1.9,71.0,4.5,0,0,0,0,0,0,1,0,3.8
1,4,7.5,0,59,65,1,1,1,31.2,39.3,1.4,72.0,4.5,0,1,0,0,0,0,0,0,5.8
1,3,7.6,0,65,66,1,1,1,37.9,44.3,2.2,75.0,3.6,0,1,0,0,0,1,0,8,5.8
1,2,7.5,0,56,63,1,1,1,25.4,17.6,2.1,81.0,4.0,0,0,0,0,0,0,2,6,4.4
1,3,7.6,0,77,83,0,1,2,34.7,25.9,3.9,75.0,4.2,1,0,0,0,0,0,0,6,4.1
1,2,8.3,0,85,88,0,3,2,55.5,40.9,7.8,90.0,4.7,1,1,2,3,1,1,2,8,6.2
0,0,8.3,0,80,81,1,2,3,56.0,54.5,2.0,77.0,4.1,0,1,2,2,1,0,1,2,7.6
0,9,7.5,0,65,83,2,3,1,61.8,49.9,6.4,90.0,4.7,1,1,0,0,0,1,0,8,5.3
0,4,7.3,0,72,74,1,1,2,24.6,20.3,3.6,82.0,4.2,1,1,0,0,0,0,2,3,4.0
0,0,7.9,0,78,73,1,2,3,49.9,54.5,5.4,80.0,4.7,1,1,0,0,0,1,0,3,7.3
1,2,8.2,0,83,86,2,3,2,62.0,39.4,7.4,90.0,4.8,1,0,2,2,1,1,1,7,6.1
0,3,7.7,0,61,71,1,1,0,32.0,32.6,1.4,75.0,4.0,0,1,1,3,1,0,2,3,5.5
0,6,7.9,0,60,83,2,3,3,58.6,43.2,9.2,83.1,4.5,1,1,3,3,1,1,2,9,6.1
0,0,7.6,0,59,60,1,1,0,42.6,28.1,3.3,63.0,4.3,1,0,0,0,0,0,1,8,4.9
0,7,6.5,1,66,70,1,1,1,23.5,16.5,2.0,74.5,4.5,0,0,0,1,0,0,2,3,3.2
1,5,8.2,0,56,71,2,2,2,59.6,59.8,5.8,70.0,4.2,1,0,0,0,0,0,2,9,9.0
1,2,8.0,0,87,88,2,3,2,67.9,67.4,8.4,90.0,4.8,1,1,2,2,1,1,1,0,7.4
0,11,7.5,0,56,62,0,3,0,37.0,19.4,5.2,63.2,4.5,1,1,1,2,1,1,1,2,3.8
1,10,7.6,0,74,79,1,0,0,30.1,38.3,2.1,78.2,4.8,1,0,1,3,1,0,1,3,5.0
1,3,8.7,1,76,88,2,3,0,73.4,71.1,6.6,87.0,4.8,1,1,3,2,1,1,1,8,9.5
1,6,6.7,0,55,62,1,2,0,25.7,16.5,3.5,65.2,3.7,0,0,0,0,0,0,1,2,3.6
1,7,7.0,0,61,63,1,1,0,28.0,24.8,1.8,67.3,3.8,0,0,0,0,0,0,0,7,4.4
0,11,8.5,0,73,83,2,3,3,65.8,47.3,8.5,90.0,4.2,1,0,3,2,1,0,2,7,8.2
0,0,8.6,0,79,71,1,3,0,65.7,56.7,6.5,81.0,4.8,1,1,1,3,1,1,0,4,8.9
1,2,7.1,0,79,72,1,2,1,33.0,44.2,4.4,73.0,3.9,0,1,3,2,1,1,0,1,4.3
1,3,8.1,0,78,69,1,1,1,46.8,51.0,1.9,74.0,4.5,1,1,0,0,0,0,1,8,6.9
1,9,7.6,0,76,84,1,1,0,44.2,38.4,5.5,78.4,4.8,1,1,0,0,0,1,0,8,6.4
1,0,8.4,0,87,87,2,2,2,66.3,45.6,5.9,84.0,4.8,1,1,2,2,1,1,1,5,8.4
0,7,8.7,0,75,84,1,2,0,75.2,62.4,4.4,76.3,4.8,0,0,0,0,0,0,1,4,9.4
1,6,6.5,1,55,67,2,2,2,23.2,21.4,3.1,66.2,4.0,0,1,0,1,0,0,0,9,2.7
1,0,6.5,2,55,68,1,1,0,20.0,17.3,1.4,80.0,4.0,0,1,0,0,0,0,0,1,2.3
1,7,8.3,1,72,88,2,2,2,72.6,62.4,5.0,90.0,4.8,1,1,3,2,1,1,0,2,8.1
1,4,6.6,0,65,63,1,1,1,20.0,17.4,1.4,76.0,4.5,0,0,3,2,1,0,1,0,2.3
1,11,7.6,0,75,79,0,3,0,47.0,42.2,7.1,89.9,4.8,1,1,0,1,0,1,1,8,6.0
1,7,8.5,0,75,63,2,1,3,47.1,31.7,2.4,85.4,4.6,1,0,0,0,0,0,2,0,6.6
1,6,8.2,0,72,68,0,2,0,57.3,47.6,5.5,77.3,4.5,0,1,3,2,1,0,1,2,8.0
1,6,8.6,0,88,86,2,3,3,78.2,65.6,7.4,90.0,4.6,1,1,3,1,1,1,1,1,9.1
1,9,7.8,0,73,65,0,1,1,37.6,19.1,4.4,71.3,4.4,0,1,1,1,0,1,0,8,5.5
1,3,7.2,1,55,63,0,1,0,22.3,8.9,1.7,60.0,3.8,0,0,0,0,0,0,1,8,4.0
1,0,7.8,0,62,63,1,1,1,43.3,42.5,0.7,77.0,4.0,0,1,0,0,0,0,1,1,7.3
1,5,6.5,0,64,69,1,1,0,20.0,31.6,1.5,80.0,3.8,0,1,0,0,0,0,1,0,2.0
1,2,8.5,0,72,85,2,3,2,77.1,67.6,7.0,90.0,4.8,1,1,1,3,1,1,2,4,9.4
0,6,7.7,0,55,67,1,1,0,41.3,51.6,2.5,80.7,4.3,0,0,1,0,0,0,0,0,5.3
1,8,6.8,2,75,67,1,3,0,31.6,35.6,7.4,78.7,4.4,0,1,1,0,0,0,0,9,5.7
1,1,7.9,0,66,74,1,3,0,55.1,41.9,8.0,81.0,4.5,1,1,0,0,0,1,2,8,7.0
0,2,8.3,0,59,64,1,2,0,62.4,59.0,1.9,81.0,4.1,0,1,0,0,0,0,2,6,7.9
1,5,9.1,0,74,82,2,3,2,87.9,54.9,8.1,90.0,4.8,1,1,3,1,1,1,1,7,9.0
1,4,7.9,0,88,84,2,3,0,66.5,47.4,8.5,90.0,4.8,1,1,2,3,1,0,1,4,7.7
0,5,8.2,0,75,80,1,3,2,57.9,48.3,5.2,90.0,3.6,1,1,3,2,1,0,0,8,8.0
0,10,7.6,1,83,60,0,2,0,31.3,36.5,3.3,77.6,3.5,0,1,0,0,0,1,2,8,4.6
1,3,8.1,0,75,82,2,3,2,68.2,52.8,7.0,90.0,4.8,1,1,3,2,1,0,1,0,7.7
0,11,7.0,0,74,65,0,1,1,28.7,18.3,2.1,71.6,4.3,0,1,0,0,0,0,1,0,2.7
1,7,8.3,0,78,86,1,3,3,63.6,60.0,6.3,90.0,4.8,1,1,2,3,1,1,1,0,7.8
1,4,8.2,0,75,83,1,3,2,50.9,40.9,6.8,81.0,4.8,1,1,2,2,1,1,1,0,6.4
0,8,7.8,2,56,83,1,2,1,37.0,37.8,5.8,80.6,4.2,1,1,0,0,0,0,2,7,5.6
0,4,7.8,0,56,66,1,2,0,44.7,44.5,3.6,86.0,4.6,0,1,0,0,0,0,0,5,7.8
1,3,7.5,1,55,62,1,2,1,51.3,36.9,4.0,78.0,4.8,0,1,0,0,0,0,1,8,6.2
1,3,7.8,0,76,80,2,3,1,51.2,46.2,7.4,86.0,4.4,1,1,0,0,0,1,0,1,7.3
0,5,7.5,0,68,82,2,1,2,42.0,40.1,1.6,79.0,3.9,1,1,0,0,0,0,2,1,4.9
0,0,8.2,0,86,76,2,3,2,76.6,57.9,6.6,90.0,4.8,1,1,2,2,1,1,1,7,7.8
1,3,7.7,0,78,82,2,2,1,55.9,41.1,6.4,84.0,4.7,1,1,2,2,1,0,2,7,6.5
1,9,7.7,0,82,87,1,2,2,56.2,50.9,6.7,88.9,4.5,1,1,2,3,1,1,1,4,5.3
1,4,7.7,0,55,67,1,1,0,43.5,39.9,1.7,80.0,3.3,0,0,0,0,0,0,1,7,5.6
1,0,8.4,0,71,85,2,3,0,71.0,67.8,8.1,89.0,4.8,1,1,0,0,0,1,1,8,8.9
1,0,7.7,0,55,60,1,2,1,45.4,39.8,5.7,78.0,4.6,0,1,0,0,0,1,1,6,5.1
1,5,6.5,1,82,70,0,2,2,20.0,16.1,6.1,74.0,4.3,1,1,0,0,0,1,1,8,2.1
1,1,7.3,0,61,62,1,1,1,36.9,24.1,4.0,65.0,3.8,1,1,0,0,0,0,1,0,4.0
0,0,7.5,0,66,74,0,1,1,24.8,29.6,0.5,71.0,3.4,0,0,0,0,0,0,0,0,3.0
1,4,8.9,0,71,85,0,3,2,68.0,58.1,8.3,87.0,4.8,1,1,2,2,1,1,1,5,9.5
1,11,8.2,0,84,81,1,3,2,69.4,64.5,7.7,85.9,4.5,1,1,3,1,1,1,2,6,8.8
1,2,8.1,0,75,82,2,2,2,56.4,55.4,5.7,79.0,4.4,1,1,0,0,0,0,0,8,7.0
0,5,6.8,1,73,57,1,1,0,20.0,7.0,0.4,90.0,4.5,0,1,0,0,0,0,2,1,2.9
1,6,8.4,1,68,82,1,2,1,57.4,56.3,6.7,73.3,4.5,1,1,4,3,1,1,2,0,7.7
1,5,6.5,1,55,68,1,3,2,25.8,3.6,6.6,73.0,4.3,1,1,2,3,1,1,1,8,2.0
1,4,8.1,0,69,88,0,3,2,60.3,35.3,7.0,90.0,4.2,1,1,1,3,1,0,0,0,5.2
1,0,6.5,0,62,71,1,2,1,20.0,15.9,3.4,77.0,4.2,0,0,0,0,0,0,1,6,2.4
0,7,7.5,0,71,81,1,3,3,60.2,50.0,5.8,90.0,4.8,1,1,0,1,0,0,2,4,7.5
1,8,7.5,1,62,84,1,2,1,35.4,30.0,2.9,85.1,4.8,0,1,0,0,0,0,1,9,6.4
1,3,8.2,0,63,72,2,1,0,56.6,56.0,3.1,82.0,4.7,1,1,1,3,1,1,1,8,7.3
1,0,6.9,0,58,58,0,3,0,31.6,27.7,6.4,85.0,4.8,0,0,0,0,0,0,1,0,3.5
1,10,7.8,0,65,67,2,2,0,32.5,22.8,3.2,68.1,4.3,0,1,1,0,0,0,1,8,4.9
0,3,7.7,1,68,61,1,1,1,34.3,44.8,1.9,61.0,3.9,0,0,0,0,0,0,0,1,5.7
1,5,8.0,0,86,83,2,3,2,68.8,52.2,5.5,89.0,4.8,1,0,2,2,1,1,1,6,6.4
0,6,8.2,1,84,78,2,2,1,71.0,48.7,3.7,90.0,4.8,0,1,0,0,0,0,1,1,8.0
1,8,6.8,1,74,60,1,3,2,20.0,13.2,6.3,76.8,4.7,1,0,1,0,0,0,1,9,3.2
0,4,7.9,0,77,81,1,3,1,52.6,43.8,7.9,82.0,4.5,1,1,1,3,1,0,1,3,6.0
1,2,7.7,0,61,83,1,2,0,49.7,38.8,4.1,77.0,4.3,1,1,4,1,1,0,2,8,6.1
0,4,8.4,0,75,88,2,3,2,77.0,68.9,8.2,90.0,4.8,1,1,3,2,1,1,1,0,9.3
0,5,8.6,0,87,66,1,1,2,51.4,37.4,2.8,90.0,4.7,1,1,3,1,1,0,0,8,5.9
0,0,7.6,0,61,83,0,1,0,32.6,38.5,3.4,81.0,3.9,1,1,3,1,1,0,1,4,4.8
1,4,7.6,0,80,71,0,2,2,42.1,33.5,5.3,82.0,4.7,1,0,1,3,1,1,1,2,4.4
0,10,8.4,0,76,85,1,3,3,62.5,53.8,7.1,89.4,4.8,1,1,3,2,1,1,1,7,7.7
0,3,6.8,2,81,83,2,3,3,42.2,52.7,6.0,90.0,4.8,1,1,3,2,1,1,0,9,4.8
0,4,8.5,0,72,65,1,2,1,62.7,47.0,5.2,75.0,4.7,1,0,0,0,0,1,2,7,7.9
1,11,6.8,0,69,88,1,0,2,23.1,17.3,4.7,83.3,4.5,1,1,0,1,0,0,2,8,3.3
1,8,8.6,1,75,85,2,3,1,75.5,64.4,6.4,88.2,4.8,1,1,3,1,1,1,1,2,8.5
1,4,7.7,0,62,86,1,2,2,41.2,26.7,4.5,90.0,4.8,0,0,0,0,0,0,2,0,4.9
0,4,8.1,0,82,63,1,2,0,58.5,46.2,3.6,86.0,4.8,0,1,0,0,0,0,1,1,8.4
1,11,7.2,0,89,82,2,3,1,50.4,34.5,5.3,89.8,4.8,1,1,2,3,1,1,2,5,4.5
0,10,8.1,0,81,87,1,3,2,61.4,63.3,6.9,88.2,4.6,1,1,3,2,1,0,1,6,7.5
1,9,7.4,0,76,67,0,0,2,21.5,30.8,1.4,89.9,4.5,1,1,2,2,1,1,1,7,3.6
1,3,7.5,0,83,57,1,1,0,34.1,18.7,2.0,75.0,4.1,1,1,0,0,0,1,0,8,4.2
0,0,8.5,0,84,84,0,3,2,67.9,44.1,5.9,84.0,4.1,1,1,0,0,0,1,0,5,7.8
1,3,7.6,0,57,57,1,2,0,39.9,33.5,4.9,74.0,3.4,0,1,0,0,0,1,2,4,4.4
0,11,8.5,0,63,88,1,1,1,46.6,33.7,1.3,70.1,3.8,0,1,0,0,0,0,1,6,5.7
1,0,6.5,0,55,67,1,3,1,32.7,33.4,8.0,87.0,4.7,0,1,0,0,0,1,1,2,4.1
1,7,7.8,2,57,81,1,3,0,56.1,42.8,6.0,79.1,4.7,1,1,2,2,1,1,1,4,8.1
1,11,7.2,0,57,69,1,1,0,32.3,19.9,3.1,73.8,4.3,0,0,0,1,0,1,2,6,3.3
1,0,7.7,0,57,69,1,1,1,26.9,33.4,2.8,68.0,3.8,0,0,0,0,0,0,1,3,5.9
1,2,8.1,0,74,86,0,3,2,48.1,53.5,7.2,84.0,4.8,1,1,0,0,0,1,0,8,8.0
1,4,6.6,0,55,71,1,3,1,26.5,23.5,6.6,67.0,3.9,0,1,0,0,0,0,1,6,3.0
1,9,8.0,1,61,70,2,3,0,63.1,38.3,5.8,75.7,4.4,1,1,2,2,1,0,1,2,5.8
1,2,6.5,1,72,70,0,2,0,20.0,38.0,5.3,79.0,3.6,0,1,0,0,0,0,0,7,4.9
1,8,7.4,1,78,71,1,2,1,43.4,33.2,3.7,79.6,4.2,0,1,1,2,1,0,1,8,5.4
0,4,8.4,0,76,85,2,2,0,62.7,40.4,5.3,90.0,4.5,1,1,0,0,0,0,2,2,8.2
1,0,7.4,0,55,58,0,1,1,25.7,21.3,1.0,65.0,4.7,0,0,0,0,0,0,2,5,3.4
1,6,7.6,0,64,72,0,0,1,36.2,38.5,1.3,73.7,3.3,0,1,1,0,0,0,0,2,5.4
1,2,8.4,0,63,69,0,3,3,57.1,51.3,5.8,85.0,4.8,1,1,3,2,1,0,1,0,7.7
1,8,8.6,0,74,85,0,3,1,52.9,55.1,6.7,81.4,4.5,1,1,3,2,1,1,2,8,6.2
0,0,7.6,0,67,73,0,2,0,29.2,12.9,2.6,74.0,4.1,0,1,0,0,0,0,0,7,4.4
0,0,8.7,0,87,85,2,3,2,72.8,57.3,7.9,81.0,4.8,1,1,1,3,1,1,2,0,8.9
0,6,8.2,0,78,72,0,3,1,54.6,44.9,7.5,87.7,4.3,1,0,3,2,1,1,1,9,8.2
1,2,7.3,0,59,62,1,1,1,25.8,12.0,0.7,70.0,3.9,0,0,0,0,0,0,2,8,5.1
1,6,7.4,1,55,67,0,1,2,29.0,18.4,3.5,81.6,4.4,1,0,2,3,1,0,1,1,3.3
0,0,7.8,0,86,64,1,2,0,50.8,42.1,6.7,78.0,3.7,1,1,3,2,1,0,2,0,6.0
0,0,7.2,0,80,79,1,2,2,38.2,24.7,4.1,84.0,4.8,1,1,4,1,1,0,1,4,3.5
1,1,7.8,1,55,86,1,1,2,33.1,30.9,3.8,82.0,4.2,1,1,0,0,0,0,2,6,4.3
1,7,6.6,0,82,88,0,1,0,26.0,31.8,5.0,86.0,4.8,1,1,2,2,1,1,1,6,2.8
1,11,7.5,1,55,70,2,0,0,39.0,35.8,2.0,71.0,4.1,1,1,0,0,0,0,1,7,4.7
1,7,7.7,1,55,59,2,3,0,49.3,38.8,5.5,80.4,4.6,0,1,0,0,0,0,1,0,6.6
0,10,8.4,1,56,69,1,3,1,54.2,36.9,3.9,89.4,4.7,0,1,2,1,1,0,0,7,7.8
0,8,8.4,0,85,85,2,3,2,69.7,51.6,6.7,90.0,4.4,1,1,0,3,1,1,1,8,7.8
1,3,8.2,0,72,87,2,3,0,76.4,47.0,7.2,85.0,4.7,1,1,2,2,1,1,0,0,7.9
1,2,6.7,1,63,68,0,1,0,20.0,26.5,1.6,68.0,3.5,0,0,0,0,0,0,2,0,2.4
0,2,8.1,0,82,82,1,3,1,57.5,41.4,7.6,82.0,4.8,1,1,2,3,1,0,2,0,5.9
1,2,8.0,0,90,86,1,3,2,63.9,48.8,6.9,84.0,4.7,1,1,3,2,1,1,2,3,6.0
1,0,7.9,1,69,82,2,3,2,70.0,38.3,6.2,86.0,4.7,1,1,3,2,1,1,1,1,7.0
1,4,8.1,0,83,84,2,3,2,66.0,45.5,8.0,90.0,4.8,1,1,4,1,1,1,1,1,6.3
0,7,7.8,0,67,72,0,1,1,46.2,48.8,6.6,80.8,3.9,1,1,0,0,0,0,1,2,6.7
1,7,6.5,0,78,66,0,1,0,25.2,22.4,3.2,86.2,4.2,0,0,0,0,0,0,0,0,3.2
1,11,7.6,0,72,73,1,3,1,61.8,49.9,6.3,73.5,3.9,1,0,2,3,1,1,1,0,6.5
0,2,8.4,0,85,88,1,3,2,68.4,59.1,7.1,90.0,4.7,1,1,3,2,1,0,2,8,7.2
1,3,8.2,0,73,80,0,3,2,60.1,53.7,8.2,81.0,4.7,1,1,2,2,1,1,0,8,6.4
0,4,8.5,0,81,88,2,3,2,83.8,65.8,6.9,90.0,4.6,1,1,1,3,1,0,0,9,9.7
1,3,7.6,2,63,65,2,3,1,60.4,42.2,6.7,87.0,4.4,0,0,0,0,0,1,0,8,6.1
0,11,6.6,2,55,70,2,2,1,22.1,34.5,4.7,90.0,4.5,1,1,1,2,1,0,1,6,2.3
0,0,8.5,0,90,86,2,3,2,69.0,58.6,7.2,90.0,4.7,1,1,3,2,1,0,0,0,8.6
1,11,6.5,2,75,68,2,3,0,30.4,21.8,5.9,61.4,4.5,0,0,0,0,0,0,1,6,3.9
0,4,8.3,0,55,71,1,2,1,58.9,64.5,3.5,72.0,4.7,0,1,0,0,0,0,0,0,8.4
0,0,6.5,0,55,60,1,1,1,20.0,28.9,2.6,66.0,3.3,0,0,0,0,0,0,0,1,2.0
1,0,7.9,0,61,63,2,1,1,56.4,44.3,1.3,70.0,4.7,0,0,0,0,0,0,2,0,6.6
1,5,7.5,0,65,64,1,3,0,48.7,49.0,7.0,79.0,4.4,1,0,3,2,1,1,2,8,6.1
1,2,8.4,0,84,83,2,3,0,70.9,61.9,6.3,86.0,4.7,1,1,2,3,1,1,1,8,9.0
1,2,7.5,0,73,71,1,1,0,35.2,30.1,0.4,71.0,3.7,0,1,0,0,0,0,0,0,6.6
1,6,8.4,0,79,81,2,3,3,70.1,68.9,8.0,90.0,4.5,1,1,4,2,1,1,1,9,8.9
1,4,8.0,0,73,87,1,3,2,57.4,41.9,8.5,80.0,4.8,1,1,2,2,1,0,2,6,6.5
1,2,8.6,0,81,77,2,2,1,81.2,67.9,3.3,78.0,4.0,1,1,0,0,0,0,1,8,10.1
1,0,7.5,0,72,82,1,3,2,40.6,36.6,5.6,83.0,4.8,0,1,0,0,0,0,1,3,5.8
0,8,6.6,1,80,81,1,1,1,20.0,42.6,2.2,74.4,4.3,1,0,2,2,1,0,1,8,2.9
1,6,6.5,0,55,73,1,2,1,23.2,29.3,2.8,62.0,3.5,0,0,1,0,0,0,2,7,4.7
1,6,8.5,0,73,88,1,3,0,83.9,71.2,8.4,90.0,4.8,1,1,4,2,1,1,0,7,8.9
1,5,8.4,0,72,83,2,2,2,66.6,55.7,5.4,86.0,4.8,1,1,3,2,1,0,0,7,8.0
0,0,8.3,0,74,84,2,3,2,76.4,63.8,6.2,90.0,4.6,1,0,3,2,1,1,1,9,8.7
1,6,7.2,0,63,60,2,1,0,25.3,20.0,2.5,72.6,3.8,0,1,0,1,0,0,1,6,2.0
0,4,7.6,0,74,75,1,2,0,40.1,25.9,4.8,67.0,4.2,0,1,0,0,0,0,0,0,4.7
0,7,8.4,0,73,85,2,2,1,76.2,59.1,6.7,90.0,4.8,1,1,0,3,1,1,2,7,8.7
0,10,8.1,1,84,85,1,3,1,57.6,39.5,8.3,77.4,4.3,1,1,3,3,1,1,2,1,7.3
1,2,6.8,1,72,66,1,1,0,20.0,24.3,1.7,73.0,3.1,0,1,0,0,0,0,2,8,3.7
1,7,8.1,1,74,85,1,2,1,63.4,40.8,7.4,82.0,4.0,1,1,1,0,0,1,2,4,7.8
1,6,7.5,0,82,86,2,2,1,46.6,29.0,6.8,90.0,3.8,1,1,4,3,1,0,1,9,4.6
1,3,7.6,0,61,66,1,1,0,37.0,27.1,1.7,74.0,3.8,0,1,0,0,0,0,2,1,4.8
1,0,7.5,0,77,69,0,2,0,41.0,31.7,4.1,80.0,3.8,1,1,0,0,0,0,2,6,3.9
1,0,7.8,2,83,77,1,3,2,51.8,35.0,7.0,77.0,4.7,1,1,3,1,1,1,1,4,6.5
0,0,7.8,0,82,80,2,2,2,59.8,51.6,3.7,89.0,4.7,1,1,3,1,1,0,1,0,7.1
1,4,7.5,0,86,84,1,1,0,35.7,39.8,2.4,88.0,4.3,0,0,0,0,0,0,2,9,7.4
1,2,6.5,1,64,72,0,1,0,20.0,23.2,2.4,74.0,4.2,0,0,0,0,0,0,2,7,3.5
1,8,6.7,2,62,83,0,2,1,23.5,21.5,5.5,72.6,4.2,1,1,0,0,0,0,1,3,2.1
0,6,8.1,0,55,69,1,2,0,47.7,43.1,3.7,75.9,4.1,0,1,2,2,1,1,1,1,6.4
1,8,7.8,0,69,70,1,0,0,31.5,13.2,2.7,73.5,3.6,1,1,0,0,0,0,2,9,3.6
1,3,8.3,0,76,67,1,1,2,52.7,51.0,3.2,83.0,4.0,1,1,3,2,1,1,1,4,6.7
0,7,8.4,0,77,84,2,3,2,78.8,43.0,5.2,90.0,4.2,1,1,3,1,1,1,1,6,7.3
0,8,7.7,0,66,59,2,3,0,45.5,36.4,4.3,80.7,3.8,1,1,0,0,0,0,1,2,7.1
1,7,8.2,0,82,71,0,3,2,52.9,31.4,3.9,90.0,4.7,1,1,0,0,0,1,1,6,4.9
0,2,8.2,0,83,79,0,3,2,68.5,60.0,7.8,85.0,4.8,1,1,3,2,1,1,0,1,8.9
0,3,8.2,0,84,88,2,3,2,67.4,55.1,7.3,90.0,4.8,1,1,2,3,1,1,2,8,6.4
1,0,8.1,1,62,81,0,2,1,42.2,40.0,3.6,88.0,4.8,0,1,2,2,1,1,1,5,4.8
1,4,7.7,0,56,66,1,2,0,45.2,43.8,4.6,76.0,4.6,1,1,0,0,0,0,0,6,6.6
1,5,7.8,0,78,83,2,3,0,52.8,54.1,7.0,90.0,4.8,1,1,2,3,1,1,0,7,8.0
0,5,8.1,0,83,72,1,1,2,49.5,36.7,2.0,90.0,4.8,1,1,3,2,1,1,1,8,5.9
0,0,6.5,0,62,75,1,1,0,20.0,27.9,0.2,84.0,4.0,0,1,0,0,0,0,0,2,2.2
1,8,8.2,0,71,87,0,1,1,55.0,41.1,5.2,84.9,4.5,1,1,4,3,1,1,1,8,4.8
1,2,6.5,2,56,81,1,2,0,22.6,27.2,4.6,81.0,4.1,1,1,0,0,0,0,2,4,3.9
0,6,6.7,0,67,58,0,1,3,39.0,32.8,2.7,83.8,3.2,0,0,3,2,1,0,1,2,4.3
1,9,7.8,1,63,84,0,1,3,35.8,30.9,4.2,71.3,3.6,1,0,0,0,0,0,2,4,5.9
0,6,8.2,0,63,72,1,3,0,75.6,48.8,9.5,87.9,4.5,1,1,1,3,1,1,1,2,7.3
0,6,8.0,0,60,83,0,2,2,59.1,43.9,9.2,83.4,4.5,1,1,4,2,1,1,0,1,5.8
1,0,8.1,0,69,85,1,2,1,51.5,39.0,6.5,86.0,4.8,1,1,1,3,1,0,2,5,5.8
1,2,8.7,0,55,66,0,3,0,59.3,58.5,5.7,72.0,4.7,0,0,0,0,0,0,1,4,9.5
1,2,7.3,0,61,64,1,1,0,30.0,21.5,0.5,70.0,3.9,0,0,0,0,0,0,2,7,5.6
0,5,7.8,2,60,73,0,1,2,37.5,29.7,3.8,76.0,4.3,1,1,0,0,0,0,0,8,6.3
1,2,7.7,0,79,67,0,3,2,53.2,39.7,4.4,86.0,4.7,0,1,0,0,0,0,2,7,7.2
0,5,6.6,0,59,70,1,2,0,32.8,34.1,4.2,78.0,4.4,0,0,0,0,0,0,1,8,4.2
0,6,7.4,0,60,71,0,1,0,35.5,40.2,3.0,71.4,4.0,0,1,1,0,0,0,2,2,4.9
1,2,8.3,0,86,86,1,3,2,73.1,52.5,6.7,90.0,4.7,1,1,3,2,1,1,0,4,8.1
0,2,8.3,1,76,71,1,2,1,58.6,53.4,4.3,69.0,3.8,0,1,0,0,0,0,1,4,6.9
1,1,6.6,0,67,70,1,1,0,20.0,36.4,3.5,61.0,3.0,0,0,0,0,0,0,0,8,3.5
0,2,8.5,0,74,86,2,3,2,80.6,48.4,7.7,84.0,4.5,1,1,3,1,1,1,2,6,7.6
1,2,8.1,0,67,57,0,3,0,54.5,53.0,5.8,86.0,4.3,1,0,0,0,0,1,0,8,6.8
0,4,6.8,0,55,72,1,1,1,24.3,40.7,4.0,85.0,4.5,0,1,0,0,0,0,1,1,3.4
0,7,8.5,0,87,83,1,3,0,81.4,68.5,5.7,85.8,4.4,1,1,2,1,1,1,1,2,10.2
1,9,7.5,2,60,64,1,0,1,33.1,37.6,3.0,81.5,3.8,1,1,1,0,0,0,1,8,5.0
1,5,6.5,1,61,68,0,2,1,20.0,31.8,3.5,75.0,3.5,0,1,0,0,0,0,2,8,4.1
1,3,7.5,0,79,83,2,3,0,47.0,41.2,8.2,88.0,4.6,1,1,0,0,0,1,1,7,5.3
1,5,7.8,0,84,87,2,3,2,65.0,56.1,7.3,90.0,4.8,1,1,2,3,1,0,0,8,7.3
1,0,7.5,0,55,65,1,2,0,42.8,48.2,3.6,66.0,4.2,0,1,0,0,0,0,2,3,6.9
1,2,7.6,0,69,86,0,2,0,39.4,36.9,5.2,84.0,4.5,1,1,3,2,1,1,1,1,4.7
1,7,8.5,0,74,88,2,3,1,66.5,60.4,7.2,90.0,4.7,1,1,2,2,1,0,1,1,7.8
1,3,6.7,0,55,63,1,1,0,20.0,9.3,2.4,60.0,3.7,0,0,0,0,0,0,0,6,2.4
1,0,7.6,0,62,63,1,1,1,36.7,25.0,2.1,69.0,3.6,0,0,0,0,0,0,1,5,4.7
1,4,7.9,0,63,62,1,1,0,30.7,20.5,1.6,66.0,4.5,0,0,0,0,0,0,2,9,5.3
0,0,7.6,0,79,86,1,1,1,30.1,22.9,2.1,82.0,4.8,1,1,3,2,1,1,2,1,3.2
1,6,8.6,0,64,83,2,3,2,74.5,54.6,7.6,83.4,4.4,1,1,2,3,1,1,2,2,8.0
0,0,8.2,0,65,84,1,3,2,63.2,47.2,8.3,90.0,4.7,1,1,1,3,1,1,2,6,7.4
1,5,7.5,1,55,84,2,3,0,56.6,66.9,6.3,86.0,4.8,1,0,2,3,1,0,0,8,6.3
0,0,7.8,0,63,71,1,2,2,44.9,34.7,5.2,83.0,4.7,1,1,1,3,1,0,1,5,6.1
1,5,8.2,0,82,78,2,3,2,71.0,66.1,8.1,85.0,4.8,1,0,0,0,0,0,0,8,9.2
1,3,7.9,1,74,86,1,1,0,39.5,36.3,3.2,80.0,4.4,1,1,0,0,0,1,1,7,5.1
1,4,8.4,0,69,88,2,3,2,71.3,78.8,8.3,90.0,4.7,1,1,4,1,1,1,0,0,10.0
0,5,7.4,0,83,67,1,3,1,51.7,43.6,7.5,75.0,4.5,1,1,1,3,1,1,2,0,5.9
0,6,8.3,1,63,85,1,3,3,79.6,53.5,5.6,87.1,3.9,1,1,3,2,1,0,1,9,7.8
1,7,8.1,0,75,82,1,3,1,66.0,48.5,6.5,90.0,4.8,1,1,2,3,1,1,0,6,7.0
1,7,7.4,1,58,68,0,0,0,34.2,28.9,0.8,78.8,3.2,0,0,0,1,0,0,2,8,5.3
1,7,6.5,0,88,66,0,2,0,22.5,15.9,1.9,83.1,3.6,0,0,0,0,0,0,0,8,2.0
0,2,7.5,0,77,73,0,2,1,41.2,28.9,3.4,74.0,4.5,1,1,3,2,1,1,0,8,3.5
1,0,8.2,0,76,80,1,2,1,62.3,51.7,4.5,90.0,4.7,1,1,2,2,1,0,1,2,5.7
1,7,8.0,0,82,64,2,1,0,47.0,40.7,2.1,80.4,3.8,0,1,0,0,0,0,2,3,7.4
0,3,8.5,0,67,83,1,3,2,64.7,57.9,6.8,76.0,4.8,1,1,3,2,1,0,1,7,8.1
1,4,7.8,0,73,88,0,2,1,47.4,34.6,4.9,82.0,4.4,1,1,1,3,1,0,1,7,4.0
1,8,8.9,1,75,82,2,0,1,63.5,45.1,1.6,90.0,4.7,1,1,2,3,1,0,1,9,9.8
1,0,7.6,1,60,69,1,1,0,33.1,31.8,0.0,71.0,4.1,0,1,0,0,0,0,1,9,5.6
1,8,7.5,2,59,82,2,2,0,41.7,42.9,4.8,80.1,4.0,1,1,0,0,0,0,1,6,5.6
1,6,8.0,0,89,71,2,3,2,72.7,67.3,6.5,89.8,3.9,0,0,1,3,1,0,1,1,8.3
1,0,6.5,0,72,68,2,1,0,20.9,20.6,3.6,85.0,4.8,0,1,0,0,0,0,1,0,2.4
0,3,8.3,0,76,84,0,3,2,56.6,39.7,7.4,83.0,4.3,1,1,3,1,1,1,2,3,8.1
1,2,8.2,0,84,88,2,3,2,71.8,64.3,6.9,90.0,4.8,1,1,1,3,1,1,1,9,8.8
1,4,7.6,1,68,84,1,1,0,37.5,30.6,4.5,72.0,4.6,1,1,0,0,0,1,1,5,6.4
0,2,7.5,0,84,66,1,2,0,44.4,47.5,4.8,73.0,3.5,1,1,0,0,0,0,1,8,7.2
1,1,7.3,0,61,64,1,1,0,22.0,17.2,2.4,71.0,3.8,1,0,0,0,0,0,1,0,4.0
1,5,6.8,1,62,82,1,2,0,20.0,18.5,5.3,79.0,4.1,0,1,2,2,1,0,1,8,2.8
0,11,8.1,0,73,88,2,1,1,54.2,45.7,3.0,79.0,4.4,1,1,0,0,0,0,1,2,9.0
0,5,7.6,0,62,62,1,2,1,39.8,41.5,4.1,65.0,4.2,0,1,0,0,0,0,0,8,5.3
0,0,8.5,0,68,87,2,3,2,83.1,71.0,6.2,88.0,4.6,1,0,2,2,1,1,0,0,10.8
0,7,8.5,1,77,88,1,3,0,78.7,55.5,7.0,85.3,4.7,1,1,1,2,1,1,1,2,8.7
1,10,6.6,0,56,83,0,2,0,24.6,36.3,4.8,84.6,4.8,1,1,1,2,1,0,0,8,2.6
1,4,8.6,0,80,85,2,3,2,71.8,50.8,7.8,89.0,4.8,1,1,2,2,1,0,1,0,7.8
1,0,7.0,1,83,80,1,1,2,22.8,27.6,3.4,83.0,4.8,1,1,4,1,1,0,1,5,2.8
0,3,6.5,1,55,59,1,2,0,25.2,24.6,4.1,85.0,4.7,0,1,1,3,1,0,2,6,2.0
0,3,6.6,0,58,61,1,1,0,20.0,26.8,0.5,73.0,3.1,0,0,0,0,0,0,0,1,2.5
0,5,6.5,2,55,76,1,1,0,20.0,19.6,3.0,65.0,3.6,0,0,0,0,0,0,2,8,3.9
1,5,6.7,1,61,71,1,1,0,20.0,12.8,2.1,60.0,4.7,1,1,0,0,0,0,0,8,2.0
0,5,7.5,2,85,66,1,1,2,23.5,17.0,2.3,72.0,3.9,1,0,0,0,0,0,2,8,4.4
0,11,8.0,1,69,68,2,2,1,62.5,48.4,5.9,84.0,4.7,0,1,0,1,0,1,1,6,6.8
1,2,6.5,2,55,65,1,1,0,20.0,17.2,2.7,69.0,4.0,0,1,0,0,0,0,1,6,2.1
1,0,7.7,0,55,84,1,1,0,37.7,29.5,2.9,82.0,4.5,1,1,0,0,0,0,1,4,5.6
1,3,7.2,0,69,64,0,2,0,27.2,29.9,5.4,82.0,3.9,1,0,2,2,1,1,1,0,4.4
1,10,7.8,0,73,79,1,2,0,44.4,48.4,4.8,78.6,4.6,1,1,3,2,1,1,1,8,5.9
0,3,7.4,0,57,63,0,1,0,30.7,29.7,1.2,61.0,3.7,0,1,0,0,0,0,1,9,5.2
1,3,7.6,0,55,65,1,1,1,38.0,15.5,2.6,74.0,4.5,0,0,0,0,0,0,2,0,5.7
1,4,7.7,0,80,83,1,3,2,52.4,46.2,6.6,84.0,4.6,1,1,3,2,1,0,2,4,5.8
1,3,6.5,1,55,65,1,1,1,20.0,28.5,2.4,73.0,3.4,0,0,0,0,0,0,1,0,2.5
1,9,6.5,0,64,63,1,3,0,28.0,24.3,7.4,68.3,4.2,1,0,2,2,1,1,2,8,2.7
1,2,8.4,0,80,85,2,3,2,81.8,80.6,7.7,90.0,4.8,1,1,3,2,1,1,0,8,9.3
1,0,8.5,0,72,87,2,3,2,74.5,54.1,8.1,90.0,4.8,1,1,4,1,1,0,1,0,7.8
1,2,8.2,0,56,65,1,1,1,56.6,47.6,0.0,71.0,3.5,0,0,0,0,0,1,1,8,6.2
1,4,7.3,0,56,65,1,2,1,27.7,36.8,2.5,68.0,3.9,0,0,0,0,0,0,1,0,4.3
1,5,7.3,0,61,70,1,1,0,28.6,32.1,1.0,60.0,3.2,0,0,0,0,0,0,2,8,4.9
1,7,7.6,1,69,78,2,3,1,67.0,50.4,4.6,84.5,4.5,1,1,1,0,0,0,2,4,7.5
1,1,8.4,0,85,86,2,3,2,69.3,56.2,5.8,90.0,4.5,1,1,2,2,1,1,2,0,6.9
1,7,6.9,0,86,83,1,1,1,25.0,29.2,2.6,88.0,4.3,0,1,1,2,1,1,1,2,2.1
0,5,8.3,0,84,83,1,3,2,66.5,63.6,5.6,90.0,4.8,1,1,3,1,1,1,1,8,7.9
1,0,8.3,1,79,82,2,3,0,66.9,65.3,7.4,90.0,4.8,1,1,3,2,1,1,2,0,9.2
0,4,8.1,0,72,84,1,2,2,55.9,38.2,4.8,85.0,4.4,0,1,0,0,0,0,0,4,6.2
1,0,8.8,0,85,81,1,3,2,79.4,60.7,8.1,90.0,4.8,1,1,3,2,1,1,2,0,9.5
1,3,6.7,1,68,64,0,1,1,20.0,13.6,3.9,85.0,4.2,1,1,1,3,1,0,0,8,2.0
1,2,7.3,1,55,68,1,1,1,20.5,11.7,1.6,67.0,3.4,0,0,0,0,0,0,2,8,3.4
1,6,7.3,2,56,72,0,0,0,27.4,21.4,1.5,62.2,3.4,0,0,0,1,0,0,1,9,4.5
1,8,6.5,0,55,67,0,2,0,20.0,0.3,4.0,68.6,3.9,1,1,0,3,1,0,0,8,2.0
0,7,8.3,0,79,84,0,1,0,64.3,55.2,5.2,86.3,4.2,1,0,0,1,0,0,0,9,8.3
1,2,8.0,0,86,88,2,3,2,70.3,47.0,7.3,90.0,4.8,1,1,2,2,1,1,1,0,7.1
1,2,8.1,0,67,71,2,1,0,39.0,39.5,0.7,76.0,4.3,0,0,0,0,0,0,1,1,5.0
1,4,7.8,1,81,80,1,2,2,52.0,58.6,4.4,90.0,4.8,1,1,4,1,1,0,2,4,6.4
1,0,6.7,0,57,70,1,1,0,20.0,21.5,1.5,81.0,4.6,1,1,2,2,1,0,1,0,2.1
1,2,6.8,1,61,65,0,2,1,21.2,10.4,4.7,74.0,3.7,1,1,0,0,0,0,1,0,2.7
1,4,6.6,0,55,69,1,1,2,20.0,25.0,1.2,86.0,4.7,0,0,2,3,1,0,1,2,2.0
0,5,8.1,0,74,84,2,3,1,71.4,57.8,8.2,85.0,4.8,1,1,2,3,1,1,0,4,7.1
0,4,8.5,0,87,83,2,3,0,77.4,70.0,6.2,82.0,4.4,1,1,2,2,1,1,1,6,8.9
1,2,8.1,0,81,85,1,3,2,54.9,39.3,7.3,88.0,4.8,1,1,3,2,1,1,2,0,6.2
1,0,8.1,0,72,83,1,3,3,67.8,45.1,3.4,85.0,4.8,0,1,1,3,1,0,2,2,6.8
1,4,7.7,0,74,82,2,3,1,65.7,61.9,8.5,85.0,4.2,1,1,0,0,0,1,2,8,8.0
1,10,7.5,0,80,79,0,2,2,42.0,41.9,9.0,89.6,4.1,1,1,3,2,1,1,1,1,5.4
0,11,8.4,0,83,83,1,3,2,53.9,42.5,6.3,89.6,4.8,1,1,3,2,1,1,1,6,7.2
1,11,6.5,0,66,69,0,1,1,27.0,42.1,5.7,64.9,4.0,1,1,0,0,0,0,0,7,4.9
0,9,7.5,0,55,71,0,1,0,33.5,40.4,3.1,72.2,4.3,0,0,1,0,0,0,1,8,6.2
0,2,6.5,0,55,63,0,1,1,20.0,10.8,1.4,70.0,4.2,0,1,0,0,0,1,0,8,2.4
0,1,8.2,0,70,85,1,2,2,58.2,47.0,4.3,90.0,4.8,1,0,0,0,0,0,0,7,8.5
0,0,8.1,0,59,68,1,3,1,61.4,46.0,7.6,68.0,4.7,0,1,0,0,0,1,1,0,8.2
1,7,7.5,0,83,65,0,3,1,51.9,29.8,5.3,79.3,4.5,1,0,0,0,0,0,0,0,4.7
1,1,7.7,1,55,72,1,3,1,47.4,33.0,9.9,71.0,4.6,1,0,0,0,0,1,1,8,6.4
0,8,7.2,1,73,84,2,2,0,42.9,41.7,5.8,75.5,4.3,1,1,0,0,0,0,1,8,5.6
1,3,6.9,0,65,66,1,1,1,20.8,26.1,3.6,75.0,3.7,0,1,0,0,0,0,2,9,3.4
0,11,8.6,0,78,67,2,2,0,71.7,60.2,6.0,87.8,4.5,1,1,1,0,0,1,1,6,9.3
1,3,7.3,0,59,72,1,2,0,39.5,25.1,1.9,66.0,4.6,0,1,0,0,0,0,1,8,4.3
0,0,8.2,0,80,88,1,3,0,60.6,43.8,7.0,89.0,4.8,1,1,0,0,0,1,1,3,8.5
1,5,7.7,0,58,73,2,2,0,40.6,43.1,4.6,79.0,4.2,1,1,2,2,1,0,0,2,4.4
1,0,8.2,0,73,69,1,3,2,60.2,51.7,6.2,89.0,4.4,1,1,3,2,1,1,1,4,7.6
0,3,7.5,0,55,66,1,2,3,37.5,18.6,6.0,73.0,3.5,0,1,0,0,0,0,0,2,4.8
1,0,7.9,0,77,66,1,2,0,54.2,42.3,5.1,89.0,4.8,0,1,0,0,0,0,1,5,8.3
0,4,7.4,0,58,64,1,2,1,49.0,35.2,5.7,83.0,3.9,0,1,0,0,0,0,2,4,6.0
0,2,7.5,0,55,65,2,1,2,37.4,34.1,0.6,90.0,4.8,1,0,0,0,0,0,2,3,6.0
1,9,8.3,0,70,86,2,3,3,64.8,53.7,5.3,83.5,4.6,1,0,1,2,1,1,1,8,7.3
0,0,7.7,0,59,67,1,1,0,38.5,44.1,0.0,73.0,3.9,0,1,3,2,1,0,0,9,4.8
0,9,6.5,2,68,65,1,2,2,20.0,21.0,1.6,66.2,4.1,0,0,0,0,0,0,0,8,3.1
0,0,8.0,0,86,87,2,3,0,72.0,43.8,4.7,85.0,4.8,1,0,0,0,0,0,2,0,8.7
0,0,7.8,0,70,86,1,3,2,59.6,61.1,5.3,90.0,4.1,1,0,0,0,0,0,1,0,8.1
0,3,8.3,0,68,88,2,3,2,71.3,52.2,7.5,90.0,4.8,1,1,3,2,1,1,1,8,9.3
1,9,7.2,0,55,69,0,2,1,32.7,39.5,5.1,87.2,4.2,1,1,0,0,0,1,0,7,5.3
1,7,7.6,0,76,86,0,2,3,33.0,32.1,2.5,90.0,4.8,0,1,0,0,0,0,2,1,5.5
1,8,8.2,0,75,87,2,2,1,60.5,62.4,5.7,90.0,3.9,1,1,0,0,0,1,1,9,7.7
0,2,8.2,0,63,81,1,3,1,64.1,52.4,8.7,88.0,4.8,1,1,1,3,1,1,0,8,7.4
1,1,7.6,0,62,73,1,1,0,36.6,35.8,3.6,66.0,4.1,0,1,0,0,0,1,1,8,6.3
0,7,7.6,0,61,72,2,3,0,42.5,61.0,4.1,83.3,4.4,0,0,0,0,0,1,2,0,6.6
0,4,8.5,1,70,69,0,3,2,66.6,53.1,7.1,83.0,4.5,0,0,0,0,0,0,1,5,6.8
0,9,6.7,1,73,68,0,3,2,24.0,29.8,3.6,68.3,4.6,0,1,1,0,0,0,2,8,3.1
1,0,8.2,0,71,83,2,3,2,67.6,46.8,6.8,76.0,4.8,1,0,0,0,0,1,2,0,7.3
1,6,8.3,0,76,80,2,3,1,77.8,70.2,6.3,90.0,4.8,1,1,4,2,1,1,1,1,9.6
1,0,8.2,0,56,81,0,1,0,41.3,35.0,2.7,76.0,4.4,1,1,0,0,0,0,2,2,6.6
1,2,8.0,0,75,60,2,3,3,57.3,54.4,4.8,84.0,4.0,1,1,0,0,0,0,2,8,7.9
1,4,7.5,1,64,83,0,2,2,29.4,13.9,6.5,73.0,4.8,1,1,3,2,1,0,1,0,3.5
0,9,6.9,1,62,57,1,1,1,20.0,26.7,2.9,72.9,4.3,1,1,0,0,0,0,2,0,3.7
0,10,7.9,0,85,79,0,3,1,55.7,45.4,7.4,74.0,4.6,1,1,3,2,1,0,1,1,7.0
1,0,8.3,0,85,84,1,3,2,63.6,41.7,6.8,90.0,4.6,1,1,4,1,1,1,1,3,5.4
0,7,7.4,0,57,68,2,2,1,38.6,39.8,4.0,77.3,4.0,0,1,0,0,0,1,1,7,5.9
1,1,7.4,0,64,71,1,1,0,29.6,29.7,1.5,74.0,4.5,0,0,2,2,1,0,2,9,3.1
0,5,6.7,0,60,66,0,1,1,22.8,33.7,3.1,78.0,4.3,0,0,0,0,0,0,2,0,4.1
1,5,7.5,0,61,62,0,1,0,20.0,16.3,2.3,80.0,3.9,0,1,0,0,0,0,1,8,3.2
0,11,7.7,0,72,69,1,2,0,60.6,64.4,4.1,70.4,4.5,1,1,0,0,0,1,1,5,6.8
1,1,7.7,0,76,68,1,1,0,44.2,27.6,2.0,81.0,4.6,0,1,0,0,0,1,1,8,5.7
0,2,7.5,0,55,68,1,1,0,23.7,20.9,2.9,84.0,4.5,0,0,0,0,0,0,2,6,4.3
1,0,7.6,0,67,63,0,1,1,29.9,32.0,3.2,79.0,3.5,1,1,1,3,1,1,1,0,2.8
1,9,8.1,0,85,63,2,1,0,52.4,43.7,2.7,72.3,4.0,0,0,0,0,0,1,0,8,5.6
1,8,7.4,0,81,72,1,2,2,49.2,33.3,7.4,83.6,4.5,1,1,2,3,1,1,1,7,5.3
0,8,6.7,0,59,64,0,1,0,20.0,22.7,0.7,74.0,4.0,0,0,0,0,0,0,0,8,4.0
1,9,6.5,0,67,70,0,0,0,20.0,37.7,3.5,60.7,3.0,0,0,1,0,0,1,0,8,3.2
1,4,7.5,0,66,68,1,2,0,37.2,35.1,4.4,78.0,3.9,0,0,0,0,0,1,1,9,5.0
0,4,7.3,0,59,58,1,1,0,26.6,24.5,2.2,80.0,3.8,1,1,1,3,1,0,0,7,3.5
1,1,6.5,0,60,77,0,1,1,20.0,31.5,2.1,85.0,4.2,0,1,3,2,1,0,2,1,2.9
1,2,6.7,1,55,64,1,1,0,20.0,19.4,2.1,81.0,4.1,0,0,0,0,0,0,1,0,3.8
0,5,8.6,0,75,80,1,1,1,51.2,47.3,2.4,83.0,4.8,1,1,0,0,0,1,1,8,9.0
1,0,8.7,0,76,80,1,3,1,68.5,65.9,5.9,88.0,4.6,1,1,2,2,1,0,2,5,10.0
0,2,7.1,0,75,65,0,1,0,25.1,37.8,1.8,87.0,4.4,0,1,3,2,1,0,1,4,3.5
1,0,8.3,0,72,80,1,3,2,64.4,56.3,7.2,89.0,4.7,1,1,0,0,0,1,2,9,8.8
1,5,6.5,1,58,68,1,1,0,20.0,22.1,1.3,72.0,4.7,0,0,0,0,0,0,2,9,2.0
1,3,7.6,2,69,63,1,2,0,45.7,30.9,5.9,80.0,3.7,0,1,0,0,0,1,1,8,5.9
1,2,8.4,0,70,69,1,3,0,73.3,57.9,6.3,74.0,4.6,0,1,0,0,0,0,1,0,9.0
1,5,7.4,1,55,67,1,1,1,24.5,29.6,3.1,70.0,4.5,0,0,0,0,0,0,1,3,3.7
1,7,8.4,0,56,84,1,2,0,63.2,68.0,8.5,90.0,4.1,1,0,1,0,0,0,1,5,8.5
1,10,8.4,1,76,87,1,3,0,64.1,67.1,5.9,89.9,3.9,1,1,1,0,0,0,1,5,8.1
0,5,8.0,0,70,71,1,1,0,45.7,34.8,4.3,81.0,4.4,1,1,0,0,0,0,1,5,5.9
1,2,6.5,0,62,68,1,2,1,20.0,20.9,3.3,78.0,3.9,0,1,0,0,0,1,1,8,2.5
1,10,7.5,0,55,71,2,1,1,31.4,22.8,2.9,62.0,4.7,0,0,0,0,0,0,1,8,5.9
1,0,7.8,0,72,88,2,3,0,58.1,52.4,8.5,82.0,4.3,1,1,4,1,1,1,0,1,6.5
1,4,8.5,0,82,63,1,3,2,67.4,50.4,7.6,90.0,4.8,0,0,3,1,1,0,0,9,7.7
1,6,8.6,0,87,79,0,2,1,77.5,65.0,7.3,90.0,4.8,1,1,4,1,1,1,1,4,9.1
1,6,7.9,0,59,64,1,2,1,57.5,53.4,6.5,87.4,4.1,1,1,0,0,0,0,0,2,8.4
1,1,7.4,0,55,61,0,1,0,24.6,23.2,2.0,62.0,3.9,0,0,0,0,0,0,1,8,4.9
0,0,8.6,0,90,88,1,3,2,78.6,61.2,7.6,90.0,4.8,1,1,3,1,1,0,2,0,8.7
1,0,8.4,0,56,63,2,1,2,44.9,50.8,1.7,76.0,4.1,0,0,0,0,0,0,2,5,9.3
1,0,7.4,1,55,71,0,1,0,22.0,17.0,1.1,60.0,3.4,0,0,0,0,0,0,1,5,4.3
1,0,6.6,0,71,88,1,3,2,31.0,37.6,6.7,89.0,4.5,1,1,2,3,1,1,1,0,3.3
1,5,8.4,0,83,84,1,3,2,59.2,43.7,9.5,90.0,4.8,1,1,1,3,1,1,1,8,7.3
0,7,8.4,1,77,84,1,3,2,74.3,46.2,5.4,90.0,4.8,0,1,2,2,1,0,2,2,8.3
1,8,8.4,1,68,88,1,3,3,75.1,55.7,6.9,90.0,4.7,1,1,3,2,1,1,2,2,8.6
0,3,8.3,0,82,84,1,3,2,65.0,19.2,6.4,90.0,4.8,1,1,2,2,1,1,1,8,5.9
1,3,7.5,0,57,87,1,2,0,36.6,25.3,5.1,71.0,4.7,0,0,0,0,0,1,0,1,4.2
0,2,7.9,0,82,75,2,3,1,62.0,57.4,6.1,90.0,4.0,1,1,2,2,1,1,1,4,7.9
1,0,8.3,0,60,61,1,3,2,71.1,52.8,5.8,78.0,3.9,1,1,2,2,1,0,2,4,9.0
0,7,8.4,0,88,87,1,2,2,76.6,64.0,7.5,87.4,4.1,1,1,2,3,1,1,1,4,7.2
1,7,7.4,0,63,74,1,2,1,30.0,28.1,2.3,72.7,4.0,0,1,0,1,0,0,2,0,4.7
1,0,8.0,0,80,79,1,1,2,38.3,34.4,4.8,80.0,4.7,1,1,0,0,0,0,2,1,6.4
1,0,8.3,0,77,69,0,3,0,61.1,49.4,6.4,75.0,4.2,1,0,0,0,0,1,2,4,8.0
1,11,7.6,0,72,85,1,1,0,33.4,52.6,3.0,74.0,4.6,1,1,0,0,0,1,1,8,5.6
1,0,8.1,0,83,84,0,3,0,54.4,44.6,7.8,90.0,4.7,1,0,2,2,1,1,2,5,5.4
1,5,8.2,0,83,83,2,3,2,67.2,60.9,6.7,78.0,4.8,1,1,3,1,1,1,2,1,8.4
0,0,7.6,0,65,70,1,1,1,24.9,29.7,2.2,73.0,3.9,0,0,0,0,0,1,2,1,5.0
1,2,7.6,0,68,86,1,1,1,28.7,25.7,2.0,83.0,4.2,1,1,2,2,1,0,2,0,4.1
1,7,8.8,0,71,88,1,2,2,67.0,46.2,5.2,82.8,4.1,1,1,3,1,1,1,1,0,8.1
1,9,7.3,0,56,64,1,2,0,42.9,16.7,3.4,64.9,4.2,0,0,0,1,0,0,2,8,3.2
1,0,7.5,0,75,81,1,3,2,52.5,41.8,5.7,83.0,4.3,1,1,0,0,0,0,1,1,6.7
1,10,6.7,0,86,65,1,3,2,25.6,17.5,7.0,90.0,4.0,1,0,3,3,1,1,2,4,4.0
1,0,8.0,0,77,87,2,3,2,61.5,44.9,6.9,90.0,4.8,1,1,2,2,1,1,2,4,6.1
1,6,8.6,0,70,83,2,2,2,80.2,71.0,6.0,90.0,4.8,1,1,1,2,1,1,2,9,9.2
0,1,8.4,0,55,66,1,2,1,59.5,53.8,5.4,83.0,3.7,0,1,0,0,0,1,1,7,6.9
1,5,8.1,0,55,66,1,1,3,46.6,43.1,1.3,75.0,4.0,0,0,0,0,0,0,2,8,6.3
1,4,7.8,0,87,85,2,3,2,53.8,51.2,6.3,85.0,4.7,1,1,3,2,1,1,2,6,6.8
1,6,7.8,0,59,69,0,1,0,43.0,28.4,1.6,88.8,4.6,0,1,0,0,0,0,1,4,4.8
0,3,6.5,0,81,71,1,3,2,27.2,27.5,6.4,89.0,4.6,0,1,0,0,0,1,1,6,3.0
0,2,8.2,1,65,84,2,2,1,59.1,55.8,3.8,74.0,4.5,0,1,0,0,0,1,2,0,8.0
1,2,8.2,0,87,63,2,3,2,68.0,65.9,6.7,86.0,4.5,1,1,2,2,1,1,2,7,7.5
1,4,7.6,0,55,76,1,1,0,36.4,13.9,2.8,73.0,4.3,0,1,3,2,1,0,1,2,3.9
0,8,6.9,1,55,71,1,2,0,20.4,28.8,3.3,69.7,4.3,0,0,2,2,1,0,1,1,3.1
0,9,7.4,0,56,73,0,2,0,40.2,28.8,5.6,76.7,4.2,1,1,0,0,0,0,1,7,5.3
1,4,6.6,1,55,85,0,2,0,24.6,26.0,3.5,64.0,4.2,0,0,0,0,0,1,1,1,2.6
1,3,7.9,0,78,86,2,3,2,65.2,62.9,6.1,90.0,4.8,1,1,4,1,1,1,1,5,6.9
1,0,8.5,0,89,79,2,3,1,92.5,87.9,6.6,85.0,4.1,1,1,3,1,1,1,1,4,11.2
1,0,8.2,1,76,81,1,3,2,64.7,46.1,5.6,79.0,4.8,1,1,3,2,1,1,2,7,6.9
1,4,8.7,0,89,87,2,3,2,73.1,54.2,6.9,77.0,4.8,1,0,2,2,1,1,2,3,7.5
1,3,7.8,0,55,66,0,2,1,38.3,29.8,3.1,62.0,3.6,0,0,0,0,0,1,1,8,7.0
1,9,6.8,2,55,61,1,2,1,21.7,5.4,2.0,76.1,4.1,0,0,0,0,0,1,2,3,3.0
1,9,8.2,1,73,88,2,0,2,46.5,37.7,1.7,89.8,4.7,1,1,2,3,1,0,1,1,6.6
1,8,6.8,0,65,63,0,1,1,20.0,6.0,1.3,83.0,4.0,0,1,2,3,1,0,0,0,2.0
0,5,7.5,0,61,69,1,1,1,35.8,25.4,0.9,69.0,4.0,0,1,0,0,0,0,2,2,4.5
0,4,8.1,0,70,61,1,2,0,51.4,36.0,4.6,90.0,4.5,0,0,0,0,0,0,0,0,7.6
0,0,7.8,0,60,65,1,2,0,47.9,36.3,2.6,84.0,4.4,0,1,0,0,0,0,0,3,5.4
1,4,7.5,1,83,61,1,1,0,35.0,35.1,3.5,83.0,4.4,0,0,0,0,0,0,2,4,5.4
1,3,6.7,1,55,71,1,2,1,24.9,20.1,3.9,85.0,4.4,0,1,0,0,0,1,1,6,2.0
0,9,8.6,1,62,66,0,1,2,58.5,36.8,3.0,71.3,3.9,1,0,1,3,1,0,1,7,6.3
1,10,7.5,1,70,88,2,3,2,42.9,41.5,5.6,78.1,4.7,0,1,0,0,0,1,1,2,5.8
1,2,8.1,0,81,86,1,3,2,66.1,51.6,7.7,90.0,4.2,1,1,2,2,1,1,1,7,8.0
1,9,7.6,0,56,82,0,1,0,29.4,28.1,3.9,79.2,3.8,0,0,1,0,0,0,1,9,5.4
1,0,8.5,1,88,82,0,3,0,67.8,55.1,8.2,88.0,4.8,1,1,4,1,1,1,1,5,9.1
1,0,8.0,0,57,64,0,1,0,41.5,33.7,2.9,75.0,3.8,1,0,0,0,0,0,1,5,6.1
0,3,8.0,0,90,80,1,0,2,35.6,31.6,0.7,89.0,4.8,1,1,2,2,1,0,1,7,5.2
1,1,7.8,0,59,69,0,1,0,27.5,20.5,4.0,67.0,4.1,1,0,0,0,0,1,1,8,5.1
1,0,8.5,0,80,82,1,3,1,74.1,50.9,6.7,84.0,4.3,1,1,3,1,1,0,2,4,6.5
1,3,6.5,0,81,65,1,1,1,20.0,30.1,2.0,60.0,3.8,0,1,0,0,0,1,1,8,4.0
0,8,7.8,0,73,81,0,3,1,50.9,21.6,7.6,89.9,4.6,1,1,1,2,1,0,2,7,5.4
0,9,6.5,1,56,68,1,2,0,20.6,21.4,2.9,78.7,4.4,0,1,0,1,0,0,2,1,2.1
1,11,7.4,0,68,69,1,1,0,38.9,32.2,2.3,75.0,4.5,1,1,1,1,0,0,1,4,6.3
0,0,8.1,0,70,85,1,3,2,73.9,52.5,6.9,90.0,4.7,1,1,1,3,1,1,0,0,7.1
1,11,8.6,0,86,83,1,2,3,85.1,56.3,7.7,82.5,4.6,1,0,0,0,0,1,1,6,8.5
1,2,6.5,2,75,82,1,2,0,20.0,33.4,4.7,76.0,4.5,1,1,0,0,0,0,2,9,3.4
1,0,8.9,1,66,83,1,3,2,86.1,76.3,6.3,90.0,4.3,1,1,4,1,1,1,0,1,10.1
1,6,7.9,1,70,69,1,2,2,55.7,33.7,4.5,90.0,3.6,0,1,0,0,0,0,0,0,5.8
1,2,8.1,0,83,88,1,3,2,53.4,50.3,7.8,90.0,4.8,1,1,2,2,1,1,2,4,7.7
1,0,7.7,0,55,67,1,1,1,33.3,21.7,1.6,72.0,3.9,0,1,0,0,0,0,2,4,6.3
1,7,8.3,0,73,81,1,3,1,63.7,39.8,5.7,85.9,4.5,1,1,3,2,1,1,0,8,6.0
0,2,8.4,0,88,80,2,3,2,77.5,70.9,6.4,90.0,4.8,1,1,3,2,1,0,1,0,8.6
1,5,7.9,0,77,85,1,3,1,70.1,58.5,6.1,90.0,4.8,1,1,2,3,1,1,1,3,8.1
0,3,8.6,0,73,86,2,3,2,83.4,69.7,6.5,90.0,4.8,1,1,2,3,1,1,2,8,8.4
0,3,8.0,0,65,71,1,1,0,39.2,39.1,3.1,68.0,4.0,1,1,0,0,0,0,1,8,7.3
1,11,8.4,0,70,86,2,2,2,75.7,61.0,8.0,89.8,4.8,1,1,3,2,1,1,1,5,8.2
0,4,7.5,1,57,70,1,1,0,27.0,25.8,3.4,67.0,4.2,1,1,2,2,1,0,2,2,4.0
0,3,6.5,0,69,70,1,1,0,20.0,23.0,1.6,83.0,4.6,0,1,0,0,0,0,1,8,2.0
1,4,8.7,0,84,81,2,3,3,81.1,82.1,7.8,90.0,4.7,1,1,3,2,1,1,2,5,10.3
0,4,7.8,1,55,62,1,1,0,34.1,43.9,0.6,74.0,4.5,0,0,0,0,0,0,0,4,6.8
1,2,7.5,0,62,68,1,1,0,33.6,29.1,2.6,74.0,4.2,0,0,0,0,0,1,0,8,5.6
0,3,6.5,0,55,70,1,1,0,20.0,26.3,3.5,76.0,3.8,0,0,0,0,0,0,1,2,2.7
1,7,8.2,0,87,87,1,3,0,66.6,59.7,5.3,90.0,4.4,1,1,4,2,1,1,1,6,8.0
1,4,7.8,1,77,82,1,3,2,55.0,54.7,8.1,77.0,4.2,1,0,0,0,0,1,2,1,6.6
0,7,6.6,0,77,69,1,2,1,22.7,25.8,4.0,70.6,4.1,1,1,0,0,0,0,1,6,2.6
1,10,8.5,0,58,63,2,2,0,53.9,35.7,1.3,72.5,3.7,0,0,0,0,0,0,1,1,7.3
0,6,7.9,1,74,62,2,2,2,62.7,49.9,5.7,87.0,4.1,1,1,3,2,1,1,2,9,8.2
1,2,7.6,0,72,68,1,3,2,55.8,41.3,5.8,71.0,4.2,1,1,0,0,0,0,1,4,6.0
0,4,8.7,1,77,88,2,3,2,83.4,57.1,7.1,90.0,4.7,1,1,3,1,1,0,1,5,9.2
1,6,8.9,0,78,87,2,2,2,85.0,74.4,8.0,90.0,4.8,1,1,4,2,1,1,0,1,10.4
1,0,7.5,0,61,70,1,1,0,34.5,28.1,3.9,75.0,4.1,1,1,0,0,0,0,2,0,4.5
1,0,7.8,0,86,83,1,2,0,56.4,50.8,4.9,80.0,4.8,1,1,2,2,1,1,1,0,6.0
1,3,7.7,0,79,81,1,2,2,55.6,30.2,6.5,78.0,4.3,1,1,3,2,1,1,2,8,5.9
1,4,8.3,0,80,84,2,3,2,69.6,66.8,7.7,90.0,4.8,1,1,2,2,1,1,2,1,8.4
1,8,6.5,0,80,82,1,0,3,20.0,0.0,2.9,86.0,4.2,1,1,1,3,1,0,1,8,2.0
1,0,8.0,0,66,67,1,1,1,40.4,30.2,2.4,79.0,4.6,1,0,0,0,0,1,0,0,5.6
0,6,8.5,0,72,74,0,1,0,46.2,35.6,5.2,81.3,4.5,0,0,0,0,0,1,1,9,7.2
0,9,7.7,2,57,82,1,2,2,39.6,42.5,6.0,80.2,4.2,1,1,0,1,0,1,0,9,6.2
1,5,6.8,0,56,70,1,1,1,20.0,27.1,1.9,89.0,4.6,0,1,0,0,0,0,2,8,3.4
1,2,8.4,0,82,79,2,3,2,69.3,66.2,6.2,90.0,4.8,1,1,2,3,1,0,1,4,7.6
1,9,8.4,0,86,81,1,3,1,69.7,70.5,6.9,82.6,4.2,1,1,2,3,1,1,1,8,10.0
1,0,7.9,0,55,63,0,1,1,35.0,39.4,0.4,77.0,4.2,0,0,0,0,0,1,1,8,5.8
1,2,7.2,0,84,70,1,1,0,28.4,38.0,3.4,85.0,3.5,0,1,0,0,0,0,1,8,4.4
0,6,7.4,0,59,61,1,1,0,28.2,30.0,4.4,76.5,3.9,0,0,1,0,0,1,1,0,3.9
0,4,6.5,0,55,62,1,2,1,20.0,20.3,2.4,78.0,3.8,0,0,0,0,0,1,2,1,3.8
1,6,8.0,0,84,82,0,3,3,60.8,41.7,7.0,90.0,4.8,1,1,3,2,1,1,2,1,6.6
1,4,7.4,0,55,69,1,3,0,47.7,45.7,4.5,83.0,4.7,0,1,0,0,0,1,2,2,5.4
1,11,7.8,0,78,57,1,2,0,59.4,46.3,8.3,80.0,3.8,1,1,2,2,1,1,1,6,7.1
1,7,8.2,1,79,82,1,0,3,61.1,52.6,2.1,87.3,4.8,1,1,4,2,1,0,1,5,7.7
1,2,8.0,0,77,83,1,3,2,53.5,50.1,6.8,90.0,4.8,1,1,0,0,0,1,2,7,6.5
1,8,6.5,1,55,67,0,2,0,20.0,13.2,5.0,65.0,4.1,1,0,0,0,0,1,1,1,2.3
0,2,7.7,1,58,75,0,1,1,40.1,30.8,0.2,78.0,4.1,0,0,0,0,0,0,0,5,6.9
0,2,7.6,1,74,85,1,2,1,45.6,27.7,2.5,74.0,4.6,0,1,2,2,1,1,0,9,6.1
0,5,7.1,1,55,65,1,1,1,20.7,16.5,1.7,66.0,4.2,0,0,0,0,0,0,2,8,3.4
0,11,8.4,0,76,80,2,2,1,73.2,67.6,5.8,90.0,4.7,1,1,3,1,1,0,2,8,8.3
1,0,7.7,0,65,75,1,1,0,34.0,27.1,3.7,73.0,4.0,1,1,1,3,1,0,1,5,5.0
1,1,8.3,0,83,81,1,2,0,56.8,43.2,4.1,76.0,4.5,0,1,3,2,1,1,0,8,7.8
0,3,8.3,0,67,65,1,2,3,50.9,45.0,4.2,78.0,3.8,1,0,0,0,0,0,0,4,7.2
1,2,7.4,0,55,69,1,1,0,30.8,22.8,3.8,74.0,3.9,0,1,0,0,0,0,1,3,3.4
0,0,8.0,0,60,83,1,2,0,56.3,47.4,4.9,83.0,4.6,1,1,0,0,0,1,0,7,6.4
1,0,7.0,0,66,61,0,1,0,22.6,18.3,0.9,85.0,4.4,0,1,0,0,0,0,2,9,2.4
1,6,6.5,1,72,87,0,1,1,29.5,37.7,5.4,89.8,4.5,1,1,2,2,1,0,2,1,3.8
0,0,7.6,0,63,72,1,1,0,34.1,11.0,1.4,63.0,3.3,0,0,0,0,0,0,2,5,4.2
0,11,8.7,0,82,85,0,3,1,80.1,66.2,6.0,90.0,4.5,1,1,3,0,1,1,2,8,9.3
1,3,8.3,0,81,77,0,2,0,52.4,44.4,4.1,67.0,4.4,1,1,0,0,0,0,2,0,7.7
1,1,8.1,0,83,77,1,3,2,58.3,42.0,6.1,72.0,4.8,0,0,0,0,0,0,2,7,8.2
0,0,7.5,0,72,81,2,3,2,54.8,49.9,6.2,88.0,4.8,1,1,0,0,0,0,1,3,7.4
1,10,7.7,0,55,66,0,1,0,28.0,43.0,1.8,82.3,4.0,0,1,0,0,0,0,2,6,4.4
0,1,6.7,0,60,63,0,1,0,20.0,27.6,0.9,74.0,4.0,0,0,0,0,0,0,1,8,3.4
1,0,7.3,0,68,69,0,2,1,32.1,20.7,5.2,71.0,4.4,0,0,0,0,0,0,1,3,3.4
0,3,6.8,1,62,66,1,1,1,20.0,13.2,1.5,60.0,4.4,0,1,0,0,0,0,0,7,2.5
1,3,8.1,0,83,86,0,3,2,57.9,53.9,6.1,90.0,4.8,1,1,2,2,1,0,1,8,8.0
0,0,7.6,2,55,65,1,1,1,29.3,25.6,2.3,77.0,4.0,0,1,0,0,0,0,2,5,5.6
1,11,7.7,1,64,68,0,1,1,32.8,32.1,5.4,72.1,3.8,1,1,0,1,0,1,1,0,6.2
1,4,8.1,0,62,67,1,1,1,41.3,46.5,3.0,79.0,4.5,0,0,0,0,0,0,1,0,7.4
1,6,8.0,0,81,86,2,3,2,62.8,62.0,8.8,83.0,4.0,1,1,2,2,1,1,1,4,7.0
0,5,8.7,0,74,81,2,3,2,82.6,65.3,7.4,90.0,4.8,1,1,0,0,0,1,2,4,9.4
0,5,7.3,0,55,65,1,1,1,31.9,39.4,0.4,66.0,3.6,0,1,0,0,0,0,2,6,4.0
1,11,8.0,0,82,85,2,3,1,65.7,55.9,4.0,89.7,4.6,1,1,3,3,1,0,1,6,7.0
1,4,6.8,1,77,57,1,2,0,34.8,37.8,4.0,75.0,4.2,0,1,0,0,0,0,1,2,4.4
1,4,8.9,0,81,87,2,3,2,81.5,56.7,7.4,90.0,4.7,1,1,3,1,1,1,1,1,8.6
0,8,6.5,1,80,64,2,1,0,20.0,17.5,2.9,72.5,4.5,0,1,0,0,0,1,2,2,2.0
1,5,7.5,0,83,69,1,1,3,34.4,31.3,1.0,77.0,4.1,0,1,0,0,0,0,0,6,5.0
1,3,7.4,0,55,75,1,2,2,36.4,38.4,6.3,78.0,4.5,0,1,0,0,0,1,2,2,5.9
0,7,8.4,1,80,82,1,1,1,61.9,62.3,5.6,89.4,4.2,1,1,0,0,0,1,0,5,10.1
0,4,8.2,0,69,73,1,2,0,52.2,39.8,4.4,73.0,4.5,1,1,0,0,0,0,2,0,7.4
1,0,7.4,0,81,68,1,2,1,44.9,36.1,4.7,78.0,4.4,0,1,0,0,0,1,1,7,6.5
1,5,7.9,0,79,80,0,3,2,51.0,32.9,5.2,89.0,4.5,0,1,0,0,0,1,2,2,5.7
1,6,8.3,1,81,86,0,3,2,65.7,44.9,7.8,88.3,4.7,1,1,2,3,1,1,2,6,6.7
1,2,7.6,0,75,82,1,3,1,51.9,48.5,5.8,85.0,4.4,0,1,0,0,0,0,2,0,5.5
0,5,7.7,0,55,72,1,2,0,40.3,28.4,3.1,63.0,4.3,0,0,0,0,0,0,2,9,5.2
0,11,6.7,1,75,72,2,0,0,22.4,18.6,0.5,68.6,3.9,0,1,0,0,0,0,0,1,2.0
1,10,9.1,1,76,82,1,0,1,56.7,51.1,1.8,80.0,4.8,1,1,2,2,1,1,1,8,8.9
0,0,8.5,0,85,85,1,3,2,74.8,57.9,6.9,90.0,4.8,1,1,0,0,0,1,0,6,9.0
1,8,6.5,0,80,82,1,1,3,20.0,1.4,2.8,87.3,4.3,1,1,3,1,1,1,2,3,2.0
1,2,8.1,0,60,70,2,1,1,60.3,60.7,2.9,75.0,4.7,1,1,0,0,0,0,1,2,9.2
0,8,7.3,0,55,84,0,1,0,20.0,1.9,2.1,82.4,3.8,0,1,0,0,0,0,1,9,2.0
1,11,8.9,0,70,81,0,3,1,74.8,56.2,7.0,90.0,4.6,1,1,3,0,1,1,2,8,8.1
1,11,7.8,1,55,69,1,1,0,53.5,45.3,5.3,78.4,4.0,1,1,0,0,0,0,1,9,5.7
0,4,8.4,0,71,65,1,1,2,46.3,43.3,2.5,80.0,4.8,0,0,2,2,1,0,1,1,5.9
1,3,6.5,0,55,70,1,2,0,20.8,21.8,3.0,71.0,4.3,0,1,0,0,0,0,1,5,2.4
1,4,6.5,0,83,67,0,1,0,20.0,15.6,2.0,75.0,4.1,0,1,0,0,0,1,2,3,2.0
0,0,8.6,0,77,84,2,3,1,68.2,55.9,5.1,90.0,4.8,1,1,2,3,1,1,0,3,8.6
0,7,7.7,1,84,63,0,1,2,38.6,37.7,0.8,79.5,4.6,0,1,1,0,0,0,2,7,6.4
1,0,7.4,0,68,63,0,1,0,20.0,11.8,2.5,85.0,3.9,0,1,0,0,0,0,1,5,2.3
0,6,7.4,0,57,61,0,2,1,29.1,29.8,4.0,77.0,3.9,0,0,0,0,0,0,1,4,4.1
1,0,8.5,0,58,85,1,3,0,70.1,49.1,6.0,84.0,4.7,1,1,1,3,1,1,1,3,8.8
1,7,7.7,0,79,81,1,2,0,54.2,44.9,5.6,85.5,4.5,1,1,0,0,0,0,2,0,6.4
1,2,7.7,1,55,65,1,1,0,36.3,27.2,2.6,81.0,3.9,0,0,0,0,0,1,2,0,4.8
0,7,8.4,2,82,88,2,3,3,71.1,62.3,7.4,90.0,4.8,1,1,2,2,1,1,1,6,7.1
1,2,8.0,0,78,86,2,3,3,67.8,47.0,6.1,80.0,4.8,1,1,0,0,0,1,1,5,7.5
0,7,8.4,1,75,81,2,2,0,73.8,63.9,6.5,85.0,4.8,1,1,0,3,1,1,1,5,9.0
1,2,6.5,0,73,65,1,2,0,24.4,12.6,4.2,83.0,4.6,1,1,0,0,0,0,1,8,2.6
0,2,8.3,0,83,82,1,2,0,59.4,44.4,4.6,70.0,4.8,1,1,3,2,1,0,1,9,7.0
1,10,8.6,0,59,85,2,3,1,73.0,61.7,6.8,85.2,4.2,1,1,0,1,0,1,2,8,7.9
1,6,6.5,1,55,73,0,3,1,22.4,29.7,2.7,62.1,3.5,0,0,0,1,0,0,1,0,2.1
1,9,6.7,0,55,66,0,2,2,22.7,11.4,3.0,76.4,4.2,0,1,0,0,0,0,2,8,3.2
0,7,8.5,1,64,84,2,2,0,70.9,72.8,6.1,89.4,4.7,1,1,0,0,0,1,1,3,8.7
0,5,8.1,0,76,86,1,3,2,56.5,49.3,6.8,90.0,4.6,1,1,0,0,0,1,1,8,7.4
1,4,8.3,0,55,73,1,1,1,41.0,41.6,3.5,75.0,3.9,1,1,2,2,1,1,2,6,6.1
1,11,7.5,1,61,61,1,2,0,42.2,32.9,3.6,81.9,4.0,0,0,0,0,0,1,1,7,5.5
0,6,8.6,0,55,68,2,2,1,72.2,57.5,5.1,81.7,4.2,0,0,0,0,0,1,0,2,8.5
0,4,6.5,0,55,64,1,1,0,20.0,17.9,2.8,68.0,4.1,0,1,0,0,0,1,1,0,2.6
0,0,7.6,0,55,59,1,1,1,34.4,38.1,3.4,77.0,3.9,0,0,0,0,0,0,1,2,4.8
1,9,8.4,1,75,85,1,3,2,67.5,60.5,7.6,78.6,4.8,1,1,2,1,1,0,2,2,7.6
1,2,7.8,0,85,79,0,3,0,50.0,44.5,6.7,76.0,3.7,1,1,3,1,1,1,2,8,5.1
1,4,7.6,0,85,82,2,2,2,48.6,35.7,5.8,81.0,4.3,0,1,0,0,0,1,2,2,5.0
1,3,7.9,0,62,64,1,1,0,45.8,35.2,1.3,73.0,4.0,0,1,0,0,0,0,2,1,7.2
0,6,8.5,0,90,85,2,3,2,70.9,62.0,7.7,90.0,4.7,1,1,2,2,1,1,1,2,8.3
0,0,8.1,0,55,69,0,2,1,45.6,40.6,3.2,75.0,4.1,0,1,2,2,1,0,1,1,5.1
0,5,7.5,0,57,68,1,1,1,29.6,14.9,2.1,71.0,4.3,0,0,0,0,0,0,1,1,4.8
0,3,8.4,0,76,76,1,0,0,47.5,39.5,0.1,75.0,4.7,1,1,3,1,1,0,1,8,7.6
1,4,7.7,0,76,68,1,1,0,39.5,31.7,2.1,81.0,3.9,0,1,0,0,0,0,0,0,6.5
1,3,6.7,1,59,62,1,2,1,21.4,13.7,5.3,80.0,4.5,0,1,0,0,0,1,0,8,2.0
1,10,7.8,0,56,85,1,2,0,40.6,23.5,2.4,79.3,4.7,1,1,2,2,1,0,2,5,5.5
1,6,7.4,0,75,67,2,2,0,48.9,37.9,4.4,66.6,3.9,0,0,1,0,0,0,1,2,5.7
1,0,8.5,0,80,80,2,3,3,77.9,74.2,8.8,90.0,4.7,1,1,3,2,1,1,1,0,8.4
0,6,8.4,0,63,67,0,0,1,56.6,45.6,2.9,84.1,4.8,1,1,4,3,1,1,1,2,6.1
1,6,7.6,0,81,84,0,3,1,47.1,35.3,5.8,83.2,3.9,1,1,4,2,1,1,0,2,5.2
0,9,7.2,0,59,60,0,0,0,20.6,26.4,3.0,67.7,4.3,1,1,1,0,0,1,0,1,3.7
1,3,7.8,0,59,65,1,1,2,35.9,36.3,2.8,82.0,4.3,1,1,3,2,1,0,1,7,5.8
0,2,7.7,0,55,70,0,1,0,34.3,36.7,1.9,81.0,4.8,1,0,0,0,0,1,1,8,3.8
1,5,8.0,0,72,80,1,2,2,43.5,36.1,4.1,80.0,4.7,1,0,0,0,0,1,2,7,7.2
1,1,6.8,1,65,63,0,1,0,20.0,11.5,1.3,82.0,4.0,0,1,1,3,1,0,1,8,2.0
1,5,6.9,0,56,65,1,2,1,22.7,20.3,3.3,68.0,4.5,1,1,0,0,0,0,2,3,3.5
0,10,6.6,1,55,70,2,0,1,20.0,24.9,2.1,76.8,4.2,0,1,0,0,0,0,2,7,2.4
0,2,6.8,2,64,69,1,2,1,20.0,17.2,2.0,68.0,4.3,0,1,0,0,0,0,2,5,4.2
0,0,7.1,0,55,69,1,1,0,22.0,24.4,2.2,63.0,4.2,0,1,0,0,0,0,2,1,3.9
1,3,7.8,1,74,86,2,3,0,58.2,40.4,7.5,86.0,4.6,1,1,2,2,1,1,1,7,5.9
1,4,7.6,0,55,68,1,2,1,37.4,31.2,3.3,68.0,4.1,0,1,0,0,0,0,0,0,5.9
1,0,8.4,0,73,85,2,3,2,81.0,64.6,6.8,90.0,4.8,1,1,4,1,1,1,0,5,8.8
0,2,7.3,0,76,87,0,1,3,22.7,23.2,4.1,81.0,4.8,1,1,0,0,0,0,0,4,3.9
1,3,7.8,0,64,69,1,1,0,26.3,26.7,1.8,73.0,4.6,0,1,0,0,0,0,2,8,3.4
0,9,8.3,1,79,83,2,3,3,76.7,53.8,6.8,82.2,4.7,1,1,3,1,1,1,1,8,8.6
1,2,8.1,0,83,79,2,1,0,45.7,41.6,3.7,85.0,4.1,1,1,2,2,1,0,0,1,6.7
1,8,8.1,1,56,73,0,3,1,59.1,55.3,7.6,83.9,4.8,1,1,1,2,1,1,0,1,7.7
0,11,7.6,2,71,63,1,2,0,39.2,26.1,3.7,83.8,4.7,1,1,1,3,1,1,2,5,4.0
1,11,7.5,0,67,68,0,2,0,38.0,22.1,4.8,87.3,4.1,1,1,1,0,0,1,1,0,5.5
1,7,7.7,0,55,68,0,0,0,34.9,46.5,2.3,86.5,4.3,0,0,1,0,0,0,0,2,7.8
1,10,8.0,0,81,84,2,3,1,65.3,43.8,6.3,89.4,4.0,1,1,0,0,0,0,2,8,7.5
0,0,7.7,0,55,66,0,2,0,35.9,24.9,4.8,70.0,4.0,0,1,0,0,0,0,2,0,3.7
0,0,7.7,0,83,82,2,2,2,44.1,42.1,5.6,85.0,4.7,1,1,2,2,1,0,1,8,5.4
0,4,7.8,0,83,88,1,3,2,55.8,45.9,7.5,90.0,4.8,1,1,3,2,1,1,1,2,6.2
1,8,7.4,0,55,67,0,2,0,20.0,29.5,3.0,78.9,3.8,0,0,1,0,0,0,1,7,5.7
0,3,6.6,0,75,70,2,1,0,21.6,22.7,1.2,75.0,4.2,0,1,0,0,0,0,1,7,3.6
1,6,7.5,0,64,71,2,1,2,49.3,44.7,3.5,68.5,3.7,0,0,0,0,0,1,2,2,5.4
1,4,7.7,0,64,64,0,1,1,30.6,20.8,2.7,67.0,4.2,1,0,0,0,0,0,2,3,5.4
0,0,7.7,0,73,86,1,2,2,39.1,39.5,5.7,86.0,4.8,1,1,3,1,1,0,1,0,5.1
0,0,8.3,0,81,81,2,2,0,65.5,58.8,7.0,90.0,4.6,1,1,3,2,1,1,2,0,7.3
0,2,8.2,0,76,70,1,1,1,50.2,46.0,4.0,90.0,4.8,1,1,2,2,1,1,2,6,8.3
0,6,8.0,0,63,88,1,1,3,46.4,39.6,3.4,83.7,4.6,1,1,1,0,0,1,0,4,6.4
1,5,8.2,0,75,66,2,3,0,67.8,57.6,6.6,76.0,3.9,1,1,0,0,0,1,0,5,7.5
1,2,8.0,0,79,80,1,2,1,57.4,42.4,3.9,82.0,4.8,1,1,2,2,1,1,2,4,6.6
1,6,7.3,2,55,65,0,0,0,35.0,30.2,3.3,83.3,4.4,0,0,0,1,0,0,0,1,5.2
1,6,7.4,0,61,66,2,3,1,32.9,31.7,2.7,88.8,3.5,0,1,0,0,0,0,1,9,5.5
1,1,7.6,0,55,64,1,3,2,53.6,45.7,6.7,75.0,4.3,1,0,0,0,0,1,1,8,7.0
1,1,8.6,0,68,80,2,3,2,80.0,47.7,6.7,76.0,4.8,1,1,0,0,0,1,1,2,7.4
0,9,8.1,1,79,85,2,3,2,63.4,62.4,7.5,90.0,4.5,1,1,4,2,1,1,1,8,8.6
1,2,7.2,0,62,69,1,1,1,30.4,36.0,3.9,77.0,4.7,1,1,1,3,1,1,2,0,3.7
0,6,7.7,1,56,66,2,2,0,46.2,47.9,4.0,88.4,4.6,0,1,0,1,0,0,0,7,6.0
0,0,7.4,0,55,70,2,1,0,37.9,20.4,0.3,78.0,3.6,0,0,0,0,0,0,0,3,5.0
1,2,7.7,0,71,66,1,1,1,38.5,22.5,1.6,75.0,3.5,0,0,2,2,1,0,1,8,4.1
1,1,7.4,0,72,73,0,2,0,33.4,37.9,4.3,81.0,3.8,1,1,0,0,0,0,0,8,5.2
1,10,8.0,2,85,69,1,3,1,64.0,56.6,7.7,90.0,4.7,1,1,3,1,1,0,1,7,8.3
1,4,8.1,0,76,66,1,2,0,52.1,58.6,5.8,87.0,4.3,1,1,0,0,0,1,2,5,6.5
1,4,7.9,0,65,84,2,3,2,59.2,53.8,6.6,90.0,4.6,1,0,0,0,0,0,2,5,7.9
1,0,8.6,0,65,67,1,1,2,51.5,38.6,3.4,89.0,4.3,1,1,0,0,0,0,1,1,7.8
0,2,8.5,0,76,84,1,3,2,68.5,70.5,6.5,90.0,4.5,1,1,4,1,1,1,1,1,8.6
1,7,8.3,0,74,68,0,2,0,47.0,44.0,2.6,89.9,4.5,0,1,2,3,1,1,2,7,6.5
0,11,8.1,0,66,65,0,1,0,38.8,36.9,1.9,88.3,3.9,0,1,0,1,0,0,2,4,5.8
0,2,8.3,0,76,83,1,3,2,52.5,47.0,8.2,87.0,4.4,1,1,1,3,1,1,2,8,7.1
0,11,7.7,2,69,76,2,2,3,48.9,34.2,7.5,77.3,4.2,1,1,1,3,1,1,1,6,6.5
0,2,7.5,0,56,66,0,3,1,55.3,40.5,7.4,73.0,4.0,0,0,0,0,0,0,0,0,6.3
0,0,8.0,0,86,75,1,3,0,56.1,53.4,5.5,85.0,4.8,1,1,0,0,0,0,0,0,8.4
1,1,7.4,2,61,72,1,1,0,29.5,9.7,2.4,87.0,3.2,0,0,0,0,0,1,0,1,3.5
1,0,6.5,1,55,74,1,1,0,20.0,12.9,2.5,77.0,4.2,0,1,0,0,0,1,0,0,3.0
1,4,7.6,0,75,82,2,3,2,49.9,45.3,7.0,90.0,4.5,1,1,3,2,1,0,2,8,6.5
1,6,8.0,0,66,67,2,2,1,45.7,35.1,2.9,81.0,4.6,1,0,1,0,0,1,0,6,6.2
1,5,6.5,1,72,60,1,2,1,30.4,22.8,3.7,69.0,4.1,0,1,0,0,0,1,0,9,2.9
1,2,7.8,0,58,65,1,1,0,35.2,42.6,2.5,72.0,3.6,0,1,0,0,0,0,2,7,6.3
1,8,7.9,0,71,76,2,1,1,48.5,36.4,4.9,89.5,4.8,1,1,3,3,1,0,2,8,6.8
1,3,8.3,0,82,80,1,2,0,56.9,31.8,5.5,90.0,4.5,1,1,3,1,1,1,1,7,6.1
1,11,7.7,0,55,73,1,1,0,34.3,30.3,1.3,65.1,3.9,0,0,0,0,0,0,1,8,5.3
0,0,8.3,0,82,72,2,3,0,68.6,59.4,6.8,88.0,4.8,1,1,0,0,0,1,2,3,7.9
1,8,8.1,0,62,70,1,1,0,42.8,51.7,1.0,68.2,4.8,0,0,0,1,0,0,2,8,6.4
0,2,8.2,0,57,64,1,2,0,52.5,60.4,4.6,68.0,4.2,0,0,0,0,0,0,1,8,7.7
1,0,8.5,0,68,88,1,3,0,70.7,53.1,7.1,82.0,4.4,1,1,3,2,1,0,1,1,7.3
0,11,7.9,0,77,88,2,2,2,53.8,47.9,4.3,89.7,4.7,1,1,0,1,0,1,1,6,6.8
1,0,8.2,1,84,86,2,3,2,64.4,61.8,7.0,90.0,4.7,1,1,3,1,1,1,2,4,7.1
1,0,8.1,0,66,67,1,1,0,45.1,47.3,2.8,77.0,4.4,1,0,0,0,0,1,0,0,7.9
0,5,6.8,0,68,65,1,1,1,28.0,18.5,3.2,67.0,4.4,0,0,0,0,0,1,1,2,4.2
1,3,8.3,0,86,85,0,3,2,61.7,49.9,7.6,89.0,4.8,1,1,3,2,1,1,2,8,7.0
1,3,6.5,2,64,69,1,2,0,20.0,17.8,3.8,78.0,4.5,0,0,0,0,0,1,1,8,2.2
1,4,7.9,0,88,77,2,3,2,58.4,53.2,7.1,90.0,4.8,1,0,2,3,1,0,0,8,7.0
1,2,7.9,1,71,88,1,3,2,60.5,49.3,8.4,85.0,4.6,1,1,2,2,1,1,2,2,5.3
1,4,8.3,0,75,85,2,3,2,68.3,58.0,5.9,88.0,4.7,1,1,0,0,0,0,1,0,7.1
1,10,8.4,0,72,82,2,3,3,64.4,53.2,8.0,75.8,4.5,1,1,0,0,0,1,0,9,8.9
1,2,6.5,0,59,74,1,1,0,20.0,24.0,1.3,60.0,3.5,0,1,0,0,0,0,1,0,2.0
1,3,7.3,1,73,68,0,1,0,20.2,42.7,0.4,85.0,4.2,0,1,0,0,0,0,1,8,5.5
0,7,8.2,0,74,85,1,3,2,67.4,54.4,6.6,90.0,4.4,1,1,2,2,1,1,2,8,6.5
1,0,8.4,0,83,85,1,1,0,52.8,29.2,0.8,90.0,4.7,1,1,2,2,1,1,0,0,7.2
0,4,8.4,0,88,83,0,3,2,65.8,47.4,8.9,90.0,4.8,1,1,4,1,1,1,2,0,6.6
1,0,8.6,0,85,87,1,3,2,67.0,51.9,8.4,90.0,4.8,1,1,3,1,1,1,1,0,8.7
0,2,8.4,0,79,84,1,3,0,63.7,55.5,6.6,89.0,4.8,1,1,3,1,1,1,2,7,7.0
1,11,6.6,1,70,68,1,3,0,23.4,29.5,5.0,70.5,4.4,1,1,1,0,0,1,2,9,3.0
0,5,6.5,0,55,66,1,1,1,20.0,15.1,2.0,67.0,3.7,0,1,0,0,0,0,2,8,2.9
0,0,8.1,0,73,86,1,3,1,54.6,39.8,5.2,90.0,4.6,1,1,2,2,1,1,2,0,6.4
1,3,6.5,0,61,70,1,2,0,27.6,37.7,4.4,89.0,4.5,0,1,0,0,0,0,1,0,4.0
0,7,7.6,1,55,73,2,2,1,49.1,44.9,3.7,78.8,3.8,1,1,2,2,1,1,1,0,7.4
1,10,7.8,0,55,58,0,1,0,40.1,33.0,1.2,64.3,4.1,0,0,1,1,0,0,1,8,6.0
1,8,7.7,0,55,66,2,2,0,58.9,44.6,3.9,80.7,4.0,0,0,0,1,0,1,1,8,6.3
0,6,8.6,1,74,77,0,1,0,62.5,41.8,5.9,88.8,4.8,1,1,3,3,1,0,1,6,7.4
1,4,7.7,0,63,67,1,3,0,58.4,41.8,7.1,82.0,3.8,1,1,0,0,0,0,1,3,6.4
0,8,7.4,0,72,66,1,1,1,25.9,26.5,2.5,79.5,4.8,0,1,0,0,0,0,0,3,4.1
0,3,7.7,0,84,65,1,1,1,28.9,23.2,2.9,79.0,4.0,1,1,0,0,0,0,2,8,5.0
0,3,8.4,0,55,85,1,2,2,63.3,52.3,4.9,77.0,4.5,0,1,0,0,0,0,0,7,8.1
1,0,7.6,0,55,59,1,1,0,43.0,38.3,1.9,64.0,3.4,0,0,0,0,0,0,1,5,6.2
0,4,8.3,0,85,88,1,2,2,60.3,45.5,5.2,88.0,4.6,1,1,2,3,1,1,1,4,7.5
1,2,6.7,2,55,80,1,2,1,20.0,7.5,2.2,76.0,3.2,0,1,0,0,0,0,1,7,2.8
1,4,8.3,0,55,84,1,3,1,78.8,64.1,6.7,79.0,4.3,1,1,0,0,0,1,2,4,7.6
0,10,6.6,0,67,70,1,1,0,20.5,7.5,2.3,81.7,4.6,1,1,0,0,0,1,1,8,2.9
0,10,8.5,1,84,84,2,3,1,63.3,38.4,7.2,89.7,4.5,1,1,1,3,1,1,2,8,6.6
1,9,7.3,0,55,59,2,1,0,24.3,31.7,0.2,77.5,4.0,0,1,0,0,0,1,1,8,4.8
1,8,6.8,0,66,66,1,1,0,20.0,0.0,1.3,76.2,4.2,0,0,0,0,0,0,0,1,2.5
0,3,8.0,0,55,73,0,1,1,43.4,30.7,3.2,81.0,4.0,0,0,0,0,0,0,2,8,4.7
1,0,7.6,0,86,69,1,2,0,44.1,32.7,3.6,71.0,4.3,1,1,2,2,1,0,0,2,4.8
0,10,8.8,0,82,85,1,3,0,77.1,65.1,5.8,89.7,4.5,1,1,3,0,1,0,2,8,9.1
1,8,8.2,0,82,83,2,2,3,64.2,55.8,6.5,78.0,4.8,1,1,2,2,1,1,2,2,7.6
0,4,7.5,0,58,76,1,2,1,41.6,33.8,6.1,66.0,4.0,0,1,0,0,0,0,1,3,4.7
1,0,8.7,0,75,87,2,3,2,84.7,84.2,6.3,90.0,4.8,1,1,4,1,1,1,2,4,11.4
1,3,7.5,0,67,60,0,1,0,32.5,26.3,2.7,81.0,4.2,0,0,0,0,0,0,1,8,4.3
0,8,8.4,0,90,85,1,3,2,69.5,47.8,5.7,90.0,4.8,1,1,4,2,1,1,1,8,6.9
1,11,7.6,0,83,73,2,3,1,46.9,44.2,6.6,77.5,4.0,0,0,0,0,0,1,1,4,5.4
1,3,6.5,0,60,63,1,1,1,24.2,45.4,4.4,76.0,4.3,1,0,0,0,0,0,1,7,4.4
0,10,7.7,0,63,64,2,2,1,24.5,24.9,1.7,60.4,3.8,0,0,0,0,0,0,2,5,4.0
1,2,8.5,0,73,88,1,1,0,43.9,38.4,4.2,85.0,4.5,1,1,0,0,0,1,1,4,7.3
0,5,7.5,0,90,64,2,1,3,28.4,29.5,3.6,79.0,3.4,1,0,0,0,0,0,1,8,2.7
1,0,8.2,0,78,69,2,3,2,68.1,50.6,7.1,75.0,3.9,1,1,0,0,0,1,1,7,8.5
0,0,7.6,0,80,71,0,2,2,40.6,35.0,6.0,78.0,4.4,1,1,0,0,0,1,0,1,5.5
1,1,6.5,0,85,73,1,1,1,20.0,17.5,2.3,84.0,4.6,0,0,0,0,0,1,1,8,2.2
1,6,8.9,1,77,81,2,3,1,84.6,80.5,7.5,90.0,4.8,1,1,3,2,1,1,2,2,10.5
1,11,7.4,1,69,64,2,2,0,45.8,36.9,3.3,69.8,4.5,1,1,4,2,1,0,2,0,4.7
1,0,8.2,0,55,70,1,3,0,68.3,46.9,5.9,90.0,4.7,1,1,2,2,1,1,2,7,8.0
1,7,7.9,1,75,88,2,2,2,69.1,48.4,6.0,90.0,4.8,1,1,1,2,1,1,0,1,7.6
0,3,8.5,0,81,85,1,3,0,67.6,39.4,8.5,90.0,4.1,1,1,2,2,1,0,1,3,7.0
1,9,6.5,0,57,79,0,0,1,22.0,24.0,2.8,76.3,4.8,1,0,1,0,0,0,1,7,2.0
1,0,8.3,0,72,68,2,1,1,49.5,38.7,2.0,77.0,4.1,1,1,0,0,0,0,2,5,6.6
0,5,6.5,1,55,65,0,2,0,20.0,13.9,3.1,77.0,4.4,0,1,0,0,0,0,0,8,2.0
1,4,8.4,0,87,78,0,1,0,46.3,36.0,4.1,80.0,4.5,1,1,0,0,0,0,0,9,7.0
0,9,8.4,0,57,66,0,1,0,59.9,58.8,4.7,84.7,4.2,0,0,0,1,0,1,2,0,8.5
1,7,7.8,0,55,85,1,2,0,49.9,46.2,4.7,85.8,4.7,0,1,0,0,0,0,1,6,7.2
1,11,6.6,2,84,67,2,2,3,28.8,36.6,2.5,90.0,4.8,1,0,0,0,0,0,1,7,4.4
1,11,6.8,0,82,74,2,0,1,24.0,20.0,1.1,80.2,4.5,0,1,1,0,0,0,2,2,2.7
1,4,7.4,0,74,83,1,3,2,48.0,48.1,6.3,80.0,4.7,1,1,1,3,1,1,1,3,5.9
1,6,8.3,0,77,88,2,3,2,67.7,43.2,8.7,90.0,4.8,1,1,1,3,1,1,1,9,8.7
1,0,8.2,0,74,79,2,3,0,54.6,57.6,4.7,90.0,4.5,1,1,2,2,1,0,2,5,6.3
1,2,7.4,0,55,70,1,1,1,33.7,33.3,3.1,74.0,3.6,0,1,0,0,0,0,2,5,4.9
1,6,8.3,0,75,79,2,3,2,66.5,47.2,7.4,90.0,4.5,1,1,0,2,1,1,1,2,8.1
0,1,8.5,0,82,77,2,2,0,56.3,51.6,4.9,88.0,4.8,1,0,0,0,0,0,2,5,8.9
0,9,6.5,0,59,68,2,3,1,21.6,20.6,7.0,69.4,4.2,0,1,0,0,0,0,1,6,3.4
1,3,7.7,0,55,64,1,2,1,45.3,42.6,3.1,75.0,3.8,0,0,0,0,0,1,2,7,5.3
1,1,8.3,0,65,84,1,3,1,70.2,52.2,6.4,86.0,4.3,1,1,3,2,1,1,1,2,7.0
1,10,7.8,0,76,80,0,3,0,45.0,37.8,7.4,90.0,4.8,1,1,0,0,0,1,0,1,5.2
1,8,7.9,0,80,80,0,3,2,47.8,27.7,5.1,88.5,4.5,0,1,1,0,0,0,2,4,5.6
1,0,7.6,0,55,64,1,1,0,42.3,30.9,0.0,60.0,3.6,0,0,0,0,0,0,0,7,5.2
1,3,7.5,0,64,70,1,1,2,31.0,51.1,1.6,80.0,4.5,0,0,0,0,0,0,2,7,4.5
0,4,8.0,0,72,63,2,3,2,63.5,71.8,8.4,80.0,4.8,1,0,1,3,1,1,2,8,8.4
1,2,7.5,2,61,60,0,1,0,20.0,27.7,2.7,88.0,4.7,0,0,0,0,0,0,2,0,4.8
1,6,7.7,0,79,88,2,3,3,60.0,44.7,7.4,90.0,4.8,1,1,3,2,1,1,0,2,6.5
1,0,6.5,1,75,72,1,3,1,32.5,40.7,7.2,79.0,3.5,0,1,0,0,0,0,1,0,3.1
1,6,8.1,0,84,87,2,3,2,73.6,77.4,7.1,90.0,4.8,1,1,2,3,1,1,0,7,9.5
1,4,8.5,0,73,75,0,3,0,69.4,51.9,3.3,81.0,4.1,0,0,0,0,0,0,1,9,9.6
1,5,6.6,1,55,69,1,1,1,20.0,28.6,3.9,87.0,4.7,0,1,0,0,0,0,1,8,3.0
1,0,6.5,0,60,64,1,3,1,25.6,33.3,5.2,75.0,4.5,0,0,0,0,0,1,1,4,3.9
1,5,8.3,0,63,81,1,3,0,60.0,45.3,6.6,83.0,4.7,0,0,0,0,0,0,1,6,5.8
0,0,8.6,0,68,82,1,3,2,67.1,68.7,6.7,79.0,4.5,1,1,2,3,1,0,2,3,8.7
0,11,6.7,1,64,68,2,1,2,37.2,37.1,3.2,71.1,3.6,0,0,0,1,0,0,0,2,4.6
1,3,8.5,0,80,81,1,1,2,56.5,41.5,3.8,77.0,4.3,1,1,2,2,1,0,1,8,7.1
1,4,7.7,0,55,66,1,2,0,38.3,32.5,4.2,81.0,4.8,0,0,0,0,0,1,1,3,4.7
1,1,6.8,0,55,68,1,1,1,20.9,14.1,3.7,60.0,3.6,0,1,0,0,0,1,0,8,2.6
1,3,8.4,0,71,81,2,3,0,79.5,64.3,8.7,84.0,4.8,1,1,0,0,0,1,2,8,10.4
1,6,7.6,0,78,83,2,3,0,56.2,58.9,6.6,76.8,3.9,0,1,4,2,1,1,2,8,7.6
1,2,8.6,0,90,85,1,3,2,75.0,70.3,6.2,82.0,4.8,1,1,3,2,1,1,2,4,9.8
0,3,8.0,0,80,88,2,3,2,63.1,53.1,6.8,90.0,4.4,1,1,4,1,1,1,1,7,6.6
1,0,7.8,0,55,83,1,3,0,53.6,49.2,7.0,82.0,3.9,0,0,0,0,0,1,2,4,7.9
1,9,7.3,0,59,69,2,2,1,24.8,20.6,2.5,71.8,4.6,0,1,0,0,0,0,2,8,3.0
1,4,6.5,1,55,71,1,1,0,20.0,18.3,1.7,67.0,3.8,0,1,0,0,0,0,0,0,2.5
0,1,7.7,0,55,69,1,2,0,42.3,45.4,3.2,82.0,4.4,0,1,0,0,0,0,1,8,6.4
1,2,8.0,0,81,83,0,3,2,49.3,44.4,6.4,90.0,4.8,1,1,2,2,1,1,2,8,7.0
0,2,8.2,0,80,71,1,1,2,45.3,36.5,1.4,86.0,3.4,0,1,0,0,0,0,0,1,6.4
0,5,8.2,0,68,86,2,3,2,77.0,61.4,7.2,90.0,4.8,1,1,4,1,1,0,1,8,8.5
1,7,7.6,0,56,67,1,2,1,27.9,14.5,1.7,69.5,3.8,0,0,0,0,0,0,1,7,5.3
1,9,6.5,0,57,73,0,2,2,20.0,18.8,2.5,74.1,4.0,0,0,1,1,0,0,0,8,2.8
0,8,7.4,0,75,73,2,3,2,51.7,31.1,6.6,79.1,4.4,0,1,0,0,0,0,1,5,4.9
0,7,7.6,2,55,67,0,2,0,31.3,13.0,0.5,69.6,3.5,0,0,1,0,0,0,2,5,4.1
1,5,8.2,0,85,63,1,1,1,45.5,32.8,0.0,76.0,3.5,0,1,2,2,1,0,0,8,6.7
1,6,6.6,1,58,67,1,0,1,25.0,20.7,3.4,76.0,3.6,0,1,0,0,0,0,0,2,3.8
1,7,8.2,0,81,70,0,3,3,65.0,59.5,5.8,90.0,4.8,0,1,1,2,1,1,2,8,7.6
1,5,7.4,2,55,75,0,1,0,20.0,14.3,1.0,72.0,4.5,0,1,0,0,0,0,2,8,3.9
1,1,6.5,2,59,66,1,3,0,28.4,23.1,5.6,80.0,3.7,0,0,0,0,0,0,1,7,4.1
1,4,7.7,1,67,85,0,3,1,52.2,44.1,7.1,84.0,4.2,1,0,0,0,0,1,1,2,7.0
1,3,6.7,0,63,71,1,1,1,20.0,28.8,0.5,75.0,3.7,0,0,0,0,0,0,0,8,4.3
0,5,6.5,0,62,65,1,1,1,20.0,18.8,4.1,69.0,3.7,1,0,0,0,0,0,2,1,2.0
1,3,8.2,0,85,80,1,3,2,58.9,48.7,7.2,88.0,4.8,1,1,3,2,1,1,1,8,6.0
0,8,7.7,1,72,70,0,3,2,45.3,51.9,5.4,75.5,3.7,0,1,0,0,0,0,2,2,7.4
1,0,7.5,1,65,80,1,3,0,49.8,47.9,6.5,82.0,4.8,1,1,0,0,0,0,2,1,7.5
1,5,7.5,2,55,68,1,2,0,38.2,37.0,5.6,63.0,3.4,0,1,0,0,0,0,0,4,6.4
0,2,8.6,0,59,63,2,2,1,59.5,42.5,2.9,74.0,4.0,0,0,0,0,0,0,1,6,8.8
1,2,7.0,0,83,82,1,2,0,31.4,25.2,3.7,89.0,4.6,1,0,0,0,0,0,2,8,4.3
0,6,8.1,0,81,63,1,2,1,63.5,50.5,4.0,87.3,4.8,0,1,0,0,0,1,2,7,6.1
1,2,8.8,0,84,83,2,1,2,56.0,47.6,3.6,83.0,4.8,1,1,2,3,1,1,1,8,7.3
0,5,6.5,0,55,71,1,1,1,20.0,26.9,2.3,77.0,4.2,0,1,0,0,0,0,0,1,3.3
1,4,8.7,0,56,58,1,3,0,74.6,64.1,8.9,77.0,3.5,1,1,2,3,1,1,2,2,8.6
1,2,8.3,0,70,84,0,3,2,65.7,35.8,7.1,74.0,4.7,1,1,0,0,0,1,1,0,8.5
0,7,8.4,0,69,82,0,3,2,68.7,51.8,6.4,79.5,4.5,1,1,1,1,1,0,1,7,8.3
1,5,7.5,0,55,66,2,1,0,41.0,18.6,2.2,78.0,4.2,1,1,0,0,0,0,0,3,4.6
0,5,6.9,0,58,71,2,2,2,30.5,14.0,6.5,72.0,3.7,1,1,0,0,0,0,2,8,2.6
0,3,7.6,0,55,67,0,1,1,26.1,35.9,3.7,66.0,4.2,1,1,0,0,0,0,1,9,4.9
0,11,7.6,1,61,60,0,2,0,39.8,38.0,0.7,67.3,3.8,0,0,0,1,0,0,1,0,5.8
0,2,7.4,0,55,66,0,1,2,20.4,14.2,2.0,79.0,3.5,0,1,0,0,0,0,0,7,4.4
0,4,8.5,0,87,83,2,3,2,67.9,57.9,8.2,85.0,4.8,1,1,3,1,1,0,1,7,9.3
1,3,8.5,0,85,85,1,3,0,74.9,68.7,6.6,90.0,4.8,1,1,4,1,1,0,1,6,8.5
1,4,6.9,0,76,83,0,3,0,36.9,31.5,7.9,89.0,4.4,1,1,2,2,1,1,1,9,3.0
1,0,6.7,0,55,78,2,1,2,20.0,8.4,1.9,76.0,4.8,1,0,0,0,0,0,1,0,2.0
1,8,8.2,1,86,80,2,3,2,64.2,49.2,8.4,89.9,4.8,1,1,2,3,1,1,1,7,5.7
1,5,8.4,0,77,84,2,3,2,83.4,66.6,5.8,90.0,4.7,1,1,2,2,1,1,1,8,9.2
1,9,7.6,0,55,63,0,3,2,55.3,46.5,6.7,75.4,4.3,1,0,0,0,0,1,0,3,7.0
1,6,6.8,1,64,61,0,1,0,25.2,21.7,1.9,69.7,3.9,0,0,0,0,0,0,1,4,3.5
0,7,8.1,0,70,61,2,2,1,54.4,36.4,4.3,90.0,4.5,0,0,0,0,0,0,1,0,7.3
0,5,6.9,1,62,67,0,1,0,21.3,22.4,2.1,79.0,4.8,1,0,0,0,0,0,1,8,4.1
1,0,8.1,2,55,67,0,2,0,42.4,32.9,4.3,73.0,4.5,0,1,0,0,0,0,2,9,5.3
0,2,8.9,0,78,77,1,3,2,72.6,62.3,8.3,86.0,4.8,1,1,4,1,1,0,1,7,8.3
1,3,8.2,0,71,70,0,2,0,58.8,73.2,5.5,78.0,4.8,1,1,3,1,1,0,2,4,7.7
0,2,7.9,0,83,82,2,2,2,49.7,51.7,5.8,90.0,4.8,1,0,3,1,1,0,0,2,6.2
1,0,8.2,0,79,86,2,3,2,72.0,68.5,7.8,88.0,4.8,1,1,2,2,1,1,1,2,8.2
1,8,7.9,0,78,87,0,3,2,46.2,44.4,5.3,89.9,4.5,1,0,4,0,1,1,0,5,5.7
0,0,8.3,0,83,81,2,2,0,62.5,53.3,4.5,89.0,4.8,1,1,3,2,1,1,1,1,6.3
1,10,6.6,0,55,74,1,1,0,21.1,22.5,2.8,67.0,3.9,0,0,0,1,0,0,1,8,2.0
1,0,7.7,0,77,68,1,1,0,45.9,43.4,1.4,80.0,4.3,0,1,3,2,1,1,2,0,5.2
1,0,8.7,0,80,66,0,3,2,65.6,56.1,6.8,81.0,4.5,1,1,2,2,1,0,1,4,7.7
1,2,8.7,0,67,86,0,1,2,57.9,46.6,0.9,78.0,4.7,1,1,0,0,0,0,1,0,7.7
0,4,8.5,0,85,86,2,3,2,65.1,68.5,7.0,90.0,4.8,1,1,3,1,1,1,1,0,9.3
1,2,6.5,0,62,70,1,1,0,20.0,24.8,4.1,71.0,4.3,1,1,0,0,0,0,2,8,3.6
1,6,8.5,0,58,85,1,3,0,73.9,50.6,6.5,86.1,4.7,1,1,1,2,1,1,1,2,7.8
1,8,8.2,0,71,86,0,3,2,61.9,39.9,9.0,85.1,4.7,1,1,0,1,0,1,0,6,8.4
1,0,6.5,1,55,65,1,1,1,20.0,14.3,2.4,76.0,4.0,0,0,0,0,0,0,0,0,2.0
1,4,7.8,0,68,86,1,3,2,47.3,37.6,4.5,83.0,4.5,1,1,2,3,1,1,2,0,6.3
0,10,7.9,1,78,81,0,3,3,53.8,44.8,5.7,79.7,4.1,1,1,0,0,0,0,2,8,5.6
0,0,7.5,0,68,71,0,1,2,22.8,13.3,2.7,78.0,4.6,0,1,0,0,0,1,1,0,4.3
1,3,8.2,0,58,81,1,1,2,46.3,44.5,3.8,76.0,4.5,1,1,2,2,1,1,0,9,7.1
1,5,7.0,0,74,81,1,1,1,21.5,23.5,2.0,73.0,4.3,1,0,0,0,0,0,2,8,4.5
1,11,8.4,0,89,86,2,3,2,74.3,67.3,8.2,89.5,4.7,1,1,1,2,1,1,1,6,9.4
1,9,8.6,0,74,85,0,3,0,57.2,60.3,7.0,81.8,4.7,1,1,1,2,1,1,0,8,7.9
1,5,8.3,0,65,87,1,3,2,61.7,53.1,6.3,90.0,4.7,1,1,0,0,0,0,1,8,7.6
1,2,7.8,1,69,82,1,3,1,57.9,34.7,6.5,87.0,4.5,1,1,4,1,1,1,1,6,6.2
1,9,7.7,1,78,66,1,2,1,29.7,45.1,3.5,68.8,4.8,1,1,1,0,0,1,1,2,6.6
1,2,8.0,1,55,72,1,2,0,55.2,47.2,4.3,80.0,4.4,0,0,0,0,0,1,1,0,6.7
1,2,6.7,0,61,61,0,1,1,20.0,11.2,2.4,70.0,4.5,0,0,0,0,0,1,2,7,2.0
1,0,7.5,0,55,63,1,1,0,35.5,39.0,1.5,72.0,4.1,0,1,0,0,0,0,1,9,6.6
0,8,8.8,0,74,87,2,0,2,57.5,44.9,1.8,82.8,4.2,1,1,0,1,0,1,0,0,8.1
0,3,6.9,1,69,68,0,2,0,20.0,17.8,2.4,63.0,4.3,0,0,0,0,0,0,0,8,2.0
1,1,8.6,1,80,86,1,3,2,69.9,75.6,5.9,87.0,4.1,1,1,4,1,1,0,2,9,8.4
1,7,6.7,0,58,59,1,1,1,27.2,18.2,1.0,74.5,4.5,0,0,1,1,0,0,0,1,2.6
0,8,8.3,1,79,86,2,2,1,60.7,51.7,6.6,89.0,4.6,0,1,0,0,0,1,1,7,7.5
1,4,6.9,1,55,66,1,1,1,25.1,29.5,2.5,62.0,3.5,0,0,0,0,0,1,0,6,4.1
1,0,8.7,0,55,84,2,3,2,77.2,71.4,7.8,87.0,4.8,1,1,4,1,1,1,1,0,9.6
1,7,8.7,0,87,68,1,3,0,78.7,60.5,7.8,84.5,4.8,1,1,0,0,0,1,1,0,10.3
0,6,8.5,0,74,86,2,3,3,77.2,68.2,7.9,84.3,4.5,1,1,1,3,1,1,1,9,9.8
0,4,7.5,1,58,66,1,1,1,38.5,24.3,3.4,68.0,4.6,1,1,0,0,0,0,1,4,4.5
1,0,7.4,0,55,74,0,1,1,25.9,8.3,1.1,68.0,4.1,0,1,0,0,0,0,1,0,3.9
1,5,8.1,0,72,85,1,3,0,64.5,67.0,6.1,88.0,4.3,0,0,0,0,0,0,2,8,7.7
1,10,8.5,2,74,79,2,3,3,66.5,55.2,5.7,81.0,4.3,1,1,3,3,1,0,1,9,10.6
0,9,7.4,0,71,85,1,1,2,28.6,38.8,3.1,90.0,4.3,1,1,1,3,1,0,1,8,5.1
1,5,6.8,0,86,71,1,2,1,27.7,22.5,4.8,73.0,4.3,1,0,0,0,0,1,2,8,3.1
0,6,8.1,0,73,84,1,2,0,69.2,58.9,8.1,90.0,4.8,1,1,2,1,1,0,2,2,7.3
0,5,7.7,0,73,82,1,3,0,53.5,44.5,6.4,80.0,4.8,1,1,0,0,0,1,0,8,7.3
1,2,6.7,1,62,69,1,1,1,24.9,24.6,1.3,60.0,3.3,0,1,2,3,1,0,1,5,2.0
1,4,8.1,0,79,88,2,3,2,74.0,63.0,5.9,90.0,4.7,1,1,2,3,1,1,1,5,8.5
0,2,8.1,0,83,85,2,3,2,73.5,66.0,7.5,83.0,4.6,1,1,2,2,1,1,1,0,8.7
0,9,8.1,0,82,82,2,2,1,56.6,44.1,7.2,90.0,4.7,1,1,4,0,1,1,0,8,6.2
0,10,6.9,0,64,63,0,1,1,23.1,13.1,1.3,69.3,3.3,0,0,0,0,0,0,0,7,4.7
1,4,7.6,0,55,68,0,1,1,32.1,46.4,2.5,84.0,4.3,0,0,0,0,0,0,1,2,5.5
0,5,8.4,0,80,83,1,3,1,60.9,41.7,6.4,79.0,4.0,1,1,0,0,0,1,0,7,7.2
1,2,8.6,1,55,63,0,1,1,42.5,40.6,1.9,68.0,4.3,0,1,0,0,0,0,1,4,6.7
1,6,6.8,0,72,82,2,1,3,32.8,19.5,5.9,82.0,4.5,1,1,2,1,1,0,2,7,3.7
1,3,8.4,0,69,81,2,3,2,72.7,49.5,7.1,90.0,4.5,1,1,0,0,0,0,1,7,8.4
1,9,7.5,2,60,64,2,1,1,34.7,39.0,3.0,81.9,3.8,1,1,1,1,0,0,1,8,5.9
0,11,8.2,0,72,85,2,3,2,66.0,49.0,6.9,86.5,4.3,1,1,4,1,1,1,1,2,6.3
1,2,8.3,0,84,88,1,1,1,45.4,33.4,3.2,90.0,4.8,1,1,3,1,1,1,1,4,5.3
0,2,8.4,0,76,78,2,1,1,51.3,43.2,3.9,87.0,4.2,1,1,0,0,0,0,2,7,7.8
1,0,7.0,2,55,66,1,1,0,20.0,30.1,2.5,60.0,3.3,0,1,0,0,0,0,2,5,3.8
0,2,8.2,0,64,70,0,2,0,51.8,54.3,4.4,67.0,3.6,0,0,0,0,0,0,1,5,7.4
1,3,6.6,0,55,71,1,1,1,20.0,20.8,2.4,71.0,4.2,1,1,0,0,0,0,1,6,2.9
0,11,8.5,0,77,72,1,3,3,69.4,61.1,6.8,86.4,4.8,1,1,1,2,1,1,1,9,8.4
0,4,8.2,0,74,84,1,3,2,61.0,49.7,7.8,88.0,4.4,1,0,0,0,0,1,2,0,7.8
1,0,8.2,0,61,75,0,3,1,51.0,34.2,7.1,90.0,4.8,1,0,0,0,0,1,1,1,6.2
1,4,7.2,0,55,73,1,1,0,29.9,15.2,2.1,72.0,4.1,0,1,0,0,0,0,1,1,2.2
0,0,7.8,1,62,61,2,1,1,47.9,39.0,2.6,78.0,4.1,1,1,1,3,1,0,1,0,5.5
0,2,8.3,0,68,63,0,1,0,48.4,32.0,3.4,69.0,4.3,1,0,0,0,0,0,0,0,6.9
1,7,8.3,0,62,65,2,2,0,69.2,63.5,4.9,76.0,4.1,1,1,0,0,0,1,1,7,9.3
1,3,8.7,0,72,68,1,1,2,58.5,38.7,2.3,81.0,4.1,1,1,0,0,0,0,2,1,6.8
0,3,6.9,1,60,64,1,2,1,33.8,33.2,2.7,70.0,4.1,0,0,0,0,0,1,0,4,3.8
0,10,8.3,1,88,87,0,3,0,54.8,48.4,8.8,88.0,4.7,1,0,4,2,1,1,1,9,6.2
1,1,8.0,0,79,70,1,2,0,47.4,26.9,4.3,78.0,4.8,0,1,0,0,0,1,0,8,7.1
0,3,7.8,0,64,71,1,1,1,33.1,18.9,0.0,83.0,3.7,0,1,0,0,0,0,0,5,3.4
1,0,8.5,0,85,84,2,3,2,70.9,42.5,5.3,90.0,4.8,1,1,2,2,1,1,2,4,7.6
1,0,7.5,0,55,64,0,1,1,39.2,51.4,2.3,64.0,4.3,0,1,0,0,0,0,1,5,5.3
1,5,7.7,0,81,86,1,3,2,54.6,51.9,6.7,90.0,4.5,1,1,2,3,1,0,2,8,6.6
0,11,8.4,1,74,87,1,0,2,54.1,53.4,1.6,80.9,4.2,1,1,1,2,1,0,2,8,7.0
1,4,8.0,0,80,88,2,3,2,63.4,52.7,8.0,90.0,4.8,1,1,3,2,1,1,1,0,6.7
0,2,8.0,0,75,85,2,2,2,65.6,54.5,6.7,90.0,4.8,1,1,2,2,1,1,1,7,7.5
1,1,7.4,1,55,70,0,1,0,27.2,28.7,1.0,65.0,4.2,0,0,0,0,0,0,1,8,3.9
1,10,7.2,1,67,64,2,1,1,28.5,20.6,2.5,64.0,4.5,0,0,0,0,0,0,1,8,5.9
1,4,8.2,0,67,86,0,1,0,41.3,35.2,2.8,90.0,4.7,0,1,0,0,0,0,1,2,6.1
1,7,7.7,0,80,82,0,3,0,53.9,44.5,5.5,87.2,4.5,1,1,0,0,0,0,1,6,6.6
0,4,8.6,0,68,83,1,3,0,67.7,65.6,6.8,85.0,4.2,1,1,3,1,1,1,1,0,8.9
1,0,8.1,2,78,66,1,1,1,39.0,33.8,0.8,79.0,3.4,0,1,0,0,0,0,1,2,7.1
1,0,8.9,0,81,79,2,3,2,84.1,74.1,7.3,85.0,4.8,1,1,3,1,1,1,0,5,8.0
1,11,8.6,0,78,79,1,3,3,69.4,47.2,4.6,90.0,4.3,1,0,3,0,1,0,1,8,8.6
0,2,8.5,0,76,85,1,1,2,53.3,59.5,2.8,82.0,3.4,1,0,0,0,0,0,1,8,8.2
1,10,8.3,0,80,82,2,3,2,61.3,42.6,7.4,82.1,4.4,1,1,4,1,1,0,1,7,5.5
0,11,6.7,0,72,67,1,3,0,28.4,32.2,3.7,68.3,4.6,0,1,1,1,0,1,1,4,4.3
0,4,8.3,0,71,88,1,3,0,66.4,45.2,6.0,82.0,4.8,1,1,0,0,0,1,2,3,7.4
1,4,7.4,0,55,70,0,1,0,27.6,11.2,0.5,66.0,3.7,0,0,0,0,0,0,2,6,2.4
1,0,6.5,1,83,63,2,3,1,39.8,19.0,6.8,82.0,4.6,1,0,0,0,0,0,1,6,2.2
1,8,6.9,1,79,67,0,1,1,20.0,28.2,2.4,60.0,4.6,0,0,0,0,0,0,1,1,2.3
0,2,8.2,0,65,87,0,3,0,56.4,21.2,7.5,79.0,4.7,1,1,2,2,1,1,0,6,5.2
1,2,8.6,1,80,82,2,2,1,66.1,42.3,4.3,78.0,4.8,1,0,0,0,0,1,0,0,7.9
0,7,8.3,0,72,72,1,3,2,58.4,52.5,5.7,84.1,4.3,1,1,1,0,0,1,0,8,7.8
0,6,6.6,1,73,82,1,3,0,24.5,16.7,6.2,83.8,4.4,1,1,0,0,0,0,2,7,3.3
1,6,7.7,1,77,67,1,2,0,44.7,35.6,2.4,83.1,3.9,0,1,0,0,0,0,2,1,4.8
0,3,6.5,0,67,70,1,1,1,24.0,17.3,2.6,73.0,3.9,0,0,0,0,0,0,0,8,3.2
1,3,8.2,0,78,72,1,2,1,58.2,51.2,5.2,71.0,3.7,0,1,0,0,0,0,2,7,7.2
1,6,8.5,1,85,88,2,3,2,83.8,71.3,9.0,90.0,4.8,1,1,4,1,1,1,1,8,9.7
1,7,8.6,0,87,81,0,3,0,71.2,64.1,9.4,90.0,4.8,1,1,4,2,1,1,2,7,8.4
0,8,8.2,0,75,83,2,3,2,59.2,63.8,8.6,89.1,4.6,1,1,2,3,1,1,1,8,7.9
1,2,7.9,0,83,64,1,2,1,52.2,28.7,5.9,77.0,4.4,1,0,0,0,0,0,2,0,7.9
0,8,7.6,1,67,64,1,2,0,25.3,18.6,1.8,73.3,4.3,0,1,1,0,0,0,1,8,4.6
1,1,7.7,0,71,65,1,1,2,27.7,29.3,3.2,76.0,4.7,1,0,0,0,0,0,0,7,5.2
1,6,7.3,0,56,70,0,0,0,37.8,20.7,2.8,79.3,3.6,0,0,0,0,0,1,0,1,5.7
1,9,6.9,1,64,64,1,3,0,20.0,26.3,5.6,79.8,4.1,0,1,0,1,0,1,1,1,4.1
1,0,7.7,0,57,65,1,1,0,35.6,36.0,0.8,69.0,3.8,0,0,0,0,0,0,2,4,5.5
1,0,6.8,2,78,86,1,1,1,22.5,28.1,2.9,78.0,4.1,1,0,0,0,0,0,1,4,3.0
0,4,7.7,0,55,61,1,2,1,42.1,38.2,4.7,69.0,4.5,0,1,0,0,0,0,2,0,5.2
1,4,7.5,0,57,80,2,1,1,43.3,49.5,4.5,76.0,4.2,1,1,0,0,0,0,0,7,6.1
1,7,8.3,0,89,84,2,2,1,73.4,59.4,7.0,83.1,4.7,1,0,0,3,1,0,2,7,7.9
0,11,6.7,0,55,62,0,2,1,28.5,31.3,3.6,74.0,3.5,1,1,0,1,0,0,2,0,4.6
0,4,8.0,0,75,87,0,3,3,55.3,46.1,7.8,90.0,4.3,1,1,2,3,1,1,1,0,6.0
1,3,8.1,0,66,83,0,3,0,63.5,37.4,7.1,76.0,3.9,1,1,0,0,0,0,1,8,6.4
1,4,8.4,0,79,88,2,3,2,69.6,66.0,3.8,90.0,4.8,1,1,4,1,1,1,0,5,8.8
0,11,6.5,0,62,69,2,0,1,22.5,19.0,2.0,60.3,4.0,0,0,0,1,0,0,0,8,2.0
1,7,8.1,0,68,84,0,2,2,52.6,47.5,6.3,90.0,4.8,1,1,0,0,0,1,0,0,6.6
1,2,7.5,1,58,65,0,2,0,39.0,33.0,4.2,69.0,3.7,0,0,0,0,0,0,2,9,5.4
1,3,8.2,0,73,83,2,3,2,71.6,66.6,7.0,90.0,4.8,1,1,1,3,1,1,2,1,8.0
1,2,8.2,0,77,83,2,3,0,74.9,46.9,7.4,83.0,4.5,1,1,3,2,1,1,0,2,7.5
1,6,6.5,0,61,61,1,2,0,26.2,22.5,5.1,76.7,3.5,0,0,0,0,0,0,2,7,2.8
0,1,7.2,0,57,69,1,1,1,40.3,44.4,0.0,74.0,3.9,0,1,0,0,0,0,2,8,5.5
0,11,7.6,1,62,70,2,2,1,51.4,42.3,5.1,70.7,3.7,1,1,3,2,1,0,1,0,5.1
1,9,7.5,1,73,80,2,1,0,42.5,22.7,3.0,75.9,4.3,0,1,0,1,0,1,2,8,3.0
0,5,7.1,0,69,72,1,2,0,32.0,22.2,3.7,87.0,4.2,1,1,2,3,1,1,2,2,4.1
1,3,8.5,0,72,87,1,3,1,67.0,47.2,6.7,72.0,4.1,1,1,4,1,1,1,1,0,7.6
0,7,8.4,1,79,83,2,3,1,75.3,58.3,8.5,90.0,4.8,1,1,2,3,1,0,2,0,8.6
1,5,7.2,0,79,61,0,2,1,26.2,41.4,4.2,78.0,4.4,0,1,0,0,0,0,1,8,4.6
0,5,7.3,0,59,66,0,1,1,27.0,16.9,4.2,66.0,4.7,0,0,0,0,0,0,0,8,3.7
0,8,7.0,0,55,80,1,1,1,24.4,37.6,5.7,72.0,4.5,0,1,0,0,0,0,0,8,2.6
1,8,7.2,0,57,70,0,2,0,20.0,30.8,3.0,79.6,3.7,0,1,0,0,0,0,1,2,4.3
1,11,7.7,0,55,77,0,3,1,57.9,51.3,6.3,83.8,4.0,0,1,0,1,0,0,2,5,6.0
1,2,8.7,0,57,83,0,2,0,59.5,43.3,4.9,81.0,4.7,1,1,2,3,1,1,1,4,7.9
1,4,8.2,0,71,65,0,2,1,49.1,38.6,5.8,83.0,4.8,0,1,0,0,0,0,1,1,7.3
0,6,8.1,0,83,83,2,3,3,67.8,54.9,6.9,88.5,4.6,1,0,1,1,1,1,1,5,9.7
1,2,6.8,0,77,62,1,2,0,26.9,40.6,4.3,82.0,4.4,1,1,3,2,1,0,2,8,3.5
1,4,8.4,0,84,87,2,3,2,76.8,60.3,8.3,88.0,4.8,1,1,3,2,1,1,0,7,8.0
0,0,7.5,0,55,62,1,1,1,41.0,37.4,1.9,80.0,4.2,0,0,0,0,0,1,1,6,4.6
1,5,8.3,0,82,88,2,3,2,75.7,71.9,7.9,90.0,4.8,1,1,1,3,1,1,1,8,9.9
1,7,7.1,0,65,64,2,1,1,34.4,26.5,4.6,83.4,4.4,1,1,3,2,1,0,0,8,4.1
1,6,8.6,0,75,85,2,2,3,64.7,53.2,7.4,77.9,4.5,1,1,0,1,0,0,2,5,7.6
1,5,6.9,1,74,67,2,3,0,50.4,38.5,6.5,80.0,4.4,1,1,0,0,0,1,2,8,4.1
0,1,6.5,1,63,68,1,2,0,20.0,7.6,4.0,87.0,4.3,0,0,0,0,0,0,1,8,2.9
1,6,6.6,0,62,62,1,1,1,23.7,35.3,2.1,74.7,3.9,0,0,0,0,0,0,2,9,3.8
0,4,6.6,1,60,69,1,1,0,20.0,3.3,2.8,72.0,3.9,0,1,0,0,0,0,2,0,2.0
1,7,8.2,0,67,83,2,1,3,51.1,32.8,3.2,90.0,4.5,1,0,0,0,0,1,0,5,5.5
0,2,8.6,0,55,66,1,2,0,61.0,68.0,4.1,74.0,4.4,0,0,1,3,1,0,0,8,8.6
1,0,8.2,0,75,85,2,3,2,63.0,47.6,6.8,90.0,4.8,1,1,2,2,1,0,2,0,8.6
0,2,6.5,0,62,69,1,1,1,20.0,15.6,2.1,60.0,4.0,0,0,0,0,0,0,1,8,2.4
1,3,7.7,0,57,83,2,3,2,58.6,55.1,6.7,87.0,4.8,1,1,0,0,0,0,1,7,7.6
1,2,8.4,0,77,87,1,3,2,70.3,50.8,8.4,90.0,4.5,1,1,2,2,1,1,1,5,5.4
0,9,8.5,0,82,87,2,1,2,53.6,44.4,3.5,89.5,4.6,1,1,4,2,1,0,2,8,8.0
0,9,8.2,1,61,63,1,1,0,42.2,20.5,3.2,72.7,4.1,1,0,0,1,0,0,0,3,6.1
1,9,8.3,0,77,83,2,3,2,75.9,50.7,7.2,89.9,4.8,1,1,4,3,1,1,1,2,8.1
1,2,7.6,0,55,82,1,1,0,40.8,48.8,3.7,81.0,4.2,1,0,0,0,0,0,0,9,6.3
1,2,8.6,0,72,83,1,2,0,60.4,42.0,4.9,68.0,3.9,1,1,2,3,1,1,1,0,9.3
1,5,8.3,0,59,84,2,3,0,70.7,38.1,7.8,87.0,4.8,1,1,2,2,1,1,2,0,8.3
0,1,7.6,0,55,59,0,1,0,35.6,31.0,2.9,73.0,3.8,1,0,2,2,1,0,2,8,4.4
1,1,6.5,0,57,63,0,3,1,20.0,17.6,5.6,69.0,4.5,0,0,0,0,0,0,1,1,2.2
1,3,7.6,0,59,72,0,1,0,29.6,29.7,2.0,65.0,3.4,0,0,0,0,0,1,1,3,5.8
0,0,6.6,0,55,65,1,1,0,20.0,12.5,2.1,76.0,4.2,1,0,0,0,0,0,1,3,2.5
0,6,7.4,1,68,71,2,3,0,33.2,34.4,6.3,77.2,3.9,0,1,1,2,1,0,1,3,5.6
1,6,7.9,0,68,73,2,3,0,55.0,37.9,4.6,75.0,4.5,1,0,2,1,1,0,2,2,4.5
1,4,8.3,0,78,87,2,3,2,69.0,49.0,7.3,90.0,4.4,1,1,3,2,1,1,1,3,8.1
0,1,7.0,0,78,86,1,1,2,23.5,15.4,4.8,74.0,4.5,1,1,0,0,0,0,2,4,3.1
1,6,6.6,1,55,67,0,2,0,23.5,21.8,3.2,66.1,4.0,0,1,0,0,0,0,0,3,3.7
0,5,6.8,1,63,63,1,1,0,23.0,12.8,1.3,69.0,3.3,0,0,0,0,0,0,1,8,2.0
0,4,8.8,0,73,87,2,3,3,83.5,79.0,6.1,90.0,4.8,1,1,3,2,1,1,1,9,10.9
1,5,6.7,0,78,67,0,2,1,20.0,16.2,5.2,79.0,4.1,0,0,0,0,0,0,2,7,3.1
1,9,7.5,0,71,69,0,0,0,27.8,42.3,1.9,82.6,4.7,0,0,1,0,0,0,1,8,5.5
1,3,8.2,0,59,66,1,1,1,42.5,36.0,3.4,64.0,3.7,0,0,0,0,0,1,2,8,7.6
1,5,6.5,0,55,67,0,1,1,20.0,15.1,1.4,72.0,4.5,0,0,0,0,0,0,2,8,2.7
0,6,8.5,0,56,85,0,2,1,69.0,52.4,7.1,73.2,4.5,1,1,1,0,0,1,1,4,8.8
1,6,7.8,0,73,85,1,3,1,60.8,49.3,9.3,78.9,3.7,0,1,0,0,0,1,1,2,7.6
1,7,7.4,1,55,85,2,2,1,43.4,23.9,4.7,77.5,4.3,0,1,0,0,0,1,1,9,4.0
1,2,8.2,0,75,72,2,3,2,67.6,56.2,5.2,87.0,4.8,1,1,3,2,1,1,1,8,9.0
1,0,7.7,0,72,65,1,1,2,34.1,33.4,2.3,70.0,3.9,1,0,0,0,0,0,1,0,5.3
1,2,8.5,0,73,85,2,3,2,83.1,43.5,7.6,90.0,4.7,1,1,2,2,1,1,1,3,7.2
1,1,6.6,0,73,72,1,1,1,20.0,20.0,2.2,81.0,4.0,0,0,0,0,0,0,1,8,2.9
1,4,7.7,0,81,82,1,2,1,41.9,40.3,5.8,81.0,4.8,1,1,2,3,1,0,0,0,5.2
1,2,8.8,0,70,83,2,3,2,80.2,72.6,5.2,90.0,4.8,1,1,1,3,1,1,0,8,9.6
0,8,7.5,1,56,62,0,0,1,20.5,19.4,4.0,73.7,4.6,1,1,1,0,0,0,1,8,4.6
1,2,6.5,0,59,68,0,1,0,20.0,1.6,3.3,76.0,4.7,0,1,0,0,0,0,2,8,2.4
1,5,7.2,0,55,64,1,2,1,41.1,25.0,5.5,68.0,4.4,0,0,0,0,0,0,2,8,4.6
0,0,8.2,0,87,83,2,3,2,63.0,57.4,6.6,90.0,4.8,1,1,2,3,1,1,2,1,7.4
0,5,7.6,0,62,64,1,1,0,37.1,41.0,4.6,84.0,4.2,1,1,0,0,0,0,1,8,5.7
0,0,8.3,0,82,85,2,3,2,69.0,70.9,7.0,90.0,4.5,1,1,2,2,1,1,1,9,7.8
1,3,7.2,0,67,69,0,2,1,38.5,43.6,3.5,66.0,3.9,0,0,0,0,0,1,1,7,4.9
1,7,7.8,1,64,62,0,0,1,37.6,41.6,1.0,80.5,4.7,0,1,2,2,1,1,2,3,5.8
1,1,7.5,0,66,66,0,3,1,49.6,38.2,6.9,78.0,4.7,1,1,3,2,1,1,1,8,5.0
0,2,7.5,0,77,88,2,2,2,49.0,43.1,5.2,85.0,4.6,1,1,2,2,1,1,1,8,5.4
1,6,7.6,0,55,61,2,1,2,42.5,29.0,3.8,79.9,3.9,0,0,0,0,0,0,1,1,5.5
0,0,7.7,0,55,74,1,1,0,40.9,31.8,1.5,80.0,4.5,0,0,0,0,0,1,0,0,5.3
0,4,8.3,0,89,83,2,1,2,57.7,44.1,2.3,81.0,4.8,1,0,0,0,0,0,0,5,6.9
1,3,7.7,0,79,83,2,2,2,54.1,48.1,2.5,90.0,4.8,1,1,3,2,1,0,0,6,6.5
0,8,7.1,1,79,86,0,1,2,20.0,11.0,4.7,74.1,4.5,1,1,0,0,0,0,1,7,3.0
1,6,7.7,0,76,71,0,2,0,42.8,27.8,3.4,82.8,4.3,1,1,1,1,0,0,2,2,6.5
1,0,8.5,1,58,80,2,2,3,66.8,63.1,2.3,67.0,4.6,1,0,0,0,0,1,0,1,9.8
1,11,8.6,1,81,82,2,3,1,77.5,59.2,7.5,90.0,4.8,1,1,2,3,1,1,0,0,8.7
1,0,8.1,0,81,85,2,3,2,61.0,58.0,6.8,90.0,4.8,1,1,2,2,1,1,2,0,8.0
1,7,8.3,0,85,80,2,3,3,61.4,50.0,8.1,90.0,4.7,1,1,1,3,1,0,2,6,8.1
0,3,6.8,0,55,62,1,1,1,22.9,22.0,2.2,71.0,4.3,0,1,0,0,0,0,1,8,3.6
1,4,8.1,0,75,84,1,2,2,46.7,27.3,4.6,84.0,4.3,1,1,0,0,0,0,1,5,5.0
0,0,7.3,0,78,69,0,2,1,25.3,26.8,6.1,79.0,4.2,1,0,0,0,0,0,1,4,4.6
0,7,8.1,1,78,74,0,1,2,43.9,41.3,1.6,90.0,4.7,1,1,3,2,1,0,1,6,4.7
0,4,8.0,0,74,85,0,3,0,57.5,49.6,8.3,86.0,4.5,1,1,1,3,1,1,2,1,6.1
1,0,7.7,0,55,69,1,1,0,37.1,16.2,1.7,69.0,4.4,0,0,0,0,0,0,0,7,5.8
0,7,6.5,1,57,66,1,1,1,21.7,6.9,1.3,74.2,3.5,0,0,1,1,0,0,2,0,2.6
1,0,8.2,0,82,86,1,2,1,57.3,43.5,3.6,81.0,4.3,1,1,3,2,1,0,1,2,7.0
1,0,8.0,0,88,81,2,3,0,66.3,69.4,8.5,84.0,4.6,1,1,0,0,0,1,2,7,7.1
0,3,8.3,0,61,79,1,2,1,59.7,38.7,3.8,73.0,3.9,0,1,0,0,0,1,0,8,5.8
1,9,7.9,0,75,75,2,1,0,36.9,31.7,2.8,74.3,4.3,0,0,2,3,1,1,2,8,4.3
1,1,7.9,0,80,81,1,3,1,49.1,46.7,7.1,75.0,4.6,1,1,0,0,0,0,1,1,5.7
0,7,7.7,0,55,74,1,0,0,43.1,30.5,1.4,82.6,4.5,0,0,0,1,0,0,1,5,3.8
1,7,7.7,0,61,73,1,1,0,42.8,24.1,3.8,73.7,4.3,1,1,1,0,0,0,1,8,5.5
1,5,6.9,1,55,70,0,1,0,20.0,36.2,2.4,71.0,3.6,0,0,0,0,0,0,1,8,3.4
0,0,7.8,0,56,66,1,1,0,43.9,32.6,3.5,78.0,4.4,1,0,0,0,0,0,0,2,5.4
1,1,7.5,1,55,72,1,1,0,34.1,30.5,1.3,69.0,3.9,0,1,0,0,0,0,0,0,4.6
1,0,8.5,0,70,84,2,2,2,62.9,51.2,5.5,90.0,4.4,1,1,3,1,1,1,1,8,7.2
1,7,7.5,1,55,63,1,1,0,39.0,21.5,0.0,62.9,4.1,0,0,0,0,0,0,1,4,4.5
1,10,8.4,0,71,79,1,3,0,67.2,61.3,7.2,84.4,4.6,1,1,3,3,1,1,1,8,7.8
0,6,7.6,0,55,60,2,1,0,40.0,47.0,3.0,85.0,4.0,0,0,0,1,0,0,2,9,6.9
0,4,6.5,1,68,66,1,2,0,21.3,19.8,4.3,70.0,4.0,0,1,0,0,0,0,1,0,2.0
1,11,7.1,0,58,79,0,2,3,41.7,42.3,6.6,74.0,4.5,1,1,1,1,0,1,0,6,6.0
1,4,7.3,0,62,65,0,1,1,32.3,32.3,1.9,80.0,3.6,0,1,0,0,0,0,1,6,3.3
0,1,7.3,0,65,70,1,2,1,30.7,32.5,3.6,68.0,4.6,0,1,0,0,0,0,1,1,4.3
1,2,7.6,0,55,70,0,1,0,33.3,28.9,3.4,71.0,3.5,0,1,0,0,0,0,2,7,4.3
0,10,8.6,1,75,63,1,3,2,58.9,38.1,4.9,79.7,4.1,1,1,1,2,1,0,1,9,5.5
1,0,7.9,0,55,62,0,1,0,31.5,31.5,1.0,79.0,4.2,0,0,0,0,0,0,2,7,5.2
1,6,8.7,0,87,85,2,3,2,86.4,59.4,6.9,90.0,4.8,1,1,3,2,1,1,2,4,7.9
0,11,7.8,1,73,83,2,2,3,49.7,43.9,4.2,86.9,4.4,1,1,1,0,0,1,2,6,7.0
0,6,8.3,0,73,84,2,3,2,79.7,68.8,6.7,90.0,4.6,1,0,2,3,1,1,1,9,10.5
1,0,7.6,0,84,86,1,2,2,46.4,40.8,5.3,81.0,3.8,1,0,3,2,1,0,1,0,4.9
1,9,6.5,0,55,72,1,1,0,21.2,31.6,0.7,78.8,3.8,0,1,2,3,1,0,2,8,2.4
1,11,7.4,0,70,68,1,3,0,47.0,42.6,4.0,80.8,4.3,0,1,0,1,0,0,2,6,6.4
1,4,8.4,0,78,88,2,3,2,78.7,59.9,8.3,87.0,4.8,1,1,3,2,1,1,2,8,8.3
0,0,6.9,0,72,76,1,3,0,43.8,44.8,4.8,81.0,4.5,0,0,1,3,1,0,2,7,4.5
1,3,8.2,0,84,88,2,3,2,75.5,64.1,6.9,86.0,4.7,1,1,4,1,1,1,2,1,8.2
1,8,6.5,0,74,84,1,2,1,20.0,4.6,5.4,84.4,4.8,0,1,3,3,1,0,2,6,2.0
1,3,7.2,0,81,70,0,1,0,29.3,30.5,2.5,79.0,3.8,0,1,0,0,0,1,0,8,4.6
1,6,8.7,0,79,86,2,3,3,81.7,71.6,9.3,85.4,4.8,1,1,3,3,1,1,1,2,10.6
1,0,7.5,0,75,66,1,3,1,44.0,44.3,6.5,78.0,4.0,0,0,0,0,0,1,1,0,6.2
1,0,8.3,0,77,81,2,3,0,76.8,57.1,7.5,88.0,4.8,1,1,0,0,0,1,2,3,9.2
1,4,7.5,1,68,71,2,3,1,50.2,39.5,6.8,79.0,4.4,1,1,4,1,1,1,1,0,5.6
1,0,7.6,2,71,62,1,2,0,38.2,20.5,3.3,65.0,4.3,1,1,0,0,0,0,1,0,5.6
0,8,6.5,0,80,63,1,1,0,20.0,24.5,1.9,70.3,4.7,0,1,0,0,0,0,2,2,2.5
1,1,8.0,0,74,68,1,1,2,43.8,41.4,3.8,87.0,4.1,1,1,2,2,1,1,1,8,6.1
1,0,7.7,0,55,84,1,1,0,35.5,32.4,3.6,82.0,4.6,1,0,0,0,0,0,0,2,5.3
0,2,8.2,0,86,82,2,3,2,72.4,62.4,6.5,90.0,4.8,1,1,3,2,1,1,2,2,7.5
1,5,7.6,1,79,83,0,3,2,38.2,23.9,7.1,85.0,3.8,1,0,0,0,0,0,1,2,4.7
1,4,8.2,0,70,88,2,3,2,65.7,61.7,8.5,88.0,4.3,1,0,4,1,1,1,1,7,8.1
1,0,6.5,1,75,69,0,3,0,23.2,21.5,7.3,72.0,4.2,1,1,0,0,0,1,1,9,2.0
1,0,7.6,2,86,69,2,3,2,57.2,62.8,8.0,81.0,4.3,1,1,3,2,1,0,2,5,6.9
0,8,7.2,1,75,75,0,3,1,31.6,20.6,3.9,77.8,4.5,0,1,1,0,0,0,1,9,4.2
0,6,7.7,1,72,79,2,3,3,63.4,54.2,7.0,86.3,4.2,1,1,0,0,0,1,1,9,6.5
1,3,7.3,0,90,65,2,1,1,31.4,27.7,3.0,87.0,4.2,1,0,0,0,0,0,1,2,4.2
1,4,7.6,2,69,74,1,1,0,31.3,16.3,1.6,70.0,4.5,0,0,0,0,0,0,1,6,5.0
1,3,7.7,0,59,66,1,1,0,33.4,20.5,2.0,69.0,4.4,0,0,0,0,0,0,1,6,4.7
1,0,7.6,2,70,83,2,2,0,44.3,38.9,4.9,86.0,4.6,1,1,0,0,0,0,1,4,5.8
0,7,7.5,1,55,66,1,1,2,36.5,22.9,1.2,63.2,3.4,0,1,0,0,0,0,1,5,6.4
1,0,6.5,1,89,67,0,2,0,20.0,23.6,3.8,85.0,4.8,0,0,1,3,1,1,2,9,2.7
0,4,8.5,0,74,64,0,3,2,66.9,65.0,6.4,90.0,4.8,1,1,1,3,1,1,1,4,8.6
1,3,8.1,0,68,88,2,2,1,57.4,45.8,5.1,90.0,4.7,1,1,3,1,1,1,1,6,7.0
1,3,8.5,0,83,84,1,3,2,71.1,52.3,7.1,90.0,4.8,1,1,3,2,1,1,2,8,8.9
1,1,7.8,0,61,63,1,2,1,41.6,19.7,3.1,68.0,3.9,0,0,0,0,0,0,0,5,6.9
1,2,7.3,0,83,78,1,1,1,22.7,21.4,3.8,79.0,4.8,1,0,0,0,0,0,2,6,2.0
1,6,7.4,1,69,65,0,2,0,44.6,37.7,4.1,72.1,4.5,1,1,2,2,1,1,1,6,4.8
1,2,7.6,0,72,81,1,3,1,53.7,45.3,5.3,74.0,4.0,1,1,0,0,0,1,0,0,5.6
0,10,8.5,0,83,75,1,3,2,67.1,49.5,7.0,84.8,4.8,1,1,2,3,1,1,0,8,7.3
0,4,7.6,1,63,70,2,1,1,41.6,43.0,3.0,74.0,3.7,1,1,0,0,0,0,0,6,5.3
1,5,6.5,2,89,80,1,2,2,22.2,33.4,3.8,81.0,3.6,1,1,1,3,1,0,2,6,2.9
0,3,8.0,0,75,81,2,3,2,74.8,51.0,7.4,87.0,4.8,1,1,1,3,1,1,1,8,6.7
0,3,8.2,0,82,72,0,2,1,43.3,47.4,4.0,75.0,4.6,1,0,0,0,0,0,2,8,5.4
0,1,7.6,0,80,57,0,1,0,33.9,24.9,1.1,73.0,4.7,0,0,0,0,0,0,2,8,5.2
1,5,7.8,0,57,71,0,1,1,32.5,38.2,1.8,69.0,4.2,0,0,0,0,0,0,1,5,5.7
0,0,8.4,0,79,82,2,3,2,63.8,56.9,6.9,83.0,4.8,1,0,0,0,0,0,2,2,9.5
0,6,8.2,0,63,72,1,3,0,75.0,50.0,9.2,88.0,4.5,1,1,0,3,1,1,2,2,8.1
1,2,7.3,0,65,64,1,1,1,20.0,12.7,2.2,71.0,3.6,0,0,0,0,0,0,1,8,2.3
1,3,8.0,0,55,66,1,3,0,59.8,53.3,6.4,82.0,3.8,0,0,0,0,0,1,2,8,9.6
1,0,8.7,0,83,88,1,3,1,75.7,57.0,5.7,90.0,4.7,1,1,4,1,1,0,2,0,10.2
1,8,8.5,0,63,72,0,1,2,59.0,47.9,3.8,65.9,3.9,0,1,0,0,0,1,1,7,6.7
1,11,8.6,0,80,84,2,3,2,76.6,65.5,6.5,75.7,4.2,1,1,3,2,1,1,0,8,9.5
1,10,8.2,0,68,83,0,3,0,66.5,58.7,6.2,79.7,4.7,0,1,3,0,1,1,1,8,7.1
1,4,8.1,0,82,80,2,3,1,54.0,42.7,5.1,79.0,3.9,1,1,3,2,1,0,2,0,6.5
1,5,7.8,0,80,88,1,3,2,61.1,61.6,5.9,90.0,4.8,1,1,2,3,1,0,2,8,8.1
1,3,8.2,0,83,68,1,1,2,48.6,43.8,1.7,72.0,4.4,0,0,0,0,0,1,2,2,6.4
1,4,7.7,0,81,67,0,3,0,49.5,32.8,8.0,84.0,4.3,1,1,3,2,1,1,2,3,5.6
1,5,8.4,0,67,80,1,3,2,72.5,50.0,8.8,90.0,4.6,1,1,3,1,1,1,1,8,7.6
1,0,8.0,0,60,85,1,3,0,61.0,49.1,6.9,77.0,4.7,1,1,2,3,1,0,2,6,9.0
1,6,7.8,0,75,88,2,3,2,66.7,48.4,7.7,90.0,4.8,1,1,3,2,1,1,1,2,6.9
1,10,6.7,0,61,68,0,2,1,20.0,19.7,3.3,77.3,3.9,0,1,0,0,0,1,2,8,2.0
1,3,8.5,0,74,65,0,1,0,57.4,47.7,2.5,81.0,4.2,1,1,3,2,1,0,1,8,7.3
1,10,8.8,1,80,82,2,3,2,82.7,66.1,6.6,90.0,4.6,1,1,4,2,1,1,1,8,10.0
1,7,7.8,0,59,70,0,1,2,38.9,36.5,1.8,78.9,4.8,0,0,1,0,0,0,1,6,6.0
1,2,6.9,1,55,71,0,2,0,23.3,23.8,4.3,71.0,4.0,0,1,0,0,0,0,1,0,3.9
1,6,8.6,0,77,82,2,3,2,71.6,73.7,8.6,89.3,4.8,1,1,2,2,1,0,0,9,8.7
1,3,6.5,1,55,74,1,1,0,20.0,22.6,3.5,87.0,4.3,0,0,0,0,0,0,1,7,3.5
1,4,6.6,1,58,64,1,2,1,23.6,30.5,5.5,80.0,4.1,1,1,0,0,0,0,1,9,3.7
1,0,7.6,1,55,57,1,1,0,32.3,28.9,3.6,72.0,4.5,0,0,0,0,0,0,2,0,5.8
0,7,6.7,0,74,65,1,2,0,22.0,27.9,2.4,77.9,3.9,1,1,0,1,0,1,0,7,3.2
1,5,7.9,0,68,72,1,1,1,42.3,37.7,2.2,79.0,4.1,0,1,0,0,0,0,0,8,5.3
0,6,7.5,0,90,84,1,3,2,51.3,47.0,6.6,85.9,4.8,1,1,1,0,0,1,1,9,5.2
1,0,7.7,2,71,82,1,2,0,42.7,50.8,4.5,83.0,4.6,1,1,0,0,0,0,1,6,6.9
1,9,8.5,0,74,86,2,3,2,74.2,67.6,4.9,86.8,4.8,1,1,3,2,1,1,1,0,9.0
1,0,6.5,2,56,69,1,1,0,20.0,42.2,2.0,75.0,4.7,0,1,1,3,1,0,2,0,2.9
0,6,7.6,0,77,83,1,2,1,56.7,59.5,8.3,86.3,4.0,1,1,3,1,1,0,1,2,5.8
1,10,8.5,2,78,88,2,3,0,73.1,61.8,6.0,89.5,4.6,1,1,2,2,1,1,1,7,7.8
1,5,7.4,0,76,71,1,2,0,37.8,45.6,3.9,80.0,4.6,0,1,1,3,1,1,2,8,4.4
1,3,7.3,1,75,83,1,2,1,42.7,42.4,3.9,68.0,4.6,1,0,0,0,0,0,1,8,6.3
1,5,7.5,1,90,67,0,2,2,39.3,30.9,5.1,79.0,4.6,1,1,1,3,1,1,1,4,3.6
0,2,8.4,0,83,58,2,1,0,58.5,31.7,3.2,84.0,4.4,1,1,0,0,0,1,2,3,6.7
1,0,8.5,0,84,87,2,3,2,71.5,63.1,7.5,90.0,4.7,1,1,3,1,1,0,1,1,8.5
0,2,6.5,0,55,66,1,1,0,20.0,38.1,3.7,73.0,4.1,0,1,0,0,0,1,0,3,4.7
1,2,6.5,0,55,61,1,2,1,20.0,17.1,3.4,69.0,4.3,0,0,0,0,0,0,0,8,2.9
1,8,6.6,0,55,66,1,1,1,20.0,23.1,2.8,68.1,4.1,0,1,0,1,0,0,2,7,3.6
0,5,8.6,0,75,83,2,3,1,72.6,61.6,7.5,90.0,4.8,1,1,2,2,1,1,2,8,8.9
1,0,8.4,0,55,59,1,2,0,53.3,50.8,4.8,81.0,4.0,0,1,3,2,1,1,1,2,8.2
1,8,7.5,2,78,85,2,2,0,53.2,43.4,7.6,73.7,4.3,1,1,0,0,0,0,1,1,6.3
1,1,7.0,0,74,63,1,3,2,48.9,29.3,7.7,75.0,4.4,1,1,2,3,1,1,1,0,4.1
1,0,7.6,0,68,86,1,1,0,34.0,35.2,5.0,77.0,4.2,1,1,0,0,0,0,0,1,5.6
0,11,7.7,1,58,61,2,0,0,43.0,33.0,3.9,78.7,3.8,1,1,0,0,0,0,2,2,6.5
0,3,8.6,0,71,79,1,3,2,70.3,69.1,7.6,90.0,4.8,1,1,3,1,1,1,1,7,9.4
0,6,7.7,0,79,85,0,2,0,55.4,63.5,7.1,83.5,4.8,1,1,3,1,1,0,2,7,7.8
1,8,7.5,0,55,64,2,1,1,33.2,27.6,2.6,68.9,3.8,0,1,1,2,1,0,2,8,4.2
1,8,7.3,0,55,75,2,1,1,24.8,24.4,1.8,84.8,4.5,0,1,1,0,0,0,1,3,4.6
1,8,8.2,0,80,86,1,3,2,67.6,53.2,6.0,89.8,4.7,1,1,2,2,1,1,2,8,6.0
0,1,8.6,0,75,88,0,3,0,68.2,49.6,5.6,82.0,4.6,1,1,2,2,1,0,2,8,7.4
1,6,8.0,1,76,86,2,3,2,66.4,64.4,8.3,90.0,4.8,1,1,3,3,1,0,1,9,8.2
0,5,7.4,1,57,72,1,1,0,27.2,25.2,1.9,62.0,3.6,0,0,0,0,0,0,0,8,3.5
1,2,8.1,1,73,88,2,1,1,44.3,30.2,1.8,81.0,4.0,1,1,2,2,1,0,2,5,5.8
0,7,6.8,0,64,70,0,1,0,23.9,18.7,0.0,82.9,3.5,0,1,1,0,0,0,1,7,2.9
1,5,7.8,1,70,78,1,2,1,39.1,30.3,3.4,78.0,4.4,0,1,0,0,0,0,2,0,5.7
0,4,7.5,0,55,68,0,2,0,33.7,30.1,2.3,81.0,3.6,0,1,2,2,1,0,1,6,3.9
1,5,8.2,0,78,83,2,3,0,61.5,50.5,7.0,65.0,4.3,1,1,4,1,1,1,2,8,6.5
1,5,7.5,0,56,62,2,1,1,34.0,33.0,2.1,65.0,4.0,0,1,0,0,0,0,2,8,4.8
1,0,7.6,0,58,77,1,1,1,33.6,33.2,1.1,84.0,4.5,0,1,0,0,0,0,1,1,5.6
1,0,8.4,0,74,81,2,3,2,70.8,54.5,7.3,86.0,4.8,1,1,3,2,1,1,1,0,8.9
1,2,6.6,0,69,62,1,1,1,22.7,16.5,4.0,68.0,4.0,0,0,0,0,0,0,1,7,2.0
1,10,6.7,0,56,59,2,2,0,26.9,19.3,5.9,77.1,4.2,0,0,0,0,0,0,2,2,3.1
1,2,8.4,0,80,82,0,3,0,71.4,67.0,6.9,90.0,4.8,1,1,2,2,1,1,1,2,9.3
1,7,8.0,0,62,63,2,1,1,44.6,16.2,2.1,73.2,4.3,0,0,1,1,0,0,2,4,5.8
0,3,8.3,0,81,71,2,3,0,70.0,49.3,6.5,86.0,4.7,1,1,2,2,1,0,1,6,7.8
1,4,7.9,0,63,59,0,3,2,57.4,32.4,6.3,89.0,4.5,0,0,3,2,1,0,2,1,7.1
0,11,8.3,0,63,84,2,3,2,80.4,52.6,5.1,85.8,3.9,1,1,4,1,1,1,0,2,9.2
1,3,7.9,1,87,84,1,2,2,41.2,41.0,3.1,86.0,4.8,0,1,0,0,0,1,2,8,7.0
1,11,7.5,0,59,67,0,2,0,27.3,31.4,3.1,74.9,3.5,0,1,2,2,1,0,1,5,3.9
0,5,6.5,1,56,63,0,2,1,20.0,21.4,4.2,75.0,3.9,0,1,0,0,0,0,1,7,2.0
1,10,7.6,1,79,71,1,2,1,45.0,38.9,3.9,78.3,4.1,0,1,1,1,1,0,2,9,5.2
0,0,7.3,0,67,67,0,1,0,20.0,16.8,4.1,70.0,4.4,1,0,0,0,0,0,0,0,3.9
0,0,8.9,0,78,82,0,3,2,82.7,72.3,5.6,90.0,4.0,1,1,3,1,1,0,0,5,9.4
1,3,8.3,0,75,83,0,3,2,64.3,52.7,8.9,90.0,4.8,1,1,3,2,1,1,0,7,7.5
1,5,8.5,0,75,88,2,3,2,66.7,59.4,7.5,90.0,4.8,1,1,2,2,1,1,1,8,7.6
0,2,6.9,1,71,83,1,1,2,25.7,24.4,2.9,72.0,3.8,1,1,0,0,0,0,2,4,3.3
0,0,8.4,0,73,79,1,1,2,52.7,50.5,1.5,78.0,4.1,0,1,0,0,0,0,0,2,7.5
0,0,8.3,0,67,88,2,3,2,71.2,59.6,7.5,90.0,4.8,1,1,1,3,1,1,2,0,8.4
0,7,8.0,1,75,67,1,2,1,72.5,54.9,6.1,87.2,4.5,1,1,1,0,0,1,1,4,8.5
1,4,6.6,1,59,63,0,2,0,20.0,22.3,5.3,64.0,4.6,1,0,0,0,0,1,2,4,2.0
0,0,7.7,1,58,64,1,1,1,36.9,47.2,1.2,78.0,3.2,0,0,0,0,0,0,1,0,6.4
1,2,8.7,0,70,59,2,1,0,73.4,67.9,3.7,66.0,4.8,1,0,0,0,0,1,2,6,9.7
1,6,7.4,0,57,65,0,3,0,47.4,44.6,1.8,74.2,3.3,0,1,0,0,0,0,1,1,5.6
0,2,6.5,0,60,70,1,1,0,20.0,19.8,3.1,80.0,4.5,0,1,0,0,0,0,2,2,3.2
0,5,8.0,0,84,77,1,2,0,49.0,51.3,3.2,79.0,4.4,0,0,0,0,0,0,1,8,6.3
1,6,8.3,1,80,85,1,3,3,74.2,74.4,6.6,88.2,4.7,1,1,4,0,1,0,1,2,8.6
1,4,7.8,0,77,81,0,2,0,40.6,40.3,7.7,74.0,4.7,1,1,3,2,1,1,2,1,4.4
1,6,8.3,0,55,63,0,2,1,60.5,55.5,6.8,81.5,4.5,1,0,0,0,0,1,1,5,7.3
0,0,7.8,1,79,71,2,2,1,54.0,44.1,3.6,79.0,4.6,1,0,0,0,0,0,1,1,7.1
1,2,7.4,0,60,60,1,1,0,36.1,32.8,4.0,79.0,3.8,1,0,0,0,0,0,1,8,4.2
1,4,8.3,0,83,81,1,3,0,70.4,60.1,5.7,90.0,4.4,1,1,2,2,1,1,2,1,8.0
1,9,6.5,0,74,71,0,1,0,30.0,12.2,6.3,78.4,4.3,1,1,1,2,1,0,2,4,2.7
0,4,8.4,0,78,82,2,2,2,65.7,64.0,5.4,73.0,4.8,1,0,1,3,1,1,0,0,9.3
1,11,8.2,1,77,83,1,3,1,63.1,36.2,8.4,82.4,4.1,1,1,1,0,0,0,2,8,6.8
1,5,6.5,0,90,84,0,3,2,26.3,12.0,7.7,84.0,4.6,1,1,2,3,1,1,1,0,3.3
0,3,7.6,1,71,72,0,1,1,28.8,19.7,0.4,72.0,3.7,0,1,0,0,0,0,0,8,4.7
1,1,6.5,0,63,67,1,1,1,20.0,12.7,2.1,62.0,4.1,0,1,0,0,0,0,0,8,2.0
1,2,8.0,1,59,81,0,3,1,46.2,46.3,6.5,83.0,3.7,0,1,0,0,0,0,0,6,6.8
1,2,6.5,0,70,75,1,3,2,28.1,27.4,6.4,84.0,4.5,0,1,2,3,1,1,2,9,2.7
1,8,6.8,0,55,57,0,2,2,29.0,31.8,5.5,71.6,4.7,1,1,0,0,0,1,0,1,2.4
1,2,7.5,0,79,83,1,2,0,33.9,34.3,3.8,89.0,4.5,1,1,3,2,1,1,0,3,3.7
1,0,7.6,0,55,60,1,3,2,54.8,49.1,5.8,72.0,4.2,0,0,0,0,0,0,1,2,7.1
0,3,7.5,1,71,62,0,1,0,30.0,34.7,3.7,89.0,4.5,0,0,0,0,0,0,2,8,3.9
1,0,7.7,0,86,87,2,2,2,45.2,45.1,3.2,84.0,3.9,0,1,3,2,1,0,1,2,7.2
1,2,7.3,0,57,73,1,1,0,29.0,41.3,2.7,62.0,4.1,0,0,0,0,0,0,1,5,5.9
1,2,8.1,1,69,83,0,2,0,43.8,21.7,3.7,80.0,4.5,0,1,0,0,0,0,2,8,6.5
1,5,6.5,0,63,70,0,1,0,20.0,18.0,1.4,64.0,4.1,0,0,0,0,0,0,0,6,2.0
1,3,6.5,0,55,66,1,1,0,20.0,19.2,1.3,71.0,4.1,0,0,0,0,0,0,2,7,2.4
0,8,8.6,0,75,80,0,1,1,46.3,42.4,2.4,82.2,4.8,1,1,0,0,0,0,0,4,8.3
1,11,8.2,1,81,83,2,3,2,66.5,64.7,5.8,90.0,4.2,1,1,3,0,1,1,0,1,8.2
1,0,8.5,0,78,62,1,3,0,71.4,61.8,5.8,74.0,4.3,1,1,3,2,1,1,1,0,8.8
0,3,7.7,0,72,75,1,1,1,37.2,34.5,1.4,75.0,4.6,0,1,0,0,0,1,0,4,8.3
0,3,6.8,0,65,58,1,1,1,20.0,25.6,1.9,78.0,4.0,0,0,0,0,0,0,0,0,2.1
0,5,7.5,0,58,64,1,2,1,39.6,26.4,4.3,65.0,4.1,0,0,0,0,0,1,2,8,4.8
1,4,8.2,0,79,80,1,2,2,56.4,53.9,1.8,89.0,4.3,1,0,3,1,1,0,1,0,7.4
1,2,8.5,0,82,83,2,3,2,73.9,61.1,8.2,90.0,4.8,1,1,4,1,1,1,0,8,9.7
1,6,7.4,0,57,69,0,1,0,35.8,32.0,1.6,77.5,3.2,0,0,1,0,0,0,1,1,4.3
0,9,6.6,2,55,70,0,2,1,20.6,20.5,3.0,64.0,4.1,1,0,0,0,0,0,1,8,2.1
0,7,7.8,0,63,65,1,0,0,37.8,41.0,0.9,72.0,4.2,0,1,0,0,0,0,2,5,5.5
1,4,8.3,0,71,83,1,3,2,60.8,56.3,7.3,90.0,4.7,1,0,2,3,1,1,0,3,6.5
0,4,7.7,0,65,86,2,1,3,41.9,36.8,4.4,77.0,3.9,1,1,0,0,0,1,2,1,5.9
1,5,7.4,0,55,68,0,2,0,41.5,30.2,3.3,80.0,4.8,0,1,0,0,0,1,1,8,5.1
0,9,7.5,0,55,70,2,1,0,30.7,27.1,1.3,74.0,3.8,0,1,0,0,0,0,1,4,4.4
1,4,8.3,0,79,74,1,3,2,63.0,50.5,7.1,77.0,4.5,1,1,2,2,1,0,1,6,7.9
0,2,8.4,0,82,83,1,3,0,71.6,58.8,4.5,73.0,4.5,1,1,0,0,0,0,1,6,8.0
1,2,7.5,0,61,71,0,2,1,31.4,34.7,4.7,66.0,4.5,0,1,4,1,1,0,1,1,4.7
0,4,7.7,0,73,88,1,1,0,38.2,24.0,3.1,90.0,4.6,0,0,2,2,1,1,2,7,4.3
1,7,8.2,0,76,79,1,1,1,66.8,52.6,4.0,90.0,4.7,1,1,2,1,1,0,2,9,6.9
1,0,8.2,0,84,82,1,3,2,54.4,64.9,6.6,89.0,4.3,1,0,3,2,1,1,1,9,8.2
0,3,7.6,0,70,66,1,1,3,33.4,21.9,2.7,79.0,4.8,0,1,0,0,0,1,0,4,4.0
0,7,8.0,0,76,84,1,2,0,47.6,43.6,3.8,72.4,4.7,1,1,4,0,1,0,2,8,6.8
0,1,7.4,0,63,68,1,2,0,32.3,31.2,5.3,71.0,4.6,0,0,0,0,0,1,1,1,5.0
0,7,7.9,1,56,72,1,3,0,52.8,32.9,8.0,74.0,3.9,1,1,0,0,0,1,1,6,7.5
1,0,7.8,0,55,63,1,2,1,46.3,44.5,1.9,70.0,4.1,0,1,0,0,0,0,2,1,6.6
1,0,6.7,1,56,83,1,1,1,20.9,10.2,1.9,74.0,3.9,0,1,0,0,0,0,0,2,3.2
0,0,7.8,0,74,74,1,3,0,56.9,44.1,4.7,76.0,4.4,1,1,0,0,0,0,1,5,6.5
0,6,7.6,0,65,68,0,2,2,37.9,34.8,2.9,78.2,4.5,0,0,0,0,0,0,2,6,5.2
0,4,8.7,0,72,87,2,3,3,81.4,60.7,8.8,89.0,4.5,1,1,2,2,1,1,1,3,7.8
1,1,7.6,1,74,86,1,2,1,40.5,27.0,3.5,90.0,3.8,1,1,0,0,0,0,1,8,5.3
1,8,7.4,0,55,71,0,0,1,33.9,35.7,2.8,72.2,3.6,0,0,0,0,0,1,2,8,5.8
0,0,6.7,1,84,83,1,3,1,30.8,39.5,6.2,76.0,4.4,1,1,3,2,1,1,0,1,4.9
0,3,8.4,0,82,81,2,3,2,68.6,43.6,5.8,90.0,4.8,1,0,1,3,1,1,0,5,7.1
0,2,7.9,0,88,81,2,3,2,68.7,70.1,8.2,84.0,4.0,1,0,0,0,0,0,1,5,8.6
0,3,8.7,0,65,81,1,2,0,62.7,52.8,5.1,69.0,4.6,1,1,2,2,1,0,2,1,8.0
0,6,8.0,1,56,68,0,2,0,64.8,71.5,7.2,66.3,4.4,1,1,1,1,0,1,1,1,8.5
0,6,7.3,0,80,71,2,3,1,50.0,45.4,6.5,90.0,3.8,0,0,1,0,0,0,0,2,6.6
0,7,8.4,0,72,66,2,1,1,49.9,44.1,2.3,82.0,4.8,0,0,3,3,1,1,1,2,6.6
1,3,8.3,0,88,73,1,3,2,64.4,55.2,7.2,90.0,4.8,1,1,1,3,1,0,1,8,8.3
1,11,6.8,1,56,68,0,0,0,22.9,14.3,3.0,71.4,4.2,0,0,0,0,0,1,2,8,4.0
1,5,8.1,0,74,84,2,3,2,68.9,66.2,5.8,90.0,4.6,1,0,3,2,1,1,2,8,6.7
1,8,7.6,1,55,64,1,3,2,49.1,40.3,6.4,74.9,4.3,1,0,1,0,0,1,1,7,6.0
1,2,7.6,0,84,86,1,3,0,50.9,43.3,6.2,90.0,4.8,1,1,3,2,1,0,2,7,5.9
1,6,8.2,1,69,67,0,0,3,51.5,34.9,4.6,81.7,4.2,1,1,0,0,0,0,1,2,6.8
0,0,8.1,0,73,70,1,2,0,59.6,44.1,5.7,72.0,4.5,1,1,2,3,1,1,2,0,6.8
1,6,7.9,1,56,68,1,0,1,41.8,32.8,3.1,66.3,4.1,0,1,3,1,1,1,1,5,5.6
1,10,8.6,0,72,83,2,3,2,65.4,55.8,5.5,86.3,4.8,1,1,2,2,1,1,0,1,9.0
1,1,8.0,0,61,70,1,2,0,59.8,37.2,5.7,76.0,4.4,1,1,3,2,1,1,1,8,7.0
1,4,8.3,1,70,86,1,3,2,70.3,64.0,6.1,89.0,4.7,1,1,1,3,1,1,1,0,8.1
1,4,7.8,0,55,64,1,1,1,39.0,38.1,0.9,69.0,4.1,0,0,0,0,0,1,1,9,6.1
0,4,8.1,0,55,80,1,3,2,62.4,62.0,4.7,69.0,4.6,1,1,0,0,0,0,1,0,8.6
1,2,8.6,0,74,81,2,3,2,64.4,65.7,7.8,90.0,4.8,1,0,1,3,1,1,0,3,8.4
0,2,8.6,0,75,88,2,3,2,78.0,56.0,6.5,90.0,4.8,1,1,2,2,1,0,0,2,9.7
1,10,8.5,0,75,83,0,3,1,62.8,59.2,7.3,82.7,4.2,1,1,1,3,1,1,1,2,8.1
0,3,7.6,0,76,63,2,1,1,40.2,37.9,3.4,84.0,4.5,0,0,0,0,0,0,0,6,6.5
0,4,8.0,0,78,80,2,3,2,58.0,63.7,7.7,90.0,4.7,1,1,3,1,1,1,1,4,7.4
1,6,7.6,0,75,59,2,2,1,40.2,43.7,4.0,85.3,3.3,1,1,3,1,1,1,0,1,5.7
1,9,7.6,0,55,75,2,2,0,43.0,35.7,3.1,83.9,4.1,0,1,1,1,0,0,0,1,5.4
1,0,7.5,1,75,62,1,2,2,47.5,42.7,4.9,79.0,4.2,1,1,2,2,1,0,2,2,5.7
1,9,7.7,1,55,71,2,0,0,36.0,36.4,4.1,68.0,3.9,1,1,0,0,0,1,1,3,5.1
0,8,7.6,0,89,82,2,3,3,49.6,44.5,7.0,89.7,4.7,1,1,2,1,1,1,1,0,6.2
0,2,6.5,1,60,68,0,2,0,20.0,26.3,2.2,81.0,3.7,0,1,2,3,1,0,2,7,2.0
1,9,6.5,0,70,69,1,0,0,20.0,23.5,1.6,82.5,3.9,0,1,0,1,0,0,1,8,3.9
1,11,8.2,0,80,86,0,3,2,55.8,38.0,8.4,84.2,4.0,1,1,4,2,1,1,0,3,6.6
1,6,7.6,0,55,82,1,3,2,57.0,49.7,7.3,81.2,4.7,1,1,4,0,1,0,1,2,6.6
0,0,7.3,1,55,69,0,1,1,20.0,3.1,4.4,80.0,4.5,0,1,0,0,0,0,1,4,2.5
0,3,8.5,0,82,88,1,3,2,63.0,39.8,8.1,90.0,4.8,1,1,3,1,1,1,1,0,7.9
1,2,8.3,1,55,67,0,1,3,42.8,34.5,1.3,77.0,4.0,0,1,0,0,0,0,0,1,7.3
1,3,7.3,0,70,59,1,1,0,27.1,25.1,2.8,72.0,3.9,1,0,0,0,0,0,1,7,2.9
1,0,8.5,0,79,86,1,3,2,75.0,50.3,5.7,90.0,4.8,1,1,2,2,1,1,1,7,8.4
1,7,8.2,0,64,62,1,1,2,55.0,48.8,0.0,79.5,4.2,0,1,0,0,0,1,1,8,6.2
0,8,7.6,1,79,73,2,3,0,40.0,27.4,4.5,85.7,4.6,0,1,0,0,0,0,1,8,5.9
1,8,8.2,0,77,88,1,3,2,66.3,51.9,6.5,90.0,4.6,1,1,4,2,1,1,1,9,7.1
1,2,6.8,0,78,86,2,2,2,34.9,44.7,3.6,78.0,4.3,1,1,3,2,1,0,1,8,4.0
0,2,8.4,0,81,82,2,3,2,75.4,61.1,6.5,84.0,3.7,0,0,0,0,0,1,0,0,9.4
1,5,6.6,1,55,81,2,3,0,32.5,28.8,8.2,75.0,3.9,1,1,0,0,0,0,1,4,3.9
1,0,7.9,0,70,83,1,3,2,56.1,53.4,6.8,90.0,3.6,1,1,3,1,1,1,1,2,6.6
0,0,7.7,0,55,67,1,1,1,47.8,46.8,1.7,67.0,3.0,0,0,0,0,0,1,2,7,5.8
0,7,7.7,0,70,86,2,3,1,53.5,48.0,6.1,83.1,4.2,0,1,0,0,0,1,1,1,6.9
1,10,7.6,1,63,65,0,2,0,27.3,26.6,1.9,61.1,3.8,0,0,1,1,0,0,2,7,4.2
1,1,7.4,0,62,69,1,2,1,50.4,51.4,4.6,64.0,3.5,0,0,0,0,0,0,0,8,7.2
1,0,8.5,0,73,86,2,3,2,74.9,67.5,6.7,88.0,4.3,0,0,0,0,0,1,2,4,9.6
0,0,8.0,0,68,85,1,2,2,53.7,56.3,4.7,77.0,4.7,1,1,1,3,1,1,1,5,6.3
0,2,8.0,0,70,67,1,3,1,56.8,57.5,6.3,76.0,4.6,0,0,0,0,0,0,1,9,8.4
1,4,7.0,1,55,69,1,1,1,27.5,27.8,3.0,78.0,4.7,0,0,0,0,0,0,2,1,2.7
1,2,7.4,0,76,72,0,3,2,37.6,27.2,5.3,75.0,4.8,1,1,0,0,0,0,2,7,3.2
0,3,6.5,0,55,67,0,3,0,20.0,24.0,6.6,66.0,3.5,0,0,0,0,0,1,2,8,3.2
1,4,8.2,0,55,61,1,1,1,45.1,44.5,1.8,79.0,4.6,0,1,0,0,0,0,1,9,8.2
0,7,8.0,1,78,85,2,2,0,83.8,69.8,5.2,90.0,4.4,1,1,4,0,1,1,1,0,8.5
1,3,6.9,0,64,66,1,1,1,22.4,14.4,3.2,64.0,4.1,0,0,0,0,0,0,0,6,2.7
1,0,7.6,0,59,75,1,1,1,32.3,25.9,2.3,80.0,3.6,0,1,0,0,0,0,1,0,6.0
1,10,7.6,0,76,72,1,2,1,35.1,38.7,4.4,73.9,4.2,1,1,0,0,0,0,1,7,6.8
1,1,8.1,0,76,82,1,3,2,62.5,56.4,7.1,90.0,4.5,1,1,3,2,1,1,1,6,6.0
1,0,8.4,0,77,60,1,1,0,64.8,53.4,3.4,72.0,4.6,1,1,3,2,1,0,0,7,7.1
1,3,7.3,0,55,63,1,1,0,32.6,18.0,0.0,67.0,4.3,0,1,0,0,0,1,2,8,5.3
1,4,8.3,0,79,80,2,3,2,64.1,58.5,6.8,87.0,4.7,1,1,3,2,1,1,0,2,8.5
0,0,8.8,0,86,85,2,2,2,72.0,65.0,5.5,89.0,4.8,1,1,0,0,0,0,1,1,9.8
0,2,8.3,0,77,77,2,3,2,66.1,54.2,6.5,89.0,4.1,1,1,1,3,1,1,1,9,8.2
1,8,8.7,0,62,74,1,2,0,66.1,52.9,7.8,75.8,3.7,1,1,0,0,0,1,1,6,9.2
1,8,7.5,1,66,68,0,2,1,48.7,31.3,5.4,70.9,4.2,0,1,1,0,0,1,0,8,6.0
1,0,7.6,0,55,67,1,1,1,35.7,29.0,1.8,73.0,4.1,0,0,0,0,0,0,2,1,4.8
1,5,8.3,0,72,88,1,2,2,57.4,45.1,5.1,85.0,4.6,1,1,3,2,1,0,1,1,7.1
1,4,8.4,0,87,84,2,3,2,66.2,55.5,7.2,89.0,4.6,1,1,2,2,1,1,0,9,7.6
0,6,7.6,2,71,71,1,1,0,42.5,48.6,2.3,78.4,4.5,1,1,0,1,0,0,0,1,6.0
0,7,6.5,2,59,69,1,2,1,38.7,28.2,4.1,77.9,3.3,0,0,0,0,0,1,1,4,2.3
0,4,8.7,0,71,68,1,3,0,72.4,49.2,6.4,90.0,4.2,1,1,4,1,1,1,1,9,9.1
1,6,8.1,0,63,80,1,3,2,56.3,46.9,5.6,81.0,4.6,0,1,2,1,1,0,1,0,6.4
1,0,6.5,0,64,66,0,1,0,20.0,15.8,2.1,60.0,3.9,0,0,0,0,0,0,1,3,4.0
0,6,7.3,1,60,70,0,2,0,37.8,28.7,4.9,84.5,4.5,0,0,0,0,0,1,1,7,3.8
1,3,7.5,0,85,84,1,2,0,40.3,33.3,6.1,89.0,4.7,1,1,4,1,1,0,1,8,4.5
1,7,7.9,0,74,81,0,1,0,40.2,23.3,1.1,90.0,4.3,1,1,1,0,0,0,0,6,5.9
1,2,7.0,0,57,72,0,1,0,20.4,30.2,2.8,62.0,4.7,0,1,0,0,0,0,1,8,4.0
0,2,6.7,0,80,82,1,1,0,20.0,42.4,0.5,90.0,4.3,0,0,2,3,1,0,1,1,3.8
0,11,8.4,0,81,86,2,3,2,70.1,61.2,6.3,87.9,4.4,1,1,2,2,1,1,1,1,7.5
1,1,6.6,1,62,79,0,2,0,20.6,32.9,3.6,79.0,4.2,1,0,0,0,0,1,2,8,3.8
1,4,7.5,0,60,68,0,1,0,30.5,16.5,2.0,66.0,4.3,0,0,0,0,0,0,0,9,4.1
0,3,7.6,0,72,67,1,1,0,35.3,39.0,2.6,72.0,3.8,0,0,0,0,0,0,1,8,5.7
1,9,6.5,1,56,72,0,1,2,21.7,15.6,2.3,71.3,3.8,0,1,0,1,0,0,1,7,3.1
1,0,8.7,0,89,86,2,3,2,80.9,66.5,8.3,90.0,4.8,1,1,3,2,1,1,1,9,9.3
1,3,6.9,0,73,88,1,3,1,45.5,40.5,6.5,84.0,4.4,1,1,2,2,1,1,1,8,5.7
1,4,8.0,2,87,82,1,2,0,60.7,68.6,5.2,87.0,4.4,1,1,2,2,1,1,1,6,8.2
1,5,7.3,0,55,68,1,1,1,27.1,34.4,2.1,79.0,3.4,0,1,0,0,0,0,1,8,3.3
1,3,6.6,1,78,75,1,3,2,34.6,26.4,6.1,79.0,4.6,1,1,2,2,1,1,1,8,3.0
0,11,7.5,1,56,66,0,1,0,38.3,26.6,0.3,74.8,4.3,0,1,0,0,0,1,0,7,5.3
1,7,7.7,0,56,75,1,1,1,35.6,26.2,2.1,84.8,4.1,0,1,0,0,0,0,1,0,3.7
1,2,7.6,0,63,61,0,3,0,42.7,42.0,6.0,79.0,4.6,1,1,0,0,0,0,2,2,5.9
0,3,8.6,0,82,83,0,3,1,64.0,35.6,5.6,77.0,4.8,1,1,0,0,0,1,1,6,8.5
1,3,8.8,0,72,86,2,3,2,85.0,69.4,6.7,90.0,4.8,1,1,3,2,1,1,1,8,10.8
1,3,8.1,0,64,64,1,1,0,40.8,37.7,2.6,84.0,3.7,1,0,0,0,0,0,1,4,6.3
1,11,8.3,0,82,83,2,3,0,65.6,64.2,5.8,89.2,4.1,1,1,4,1,1,1,1,3,9.5
1,10,8.3,0,58,66,0,3,1,53.6,39.6,4.0,74.7,3.8,0,0,0,1,0,0,0,5,7.6
0,2,8.3,0,72,87,1,3,1,66.1,68.5,8.5,79.0,4.5,1,1,2,2,1,1,1,0,7.7
1,2,7.5,0,72,83,1,2,2,35.7,35.8,4.6,71.0,4.1,0,1,2,2,1,0,1,8,4.5
1,11,6.7,1,56,67,1,2,1,23.9,9.6,0.0,74.8,3.6,0,0,0,1,0,0,0,5,2.0
1,0,6.8,0,60,82,0,1,1,24.8,30.5,2.9,79.0,4.2,1,1,0,0,0,0,0,2,4.6
1,2,8.5,0,55,83,2,2,0,57.6,35.6,4.9,79.0,3.7,1,1,0,0,0,1,0,1,7.6
1,3,8.1,0,55,70,1,1,0,52.3,38.6,3.1,69.0,4.0,0,1,0,0,0,0,1,4,7.7
1,3,7.5,1,82,82,1,3,0,51.1,42.4,6.7,84.0,4.1,1,1,0,0,0,1,0,9,6.0
0,6,6.6,2,55,69,1,1,1,23.4,30.9,2.7,86.2,3.9,0,0,0,1,0,0,2,1,3.2
1,3,7.6,0,55,72,1,1,1,31.0,32.6,2.1,73.0,3.7,0,0,0,0,0,1,2,8,4.3
1,6,7.5,2,56,63,1,1,0,33.4,21.9,2.4,73.4,3.9,0,0,1,0,0,0,2,1,4.5
0,5,8.1,0,75,83,1,1,1,45.4,32.9,4.3,83.0,4.7,1,1,0,0,0,1,0,7,6.3
0,2,6.8,0,55,76,1,1,0,20.1,16.4,2.3,80.0,4.3,0,1,1,3,1,0,1,8,2.0
0,6,7.8,0,55,64,2,2,0,39.8,49.2,1.4,73.0,4.0,0,1,0,0,0,0,2,0,6.9
1,5,8.5,0,89,77,1,3,2,74.5,61.4,7.0,86.0,4.5,1,1,4,1,1,1,2,8,7.5
1,2,6.7,0,58,66,1,1,0,21.1,26.1,1.0,75.0,3.7,0,0,0,0,0,0,1,8,3.2
1,0,8.0,0,58,70,1,1,2,40.9,26.9,2.1,79.0,4.6,0,0,0,0,0,0,2,1,4.7
1,4,8.8,0,81,83,0,2,1,60.7,38.1,4.6,73.0,4.8,1,0,0,0,0,0,1,5,8.0
1,1,8.1,0,78,77,2,3,2,66.2,33.6,7.2,90.0,3.7,1,1,4,1,1,1,2,7,6.0
1,6,7.8,1,79,65,0,1,3,43.7,43.1,2.2,82.5,4.8,1,1,1,3,1,0,2,2,6.2
1,7,7.5,0,57,66,1,0,0,38.4,37.4,1.7,62.9,3.5,0,1,1,1,0,0,2,3,6.1
0,0,7.2,2,57,65,1,1,0,21.5,33.1,2.0,76.0,3.5,0,1,0,0,0,0,1,9,3.4
0,1,7.4,0,69,73,1,2,1,36.9,29.3,4.2,71.0,4.7,0,1,0,0,0,1,0,9,5.0
1,3,8.5,0,75,88,1,1,2,52.9,52.8,4.3,90.0,4.7,1,1,4,1,1,0,1,1,8.4
1,2,7.7,0,76,83,1,3,2,61.0,46.1,6.6,90.0,4.3,1,1,3,2,1,1,1,5,5.0
0,7,7.7,1,58,65,2,1,1,41.2,27.0,2.0,75.4,3.7,0,1,1,0,0,0,1,7,5.3
1,2,7.6,0,65,58,1,1,0,30.9,28.2,3.3,82.0,4.0,0,0,0,0,0,0,1,8,5.5
1,0,8.5,0,86,88,2,3,2,65.3,39.7,6.8,84.0,4.8,1,1,2,2,1,1,1,6,7.8
1,2,7.4,0,71,69,1,2,0,44.2,39.2,4.1,81.0,4.3,0,1,0,0,0,1,1,8,5.3
0,0,7.6,0,55,67,0,2,1,37.1,21.6,2.0,72.0,4.5,0,0,0,0,0,0,2,4,4.5
1,0,7.5,0,72,65,0,1,0,39.4,32.4,3.1,75.0,4.1,1,1,1,3,1,0,2,2,4.6
0,3,7.5,0,63,60,1,1,0,34.0,33.7,0.8,66.0,4.1,0,0,0,0,0,0,1,3,5.5
1,4,8.6,0,83,80,2,3,2,72.4,60.1,6.7,88.0,4.8,1,1,4,1,1,1,1,9,10.0
0,2,7.4,0,66,60,0,2,1,32.0,22.2,4.3,81.0,4.0,1,0,0,0,0,0,1,8,4.0
1,4,7.0,0,69,59,1,1,2,22.4,23.1,1.2,80.0,4.1,0,0,2,3,1,0,1,1,3.0
1,9,7.6,0,69,70,1,2,1,44.0,31.4,3.4,84.1,4.4,0,1,0,1,0,0,0,8,5.8
1,6,8.2,0,71,65,0,2,1,54.0,42.2,6.3,84.9,4.8,0,1,0,1,0,1,2,1,7.9
1,0,7.9,0,56,70,1,1,0,37.1,36.7,6.1,74.0,4.5,1,1,2,3,1,0,2,2,4.6
1,9,7.4,0,77,87,0,3,1,45.5,30.2,7.8,82.3,4.1,1,1,3,2,1,0,1,8,4.7
1,5,7.5,1,73,87,1,3,0,45.9,40.8,6.4,83.0,4.8,1,1,2,2,1,1,2,4,5.7
1,4,8.4,0,55,72,0,2,0,51.2,41.9,4.7,69.0,4.0,1,1,3,2,1,1,2,6,6.6
1,5,7.6,0,80,66,1,2,1,46.2,16.8,4.3,68.0,4.5,0,1,0,0,0,1,2,8,5.0
1,0,8.5,0,76,82,2,3,2,78.5,50.9,6.3,90.0,4.8,1,1,4,1,1,1,2,9,6.7
0,10,6.8,2,76,70,2,3,0,32.9,27.5,6.2,74.1,4.5,1,1,0,0,0,0,1,1,3.7
0,7,8.4,0,57,70,0,3,1,65.4,53.8,7.2,90.0,4.5,1,1,2,3,1,1,2,6,7.6
0,4,8.3,0,90,85,2,3,2,79.1,63.9,7.8,90.0,4.8,1,1,3,2,1,1,2,0,9.4
1,1,8.4,0,83,84,2,3,2,74.3,54.9,6.3,83.0,4.7,1,1,2,2,1,1,1,8,7.7
1,0,6.6,0,69,84,0,1,2,20.0,20.2,1.7,79.0,4.2,1,0,2,2,1,0,0,0,2.3
0,6,6.7,0,58,61,2,0,1,24.0,38.6,3.6,70.6,4.3,0,0,0,0,0,0,0,2,3.4
1,1,7.1,0,78,62,1,1,2,20.0,26.4,3.4,73.0,4.2,1,0,0,0,0,0,1,8,4.3
1,6,8.2,0,79,85,0,3,0,67.2,50.9,6.2,88.9,4.1,0,1,4,1,1,0,2,5,6.9
1,8,7.5,1,57,68,0,2,0,34.8,27.3,2.0,73.1,3.3,0,0,0,1,0,1,1,6,5.0
1,0,8.3,0,55,70,2,1,1,61.4,48.8,2.5,81.0,4.0,1,1,3,2,1,0,2,5,7.5
0,6,6.5,2,60,64,1,1,0,24.3,19.3,3.3,67.8,4.8,1,0,1,0,0,0,2,0,3.1
1,6,8.3,0,70,77,1,3,2,78.1,60.3,8.2,90.0,4.6,1,1,2,2,1,1,1,1,8.1
1,5,8.4,0,81,86,0,3,2,55.8,62.9,8.2,90.0,4.8,1,1,2,2,1,0,0,7,9.0
0,7,8.0,0,78,79,2,1,0,51.8,35.4,1.6,84.7,3.4,0,0,0,0,0,1,1,0,6.3
0,3,7.8,0,74,88,2,2,2,54.3,39.8,5.5,81.0,4.8,1,1,4,1,1,0,1,7,5.8
1,0,8.3,0,82,83,2,3,2,71.8,56.2,6.9,90.0,4.7,1,1,0,0,0,1,2,4,8.9
1,4,8.4,0,74,62,1,1,3,44.4,31.5,2.7,83.0,4.6,1,0,0,0,0,0,2,2,6.9
1,2,8.0,0,55,83,1,1,0,41.2,21.3,0.2,86.0,4.2,0,0,0,0,0,1,1,1,3.7
1,2,8.2,0,71,73,0,3,0,63.0,55.4,7.6,65.0,4.2,1,1,0,0,0,1,1,4,7.8
0,6,6.6,0,55,85,0,1,0,24.1,17.4,2.6,86.1,4.5,1,1,0,1,0,0,2,2,3.8
0,2,8.3,0,86,85,2,2,2,61.4,44.9,4.7,87.0,4.7,1,1,3,2,1,0,2,7,7.6
0,4,8.6,0,75,83,2,3,3,72.2,54.4,6.5,78.0,4.7,1,1,4,1,1,1,1,2,7.7
0,6,7.4,0,74,67,2,0,0,43.8,53.5,4.1,72.8,4.6,1,1,0,0,0,0,2,8,6.9
0,6,7.6,0,78,85,1,0,2,33.7,25.9,2.6,83.7,4.8,1,1,4,3,1,0,1,1,4.4
1,1,6.8,0,65,66,1,1,1,20.0,5.3,1.3,77.0,4.2,0,0,0,0,0,0,0,8,2.5
1,0,8.1,0,76,87,1,3,2,60.4,50.7,6.6,85.0,4.5,1,0,0,0,0,1,1,9,8.3
0,6,8.0,0,77,83,1,2,2,60.1,52.3,7.8,72.4,4.1,1,1,0,0,0,1,2,5,8.3
1,2,7.5,0,76,75,2,1,2,38.6,40.3,2.1,80.0,4.0,0,0,0,0,0,0,2,3,6.4
0,6,7.5,1,77,72,2,3,0,51.0,31.7,6.5,82.7,4.8,1,1,4,2,1,1,0,9,5.4
1,10,8.7,2,60,69,1,0,0,54.8,51.8,2.4,79.8,4.6,0,0,0,0,0,0,1,8,7.8
0,5,7.7,0,55,84,1,3,2,43.3,29.7,4.4,74.0,4.2,1,1,0,0,0,0,1,1,6.3
1,4,8.2,0,74,82,1,2,1,51.7,54.7,6.8,79.0,4.2,1,1,2,2,1,1,2,9,7.7
0,7,8.3,1,87,86,1,3,2,72.9,59.6,6.8,90.0,4.5,1,1,3,2,1,1,2,1,8.0
1,0,8.9,0,62,81,1,3,1,74.5,55.3,7.8,74.0,4.5,1,1,1,3,1,1,1,4,8.7
1,5,8.7,0,63,87,2,3,2,82.7,68.3,8.3,89.0,4.5,1,1,4,1,1,1,2,8,9.9
1,4,6.5,1,82,82,1,3,1,22.4,12.3,6.5,86.0,4.5,1,1,1,3,1,0,1,1,2.0
1,4,6.5,0,55,65,1,1,0,20.0,17.9,0.8,86.0,3.9,0,1,0,0,0,0,2,4,2.1
1,9,6.9,1,84,79,0,2,2,41.8,48.2,6.0,81.7,4.8,1,1,1,3,1,0,2,7,4.6
1,10,7.7,0,74,82,2,2,1,52.6,48.6,5.8,84.9,4.4,0,1,0,0,0,1,0,8,6.7
1,2,7.6,0,55,65,1,1,0,37.6,32.6,3.5,65.0,4.1,1,0,0,0,0,1,2,6,4.9
0,4,8.5,0,77,88,2,3,2,73.8,59.2,6.2,90.0,4.8,1,1,3,1,1,1,1,4,7.8
1,4,7.4,0,56,62,1,1,1,32.9,23.7,3.2,66.0,4.2,0,1,0,0,0,1,2,5,3.5
1,2,6.7,0,58,68,0,2,0,20.0,12.8,2.6,66.0,3.9,0,0,0,0,0,1,0,9,3.0
0,9,6.7,1,65,68,1,0,1,20.0,24.6,2.0,77.6,4.3,0,0,0,1,0,0,2,1,3.5
1,2,8.3,0,74,68,1,1,0,51.1,37.1,3.2,73.0,3.6,0,1,0,0,0,1,1,6,6.4
0,9,8.5,0,84,78,0,1,0,46.1,28.6,2.4,89.4,4.6,1,1,2,1,1,1,0,6,6.5
0,3,8.0,0,75,70,1,2,0,52.0,38.7,4.9,90.0,4.3,1,1,0,0,0,1,2,8,6.8
1,0,8.6,0,79,88,1,3,2,64.5,55.9,9.2,88.0,4.8,1,1,1,3,1,1,1,1,8.5
1,11,7.6,0,56,68,0,1,0,26.6,20.3,2.4,84.9,4.1,0,1,4,1,1,1,0,0,3.4
1,5,7.6,0,62,67,1,1,0,38.4,35.9,2.3,81.0,4.5,0,0,0,0,0,1,2,8,5.3
0,0,6.6,0,57,72,1,3,0,30.3,46.1,7.3,62.0,3.8,1,1,0,0,0,1,1,5,3.1
1,5,6.5,0,55,67,1,2,0,20.0,37.4,5.3,86.0,3.9,0,0,0,0,0,0,1,9,3.4
0,5,8.1,0,74,84,2,3,1,64.5,59.1,7.4,88.0,4.2,1,1,2,2,1,0,2,9,9.5
0,3,8.2,0,78,69,1,2,0,54.5,48.9,5.7,79.0,4.8,1,1,0,0,0,0,1,8,7.4
0,7,8.5,0,79,67,2,3,3,75.9,61.2,6.6,87.9,4.7,1,1,1,1,1,1,0,7,9.3
0,2,7.5,0,59,66,1,1,1,41.7,29.5,1.9,69.0,3.9,0,1,0,0,0,0,1,3,5.1
1,3,8.2,0,77,88,2,3,2,63.9,60.4,6.8,90.0,4.8,1,1,3,2,1,0,2,1,6.5
1,3,7.6,0,70,85,1,3,1,52.5,31.2,7.0,79.0,3.9,1,1,3,1,1,1,1,0,4.6
0,7,7.2,0,55,69,1,1,1,25.7,30.3,4.5,73.4,3.2,0,0,0,0,0,0,1,0,5.3
1,6,8.2,0,71,81,1,3,2,68.1,67.7,8.2,90.0,4.4,1,1,4,2,1,1,1,1,8.8
1,5,8.3,0,55,66,1,1,2,51.4,42.5,4.1,74.0,4.1,1,1,0,0,0,1,0,8,7.6
0,6,8.4,0,72,74,0,2,0,45.5,35.9,4.8,81.5,4.5,0,0,0,0,0,1,1,2,6.6
1,0,7.6,0,72,67,0,2,1,46.0,39.1,3.4,75.0,4.7,0,1,0,0,0,1,2,9,5.6
0,7,7.9,0,59,63,1,3,1,51.5,37.5,4.1,68.5,4.5,0,1,0,0,0,0,1,0,6.2
1,2,7.7,0,83,84,2,3,1,58.7,51.2,6.9,85.0,4.2,1,0,3,2,1,1,1,1,7.0
1,4,6.7,0,55,68,1,1,0,20.0,24.1,0.6,85.0,4.4,0,1,0,0,0,0,2,0,2.1
1,1,8.7,0,70,84,1,3,0,76.3,76.3,6.1,89.0,4.5,1,1,3,1,1,0,1,6,10.3
1,3,7.2,1,65,87,2,2,2,30.8,18.1,5.2,87.0,4.7,1,1,3,2,1,0,2,1,3.0
0,6,6.5,0,56,65,1,2,2,31.9,34.7,7.0,80.9,4.2,1,1,0,1,0,1,2,5,3.4
1,10,8.6,0,57,67,0,0,0,45.3,41.0,1.2,86.5,4.3,1,1,1,3,1,0,1,9,5.6
1,10,7.7,0,73,67,1,1,0,32.3,27.0,0.9,64.0,4.0,0,0,0,0,0,0,1,8,4.9
1,6,6.6,1,61,69,1,1,0,28.6,31.6,3.8,80.4,3.9,0,1,0,0,0,0,0,9,4.1
0,11,7.7,1,68,87,1,2,0,63.5,30.9,5.9,84.3,4.8,1,0,4,2,1,0,1,6,5.8
1,2,7.5,2,69,69,0,1,0,32.9,16.8,1.2,64.0,4.3,0,0,0,0,0,0,0,8,4.9
1,0,7.5,0,65,86,1,3,2,51.1,56.5,8.0,72.0,4.5,1,1,0,0,0,1,1,8,6.8
1,2,8.3,0,80,83,2,2,2,62.1,61.0,3.9,90.0,4.6,1,1,3,2,1,0,1,2,7.3
1,0,7.2,0,74,72,1,1,1,23.1,31.9,2.1,67.0,4.3,0,0,0,0,0,0,2,1,2.7
1,4,7.4,1,55,85,1,2,1,41.0,25.3,5.0,75.0,4.3,0,1,0,0,0,1,1,4,3.8
1,2,7.4,0,68,74,0,1,0,26.7,20.9,1.4,72.0,3.7,1,0,0,0,0,0,1,2,3.8
0,1,7.4,0,61,70,0,2,1,34.8,29.2,4.4,65.0,4.4,0,0,0,0,0,1,0,8,5.7
0,4,7.4,2,58,69,1,1,0,35.3,27.7,0.1,80.0,4.3,0,1,3,2,1,0,1,4,4.2
0,2,8.1,0,55,70,1,1,2,53.4,27.9,1.6,68.0,3.2,0,1,0,0,0,0,2,7,6.4
0,4,8.0,0,75,81,2,3,1,63.3,54.4,5.5,87.0,4.2,1,1,4,1,1,1,2,8,7.7
1,2,7.8,0,81,82,0,3,2,50.2,50.7,7.6,90.0,4.7,1,1,2,2,1,1,1,6,6.8
1,4,8.1,0,84,62,0,2,0,42.8,45.0,4.2,77.0,3.8,1,1,0,0,0,0,1,9,7.0
0,3,7.2,0,58,68,1,2,1,37.1,29.1,3.6,80.0,4.1,0,1,0,0,0,1,1,8,4.7
0,6,8.3,0,63,87,1,2,1,72.1,67.0,8.1,90.0,4.7,1,1,2,2,1,1,2,1,7.4
0,11,8.2,0,79,71,1,1,3,50.0,38.3,1.4,85.4,3.4,0,1,0,1,0,0,1,4,6.3
1,0,7.6,0,86,81,1,1,2,35.6,43.1,2.4,81.0,4.2,1,1,0,0,0,0,2,2,5.1
1,11,7.9,2,81,80,1,1,0,54.4,43.2,3.9,85.1,4.8,0,0,2,2,1,0,1,2,5.5
1,1,7.3,0,57,67,0,1,1,20.0,20.3,1.3,71.0,4.6,0,0,0,0,0,0,1,8,4.5
0,3,7.7,0,62,65,0,1,1,38.3,19.4,2.3,74.0,4.0,0,1,0,0,0,0,1,8,5.0
0,7,8.6,0,65,66,1,2,1,70.7,58.4,3.7,80.2,3.5,0,1,0,1,0,0,0,9,9.4
0,0,8.5,0,72,74,0,2,0,42.7,31.0,4.4,79.0,4.5,0,0,0,0,0,0,1,5,5.6
1,11,8.4,0,73,84,1,3,2,65.8,60.3,8.0,90.0,4.8,1,1,0,0,0,1,1,5,9.2
1,6,6.5,0,66,83,1,3,1,36.2,30.7,7.7,69.0,4.1,1,1,0,0,0,0,0,4,3.4
1,4,7.5,0,71,88,1,3,2,37.3,38.2,6.6,86.0,4.8,1,1,2,2,1,0,2,1,3.9
1,0,6.5,1,55,66,2,1,2,20.0,26.6,1.3,79.0,4.4,0,0,0,0,0,0,0,4,2.1
1,3,7.7,1,59,62,1,1,2,44.6,14.1,1.6,76.0,4.0,0,1,4,1,1,0,2,8,3.3
0,10,8.0,1,60,73,0,1,2,37.3,30.7,3.6,76.0,4.3,1,1,0,0,0,0,1,8,5.6
1,2,8.1,0,80,86,2,3,2,62.0,36.1,7.8,90.0,4.8,1,1,1,3,1,1,1,5,7.2
1,3,8.2,0,85,85,2,3,2,68.5,64.9,5.6,90.0,4.6,1,1,4,1,1,1,0,8,9.0
0,6,7.8,0,74,73,2,3,2,51.6,35.4,6.7,88.6,4.3,1,1,1,2,1,1,2,5,4.1
1,4,7.4,0,61,70,1,1,0,24.8,17.7,2.8,64.0,4.2,1,1,0,0,0,1,2,1,3.0
0,2,8.0,0,73,87,2,3,0,61.9,40.8,6.1,90.0,4.7,0,1,3,1,1,1,1,7,7.7
1,0,6.6,1,59,87,1,3,1,29.6,41.2,8.1,82.0,4.6,0,1,0,0,0,0,1,0,3.7
1,4,6.5,2,55,73,1,1,1,20.0,16.0,4.0,68.0,3.9,0,1,0,0,0,1,0,5,2.0
0,6,8.1,0,70,60,0,1,0,56.9,41.6,5.1,90.0,4.5,0,0,0,0,0,1,2,2,7.1
0,4,7.9,0,77,80,2,3,2,63.9,61.7,6.1,83.0,4.7,1,0,3,2,1,0,2,3,7.9
1,3,6.7,0,78,85,2,3,0,41.2,33.9,5.5,76.0,4.2,0,1,0,0,0,0,1,1,5.0
1,10,8.5,0,57,67,1,2,0,43.5,42.4,1.2,85.6,4.3,1,1,0,3,1,1,2,7,6.3
0,5,8.0,1,71,86,1,3,2,52.8,48.6,5.2,85.0,4.6,1,1,4,1,1,1,1,8,5.1
1,9,7.5,0,55,67,0,2,1,34.1,34.6,2.2,85.7,3.8,0,0,0,0,0,0,1,3,5.1
0,0,7.6,0,80,69,0,3,2,57.7,44.5,7.7,90.0,4.7,1,1,3,2,1,1,1,0,6.5
0,6,7.7,0,81,63,0,1,2,41.7,43.3,3.0,90.0,4.4,0,1,0,0,0,0,0,4,5.6
1,2,8.2,0,65,66,2,3,2,63.0,47.1,5.9,87.0,4.8,0,1,3,1,1,1,0,7,6.6
1,5,7.3,0,57,69,1,1,0,28.6,18.0,3.2,74.0,4.3,0,0,0,0,0,1,2,8,3.9
0,5,7.6,0,55,76,1,2,0,38.8,38.1,4.8,66.0,4.5,0,1,0,0,0,0,2,8,5.0
1,4,7.7,0,77,72,1,2,2,47.5,44.4,2.1,88.0,4.6,1,1,2,2,1,1,1,5,6.2
1,5,7.6,0,83,86,1,2,0,44.2,40.1,4.4,88.0,4.7,0,1,1,3,1,0,0,2,5.6
1,0,7.8,1,75,81,0,3,2,50.4,27.7,8.2,85.0,4.6,1,1,0,0,0,1,0,0,5.9
1,4,8.1,0,56,62,1,1,0,42.0,39.4,1.5,69.0,3.8,0,0,0,0,0,1,1,7,8.5
1,3,6.7,1,64,59,1,1,0,21.9,18.6,1.6,75.0,4.1,0,0,0,0,0,0,1,4,2.7
1,2,7.3,0,77,80,1,3,0,44.0,32.5,7.7,82.0,4.4,1,0,0,0,0,0,0,0,5.8
1,7,6.6,1,72,85,1,1,2,23.2,4.6,3.4,82.0,4.2,1,1,1,0,0,1,0,6,2.0
1,9,8.3,1,84,62,2,1,1,45.0,31.3,0.0,76.0,3.5,0,1,3,3,1,0,2,8,6.2
1,2,8.1,0,57,79,0,2,2,51.0,47.5,3.8,86.0,4.6,1,1,0,0,0,1,0,5,7.2
1,0,7.5,0,58,65,1,1,1,29.5,40.4,1.7,66.0,4.0,0,0,0,0,0,0,1,0,5.7
1,7,7.6,0,59,75,2,2,1,35.0,26.1,1.7,82.6,3.6,0,1,0,0,0,0,2,4,6.5
0,8,8.2,1,82,80,1,3,2,61.3,55.4,6.1,89.5,4.4,1,0,0,1,0,0,0,8,8.2
1,0,8.5,0,66,85,1,2,3,57.4,65.4,3.2,77.0,4.8,1,1,0,0,0,0,1,1,7.7
0,2,8.3,0,55,70,2,3,2,69.7,57.2,5.8,77.0,4.0,1,1,0,0,0,1,0,8,8.5
0,0,7.9,0,76,70,1,3,2,57.2,57.7,7.2,90.0,4.8,1,1,2,3,1,1,1,9,7.2
1,5,8.7,0,76,78,2,3,0,70.1,36.5,7.5,90.0,4.8,1,0,3,2,1,1,2,8,7.7
0,4,8.2,0,77,88,1,3,2,58.1,50.3,6.0,87.0,4.6,1,1,3,2,1,0,2,0,6.6
0,3,7.4,0,56,69,1,1,0,27.6,46.0,2.4,77.0,4.3,0,1,0,0,0,0,0,6,5.9
1,7,8.4,2,77,84,0,3,1,65.8,57.5,6.4,84.2,4.8,1,0,3,3,1,1,0,6,7.5
1,2,7.4,0,79,81,1,3,2,46.9,40.5,7.3,74.0,4.1,1,1,3,1,1,0,1,5,5.5
0,0,6.9,1,65,82,1,1,0,23.4,30.3,2.9,70.0,4.6,1,1,1,3,1,1,2,5,3.4
1,3,6.7,0,62,63,0,1,0,20.0,17.5,2.9,63.0,3.8,0,0,0,0,0,0,2,8,2.3
1,6,7.5,0,60,71,2,1,0,38.8,43.6,5.6,63.7,4.4,0,0,1,1,0,0,1,2,5.2
1,3,8.1,0,85,82,1,3,2,61.2,44.9,5.8,90.0,4.8,1,1,2,3,1,0,0,8,5.9
1,2,8.2,0,80,86,2,2,2,54.6,35.5,5.9,88.0,4.2,1,1,0,0,0,1,2,9,7.6
1,5,7.5,0,81,83,0,3,1,37.6,26.3,6.3,76.0,4.4,1,1,3,2,1,0,2,9,4.6
1,3,8.5,0,80,79,2,3,2,74.9,50.1,7.5,90.0,4.8,1,1,4,1,1,1,1,9,8.2
1,0,7.6,0,82,84,1,3,1,43.1,30.9,5.2,81.0,3.9,1,1,3,2,1,1,1,0,4.1
1,0,6.8,0,81,79,2,3,2,35.4,21.6,8.2,90.0,4.3,1,1,0,0,0,0,1,4,3.1
1,9,8.4,0,55,66,1,2,1,54.4,62.0,5.3,84.5,4.8,1,1,3,3,1,0,1,8,7.2
0,3,8.2,0,81,84,2,3,2,75.6,56.7,7.6,90.0,4.8,1,1,2,2,1,1,1,2,7.6
0,4,8.3,0,73,77,1,2,0,48.3,39.8,4.1,85.0,4.6,1,1,0,0,0,0,0,7,7.1
1,2,6.5,1,67,81,0,1,1,20.0,10.5,2.5,75.0,4.5,1,1,0,0,0,1,1,2,2.0
1,0,8.3,0,75,69,1,1,0,48.7,38.0,2.5,81.0,4.7,0,0,0,0,0,1,1,2,6.0
1,2,8.6,0,79,78,2,3,2,81.6,69.2,7.8,89.0,4.8,1,0,2,2,1,1,1,6,9.0
0,4,6.6,1,82,80,1,3,2,23.6,13.8,7.9,90.0,4.3,1,1,3,2,1,1,1,1,2.0
0,11,6.8,1,67,65,1,1,0,23.4,27.5,1.7,75.8,4.3,0,0,0,0,0,0,0,8,3.4
0,0,7.4,0,55,63,1,0,1,34.0,25.3,0.0,67.0,3.6,0,0,0,0,0,0,1,5,3.5
1,3,7.7,0,76,83,1,2,1,35.7,33.7,5.5,85.0,4.6,1,1,2,3,1,0,2,9,5.1
1,11,8.6,0,81,71,0,2,3,61.6,52.1,6.9,80.2,3.9,1,1,3,3,1,1,1,8,7.5
1,4,8.2,0,55,66,0,1,0,44.2,32.4,3.2,73.0,4.8,1,1,1,3,1,0,2,9,7.1
1,8,6.5,0,67,69,0,1,0,20.0,16.4,5.0,84.1,4.8,0,0,1,0,0,0,2,8,2.0
0,10,8.5,0,65,69,0,3,2,62.1,50.3,6.8,67.1,3.7,1,1,1,0,0,0,2,4,7.8
1,6,8.3,0,79,82,0,2,2,68.2,63.7,6.7,90.0,4.8,1,1,3,1,1,1,1,9,7.2
0,3,7.6,0,57,62,1,2,0,56.0,36.9,2.9,66.0,3.5,0,1,0,0,0,1,0,4,5.2
1,10,8.7,1,76,85,2,2,2,78.4,70.3,6.6,87.7,4.8,1,1,2,2,1,0,2,9,9.4
1,7,6.5,0,77,73,1,2,1,28.7,28.7,4.6,87.3,4.7,1,1,1,0,0,0,1,6,2.6
1,10,7.9,1,55,64,2,3,1,52.5,63.5,6.5,76.6,3.6,0,1,0,0,0,1,2,8,8.0
1,0,8.1,0,70,84,1,3,0,67.3,65.9,6.4,77.0,4.1,0,1,0,0,0,1,1,7,8.5
1,1,6.5,0,74,84,0,2,1,20.0,8.2,5.4,84.0,4.8,0,1,3,2,1,0,1,8,2.6
0,6,8.2,0,64,85,0,3,1,65.7,49.9,7.1,90.0,4.7,1,1,0,0,0,1,0,2,7.4
1,2,7.9,0,77,69,2,3,2,61.4,49.3,6.2,80.0,4.6,1,0,0,0,0,0,1,8,7.9
0,1,6.5,0,59,69,0,3,0,28.5,28.0,5.6,81.0,3.8,0,1,0,0,0,0,1,7,3.3
0,0,7.4,0,78,72,1,3,2,47.5,43.0,6.3,87.0,4.4,0,1,0,0,0,1,2,0,4.8
1,10,7.8,0,78,60,0,1,3,38.0,34.0,2.0,77.9,4.2,0,0,0,0,0,0,2,8,4.3
1,0,8.2,0,84,82,2,3,2,68.1,64.3,8.3,90.0,4.8,1,1,4,1,1,1,1,9,8.2
0,5,6.5,1,55,65,1,1,0,20.0,18.8,4.0,76.0,4.5,1,1,2,3,1,0,1,2,2.8
1,6,7.7,1,76,58,2,3,1,59.3,66.8,8.5,88.4,4.1,1,1,0,0,0,1,0,2,8.5
1,2,7.6,0,80,83,2,3,2,63.5,49.3,7.8,89.0,4.7,1,1,2,2,1,1,1,7,6.0
1,11,8.1,1,55,70,1,2,0,41.5,43.3,0.8,81.1,4.7,0,1,0,0,0,0,2,4,5.7
1,0,8.4,0,88,80,2,3,2,69.4,58.3,9.2,90.0,4.7,1,1,2,2,1,1,2,0,7.4
0,2,7.4,0,80,75,1,1,1,27.1,35.1,2.1,60.0,4.3,1,1,0,0,0,0,1,0,5.1
0,6,7.7,1,55,67,0,1,1,46.4,37.2,4.4,62.5,3.8,0,1,1,1,0,1,2,4,6.8
1,7,8.8,0,80,83,0,1,1,65.0,37.2,4.2,76.1,4.8,1,0,0,0,0,1,0,5,8.7
1,10,8.5,0,56,72,2,3,2,57.2,48.5,6.4,84.9,4.8,1,1,2,1,1,1,2,9,7.8
1,6,7.7,1,80,87,2,3,2,65.8,60.4,7.8,84.0,4.8,1,1,0,1,0,1,1,1,7.5
1,0,8.0,0,55,61,1,2,0,42.8,40.9,3.3,87.0,3.6,0,1,0,0,0,0,0,5,6.8
1,5,7.6,0,61,60,1,1,1,38.4,26.1,2.7,74.0,4.3,1,1,0,0,0,0,1,7,5.5
0,7,6.6,2,56,65,0,2,0,29.7,28.5,4.6,79.9,3.8,0,1,0,0,0,0,0,6,4.2
1,10,7.5,0,78,64,2,2,0,27.1,18.4,0.6,73.4,3.7,0,0,0,0,0,1,1,4,3.8
0,9,8.7,1,73,87,2,0,3,60.2,50.1,1.6,81.6,4.2,1,1,0,1,0,0,1,8,9.4
1,0,8.0,0,85,88,0,3,2,53.8,51.0,7.8,81.0,4.5,1,1,4,1,1,1,1,8,7.7
1,0,6.9,0,55,67,1,1,1,20.0,15.8,5.2,69.0,4.1,1,1,0,0,0,0,1,5,4.1
0,4,8.3,0,79,68,0,1,0,48.5,35.2,3.1,80.0,3.9,1,1,0,0,0,0,1,3,7.5
1,9,7.6,0,59,66,0,2,0,41.7,25.8,4.9,85.7,4.2,0,1,0,0,0,0,0,8,5.0
1,8,8.1,0,61,87,0,3,2,56.3,55.2,6.1,81.6,4.8,0,1,1,2,1,1,2,8,6.5
1,1,7.4,0,62,74,1,1,0,31.6,28.0,2.3,69.0,3.9,0,0,0,0,0,0,0,9,5.6
1,6,8.3,0,66,85,2,3,3,61.0,56.3,7.4,90.0,4.8,1,1,4,2,1,1,1,2,8.8
1,11,8.3,1,71,87,2,3,1,72.6,67.0,6.5,78.3,4.4,1,0,0,1,0,0,1,9,9.8
0,10,8.7,1,74,86,0,3,2,70.4,74.1,6.0,90.0,4.8,1,1,3,1,1,0,0,8,8.8
1,9,6.9,0,56,73,0,0,0,23.6,27.2,1.4,71.0,4.1,0,1,0,0,0,0,2,0,3.7
1,6,8.0,1,76,69,1,1,2,55.1,36.7,7.6,80.6,4.2,1,0,0,0,0,1,1,0,6.2
1,6,7.7,0,56,69,0,1,0,48.0,56.3,2.3,70.9,4.0,0,0,0,0,0,1,0,4,5.2
0,3,6.5,1,55,70,1,2,1,20.7,27.1,4.5,71.0,4.3,0,1,0,0,0,0,1,6,4.3
1,10,6.8,0,59,63,0,1,0,20.0,13.4,2.4,60.0,4.3,0,0,0,0,0,0,1,8,2.0
1,9,6.8,1,55,69,1,0,1,21.5,19.4,1.7,63.0,4.6,0,0,0,0,0,0,0,8,2.0
1,0,6.5,0,58,67,1,1,0,20.0,26.0,2.8,74.0,4.6,0,0,0,0,0,0,1,0,2.9
1,9,8.3,0,60,71,1,2,1,61.6,56.2,4.7,89.7,4.3,1,1,0,3,1,1,1,8,7.9
0,3,7.4,0,55,65,0,2,1,37.7,40.8,4.1,79.0,3.6,0,1,0,0,0,0,1,0,5.7
1,6,7.4,0,64,76,1,3,0,50.1,52.5,8.2,73.3,4.4,1,0,0,1,0,1,1,2,8.1
0,4,8.3,0,65,68,1,2,1,60.7,57.4,4.3,77.0,3.5,0,1,0,0,0,1,1,7,7.7
0,1,7.8,0,90,79,2,3,2,64.3,41.6,6.0,90.0,4.8,1,1,2,2,1,0,1,7,6.9
0,0,7.7,0,73,84,1,2,0,39.4,35.8,6.0,87.0,4.0,1,1,3,2,1,1,1,1,3.9
1,11,8.3,0,55,66,0,1,1,55.0,45.0,4.0,74.3,4.1,1,1,1,0,0,0,1,1,7.1
1,4,8.0,0,55,65,0,2,0,47.0,41.9,4.9,76.0,3.8,0,1,0,0,0,0,1,1,6.4
1,0,7.8,0,55,68,1,2,2,54.2,55.1,3.5,68.0,4.4,0,0,0,0,0,1,0,0,7.0
0,2,7.3,1,63,74,1,2,1,35.3,42.0,2.1,86.0,3.4,0,1,0,0,0,0,1,6,5.5
1,3,8.1,0,71,71,1,1,2,51.1,38.7,1.3,76.0,4.0,0,1,0,0,0,1,1,5,6.8
0,2,6.5,1,56,67,2,1,0,20.0,31.5,2.1,78.0,3.1,0,0,0,0,0,0,1,9,3.3
1,7,6.8,2,72,84,2,1,0,23.4,33.2,6.2,83.5,4.2,1,1,0,0,0,0,1,6,4.7
1,11,7.7,1,72,81,2,1,0,28.8,36.2,2.5,70.8,3.9,1,1,0,0,0,0,1,8,5.9
1,0,7.6,0,55,67,1,2,0,46.8,44.9,4.4,76.0,4.0,0,1,0,0,0,0,1,0,5.1
1,11,7.9,1,83,81,0,3,1,63.1,44.2,6.1,82.0,4.7,1,1,1,1,1,1,0,9,7.2
1,4,8.6,0,77,82,2,3,1,84.0,63.4,7.2,82.0,4.5,1,1,3,2,1,1,1,4,9.0
1,0,6.5,2,76,61,1,1,2,20.0,21.6,1.8,68.0,3.5,0,0,0,0,0,0,0,0,2.6
1,0,8.0,0,84,82,0,3,2,56.3,37.4,6.4,90.0,4.8,1,1,3,2,1,0,2,0,5.8
1,10,6.7,2,78,73,2,3,1,29.3,21.2,7.3,89.0,4.4,1,1,2,3,1,1,1,7,2.6
0,0,8.5,0,72,87,1,3,2,69.6,49.5,7.5,90.0,4.3,1,1,3,1,1,1,1,4,9.5
1,0,8.3,2,83,88,2,3,2,76.0,58.3,9.2,85.0,4.8,1,0,0,0,0,1,1,0,8.2
0,2,6.7,0,60,81,0,1,0,20.0,17.8,1.4,75.0,4.2,0,0,0,0,0,0,1,5,2.4
0,3,8.3,0,75,73,1,2,2,53.6,35.0,5.2,79.0,4.6,1,1,3,2,1,1,2,3,6.8
1,6,7.6,0,78,71,2,0,2,41.3,38.7,3.4,64.1,4.8,0,1,4,2,1,1,1,7,6.1
1,4,8.1,0,68,77,1,3,0,50.9,48.0,7.2,88.0,3.8,1,1,0,0,0,0,1,0,7.2
1,0,8.1,0,78,83,2,3,2,70.3,59.4,7.0,90.0,4.8,1,1,2,2,1,0,1,2,8.9
0,7,7.5,1,57,68,0,2,1,37.9,39.8,6.1,68.6,4.2,0,0,0,0,0,1,2,1,5.4
1,2,6.8,1,64,63,0,2,0,23.7,16.0,3.1,73.0,4.3,1,1,1,3,1,0,2,0,2.1
0,2,6.5,0,55,71,0,1,0,20.0,14.5,0.5,65.0,3.5,0,1,0,0,0,0,1,0,2.5
1,10,7.6,1,58,73,2,3,3,60.3,36.5,6.7,77.4,4.8,1,1,1,3,1,0,1,9,6.2
1,11,7.8,0,70,82,1,2,2,60.8,36.0,6.4,86.3,4.5,1,1,4,1,1,1,0,7,5.8
0,2,7.3,0,55,66,1,3,0,48.7,40.8,5.6,77.0,4.5,1,1,0,0,0,0,2,5,4.8
1,7,8.7,0,70,88,1,3,3,68.6,45.7,4.9,83.1,4.1,1,1,3,2,1,1,2,4,8.3
1,0,7.8,0,58,71,0,1,1,37.6,31.5,1.8,72.0,3.9,0,0,0,0,0,1,0,5,6.8
0,3,7.1,0,69,65,1,2,0,32.0,35.0,5.3,80.0,4.3,1,1,0,0,0,0,1,4,5.5
1,10,8.7,0,82,83,2,2,2,74.8,61.2,8.3,90.0,4.8,1,1,3,1,1,1,1,8,8.9
0,2,7.1,1,55,64,0,1,0,20.0,31.1,2.1,73.0,4.1,0,1,0,0,0,0,0,2,3.6
1,2,6.6,0,55,67,1,1,0,20.0,8.8,0.0,74.0,3.6,0,0,0,0,0,0,2,8,3.3
1,0,6.5,0,59,69,0,2,0,20.0,20.6,3.7,73.0,4.1,0,0,0,0,0,0,1,0,2.0
1,6,7.8,0,74,88,2,3,2,68.7,48.3,7.5,90.0,4.8,1,1,2,1,1,1,1,6,6.0
1,11,7.3,1,55,61,0,0,0,39.6,49.1,1.3,83.7,3.7,0,0,0,0,0,1,2,0,5.6
0,4,8.3,0,67,84,1,2,1,60.8,62.0,4.9,77.0,4.2,0,1,0,0,0,1,2,5,9.2
1,6,8.3,0,71,85,2,2,0,61.7,48.5,5.5,81.6,4.3,1,1,3,0,1,1,1,2,6.8
1,7,6.5,0,67,72,2,3,0,27.4,21.4,4.2,90.0,3.9,0,1,0,1,0,1,1,3,3.4
1,0,8.2,0,85,83,2,3,2,63.0,49.7,7.7,90.0,4.8,1,1,3,1,1,1,2,4,6.5
1,10,7.9,1,78,64,0,1,2,30.1,44.4,3.7,69.8,4.8,1,1,0,1,0,1,1,7,5.5
1,0,7.9,0,77,86,2,1,0,43.4,40.5,1.6,71.0,4.7,0,1,0,0,0,0,2,5,7.1
1,6,7.9,0,66,67,1,2,1,43.3,35.0,3.0,81.1,4.6,1,0,0,0,0,0,0,4,4.8
1,11,8.5,1,60,70,2,3,2,81.7,64.6,7.0,70.6,3.9,1,1,0,0,0,0,2,8,9.7
0,2,8.3,0,79,85,0,3,2,55.7,33.5,7.5,80.0,4.7,1,1,0,0,0,0,1,9,8.0
1,2,7.6,1,57,63,1,1,1,33.8,20.4,1.4,68.0,4.0,0,0,0,0,0,0,1,9,3.0
1,11,6.5,0,64,69,1,0,0,22.0,33.3,1.7,79.9,3.8,0,1,1,0,0,0,2,5,4.7
1,11,8.2,1,77,83,2,3,0,78.9,49.9,7.3,83.1,4.5,1,1,2,1,1,1,0,2,9.5
1,4,8.2,0,83,74,1,3,2,66.0,56.9,4.8,90.0,4.6,1,1,2,2,1,1,1,9,7.2
0,7,8.3,1,77,85,1,3,3,76.6,70.1,7.8,90.0,4.6,1,1,2,3,1,1,1,7,9.0
0,2,8.0,0,81,87,2,3,2,70.4,68.5,5.7,90.0,4.8,1,1,3,1,1,1,0,5,8.1
0,9,6.7,0,71,83,1,3,2,22.9,26.1,4.2,80.6,4.5,1,1,3,3,1,0,0,8,2.5
1,8,8.2,0,71,84,2,3,2,63.0,49.9,7.3,90.0,4.8,1,1,3,1,1,1,1,4,7.1
1,0,7.7,0,55,61,1,1,1,32.8,39.9,0.6,64.0,3.7,0,1,0,0,0,0,0,4,5.9
1,8,7.1,1,61,72,1,1,0,20.4,4.2,0.7,78.6,4.6,0,0,0,0,0,0,0,2,4.0
1,3,6.5,0,72,64,1,1,0,20.0,28.6,1.9,72.0,4.2,0,1,0,0,0,0,0,8,2.1
1,5,7.4,0,61,74,1,1,0,30.1,28.4,2.0,67.0,4.2,0,1,2,3,1,0,2,1,4.2
1,0,8.2,0,60,70,1,1,0,43.9,39.2,2.2,81.0,4.3,1,1,2,2,1,0,0,3,6.2
0,7,8.8,0,72,87,2,3,3,81.3,60.3,8.4,90.0,4.5,1,1,2,3,1,0,2,7,8.3
1,11,7.4,2,77,69,1,3,0,56.7,25.2,6.6,85.1,4.8,0,1,3,3,1,1,0,8,3.4
1,2,8.1,0,85,66,1,2,2,45.8,43.5,6.4,83.0,4.4,1,1,2,3,1,0,0,6,6.2
1,3,7.8,0,73,67,0,1,1,42.2,38.1,0.5,77.0,4.8,0,1,0,0,0,0,1,8,5.0
1,4,8.6,0,79,64,2,2,0,63.4,53.4,4.4,70.0,4.1,1,1,3,2,1,1,1,7,7.6
1,6,6.6,2,57,71,2,1,2,24.7,19.1,7.6,67.5,4.6,1,0,1,0,0,1,1,2,3.0
1,2,8.0,0,77,87,1,3,2,61.8,45.4,6.9,72.0,4.4,1,1,1,3,1,1,2,4,5.9
0,3,8.1,0,71,68,0,2,1,47.0,35.9,5.3,84.0,3.8,0,0,0,0,0,1,1,8,6.2
0,4,7.6,1,68,86,1,2,2,52.3,47.3,4.4,80.0,4.5,0,1,0,0,0,1,0,5,6.6
1,8,8.3,1,63,60,0,1,0,49.1,37.3,3.2,77.5,4.5,0,1,0,0,0,1,2,8,5.1
0,2,7.8,0,79,69,1,1,0,46.2,28.9,2.9,89.0,4.7,1,1,0,0,0,0,0,1,6.2
1,0,7.6,0,58,66,0,1,0,31.3,32.0,0.0,71.0,4.0,0,1,0,0,0,0,2,5,3.9
0,4,6.7,1,55,65,0,1,1,20.0,18.9,0.4,76.0,3.9,0,1,0,0,0,0,1,0,3.5
0,5,7.0,1,64,59,0,2,1,21.0,20.0,5.1,73.0,3.9,0,0,0,0,0,0,1,8,4.5
1,0,7.5,0,82,82,0,2,1,34.9,30.6,3.9,80.0,4.7,0,1,3,1,1,1,1,3,3.7
1,8,6.7,2,55,62,1,2,0,20.0,34.9,1.5,68.2,4.2,0,1,0,0,0,0,1,8,4.5
1,8,7.0,0,62,67,1,2,0,20.1,22.6,3.1,69.3,4.5,1,0,0,0,0,1,1,8,4.7
1,0,7.5,0,55,70,1,1,1,35.3,35.6,1.1,76.0,4.0,0,1,0,0,0,0,2,3,5.6
0,0,8.2,0,85,80,2,3,2,64.0,59.2,5.8,90.0,4.8,1,1,2,2,1,0,1,6,7.7
1,8,7.6,1,55,72,1,1,2,37.9,20.9,5.4,70.7,4.5,1,0,0,0,0,0,2,1,5.1
1,9,7.5,1,74,86,0,2,2,46.3,40.3,6.9,89.5,4.8,1,1,1,1,0,1,0,9,4.2
0,4,6.5,0,74,69,0,3,0,20.3,20.1,7.4,78.0,4.2,1,1,0,0,0,1,0,9,4.5
0,4,6.8,1,72,73,0,1,2,20.0,14.7,1.6,77.0,4.6,1,0,0,0,0,0,1,2,2.5
1,4,6.5,0,56,61,1,2,0,20.0,32.8,4.8,61.0,4.0,0,0,0,0,0,0,2,4,4.0
1,3,6.5,0,81,68,2,3,2,29.2,19.0,6.7,84.0,4.5,1,0,0,0,0,0,1,8,2.0
1,9,8.1,0,62,70,1,0,1,46.4,58.3,1.2,68.9,4.8,0,0,0,1,0,0,2,7,8.5
1,2,7.6,0,57,65,1,2,0,38.7,25.9,3.3,60.0,4.1,0,1,0,0,0,0,1,7,5.2
1,2,6.5,1,74,69,2,1,1,23.4,37.7,2.5,76.0,4.8,1,0,0,0,0,0,2,2,3.4
1,0,8.5,0,71,87,2,3,2,76.2,65.1,8.6,90.0,4.8,1,1,1,3,1,1,2,7,8.4
1,10,7.3,0,58,64,0,0,1,25.9,18.7,1.5,71.6,3.2,0,0,0,0,0,0,1,2,2.6
1,6,8.1,1,81,72,2,3,0,72.3,55.6,7.3,78.9,4.8,1,1,4,2,1,1,1,2,7.0
0,6,8.1,0,70,83,1,1,0,52.2,44.5,2.8,90.0,4.7,0,1,0,0,0,0,1,1,5.9
0,0,8.1,0,72,87,2,2,2,57.4,42.5,4.7,76.0,4.3,1,1,3,2,1,0,2,2,6.9
1,6,7.9,2,58,65,0,1,1,50.6,62.3,5.0,78.4,4.1,1,1,0,0,0,1,1,1,9.5
0,5,8.3,0,76,80,0,1,0,34.0,46.5,2.6,81.0,4.4,1,0,0,0,0,0,1,8,6.8
1,4,7.7,0,73,88,1,2,1,46.1,43.8,4.5,76.0,4.7,1,1,0,0,0,0,2,1,5.3
1,5,7.5,2,78,86,2,3,1,55.8,49.6,7.4,73.0,4.3,1,1,0,0,0,0,1,7,7.2
1,2,8.3,0,63,74,1,2,0,59.9,44.5,3.9,72.0,4.2,0,0,0,0,0,0,1,0,6.2
1,11,7.9,0,69,66,1,2,3,66.8,62.1,5.9,86.6,4.5,1,1,1,1,1,1,2,5,9.1
1,9,7.6,0,64,72,0,0,1,39.9,41.5,2.2,68.3,4.3,1,1,1,0,0,0,1,8,5.5
0,4,7.6,1,55,73,1,2,0,44.2,44.7,4.2,76.0,3.8,1,1,2,2,1,1,1,6,5.9
1,4,7.1,0,72,82,1,1,2,28.0,27.0,3.1,78.0,4.6,1,1,3,2,1,0,1,2,3.0
1,0,6.5,1,55,69,1,1,0,20.0,25.2,1.6,68.0,4.0,0,1,0,0,0,0,2,2,2.8
0,5,8.2,0,73,67,1,3,2,71.8,43.2,7.0,79.0,4.0,1,1,0,0,0,1,1,8,9.0
1,7,6.5,0,56,67,1,1,0,27.1,23.5,0.6,77.3,4.2,0,0,0,0,0,0,2,7,2.0
1,3,7.8,0,57,67,1,1,0,36.0,24.3,4.0,61.0,4.1,0,0,0,0,0,0,1,8,5.5
1,6,7.6,1,56,71,1,2,2,45.7,51.0,2.4,78.7,3.9,0,1,0,1,0,1,2,7,6.7
1,8,8.2,1,76,71,2,1,1,50.8,41.5,1.7,72.1,4.0,1,1,1,0,0,1,1,6,7.4
0,1,7.7,0,65,68,1,1,0,37.8,24.4,1.0,63.0,3.9,0,0,3,2,1,0,1,8,3.8
1,8,8.8,0,71,86,0,1,1,66.6,49.8,3.6,77.2,4.5,1,1,0,0,0,0,2,8,9.3
1,2,7.0,0,55,74,1,2,0,29.2,26.0,4.9,68.0,4.0,0,1,0,0,0,1,1,8,4.0
1,6,8.5,0,77,69,1,2,2,69.9,65.6,4.7,79.4,3.9,1,1,0,0,0,1,2,9,9.1
1,2,7.5,0,55,64,1,1,3,39.8,37.8,2.4,77.0,4.4,0,1,0,0,0,0,1,8,5.5
1,9,7.9,0,67,81,2,1,3,43.5,31.4,3.0,70.2,4.0,1,1,0,3,1,1,1,7,5.9
1,2,8.2,0,83,86,2,1,2,50.2,48.1,2.3,81.0,4.0,1,1,0,0,0,0,1,8,7.9
1,5,7.7,0,75,86,1,3,0,49.3,43.4,4.9,74.0,4.3,1,1,0,0,0,1,2,8,6.6
1,9,8.4,1,73,83,0,3,1,69.3,51.3,6.6,75.8,4.6,1,1,2,3,1,1,1,8,7.3
1,3,8.2,0,68,63,1,2,0,59.8,49.3,5.0,69.0,3.9,1,1,0,0,0,1,1,9,7.8
1,2,7.9,1,72,84,0,1,0,36.1,30.5,1.7,66.0,4.1,0,0,0,0,0,0,0,4,6.1
1,9,6.5,2,73,71,0,3,1,29.3,12.9,6.1,78.9,4.3,1,1,1,3,1,0,1,6,3.4
1,9,7.3,1,55,70,1,2,0,21.9,15.9,1.4,82.9,4.5,0,1,0,0,0,0,2,7,4.6
1,6,8.5,0,55,72,2,0,0,59.0,48.4,6.1,80.4,4.8,1,0,1,2,1,1,2,2,8.8
1,2,7.7,0,67,64,0,1,1,26.7,25.0,2.5,66.0,3.4,0,0,0,0,0,0,1,8,4.6
1,6,8.5,1,80,84,2,3,1,81.6,57.3,8.8,90.0,4.7,1,1,3,3,1,1,0,1,9.1
0,3,7.9,2,71,85,1,2,2,42.4,42.4,4.2,75.0,4.6,1,1,0,0,0,0,0,0,7.0
0,0,8.5,0,71,79,2,3,2,64.2,40.0,6.2,86.0,4.7,1,1,2,2,1,1,0,6,5.5
1,5,7.4,0,78,65,2,3,1,52.7,47.0,7.0,77.0,4.4,1,1,0,0,0,1,2,4,5.7
1,4,6.7,0,89,67,0,3,0,27.6,27.3,6.6,70.0,4.7,1,0,0,0,0,0,1,2,3.9
1,2,8.7,0,72,83,2,3,1,75.5,59.3,8.3,90.0,4.8,1,1,0,0,0,1,1,5,10.9
0,11,8.2,0,64,87,0,2,2,60.4,48.8,8.1,90.0,4.7,1,1,2,1,1,1,2,6,7.1
0,2,6.6,1,76,71,1,3,1,30.7,27.7,6.5,74.0,4.5,1,1,0,0,0,1,2,0,3.4
0,1,7.6,0,81,64,1,2,1,39.8,37.2,4.2,73.0,3.9,0,0,0,0,0,0,1,3,5.1
0,3,8.8,0,86,81,2,3,2,84.9,65.9,6.7,90.0,4.7,1,1,3,2,1,0,2,9,8.7
1,6,6.6,0,55,69,1,2,0,28.8,31.2,6.4,61.7,4.7,1,1,0,1,0,1,1,1,3.1
1,4,8.2,0,71,86,2,3,2,70.2,52.8,5.9,90.0,4.1,1,1,4,1,1,1,1,0,8.0
1,7,7.7,0,55,72,0,3,0,45.7,26.7,5.8,83.0,4.3,0,0,0,1,0,1,2,4,6.4
1,2,6.5,0,55,82,0,2,0,20.0,24.1,3.6,74.0,4.1,0,1,0,0,0,0,0,6,3.3
1,11,7.5,0,56,66,2,0,0,43.3,22.0,2.1,78.1,4.2,1,1,1,0,0,0,2,7,4.3
0,5,6.8,0,73,62,0,1,1,20.0,23.7,1.5,75.0,4.3,0,0,0,0,0,0,1,8,3.0
1,2,8.4,0,76,83,2,3,2,72.7,66.4,5.3,90.0,4.8,1,1,3,2,1,0,2,7,9.4
1,3,7.5,1,82,65,1,2,1,39.3,28.9,1.7,71.0,4.0,0,0,0,0,0,0,0,6,5.2
1,5,8.6,0,73,83,1,3,2,73.3,67.4,6.9,90.0,4.8,1,1,2,2,1,1,1,8,8.1
0,3,7.9,0,82,62,1,2,1,47.3,55.4,4.1,86.0,4.6,1,1,1,3,1,1,2,7,6.0
0,0,6.5,2,58,67,1,1,1,20.0,19.9,0.7,67.0,3.6,0,0,0,0,0,0,2,4,2.6
1,0,7.6,0,59,75,2,1,1,35.6,33.6,2.1,85.0,4.4,0,1,0,0,0,0,2,5,5.2
0,3,8.3,0,55,66,1,2,1,57.7,47.2,4.4,71.0,3.9,0,0,0,0,0,1,1,8,7.6
0,4,8.6,0,80,87,2,3,2,76.5,72.6,6.4,88.0,4.7,1,1,4,1,1,1,1,4,8.5
0,2,7.7,0,59,72,2,1,0,47.4,44.7,2.5,85.0,3.5,1,1,0,0,0,0,1,6,5.4
1,2,6.5,1,60,67,1,1,0,20.0,19.5,3.1,70.0,4.2,0,0,0,0,0,0,1,8,2.0
1,4,7.9,0,58,70,1,2,1,47.3,52.2,4.3,80.0,4.3,0,0,0,0,0,1,1,1,5.9
1,2,7.5,1,62,60,1,1,0,35.9,34.0,1.4,69.0,3.8,0,1,0,0,0,0,2,4,5.6
0,5,8.2,0,65,87,0,3,3,57.4,45.8,8.0,90.0,4.7,1,1,3,2,1,1,1,8,5.7
0,7,6.6,2,79,86,1,1,2,21.5,22.4,1.5,89.2,4.1,1,1,0,0,0,0,0,6,2.7
1,6,6.7,0,58,63,0,3,0,34.7,26.4,7.6,84.9,4.4,0,1,0,0,0,0,2,0,3.8
1,0,7.5,0,79,74,0,1,1,23.6,27.7,3.0,71.0,4.4,1,1,0,0,0,1,2,0,3.1
1,2,8.5,0,71,81,1,1,1,53.6,53.2,4.5,84.0,4.6,0,1,0,0,0,1,1,8,6.8
1,0,7.6,0,80,85,1,2,2,49.8,39.8,5.5,76.0,4.5,1,1,2,2,1,1,2,0,4.6
0,7,8.5,1,85,82,1,2,3,65.9,56.9,6.0,90.0,4.7,1,1,4,1,1,0,2,6,7.4
0,2,8.7,0,78,80,2,3,2,73.9,64.0,6.7,79.0,4.4,1,1,2,2,1,1,1,0,9.1
1,11,8.7,0,75,85,2,3,1,82.2,55.7,5.9,90.0,4.8,1,1,2,2,1,1,2,8,9.6
1,10,7.7,0,55,82,1,1,0,39.7,46.9,3.9,81.2,4.2,1,0,0,0,0,0,2,8,6.2
0,2,8.0,0,67,86,2,3,2,62.8,63.7,5.6,90.0,4.3,0,1,2,2,1,1,2,8,6.8
0,0,7.4,2,56,69,0,1,0,29.9,18.5,0.9,78.0,4.6,0,0,0,0,0,1,0,3,3.7
1,7,8.3,0,74,84,2,3,2,76.1,73.5,6.5,90.0,4.3,1,1,1,0,0,1,1,3,9.1
1,3,8.4,0,79,62,1,3,2,57.8,54.5,4.9,75.0,4.5,1,1,0,0,0,1,2,0,8.6
1,2,7.7,0,55,62,1,2,0,46.2,44.8,5.2,70.0,3.6,0,1,0,0,0,0,1,8,8.0
1,0,7.6,0,64,63,0,2,1,34.4,14.0,5.4,77.0,4.4,1,1,2,3,1,0,0,6,3.3
0,2,8.0,0,75,83,1,3,0,56.1,44.6,5.3,83.0,4.8,0,1,0,0,0,1,0,7,6.3
0,5,7.1,0,79,78,0,1,0,20.3,19.3,2.8,90.0,4.5,1,0,0,0,0,0,2,7,3.7
1,11,8.4,1,58,65,2,3,0,76.8,58.8,7.0,79.9,4.6,1,0,1,0,0,1,1,6,9.4
0,6,8.8,1,78,86,1,3,0,71.2,65.3,7.0,90.0,4.8,1,1,3,2,1,1,2,8,10.4
0,0,8.7,0,68,81,1,3,2,62.5,55.2,6.1,90.0,4.8,1,1,4,1,1,1,1,1,7.5
0,0,6.6,1,58,72,2,2,0,31.6,14.3,6.2,85.0,3.7,1,1,3,2,1,0,2,9,2.1
1,6,8.5,0,80,87,2,3,2,78.5,54.3,6.1,90.0,4.8,1,1,2,2,1,1,0,2,7.5
1,5,6.6,1,57,68,1,1,1,20.0,12.7,2.5,77.0,3.0,0,0,0,0,0,0,2,9,2.0
1,2,6.5,0,71,72,0,2,2,20.0,24.3,2.9,88.0,4.6,0,1,0,0,0,0,2,8,2.6
0,4,6.5,0,66,60,1,1,0,20.0,9.6,1.4,77.0,4.3,0,0,0,0,0,0,1,8,2.0
1,0,8.2,0,75,68,2,2,2,57.1,46.4,4.8,82.0,4.7,1,0,2,2,1,1,1,5,7.2
1,2,7.6,1,83,68,1,1,1,37.3,36.9,1.9,76.0,4.0,0,1,0,0,0,0,2,8,5.1
1,2,8.4,0,84,80,1,3,2,65.5,52.7,4.7,90.0,4.3,1,1,2,3,1,0,2,0,7.2
1,0,7.0,2,72,84,1,3,0,40.4,43.9,7.2,84.0,4.8,1,1,2,2,1,1,1,5,4.7
1,11,8.9,0,76,78,0,3,0,74.9,81.6,7.3,89.1,4.8,1,0,3,0,1,1,1,8,9.5
1,8,8.2,0,63,88,2,3,1,69.2,57.5,7.1,85.8,4.7,1,1,1,2,1,0,2,2,7.3
1,5,7.2,0,63,80,0,1,1,27.6,26.7,3.4,75.0,4.1,0,0,0,0,0,0,2,7,5.0
1,6,7.9,1,66,81,2,3,1,67.2,57.3,7.0,85.3,4.5,1,1,2,2,1,1,1,8,8.0
0,0,8.3,0,55,83,1,1,2,47.9,38.5,0.5,82.0,4.3,1,0,0,0,0,0,1,7,6.6
0,6,6.6,2,74,82,2,1,1,25.0,15.1,6.4,84.3,4.4,1,1,0,0,0,1,0,2,3.4
0,7,8.6,0,70,82,2,3,0,82.0,46.9,6.2,82.8,4.7,1,0,2,3,1,1,2,9,8.9
0,8,6.7,0,79,81,1,0,1,20.0,40.4,2.5,73.5,4.3,1,0,2,3,1,0,2,9,3.8
0,2,7.1,0,70,88,2,3,0,52.2,25.1,4.3,79.0,4.8,1,1,3,2,1,0,1,8,5.4
0,4,8.3,0,78,86,2,3,2,63.5,42.7,7.9,89.0,4.8,1,1,2,2,1,0,1,6,6.6
1,0,8.3,0,74,86,2,1,0,48.5,47.8,3.3,86.0,4.8,1,0,0,0,0,1,0,1,9.2
1,2,8.4,0,75,88,2,3,2,63.9,52.0,7.2,89.0,4.4,1,1,2,3,1,1,0,8,7.5
1,7,7.5,0,55,67,2,1,0,36.9,26.5,2.5,81.0,4.1,0,0,0,0,0,0,2,4,5.7
1,0,8.0,0,73,82,2,3,0,57.1,57.5,6.6,86.0,4.8,1,1,2,2,1,1,2,1,6.1
1,4,7.5,0,57,75,1,2,0,39.9,40.6,5.3,68.0,4.2,1,1,0,0,0,1,1,9,5.7
1,6,7.7,1,75,69,1,2,0,59.0,49.4,6.4,81.6,4.8,0,1,1,0,0,0,0,2,6.4
0,10,8.6,1,80,77,2,1,3,49.9,49.4,5.4,85.0,4.7,1,1,2,0,1,1,0,8,6.7
0,6,8.6,1,90,88,1,3,2,83.2,65.1,8.1,90.0,4.8,1,1,3,2,1,0,2,4,9.3
1,9,7.9,0,61,63,0,2,2,35.3,28.9,0.4,86.0,4.3,0,1,1,2,1,0,1,8,5.7
1,6,6.5,0,77,73,1,2,2,31.5,22.3,5.9,79.9,4.4,1,1,0,0,0,1,1,0,2.5
1,3,7.5,0,87,85,0,3,0,46.1,47.0,7.7,81.0,4.5,1,1,1,3,1,1,2,3,6.3
0,8,7.3,1,72,69,2,3,0,30.2,28.4,7.6,79.4,3.3,0,1,0,0,0,0,1,7,4.6
1,0,6.5,0,77,73,1,2,1,26.8,17.3,5.3,78.0,4.4,1,1,0,0,0,1,2,0,3.1
1,9,8.4,0,77,82,2,3,1,72.8,48.8,6.7,84.8,4.2,1,1,0,0,0,1,0,1,9.1
1,11,7.7,0,55,65,2,1,1,42.2,32.7,2.6,72.4,4.2,0,0,0,0,0,0,1,2,5.8
0,2,8.6,0,84,79,2,3,2,71.8,56.9,5.2,90.0,4.8,1,1,3,1,1,0,2,0,7.8
1,6,7.9,0,77,87,2,0,0,45.2,44.5,2.0,72.8,4.7,0,1,1,0,0,0,2,4,6.3
0,2,7.5,0,66,65,1,1,0,41.6,37.5,2.8,82.0,3.6,0,1,0,0,0,0,2,5,6.2
0,0,8.1,0,74,62,2,3,1,65.9,51.3,6.1,82.0,4.2,0,0,0,0,0,1,1,2,8.6
1,1,7.9,0,74,82,0,2,2,52.5,43.0,4.5,85.0,4.2,1,0,0,0,0,1,0,8,6.7
0,9,7.3,1,67,73,2,2,1,37.9,48.0,4.7,77.4,4.7,0,1,0,1,0,0,1,8,5.5
1,11,8.0,0,84,81,2,3,3,71.0,46.3,7.7,90.0,4.6,1,1,3,3,1,0,0,7,6.8
1,5,7.3,0,62,74,1,1,0,35.3,41.2,4.0,65.0,4.6,1,1,0,0,0,0,0,1,4.1
0,0,8.3,0,88,87,2,3,2,70.0,61.2,5.2,90.0,4.8,1,1,2,3,1,0,1,0,7.5
1,10,8.1,0,63,68,1,3,0,66.9,60.3,6.9,81.7,3.9,1,1,0,0,0,0,0,4,9.2
1,2,8.2,0,71,84,2,2,3,58.8,45.0,3.9,84.0,3.9,0,1,0,0,0,0,0,0,6.5
0,0,8.3,0,74,86,1,2,0,53.2,38.0,5.1,73.0,4.8,1,1,0,0,0,1,0,5,7.9
1,11,7.7,0,56,62,0,0,0,39.2,31.5,2.3,68.6,3.9,0,1,1,0,0,0,1,6,6.6
1,2,7.5,1,78,81,2,3,2,52.3,31.4,7.2,85.0,4.3,1,0,0,0,0,1,2,4,6.3
1,7,7.6,0,55,65,1,2,2,31.8,30.8,0.3,83.1,3.9,0,0,0,1,0,0,2,5,5.6
1,2,6.5,1,60,60,1,2,1,20.0,25.8,3.7,79.0,4.1,0,1,0,0,0,0,0,9,3.3
0,9,7.7,0,80,86,2,3,2,60.3,54.9,5.3,85.1,4.8,1,1,1,3,1,1,1,8,7.1
1,3,7.0,0,60,61,0,1,1,20.0,26.9,1.7,63.0,3.9,0,1,0,0,0,0,2,7,3.8
1,7,7.8,0,82,80,2,1,1,47.2,34.0,1.6,89.5,4.4,1,1,0,0,0,1,0,7,7.4
1,8,7.3,0,67,73,1,2,0,35.1,24.8,3.7,76.1,4.5,0,0,0,0,0,1,2,8,4.9
1,6,7.4,0,55,70,2,1,1,47.5,43.3,6.7,75.0,4.4,0,1,0,1,0,0,0,6,5.5
0,5,7.4,0,55,66,1,1,1,37.2,25.9,1.2,69.0,3.9,0,0,0,0,0,0,1,2,5.0
0,3,7.8,0,56,72,0,1,0,44.4,14.0,3.4,73.0,4.0,0,0,0,0,0,0,0,8,5.3
0,2,8.2,0,56,61,1,1,0,46.8,34.6,1.7,79.0,4.6,1,0,0,0,0,0,2,8,6.2
0,4,8.2,0,63,77,0,1,0,48.5,28.3,3.0,81.0,4.4,1,0,3,2,1,1,1,2,5.3
1,8,7.2,0,56,76,1,0,2,20.0,9.3,3.0,78.8,4.3,0,0,1,0,0,0,0,5,4.5
0,3,7.8,0,63,63,1,2,0,54.3,51.5,4.7,70.0,4.3,0,1,0,0,0,0,1,8,7.9
1,3,7.4,0,55,64,0,2,0,33.6,26.8,2.9,71.0,3.8,0,0,0,0,0,0,1,2,6.4
1,8,6.8,1,62,69,0,2,0,20.0,34.3,0.5,82.9,4.4,0,0,0,0,0,0,2,6,4.0
0,4,7.5,0,58,67,1,1,0,33.5,26.6,2.9,74.0,3.7,1,1,3,2,1,0,1,5,4.5
1,8,6.5,0,56,62,1,0,1,20.0,14.8,1.3,64.7,3.4,0,0,0,0,0,0,0,9,2.7
1,7,7.6,1,55,65,0,1,0,37.7,36.3,2.1,79.2,4.4,0,0,0,0,0,0,1,7,4.9
1,2,7.3,0,61,64,1,2,1,30.8,8.6,4.0,83.0,4.2,0,0,0,0,0,0,0,8,4.4
0,8,7.9,0,75,61,0,3,0,34.0,28.8,7.5,82.4,4.2,1,1,2,1,1,0,2,8,4.2
1,7,8.4,0,79,87,1,3,2,78.7,51.2,5.3,90.0,4.8,1,1,2,2,1,0,2,5,9.3
1,5,6.8,0,56,67,1,2,0,31.1,42.9,4.4,80.0,4.5,1,1,3,2,1,0,0,8,3.1
1,9,7.6,0,55,64,1,3,2,55.3,45.0,6.7,75.0,4.3,1,0,0,0,0,0,1,8,6.1
0,4,8.5,0,64,83,2,1,0,65.6,72.5,6.7,86.0,4.7,1,1,0,0,0,1,1,3,9.1
1,9,6.5,0,55,63,1,0,1,21.6,4.4,1.9,63.7,4.5,0,1,0,0,0,0,0,2,3.6
0,4,8.8,0,84,86,2,3,2,78.8,71.0,7.2,90.0,4.7,1,1,3,2,1,0,1,8,8.7
1,5,6.5,0,75,80,1,1,2,20.0,5.0,3.7,90.0,4.8,1,0,0,0,0,0,1,2,2.0
1,0,6.5,0,59,65,1,1,0,20.0,31.1,0.8,86.0,3.4,0,1,0,0,0,0,1,6,2.6
1,0,8.5,0,87,85,1,3,2,72.5,65.0,7.3,90.0,4.8,1,1,1,3,1,1,1,1,9.7
0,6,8.2,0,86,85,2,3,3,78.6,69.9,5.5,90.0,4.8,1,1,3,3,1,0,1,0,8.6
1,0,7.8,1,67,66,0,3,0,53.5,39.6,8.0,81.0,4.2,1,1,0,0,0,1,1,3,7.8
1,0,7.4,0,88,66,0,2,2,34.9,30.5,5.0,82.0,4.8,1,1,2,3,1,0,1,5,3.5
1,5,7.4,0,55,65,1,1,0,26.4,17.5,0.8,78.0,3.8,0,1,0,0,0,0,2,8,2.8
1,0,8.5,0,55,84,2,2,2,66.6,71.3,5.2,89.0,4.6,1,1,3,2,1,0,1,5,9.4
1,2,6.6,0,57,84,2,2,0,32.4,31.1,4.7,80.0,4.8,1,1,0,0,0,0,1,4,3.3
0,6,8.7,0,73,79,1,3,0,73.7,68.4,8.0,84.6,4.1,1,1,4,2,1,1,1,0,8.7
1,0,8.0,0,75,68,1,2,1,51.1,32.0,5.6,83.0,4.0,1,1,2,2,1,1,1,9,5.5
1,4,6.9,0,55,66,1,1,0,20.0,15.0,1.3,75.0,3.8,1,1,0,0,0,0,1,2,4.7
0,5,6.5,0,55,61,1,2,0,20.0,29.6,3.1,71.0,4.4,0,0,0,0,0,1,1,8,4.5
1,6,6.6,0,59,69,1,0,1,22.9,31.2,2.1,72.3,4.5,0,0,0,0,0,0,0,2,4.1
0,2,7.7,0,82,85,0,3,2,52.8,37.7,5.1,89.0,4.4,1,1,2,2,1,0,1,5,7.1
1,4,6.5,0,61,61,0,2,0,20.0,19.9,4.4,74.0,3.5,0,0,0,0,0,0,0,2,2.1
1,2,8.3,0,83,83,1,3,2,68.5,62.0,6.1,90.0,4.8,1,1,2,2,1,1,1,0,9.4
1,3,8.2,0,81,82,2,3,2,70.5,46.6,6.1,90.0,4.8,1,1,1,3,1,0,1,4,6.5
1,2,7.5,0,61,66,1,1,1,32.6,21.2,1.0,66.0,4.1,0,0,0,0,0,0,1,4,5.2
1,2,7.7,0,79,84,1,1,0,29.1,23.7,4.6,80.0,4.2,1,1,2,2,1,0,2,8,5.0
1,8,7.4,1,61,74,0,3,0,45.0,37.1,8.5,75.2,4.0,1,1,1,1,0,0,2,1,5.7
1,4,7.7,2,63,65,0,1,0,32.6,29.0,1.7,69.0,4.1,0,0,0,0,0,0,2,2,5.2
1,2,6.5,0,62,63,1,1,1,20.0,14.0,2.4,81.0,4.7,0,1,0,0,0,0,2,6,2.8
1,2,8.5,0,73,85,2,3,0,71.7,61.1,6.6,85.0,4.7,1,1,0,0,0,1,0,6,8.5
1,5,7.6,0,61,66,2,2,1,50.0,41.6,3.7,71.0,4.0,1,1,0,0,0,0,1,8,7.2
0,6,7.4,0,69,70,0,2,0,32.9,35.1,6.5,77.3,3.9,0,1,1,3,1,1,1,9,3.5
1,0,6.6,2,65,66,1,1,2,20.0,17.5,4.0,72.0,4.8,0,0,0,0,0,0,0,1,2.0
0,2,7.5,0,62,83,1,2,0,45.0,38.6,4.3,83.0,4.7,0,1,2,3,1,0,2,0,3.1
1,11,8.1,1,75,84,2,3,3,71.3,66.8,5.9,89.9,4.6,1,0,3,1,1,1,2,4,8.3
1,0,8.7,0,77,77,2,2,1,73.3,63.7,4.9,72.0,4.6,1,1,0,0,0,0,1,1,10.7
1,4,7.7,1,55,70,1,1,2,40.1,30.9,2.0,82.0,4.4,0,0,0,0,0,0,2,3,6.5
1,0,8.5,0,73,86,1,2,1,59.1,46.8,4.5,85.0,4.1,1,1,2,2,1,1,2,7,7.5
0,4,7.4,1,77,83,1,1,1,34.3,15.5,2.5,72.0,4.6,1,1,0,0,0,1,1,7,4.2
1,2,6.5,0,59,68,1,2,0,23.7,20.1,3.7,80.0,4.4,0,1,0,0,0,0,0,8,2.5
1,6,8.1,1,73,82,2,3,1,60.7,40.0,6.3,90.0,4.8,1,1,2,2,1,1,2,9,7.2
1,0,8.4,0,72,73,1,3,0,68.3,48.3,6.8,73.0,4.7,1,1,0,0,0,0,1,0,7.3
1,4,7.5,1,55,74,1,1,1,24.9,11.9,1.6,75.0,4.0,0,0,0,0,0,0,1,1,3.7
1,2,8.2,0,82,72,1,3,0,68.4,40.2,6.2,90.0,4.8,1,1,3,2,1,1,0,4,8.1
0,11,7.4,1,63,65,1,1,0,28.0,25.9,1.7,60.0,3.7,0,0,1,0,0,0,2,2,3.9
1,0,7.6,0,55,73,0,1,0,29.5,19.0,1.4,71.0,3.7,0,1,0,0,0,0,2,5,3.4
1,2,7.7,0,59,58,1,1,1,32.5,29.0,3.3,60.0,3.6,0,0,0,0,0,0,1,5,3.6
1,8,8.2,0,56,65,1,1,1,41.5,39.8,2.4,90.0,4.0,0,1,0,0,0,0,2,9,6.0
0,6,7.6,0,77,82,1,2,3,38.6,23.9,5.8,87.9,4.8,1,1,2,3,1,1,1,1,3.9
1,3,7.8,2,70,77,1,2,1,48.5,37.1,4.4,67.0,4.4,1,1,0,0,0,0,2,8,7.9
0,7,7.0,0,60,63,2,1,1,22.3,18.5,1.1,71.1,4.7,1,1,0,1,0,0,1,4,2.1
0,0,8.6,0,76,66,1,2,1,50.7,56.1,5.0,73.0,4.7,1,1,0,0,0,1,2,0,7.1
1,5,8.2,0,58,62,1,1,1,44.3,30.8,3.7,69.0,4.2,0,0,0,0,0,1,2,8,5.8
0,10,8.4,0,62,81,2,3,2,65.0,51.9,8.6,87.9,4.8,1,1,1,2,1,1,2,7,7.8
0,0,6.5,0,55,66,0,1,1,20.0,24.9,2.6,79.0,3.9,0,0,0,0,0,1,1,2,3.3
1,10,8.2,0,90,85,0,3,0,56.8,50.1,7.0,86.0,3.7,1,1,1,1,1,0,2,0,7.3
1,0,8.2,0,71,80,2,3,2,60.5,48.5,6.7,90.0,4.8,1,1,3,2,1,1,1,4,7.1
1,4,8.2,0,65,85,1,3,2,67.0,54.0,5.4,87.0,4.6,1,1,2,2,1,0,0,5,7.2
1,6,8.3,0,75,71,1,2,0,57.1,40.8,5.3,90.0,4.5,1,1,1,0,0,1,1,5,8.5
1,4,7.6,0,71,64,0,1,0,28.3,22.5,2.1,78.0,4.3,0,1,0,0,0,0,1,1,5.6
1,3,7.9,0,90,86,1,3,2,52.9,44.7,7.3,83.0,4.7,1,1,3,2,1,1,1,6,5.7
1,2,7.8,0,80,86,2,3,2,61.2,61.4,6.9,90.0,4.7,1,1,3,1,1,0,1,4,7.9
1,6,8.0,0,81,83,1,3,1,65.2,53.8,8.1,90.0,4.8,1,1,2,1,1,0,0,6,6.2
1,4,8.4,0,86,85,0,3,2,60.0,62.3,7.4,80.0,4.8,1,1,2,2,1,1,0,0,8.1
1,2,7.4,1,55,70,1,2,1,45.0,28.0,5.5,82.0,3.9,0,1,0,0,0,0,2,4,3.9
1,9,7.6,0,72,86,0,2,0,41.7,34.5,4.4,83.8,4.4,1,1,1,2,1,1,1,0,3.5
0,6,8.5,1,86,83,1,2,0,82.7,68.0,7.7,85.2,4.6,1,1,1,2,1,1,1,8,9.8
0,2,7.9,1,78,85,1,3,0,58.3,51.6,7.5,78.0,4.6,1,1,2,3,1,1,1,7,5.6
0,7,8.2,0,55,82,0,1,0,48.2,34.1,0.4,67.1,3.9,0,1,0,1,0,1,0,6,6.9
0,5,7.6,0,60,69,1,0,0,20.0,26.1,0.0,84.0,4.8,1,1,3,2,1,0,1,7,2.8
1,5,7.1,0,58,64,1,1,1,27.9,19.0,1.8,72.0,3.2,0,0,0,0,0,1,1,8,3.9
1,3,8.4,0,82,85,2,3,3,71.0,54.6,5.7,82.0,4.5,1,0,2,3,1,1,2,5,9.6
1,11,8.5,0,78,88,1,2,1,79.1,47.7,8.3,89.9,4.8,1,1,3,2,1,1,2,0,7.8
0,4,7.6,0,79,83,1,3,3,49.7,44.3,7.2,82.0,4.8,1,0,0,0,0,0,1,9,6.8
0,2,8.6,0,73,85,2,3,3,82.2,68.9,5.1,87.0,4.8,0,1,4,1,1,1,0,7,8.2
1,0,8.6,0,78,84,0,3,2,69.6,65.9,8.1,75.0,4.0,1,1,3,2,1,0,1,5,8.4
0,9,6.6,1,58,65,1,2,0,20.7,22.3,2.2,76.5,4.4,0,1,0,1,0,1,1,8,2.0
1,4,8.3,0,80,68,1,1,0,43.5,24.1,3.3,81.0,4.5,1,0,3,2,1,0,1,6,6.8
0,1,7.4,0,67,73,0,2,0,30.9,32.4,4.5,80.0,4.2,0,1,0,0,0,0,1,8,4.2
0,0,8.2,0,60,87,1,1,0,40.2,31.6,3.4,75.0,4.5,0,0,0,0,0,1,1,0,5.7
1,4,8.7,0,90,80,2,3,2,80.2,73.5,9.1,90.0,4.8,1,1,3,1,1,1,1,9,9.4
1,6,8.1,0,57,68,1,1,1,51.4,51.8,4.2,73.4,4.7,1,1,0,1,0,0,2,0,8.8
1,0,8.3,1,69,86,0,3,1,68.2,60.2,7.7,88.0,4.2,1,1,3,1,1,1,1,6,7.6
1,2,8.1,0,71,83,2,3,0,65.9,60.1,8.1,85.0,4.2,1,1,0,0,0,1,1,7,8.5
0,2,8.2,0,75,85,1,3,2,62.6,48.5,7.2,90.0,4.5,1,1,3,2,1,0,2,0,6.7
0,5,8.8,0,75,84,1,3,2,71.2,55.2,5.4,88.0,4.7,1,1,3,2,1,1,1,0,8.0
1,4,7.8,0,86,81,2,3,2,61.7,50.2,5.4,82.0,4.6,0,1,2,2,1,1,0,2,6.7
0,0,7.6,0,55,66,1,1,0,34.1,36.6,2.2,69.0,4.2,0,1,0,0,0,1,0,7,5.0
1,3,6.5,1,58,66,1,1,1,20.0,22.5,0.7,75.0,3.9,0,0,0,0,0,0,2,6,2.8
1,4,6.6,1,55,86,1,3,3,33.0,26.4,7.0,65.0,4.2,1,1,1,3,1,1,1,5,2.4
1,0,7.3,0,55,86,1,3,0,46.3,45.8,4.1,87.0,4.3,0,1,2,3,1,0,1,5,5.6
1,0,8.3,0,59,63,1,3,2,67.4,42.0,6.8,82.0,4.7,0,0,3,2,1,1,0,9,6.8
1,11,8.5,0,80,81,1,3,0,74.0,61.7,6.9,85.2,4.8,1,1,2,1,1,1,0,3,9.4
1,4,7.8,0,85,86,0,2,2,47.4,50.6,3.9,87.0,4.6,1,1,3,1,1,0,1,5,5.4
1,3,8.9,0,61,83,2,3,1,80.5,69.7,7.6,90.0,4.3,1,1,3,2,1,1,1,8,10.1
1,1,7.4,0,66,69,1,2,1,39.7,27.9,3.6,76.0,4.7,0,1,0,0,0,0,1,2,5.3
1,5,7.4,1,60,74,1,3,1,43.2,43.1,7.1,68.0,3.4,1,1,0,0,0,0,1,6,6.9
1,6,7.5,0,72,82,0,3,2,43.7,39.5,6.1,85.9,4.8,0,1,0,0,0,1,2,9,7.1
1,8,9.1,1,74,82,2,3,3,84.2,50.7,8.0,90.0,4.8,1,1,4,0,1,1,1,6,9.8
0,3,7.6,0,57,62,1,1,0,38.4,47.3,0.0,79.0,3.9,0,0,0,0,0,0,1,3,5.4
0,10,9.1,0,72,87,2,2,0,68.1,66.3,5.2,89.8,4.8,1,1,2,2,1,0,1,8,7.8
1,0,7.0,1,59,64,0,3,0,34.1,27.4,6.1,80.0,3.9,0,1,2,3,1,0,1,7,3.4
1,4,8.0,0,84,75,1,2,1,58.2,46.5,4.3,73.0,4.4,1,1,2,2,1,0,1,4,5.9
1,8,6.5,0,78,71,1,2,0,20.0,12.5,4.2,72.6,3.9,0,1,0,1,0,0,0,8,2.1
1,2,6.8,0,84,85,0,3,2,29.4,30.0,5.5,75.0,4.4,1,1,0,0,0,0,2,9,4.3
0,4,7.4,0,81,62,1,2,1,28.2,36.7,3.9,84.0,4.4,0,1,0,0,0,0,1,0,3.8
1,4,8.5,1,58,76,0,3,2,59.7,51.1,6.7,87.0,4.7,1,1,2,2,1,0,1,0,8.3
1,10,6.9,2,59,66,1,2,1,24.2,18.2,4.4,76.5,4.8,1,1,2,1,1,0,2,8,2.6
1,6,8.2,0,81,65,0,1,2,54.6,53.9,2.3,71.3,4.6,1,1,4,2,1,1,1,7,7.6
1,7,7.8,0,85,86,0,2,3,51.7,50.7,3.5,89.5,4.6,1,1,3,1,1,0,0,4,7.8
1,0,6.5,2,67,68,0,1,1,20.0,23.0,3.0,80.0,3.7,0,1,2,2,1,0,2,5,2.0
0,4,8.5,0,80,85,1,3,2,71.3,69.6,7.1,90.0,4.8,1,1,3,1,1,1,1,1,8.5
1,8,6.7,1,56,73,0,2,1,20.0,28.3,1.6,72.6,4.5,0,1,3,3,1,0,1,1,2.0
0,2,8.3,0,87,83,1,0,0,36.2,34.8,1.2,85.0,4.3,1,1,3,2,1,0,1,8,4.7
1,5,7.6,0,58,59,1,1,0,32.3,34.2,3.7,71.0,4.1,0,1,0,0,0,0,1,2,5.7
1,7,7.6,1,55,72,1,0,1,36.2,24.6,1.7,74.0,4.3,0,1,0,0,0,0,1,6,4.5
1,3,6.5,0,62,86,0,2,0,20.0,25.7,4.0,80.0,4.6,1,1,2,3,1,0,2,0,3.2
1,10,7.1,0,82,82,1,1,0,31.3,24.3,3.9,89.4,4.6,1,0,0,1,0,0,2,8,4.8
1,2,7.2,0,67,66,1,1,3,20.0,17.0,0.9,75.0,3.5,0,0,0,0,0,0,1,8,4.2
1,11,7.4,0,61,60,1,1,2,28.9,35.9,0.8,68.3,4.4,0,1,0,0,0,0,2,8,5.7
0,3,8.1,0,83,87,1,2,1,58.1,40.7,5.7,73.0,4.2,0,1,0,0,0,1,2,0,7.9
1,5,8.5,0,63,72,1,2,1,63.1,51.5,3.7,66.0,3.9,0,1,0,0,0,0,0,8,7.6
0,2,7.4,0,73,66,1,2,0,42.5,23.7,5.0,88.0,4.6,0,1,0,0,0,0,1,1,5.9
0,2,8.4,0,61,58,0,1,0,54.5,54.4,1.8,73.0,4.4,0,0,0,0,0,1,0,8,9.5
1,3,8.6,0,64,64,1,1,2,46.5,53.1,3.0,73.0,3.8,1,0,0,0,0,1,1,7,7.9
0,0,6.9,1,78,81,2,1,2,23.9,13.6,3.1,89.0,4.7,1,1,2,2,1,1,2,4,3.6
0,3,7.5,0,74,67,0,3,0,47.0,44.3,7.9,67.0,4.1,1,1,0,0,0,1,2,4,6.7
0,4,8.2,0,85,88,2,3,2,68.1,55.1,6.7,86.0,4.7,1,1,1,3,1,0,2,5,7.5
1,7,7.3,0,57,69,1,0,1,34.6,29.0,0.7,77.7,3.2,0,0,1,0,0,1,1,7,5.7
0,9,7.3,0,56,66,2,2,0,34.6,26.6,4.7,71.9,4.3,0,1,0,0,0,1,0,8,4.4
0,4,8.2,0,90,67,2,3,2,56.2,35.9,4.7,90.0,4.5,1,1,1,3,1,0,0,6,7.1
1,2,7.6,0,58,63,1,1,1,36.9,30.7,2.9,70.0,4.4,0,0,0,0,0,0,0,8,5.0
1,7,7.6,1,70,85,2,3,1,50.6,36.6,5.4,83.0,4.8,1,1,0,0,0,1,1,0,6.7
1,5,7.9,0,83,82,1,3,2,61.9,42.4,6.2,82.0,4.7,1,1,2,2,1,1,1,2,5.2
0,11,7.5,0,61,68,0,2,0,27.1,34.3,3.5,83.0,3.8,1,1,0,1,0,0,1,3,4.7
0,0,7.9,0,60,63,1,2,1,40.7,31.0,4.7,86.0,4.2,0,1,0,0,0,1,0,6,6.5
1,3,6.6,0,55,66,0,2,1,23.5,17.3,3.6,67.0,4.2,0,1,0,0,0,0,0,8,3.0
1,4,7.6,2,58,67,1,2,0,48.0,40.3,3.0,71.0,4.8,0,1,0,0,0,0,0,5,6.6
0,0,8.4,0,55,69,1,1,0,48.2,36.1,2.0,73.0,4.2,0,1,0,0,0,0,2,9,6.8
1,10,8.4,0,78,85,0,2,2,51.2,60.8,6.4,90.0,4.7,1,1,1,1,1,0,1,0,6.8
1,4,8.3,0,86,86,1,1,0,48.2,56.6,2.7,75.0,4.2,1,1,4,1,1,1,0,0,7.6
0,5,8.8,0,63,78,0,3,0,75.2,57.3,6.9,82.0,4.8,1,1,3,2,1,0,1,8,9.6
1,1,7.5,1,57,69,1,1,1,34.5,37.9,2.5,74.0,4.6,0,1,0,0,0,0,0,1,5.9
0,1,8.4,0,78,83,2,3,0,66.1,56.7,7.9,90.0,4.7,1,1,2,3,1,1,1,7,8.2
1,10,6.9,1,60,66,2,3,0,26.4,18.6,4.4,76.9,4.8,1,1,4,2,1,0,2,2,3.2
1,4,8.3,0,79,84,2,3,2,72.1,64.4,8.5,90.0,4.8,1,1,3,2,1,1,1,6,8.6
1,0,7.4,0,61,82,1,2,1,41.8,23.2,5.4,72.0,4.4,1,1,2,2,1,1,0,4,4.7
0,0,7.7,0,55,64,1,3,2,57.1,62.8,6.2,74.0,4.5,1,1,0,0,0,0,0,1,7.5
1,0,6.7,1,60,58,0,2,0,26.0,26.7,4.6,73.0,4.5,0,1,0,0,0,0,0,1,2.5
1,9,7.4,0,55,70,1,1,0,28.2,23.2,3.2,77.9,4.2,0,1,1,0,0,1,2,9,3.5
1,0,7.6,1,55,67,1,1,0,33.2,42.2,1.0,82.0,3.7,0,1,0,0,0,0,1,5,5.7
0,3,7.4,0,66,74,2,1,0,38.4,31.8,2.3,77.0,4.3,0,0,1,3,1,0,1,8,4.0
0,8,7.6,0,71,72,0,0,0,26.8,9.9,2.1,82.9,4.3,0,1,0,1,0,0,1,8,3.9
1,4,8.2,0,83,64,1,1,0,50.2,50.0,0.0,68.0,4.0,0,1,0,0,0,0,0,0,6.0
0,6,8.2,0,79,84,1,1,2,53.1,50.9,1.8,75.3,4.1,0,0,1,0,0,0,1,3,8.0
0,4,6.5,1,55,64,1,2,0,22.4,15.4,2.7,76.0,4.2,0,1,0,0,0,1,1,7,2.4
1,7,8.3,0,79,85,2,3,3,70.9,59.8,7.3,90.0,4.8,1,1,1,3,1,1,2,6,7.6
0,9,6.5,1,55,67,0,1,0,21.8,8.0,2.5,77.6,3.5,0,1,1,0,0,1,2,8,2.0
1,4,8.2,2,77,83,0,2,2,51.5,48.1,4.6,90.0,4.8,1,1,2,2,1,0,1,2,5.9
1,2,7.9,0,72,87,2,3,2,54.8,53.5,8.2,82.0,4.6,1,0,0,0,0,0,2,6,7.0
0,6,7.6,0,78,86,1,2,2,33.5,26.5,2.6,83.9,4.7,1,1,2,1,1,1,0,0,3.3
0,1,6.5,1,63,66,1,1,0,20.0,8.3,1.1,87.0,4.8,0,0,3,2,1,0,1,8,2.0
1,8,7.6,0,55,84,0,1,0,25.3,21.4,3.9,79.2,3.8,0,0,0,0,0,0,0,9,3.0
1,2,8.3,0,72,80,0,1,0,35.6,23.1,2.6,73.0,3.8,1,1,0,0,0,0,0,0,7.0
1,0,6.5,0,88,66,0,1,0,20.0,16.0,2.2,80.0,3.6,0,0,0,0,0,0,0,9,2.0
1,5,6.7,0,57,80,1,2,0,28.9,23.4,4.6,71.0,4.3,0,0,0,0,0,0,2,3,3.5
0,10,8.8,0,55,68,0,2,0,65.1,63.5,2.9,76.7,4.7,0,1,3,3,1,1,1,0,10.4
1,11,7.3,0,57,68,0,1,0,22.8,36.3,2.1,84.6,4.4,0,0,0,0,0,0,1,8,4.2
1,5,7.4,0,78,65,1,1,0,27.7,17.5,0.5,74.0,3.7,0,0,0,0,0,0,0,8,2.4
1,7,6.6,0,60,69,2,3,0,26.7,28.3,2.5,82.6,3.9,0,1,1,0,0,1,0,0,3.5
1,6,7.8,0,79,65,0,1,3,44.2,43.5,2.3,83.7,4.8,1,1,3,3,1,1,1,1,6.2
1,7,8.3,0,69,85,0,3,2,69.0,59.3,7.5,90.0,4.7,1,1,3,3,1,1,0,7,6.6
0,3,7.3,1,56,71,0,2,0,29.9,29.1,4.2,81.0,4.2,0,1,0,0,0,0,1,5,3.6
1,9,8.1,0,77,83,2,3,0,69.5,56.6,4.5,89.6,4.8,1,1,3,0,1,1,0,8,8.9
1,0,8.4,0,74,83,2,3,2,76.6,71.4,6.8,89.0,3.9,1,1,2,2,1,1,0,1,8.6
0,2,7.5,0,55,68,0,2,0,34.4,28.5,4.1,67.0,4.3,1,1,0,0,0,1,1,3,4.8
0,6,8.4,1,81,84,1,3,3,71.7,60.3,9.2,90.0,4.8,1,1,2,2,1,1,2,2,7.2
1,6,6.8,0,55,87,0,2,1,23.9,27.2,4.2,90.0,4.8,0,1,0,0,0,1,0,7,4.6
1,3,8.1,0,76,82,2,3,2,72.3,56.1,5.7,87.0,4.8,0,1,0,0,0,1,1,3,7.9
0,8,7.2,0,70,84,2,2,3,42.4,30.9,6.4,89.8,4.7,1,1,2,2,1,1,1,7,4.5
1,2,8.3,0,79,84,2,3,2,68.8,69.9,6.2,86.0,4.6,1,1,2,2,1,1,1,8,8.3
1,5,7.4,0,78,69,0,2,0,46.0,40.6,3.4,78.0,4.4,0,1,0,0,0,1,1,1,6.6
1,2,7.9,0,62,73,1,2,0,43.9,39.4,5.4,75.0,3.9,0,1,0,0,0,0,1,5,5.9
1,0,7.5,0,76,74,1,1,2,35.2,39.8,2.0,78.0,4.4,0,1,0,0,0,0,2,9,4.9
0,11,7.8,0,86,86,2,2,1,68.8,54.2,7.6,90.0,4.8,1,1,2,2,1,1,0,8,7.7
0,4,7.8,0,85,85,2,3,2,54.8,49.3,6.8,90.0,4.8,1,1,3,2,1,0,1,5,7.7
1,7,7.5,0,55,67,0,1,0,42.3,40.2,4.8,72.5,3.2,0,1,0,0,0,0,1,1,5.1
1,7,7.0,0,55,70,0,1,0,24.1,4.5,1.6,82.0,4.3,0,0,0,1,0,0,2,5,2.5
1,6,7.6,0,78,84,0,3,2,37.1,35.1,6.6,76.6,4.2,1,1,0,1,0,0,1,5,6.7
0,0,8.1,0,83,85,1,3,0,63.5,44.7,7.3,87.0,4.7,1,1,3,1,1,1,2,1,7.4
1,7,7.7,1,75,59,1,3,0,47.7,30.4,3.6,70.1,3.8,0,1,0,0,0,0,1,2,5.9
1,3,7.7,0,55,71,1,2,0,36.2,31.6,3.6,74.0,3.9,0,1,0,0,0,0,1,0,5.8
1,6,7.5,0,56,70,0,2,0,32.1,35.3,6.1,68.6,3.1,0,0,0,1,0,0,2,9,5.5
1,3,7.4,0,89,69,0,2,0,28.7,21.1,5.6,85.0,4.4,0,0,0,0,0,1,2,9,3.9
0,1,6.7,0,71,87,1,2,0,20.0,23.5,5.1,82.0,4.7,1,1,3,1,1,0,1,7,3.1
1,0,8.4,0,72,74,1,3,0,68.9,52.3,5.7,76.0,4.7,1,1,2,2,1,1,2,2,7.4
0,11,8.5,0,71,86,0,2,0,61.1,57.1,1.1,85.4,4.4,1,1,3,1,1,0,0,8,7.9
1,0,8.2,0,76,85,1,3,2,66.2,60.3,8.6,85.0,4.6,1,1,0,0,0,1,2,8,8.7
1,7,7.5,0,78,82,0,2,2,33.4,19.5,3.4,86.5,4.8,1,1,3,3,1,1,2,3,2.1
1,5,6.8,0,83,69,0,3,1,31.1,36.0,5.7,74.0,4.5,1,1,2,3,1,0,1,8,2.5
0,8,7.3,0,55,66,1,2,0,31.6,22.9,4.5,72.2,4.3,0,1,1,1,0,0,0,2,3.2
0,2,7.7,0,80,83,1,2,0,34.6,29.5,3.1,78.0,4.4,1,1,0,0,0,1,1,8,5.3
1,7,7.3,0,55,70,0,2,0,43.5,27.4,5.9,73.2,4.3,0,0,3,2,1,0,1,6,3.9
0,4,8.5,0,83,80,0,3,0,64.8,65.0,7.5,89.0,4.7,1,1,2,2,1,1,1,0,8.7
0,6,7.9,0,82,81,2,2,2,66.6,52.0,7.3,90.0,4.6,1,1,2,2,1,0,1,2,6.8
0,7,7.5,0,63,64,2,1,1,42.0,39.5,1.8,81.5,3.6,0,1,0,0,0,0,2,4,4.9
1,11,8.0,0,89,86,1,2,2,56.6,42.5,6.9,80.7,4.7,1,1,3,2,1,1,2,8,6.6
1,4,7.9,0,75,68,2,3,2,61.8,50.8,7.4,75.0,3.9,1,1,3,1,1,1,1,1,6.5
1,6,8.6,0,76,85,2,2,2,79.0,74.7,7.5,90.0,4.8,1,1,3,2,1,1,2,9,9.5
1,2,7.9,0,55,72,1,1,0,43.5,39.8,2.0,82.0,3.7,0,0,0,0,0,1,2,8,5.0
1,7,7.4,1,58,72,2,2,1,47.9,45.3,2.8,90.0,3.4,0,1,0,1,0,0,1,5,6.4
0,11,8.2,0,67,64,0,3,2,56.4,43.6,4.4,84.3,4.5,1,1,1,3,1,0,1,7,7.6
0,1,7.2,0,67,65,1,2,1,29.6,14.8,4.1,69.0,3.1,0,1,0,0,0,0,1,6,5.0
0,3,8.2,0,81,71,1,3,0,62.1,59.5,6.4,80.0,4.6,1,1,3,2,1,1,1,7,7.4
1,5,7.6,0,72,73,1,3,1,58.9,47.8,6.4,73.0,3.9,1,0,2,3,1,0,0,8,7.5
0,9,6.6,0,60,69,0,1,1,21.3,19.7,2.7,78.6,3.8,0,1,0,0,0,0,1,4,2.0
1,3,6.7,0,67,68,1,1,0,25.6,32.4,1.8,73.0,4.6,1,0,0,0,0,1,1,8,4.2
1,0,8.2,0,82,84,2,3,2,61.0,38.0,6.8,90.0,4.8,1,1,2,2,1,1,1,9,6.0
1,4,8.9,0,72,87,1,3,1,74.1,65.7,4.3,90.0,4.7,1,1,0,0,0,1,2,3,11.0
0,8,8.2,1,75,80,2,3,0,67.1,39.4,8.2,77.2,3.5,1,1,0,0,0,1,2,8,8.3
1,5,7.7,1,55,71,1,1,1,34.7,36.2,3.9,69.0,3.9,1,1,0,0,0,0,1,7,5.0
1,3,6.5,1,80,69,1,2,0,21.8,35.0,2.8,84.0,4.3,0,1,0,0,0,0,0,8,3.6
0,2,6.9,2,55,71,1,1,1,20.0,23.0,1.6,67.0,4.5,0,1,0,0,0,0,0,8,4.0
1,5,7.3,0,60,66,0,1,0,24.1,18.6,1.9,78.0,4.2,1,1,0,0,0,0,1,8,3.5
1,6,7.6,0,74,84,1,3,2,51.2,45.0,6.7,90.0,4.8,1,1,0,0,0,1,2,9,6.5
1,0,7.4,0,73,88,2,2,1,46.7,37.0,3.6,82.0,4.6,1,1,0,0,0,1,1,4,6.1
1,0,7.6,0,72,71,1,3,2,52.1,52.4,7.3,90.0,4.8,1,1,2,2,1,1,0,9,5.5
0,2,6.8,0,58,73,1,1,0,20.0,33.2,0.9,74.0,4.2,0,1,0,0,0,0,0,5,2.4
1,2,7.6,1,59,66,0,1,1,29.3,29.6,1.4,71.0,4.3,0,0,0,0,0,0,0,8,5.7
1,4,7.7,0,70,88,1,3,2,54.0,54.7,7.5,87.0,4.8,1,1,1,3,1,0,1,3,5.0
0,7,7.6,0,74,68,1,1,0,39.3,35.7,2.2,65.2,3.8,0,1,1,0,0,0,1,9,7.2
0,4,8.8,1,86,88,2,3,2,82.1,63.8,7.8,90.0,4.8,1,1,3,1,1,1,0,0,8.7
0,4,7.6,0,55,72,1,2,0,44.5,43.5,3.5,79.0,4.1,0,1,0,0,0,0,1,4,7.0
1,5,7.4,0,71,78,2,3,1,48.4,36.9,7.4,81.0,4.8,1,1,0,0,0,1,2,8,6.0
1,6,7.5,0,74,79,1,1,0,44.2,36.7,0.4,77.8,3.6,0,1,0,0,0,0,1,0,5.1
0,2,8.1,0,82,84,1,3,2,63.1,48.5,8.9,84.0,4.8,1,1,0,0,0,1,0,4,7.1
1,3,6.7,0,55,59,1,2,0,25.1,11.9,4.9,73.0,3.4,0,1,0,0,0,1,1,9,3.6
1,9,7.7,0,64,67,1,2,0,27.1,11.3,2.9,72.0,3.5,0,1,0,0,0,1,2,8,3.6
0,2,8.3,0,70,85,1,0,0,42.3,48.4,2.0,73.0,4.6,1,1,2,3,1,1,0,8,6.2
0,3,7.6,0,79,77,2,3,2,51.9,47.2,7.6,77.0,4.8,1,1,0,0,0,1,0,8,6.1
1,5,8.6,0,79,87,2,3,2,69.6,44.0,5.9,84.0,4.8,1,1,2,3,1,0,1,5,5.7
1,0,8.9,0,68,62,1,2,1,70.3,68.7,6.3,84.0,4.1,1,1,0,0,0,1,1,7,9.4
1,2,8.5,0,68,88,2,3,2,79.6,54.7,7.4,88.0,4.8,1,1,3,2,1,1,2,5,8.1
0,4,8.2,0,69,73,2,3,2,69.7,46.9,6.1,90.0,4.8,1,0,3,2,1,0,2,0,7.8
1,1,6.7,2,55,70,0,1,0,20.0,26.4,2.7,76.0,4.0,0,1,0,0,0,0,0,8,3.3
0,5,8.3,0,76,85,2,3,2,75.6,51.7,8.5,82.0,4.6,1,1,3,2,1,1,2,7,7.2
0,6,7.3,0,80,86,0,3,3,37.5,28.5,4.2,90.0,4.4,1,1,2,3,1,0,1,1,4.7
0,2,7.1,0,78,71,1,1,1,25.1,29.4,2.1,76.0,4.3,0,1,0,0,0,0,1,2,5.2
1,3,7.5,0,56,71,1,2,0,33.5,34.1,2.2,60.0,4.0,0,1,0,0,0,1,0,5,4.4
1,7,8.5,0,72,83,0,3,2,70.8,37.2,7.2,88.2,4.3,1,1,4,1,1,1,1,0,6.5
1,3,6.6,1,66,66,2,1,1,20.0,13.1,1.6,77.0,3.4,0,0,0,0,0,0,2,8,4.3
1,2,6.5,0,71,84,2,3,2,27.0,28.9,7.4,87.0,4.8,1,1,3,2,1,0,0,4,3.4
0,0,8.0,0,78,80,1,1,0,49.5,35.8,2.1,82.0,3.3,0,0,0,0,0,1,1,7,6.0
0,7,7.2,1,82,83,2,2,2,37.8,38.5,3.9,81.5,4.4,1,1,2,2,1,0,2,4,4.1
1,4,7.7,0,82,73,1,3,2,54.9,45.7,5.4,90.0,4.7,1,1,2,2,1,0,1,8,6.1
1,11,8.2,0,80,83,0,3,2,53.4,32.8,6.9,79.8,4.8,1,1,2,2,1,0,0,8,5.6
1,2,6.5,0,64,71,0,1,1,20.0,26.7,2.0,90.0,3.7,0,1,0,0,0,0,0,8,2.3
1,3,7.5,0,55,62,1,2,1,31.8,26.3,5.3,76.0,4.1,1,1,0,0,0,1,1,9,4.1
1,0,7.7,0,55,57,0,1,0,27.2,46.6,3.1,73.0,4.3,1,0,1,3,1,0,2,7,4.6
1,4,6.8,0,86,83,1,1,0,21.5,29.0,3.0,85.0,4.3,0,1,1,3,1,0,0,3,4.4
1,6,8.2,1,83,79,2,1,1,59.4,57.2,4.4,71.4,4.5,1,0,1,0,0,1,0,6,7.2
1,1,7.6,0,55,74,1,2,0,49.2,36.9,5.3,70.0,3.4,0,1,0,0,0,1,1,9,5.4
1,4,8.3,0,72,81,1,3,1,69.5,51.6,8.2,82.0,4.4,1,1,3,1,1,1,2,3,8.6
1,4,8.1,0,71,87,2,3,2,68.0,59.1,8.6,90.0,4.6,1,1,4,1,1,1,0,4,7.5
1,3,7.6,0,57,65,1,2,2,36.1,31.0,5.0,81.0,4.7,1,1,1,3,1,0,1,8,5.4
0,0,7.8,0,86,66,1,2,0,48.4,40.9,3.8,82.0,3.9,1,1,0,0,0,0,1,2,5.7
0,6,7.5,0,78,69,1,2,1,51.7,50.3,7.7,69.9,3.6,1,1,3,3,1,1,0,4,5.3
0,3,8.6,0,71,82,1,2,2,70.7,55.0,5.8,88.0,4.3,1,1,3,1,1,1,1,8,8.9
1,11,8.4,0,75,86,2,3,2,67.5,62.2,6.2,90.0,4.8,1,1,1,0,0,1,2,8,10.0
0,9,6.5,0,55,62,0,1,0,20.0,20.4,3.0,72.7,4.0,1,0,0,0,0,0,2,4,2.9
1,6,7.9,2,68,83,2,2,1,75.2,65.2,8.4,90.0,4.8,1,1,3,1,1,1,1,1,7.7
0,11,7.6,2,70,88,1,3,2,57.0,35.9,7.6,86.8,4.7,1,1,4,2,1,1,2,4,5.8
0,6,8.4,0,68,83,1,2,1,70.1,56.7,7.2,79.1,4.5,1,1,1,2,1,1,1,6,8.5
1,10,7.8,0,66,67,1,2,1,40.3,48.0,2.6,78.0,4.2,1,1,1,0,0,1,2,9,5.3
1,7,8.2,0,85,80,2,3,2,79.6,51.3,6.7,90.0,4.7,1,1,1,1,1,0,2,5,7.7
0,8,7.2,0,59,59,0,1,2,20.0,20.6,2.9,67.1,4.3,1,1,0,0,0,1,1,2,3.7
1,0,7.3,0,56,76,0,3,1,40.3,21.9,6.1,70.0,3.8,1,0,1,3,1,1,1,0,3.8
0,0,6.9,0,55,70,0,2,2,20.0,10.8,5.3,75.0,4.3,1,1,0,0,0,0,0,0,2.8
0,4,8.0,0,79,71,1,3,2,55.6,51.5,7.1,77.0,4.5,1,1,0,0,0,1,1,6,7.1
1,7,7.4,0,56,66,0,1,1,40.5,39.5,5.2,84.4,4.1,1,0,1,0,0,0,1,7,4.5
1,3,6.5,2,72,72,0,2,1,20.0,14.9,4.3,69.0,4.7,1,1,0,0,0,0,1,8,2.0
1,3,7.5,2,56,62,1,1,1,28.8,27.4,3.1,73.0,3.6,0,1,0,0,0,1,0,8,4.0
1,4,7.7,1,55,70,0,2,1,47.3,28.5,6.1,71.0,4.4,0,1,0,0,0,0,2,0,5.2
1,0,8.8,0,78,81,2,3,2,74.0,58.9,7.1,84.0,4.8,1,1,3,1,1,1,2,0,7.7
1,7,6.5,0,78,72,0,2,2,27.5,28.3,4.4,87.0,4.7,1,1,0,0,0,1,0,2,3.4
1,2,6.9,0,61,63,1,1,1,28.8,24.3,0.8,65.0,3.0,0,0,0,0,0,0,1,7,4.0
1,2,7.5,2,69,58,0,2,0,37.3,37.4,3.1,68.0,4.1,1,1,0,0,0,0,2,1,6.0
0,6,7.4,0,75,66,2,1,0,24.2,24.4,5.5,63.4,4.1,0,0,0,0,0,0,1,2,4.6
1,6,7.8,1,86,68,0,3,2,56.9,52.6,6.4,84.1,4.2,0,1,1,1,1,0,2,3,7.2
0,6,7.8,1,62,60,2,1,1,52.5,43.3,3.1,80.1,4.1,1,1,1,3,1,0,1,9,5.6
0,7,7.4,0,75,71,0,2,0,29.9,17.2,0.8,66.5,4.7,0,1,1,1,0,0,0,4,4.1
0,9,7.6,0,55,61,0,2,0,38.7,32.0,0.3,60.9,3.8,0,1,1,0,0,0,1,9,4.9
1,6,7.7,2,55,79,2,1,1,47.5,37.2,3.2,66.3,4.2,0,1,1,0,0,0,1,1,5.9
1,5,7.4,0,55,62,1,2,0,40.4,49.5,5.5,72.0,4.3,0,1,0,0,0,0,0,7,4.8
1,2,8.3,0,55,65,2,2,1,52.4,44.0,5.2,64.0,4.0,0,1,3,2,1,0,2,1,6.0
1,0,7.3,0,55,81,0,1,0,27.9,12.2,0.5,87.0,4.8,0,0,0,0,0,0,1,1,3.7
1,4,7.6,0,77,71,1,2,2,45.9,36.1,4.8,80.0,4.5,0,1,3,2,1,1,1,5,4.6
1,6,8.1,0,79,83,1,2,2,61.6,46.7,7.5,90.0,4.8,1,1,3,2,1,1,1,0,7.3
0,11,8.4,0,82,68,2,3,3,73.0,51.4,7.2,86.4,4.2,1,1,4,2,1,1,1,8,8.1
0,2,7.8,0,75,74,0,3,1,46.6,37.7,5.6,90.0,4.7,0,0,3,2,1,0,1,8,6.0
0,7,7.7,0,82,86,2,3,2,59.7,40.4,7.3,80.7,4.4,1,0,0,0,0,1,1,7,6.4
0,9,7.2,0,71,84,2,2,1,46.6,37.0,6.3,90.0,4.7,1,1,0,3,1,0,1,9,4.7
1,6,8.6,1,71,88,2,3,2,82.9,54.0,8.1,90.0,4.8,1,1,4,0,1,1,2,4,8.0
1,8,7.5,0,70,80,2,2,3,36.0,23.5,2.6,86.3,4.5,0,1,0,0,0,0,2,7,5.3
1,7,7.9,1,76,88,1,3,2,64.5,44.5,6.5,90.0,4.8,1,1,2,3,1,1,1,5,7.7
1,2,6.5,0,55,62,0,1,0,20.0,29.2,1.1,66.0,3.8,0,0,0,0,0,0,1,3,2.3
0,0,8.8,0,65,86,2,3,2,84.8,74.3,5.6,90.0,4.8,1,1,3,2,1,0,2,0,10.6
1,2,6.5,0,66,66,1,1,0,20.0,32.7,3.0,69.0,3.4,0,0,0,0,0,0,0,2,2.8
0,7,6.9,0,83,85,2,2,3,47.4,46.2,5.8,83.2,4.8,1,0,1,3,1,1,0,7,5.4
1,0,6.8,0,77,84,1,1,2,20.0,31.4,3.7,74.0,4.2,1,0,0,0,0,0,0,1,3.2
0,7,6.5,0,56,83,0,1,0,23.2,10.3,0.5,90.0,4.5,1,1,0,1,0,0,1,0,3.6
1,10,8.4,0,76,88,0,3,2,67.9,56.1,6.0,82.8,4.7,1,0,2,1,1,0,1,8,8.7
1,2,7.9,0,81,69,2,2,0,53.2,45.2,4.5,74.0,4.4,1,1,0,0,0,1,1,8,7.6
1,6,6.9,0,55,65,0,0,2,25.2,16.1,3.8,70.2,4.4,1,1,1,1,0,1,1,5,3.9
1,6,7.5,0,55,62,2,1,1,41.1,27.5,3.0,83.4,4.4,0,0,0,0,0,0,0,2,4.9
1,11,7.6,1,55,63,0,0,0,37.0,43.2,3.3,74.1,3.9,0,1,1,0,0,0,1,8,6.0
0,5,7.3,0,80,68,1,1,1,27.8,36.6,2.2,76.0,4.1,0,1,0,0,0,0,0,8,3.7
0,1,6.7,0,57,64,1,1,0,20.0,32.1,2.8,67.0,4.6,0,1,0,0,0,0,1,2,2.4
0,11,7.6,0,66,68,1,1,0,34.3,32.4,2.7,76.9,4.3,0,1,0,0,0,1,0,8,5.2
1,8,8.0,0,64,69,1,2,2,39.8,29.2,2.7,71.8,4.8,1,0,3,1,1,0,0,8,4.9
1,5,7.1,0,56,63,2,1,0,29.1,26.9,2.2,72.0,4.3,0,1,0,0,0,0,0,4,3.7
1,3,7.7,0,70,69,2,3,0,55.1,52.5,5.8,77.0,4.6,1,1,0,0,0,0,2,8,6.7
0,1,7.2,0,75,75,1,3,0,35.1,24.2,3.8,77.0,4.6,0,1,0,0,0,0,0,8,4.5
1,7,8.1,0,88,67,2,3,2,60.3,37.8,6.0,90.0,4.8,1,1,0,0,0,0,1,2,5.9
1,11,7.3,0,56,64,2,2,1,43.9,27.7,5.5,69.3,4.4,0,0,0,0,0,0,2,4,5.0
0,10,7.6,2,69,68,2,2,1,46.2,44.7,5.0,68.4,4.0,1,1,3,3,1,0,1,4,6.0
1,4,7.5,0,60,61,0,1,0,25.8,27.3,4.2,72.0,4.3,1,1,0,0,0,1,0,8,4.0
0,0,7.8,1,61,82,1,1,0,40.8,40.7,1.0,66.0,4.1,0,1,0,0,0,0,1,4,5.9
0,7,7.6,0,65,67,0,2,2,34.9,31.5,2.2,78.9,4.5,0,0,0,0,0,0,0,6,4.7
0,0,6.5,0,63,63,1,2,0,28.4,27.2,4.5,70.0,3.9,0,1,0,0,0,1,2,0,2.6
0,0,7.6,0,73,87,1,3,0,42.1,31.2,6.0,82.0,4.3,0,1,0,0,0,0,2,1,6.0
1,4,7.6,0,55,61,2,2,2,44.4,37.5,4.6,60.0,4.4,0,0,0,0,0,1,1,3,8.0
1,0,8.1,0,87,84,1,3,1,60.7,52.1,4.6,90.0,4.8,0,0,2,2,1,1,1,1,6.1
0,0,7.9,0,55,58,1,3,2,59.8,49.1,5.4,66.0,4.1,0,0,0,0,0,0,1,0,6.2
1,3,8.4,0,55,68,0,1,2,43.9,27.0,2.2,74.0,4.2,1,1,0,0,0,0,1,8,5.9
1,9,6.6,0,61,70,1,1,0,20.0,18.2,3.0,63.2,4.2,0,0,1,0,0,0,0,9,2.0
1,7,7.5,0,55,69,0,2,0,34.8,34.0,1.0,76.8,4.1,0,0,1,0,0,0,2,0,4.6
1,0,8.7,0,71,83,0,3,2,59.3,51.7,7.9,90.0,4.8,1,1,3,1,1,0,1,5,7.1
1,9,6.5,0,62,66,0,1,2,20.2,12.3,2.6,65.8,4.6,0,0,0,0,0,0,2,6,2.8
1,4,8.3,0,78,73,1,3,0,58.8,47.2,8.6,68.0,4.6,1,1,2,2,1,1,2,0,7.7
1,0,8.2,0,81,65,1,1,2,50.2,49.6,1.7,69.0,4.6,1,1,3,2,1,0,1,7,7.2
0,6,8.1,1,81,85,2,3,1,73.2,66.9,6.5,86.9,4.6,1,1,2,3,1,1,1,2,9.1
0,1,6.6,0,73,65,1,3,2,36.9,35.5,6.7,90.0,4.6,1,1,0,0,0,0,1,8,3.7
0,2,7.5,0,58,70,1,1,1,31.3,33.1,1.6,76.0,3.6,0,0,0,0,0,0,2,4,4.0
1,1,7.5,1,75,66,1,1,0,34.3,41.7,1.6,70.0,3.5,0,1,0,0,0,0,0,8,6.0
0,6,7.7,0,80,85,2,2,2,55.9,47.1,8.6,90.0,4.8,1,1,4,0,1,1,1,2,6.5
0,0,7.6,0,55,83,1,1,1,36.4,41.9,2.1,74.0,4.4,1,0,0,0,0,0,1,5,8.2
0,6,8.1,0,55,67,2,3,2,69.6,54.5,5.8,83.5,4.3,0,1,0,0,0,0,0,7,8.5
1,6,7.9,0,64,60,2,1,1,42.8,44.3,3.9,79.2,4.7,1,1,0,0,0,0,0,4,7.6
1,3,8.7,0,86,83,1,3,0,78.6,59.8,8.2,74.0,4.6,1,1,1,3,1,1,2,6,8.6
1,1,6.5,0,62,68,0,2,0,20.0,0.0,2.6,74.0,4.5,0,0,0,0,0,0,1,9,2.0
0,9,7.8,0,82,80,1,3,0,53.1,47.9,7.4,75.3,4.6,1,1,2,1,1,1,1,2,7.5
0,6,8.1,0,62,82,2,3,2,73.6,61.3,7.1,75.3,4.2,1,1,2,2,1,1,1,1,8.7
1,3,7.5,0,66,67,1,2,1,33.6,25.7,4.9,76.0,4.3,0,1,0,0,0,0,1,4,4.9
1,1,6.7,0,84,83,2,3,0,32.9,28.3,7.8,85.0,4.4,1,1,2,2,1,1,1,8,2.9
1,8,6.7,0,55,67,2,2,1,27.8,11.9,4.8,70.3,4.4,0,0,0,0,0,1,1,2,3.6
1,6,7.9,0,78,86,1,2,1,50.8,39.0,6.1,84.6,4.2,1,1,2,2,1,1,2,1,5.6
1,4,7.8,0,79,87,2,3,0,62.6,36.6,7.8,77.0,4.8,1,1,0,0,0,1,0,1,6.9
1,0,6.6,0,55,73,1,1,0,20.0,21.6,3.1,61.0,4.1,0,1,0,0,0,0,1,5,2.5
0,2,8.5,0,84,81,1,3,2,70.2,52.8,7.7,90.0,4.8,1,1,3,1,1,1,2,0,8.8
1,0,6.5,0,63,62,0,2,1,20.0,22.4,3.6,69.0,3.8,0,0,0,0,0,0,0,9,2.0
1,7,7.7,1,55,68,1,0,1,40.3,48.5,0.1,81.1,3.8,0,1,0,1,0,0,2,5,6.4
0,1,8.2,0,75,83,2,3,2,62.7,69.5,8.4,90.0,4.6,1,1,1,3,1,0,1,8,8.3
0,0,7.6,0,62,65,1,1,1,33.4,32.7,3.4,67.0,4.4,0,0,0,0,0,0,0,5,5.3
1,0,8.6,0,83,81,2,1,3,68.8,64.2,2.8,80.0,4.5,1,1,2,2,1,1,0,0,8.3
1,2,6.8,1,55,69,0,1,0,20.0,11.6,2.8,72.0,4.2,0,0,0,0,0,0,1,5,2.0
1,8,8.1,0,55,63,1,3,1,50.0,28.9,4.1,74.9,3.8,0,0,0,0,0,0,2,9,6.8
0,2,7.4,0,55,63,1,1,0,30.5,18.0,2.3,60.0,3.8,0,0,0,0,0,0,2,7,4.1
1,11,7.3,0,55,67,2,2,1,34.9,39.3,3.1,67.8,3.3,0,1,0,1,0,0,1,6,4.3
1,6,7.6,2,57,61,1,1,0,44.5,48.7,4.0,80.6,4.2,1,0,0,0,0,0,0,2,6.7
1,0,8.4,2,85,65,0,3,2,58.9,43.1,5.6,78.0,4.8,0,1,3,1,1,1,1,1,8.3
1,4,7.6,1,64,65,2,2,0,47.7,42.0,3.6,84.0,4.3,0,0,0,0,0,1,1,9,6.2
1,3,7.9,0,59,66,1,2,0,47.4,44.1,4.3,80.0,4.5,0,1,0,0,0,1,0,8,7.3
1,0,8.7,0,77,82,0,3,1,73.8,60.8,6.4,88.0,4.8,1,0,2,2,1,1,0,4,8.3
1,2,7.1,0,56,64,0,1,1,26.9,16.8,3.1,71.0,4.0,0,1,0,0,0,1,1,7,3.8
1,0,8.0,0,79,67,1,3,0,58.8,51.2,7.3,87.0,4.3,1,1,0,0,0,1,1,4,7.7
1,7,8.3,0,83,80,2,3,1,59.2,28.1,3.4,79.2,3.9,0,0,1,0,0,0,1,0,6.4
1,0,8.3,0,79,88,2,3,2,61.5,35.0,6.2,90.0,4.8,1,1,2,2,1,0,1,6,6.7
0,7,6.7,0,55,64,2,3,0,22.8,21.7,5.6,80.2,3.7,1,0,0,1,0,1,0,5,4.2
1,4,8.0,0,80,70,1,3,1,58.9,55.6,6.8,80.0,4.6,1,0,0,0,0,1,0,0,7.8
1,0,7.6,0,55,70,1,1,1,27.1,32.9,1.0,82.0,3.9,0,1,0,0,0,0,1,0,4.9
1,2,8.2,0,77,83,2,3,2,71.8,64.8,6.9,90.0,4.8,1,0,4,1,1,1,1,0,6.7
0,9,6.6,1,65,61,0,0,0,20.0,17.0,2.3,61.1,3.8,0,0,1,0,0,0,0,8,2.5
1,0,8.1,0,86,73,1,2,1,61.1,54.3,5.9,69.0,4.0,1,1,3,2,1,0,2,9,6.9
1,2,8.1,0,86,85,2,3,2,70.5,59.8,8.9,90.0,4.8,1,1,2,2,1,1,1,6,8.2
1,11,7.5,1,78,83,2,3,1,54.7,44.3,7.4,90.0,4.3,1,1,4,0,1,1,0,8,5.8
0,10,6.7,0,60,69,0,1,0,20.0,17.5,1.4,66.4,4.5,0,0,0,0,0,0,1,0,2.6
1,3,7.9,1,87,82,1,1,1,42.1,38.8,1.5,62.0,4.6,1,1,0,0,0,0,2,9,4.8
1,0,8.6,0,69,77,1,2,0,70.1,57.0,4.3,86.0,4.8,1,1,3,1,1,1,1,3,7.7
0,0,8.4,1,74,85,1,1,2,54.6,37.3,3.3,76.0,4.6,1,1,0,0,0,0,0,8,6.7
1,4,7.9,0,87,85,1,3,2,59.9,39.1,6.8,90.0,4.5,1,1,4,1,1,0,1,0,6.7
1,4,6.5,0,74,74,1,2,1,23.5,43.7,2.8,82.0,4.0,0,1,0,0,0,1,0,9,4.2
0,0,8.0,0,78,76,1,2,0,50.8,35.4,5.0,88.0,4.4,1,1,2,2,1,0,2,3,6.1
0,4,8.3,0,74,60,1,2,0,48.2,47.3,6.2,78.0,4.6,1,1,0,0,0,1,2,7,6.3
0,3,8.4,1,78,84,2,3,2,71.9,62.0,7.6,89.0,4.4,1,1,0,0,0,1,2,8,9.4
0,0,8.0,0,77,83,1,3,1,61.0,56.8,5.8,83.0,4.7,1,1,0,0,0,1,1,0,8.6
0,5,6.5,0,55,65,1,2,1,20.2,24.7,4.3,80.0,4.2,0,0,0,0,0,0,1,9,3.3
0,8,8.3,0,77,82,2,3,2,68.7,60.6,8.2,86.6,4.6,1,1,2,1,1,1,1,8,6.3
0,0,7.4,0,69,68,1,1,1,38.5,38.6,3.0,68.0,4.5,0,0,0,0,0,0,2,2,5.8
0,4,7.0,0,64,70,1,1,1,20.1,22.2,2.6,75.0,4.8,0,0,0,0,0,0,0,3,4.0
1,6,7.7,1,67,76,1,2,0,53.5,58.6,5.0,74.1,4.2,0,1,0,1,0,0,0,1,8.0
0,4,7.4,0,83,81,1,1,0,40.3,29.0,1.9,81.0,4.6,0,0,0,0,0,0,2,0,5.2
1,0,7.8,0,79,66,1,1,1,39.7,24.9,2.5,70.0,4.1,0,1,0,0,0,0,2,1,5.2
0,6,7.8,0,75,71,1,2,0,46.2,39.9,2.7,84.5,4.2,0,1,1,1,0,0,1,1,7.0
0,9,7.7,1,67,69,1,3,0,47.2,39.7,3.5,74.5,4.1,0,1,0,0,0,0,1,8,5.4
1,0,8.3,0,55,61,1,2,1,61.2,52.1,4.4,71.0,4.0,1,1,0,0,0,0,0,1,8.5
0,9,7.7,0,86,82,2,3,1,51.9,49.8,9.2,89.4,4.8,1,1,1,3,1,0,1,7,5.6
0,0,6.5,0,55,69,0,1,0,20.0,18.2,1.0,81.0,4.2,0,0,0,0,0,0,0,7,2.7
1,4,7.6,1,80,71,0,2,1,30.6,34.3,3.7,69.0,4.8,0,0,0,0,0,0,1,4,3.6
0,1,7.5,0,66,83,1,2,2,42.6,49.5,4.7,77.0,4.1,0,1,1,3,1,0,1,8,5.4
1,6,7.7,1,75,81,0,3,0,46.0,41.6,8.2,76.2,4.2,1,1,4,1,1,1,2,7,5.4
1,2,8.6,0,78,81,1,3,1,77.1,61.3,8.5,83.0,4.7,1,1,3,1,1,1,2,4,8.1
0,0,7.7,0,71,82,1,1,2,35.0,39.3,4.4,83.0,4.5,1,1,3,1,1,0,2,2,3.8
1,11,7.9,1,69,82,0,3,2,61.2,36.1,6.5,87.8,4.5,1,1,4,1,1,1,2,9,5.2
0,0,8.4,0,72,82,2,1,0,57.5,52.9,2.3,90.0,4.6,1,1,0,0,0,0,1,0,6.9
0,5,6.5,0,55,67,1,3,0,20.0,11.0,5.6,76.0,4.4,1,0,0,0,0,0,0,8,2.0
1,0,7.9,0,55,72,1,2,0,41.3,30.9,5.7,74.0,4.1,0,1,0,0,0,0,1,2,4.9
1,6,8.3,0,85,82,2,2,3,66.1,57.5,4.5,85.9,4.7,1,1,2,3,1,1,1,7,8.9
0,2,8.5,0,68,87,2,3,2,71.5,60.5,6.3,90.0,4.8,1,1,4,1,1,1,1,6,8.0
0,4,7.6,0,77,64,0,1,0,20.0,18.0,0.1,70.0,4.6,0,1,2,2,1,0,1,6,2.5
0,4,7.5,0,58,65,0,1,0,22.2,17.5,0.9,66.0,4.2,0,0,0,0,0,0,2,1,3.8
1,5,8.2,0,74,85,2,3,2,66.9,57.8,7.0,90.0,4.8,1,1,4,1,1,1,1,8,7.8
1,4,7.7,0,79,88,1,3,2,56.1,41.0,6.9,90.0,4.8,1,1,3,2,1,1,1,0,5.1
1,6,7.6,0,76,86,2,3,1,61.4,48.1,8.4,90.0,4.8,1,0,2,1,1,1,2,1,5.2
1,8,8.1,0,80,70,2,1,2,56.0,46.4,6.6,90.0,4.8,1,1,3,2,1,0,1,6,6.7
1,5,7.4,0,88,82,2,3,2,50.5,27.1,6.2,89.0,4.8,1,0,0,0,0,1,0,9,5.7
0,1,7.4,0,65,84,2,1,0,35.7,51.1,3.4,75.0,4.2,0,1,0,0,0,0,1,4,5.0
1,0,6.8,0,70,62,0,1,2,20.0,22.1,0.9,71.0,4.2,0,0,0,0,0,0,1,4,3.0
0,6,8.3,0,60,62,2,1,1,47.6,43.0,4.0,76.2,3.7,0,1,3,2,1,1,0,7,6.9
1,0,7.8,0,55,69,0,1,0,31.9,21.4,4.5,74.0,4.5,0,0,0,0,0,1,1,1,5.3
1,2,8.2,0,82,69,1,1,2,52.7,36.3,3.7,74.0,4.5,1,0,2,2,1,1,2,0,7.0
1,2,8.8,0,84,87,2,1,2,59.1,47.4,4.4,83.0,4.8,1,1,2,3,1,1,1,4,7.1
1,2,7.8,1,70,82,1,3,2,55.7,48.4,5.1,83.0,4.6,0,1,4,1,1,1,1,8,5.4
1,7,8.2,0,80,66,0,1,0,44.6,37.5,2.9,88.5,4.7,1,0,0,0,0,0,0,8,7.3
0,0,7.5,1,58,63,1,1,0,28.9,36.6,0.4,66.0,3.8,0,0,0,0,0,1,1,0,4.7
1,3,8.4,0,90,80,2,3,1,75.5,54.8,6.8,86.0,4.7,1,1,3,2,1,1,2,4,8.0
1,4,8.8,0,74,88,2,3,2,87.0,70.7,5.5,90.0,4.8,1,1,4,1,1,1,1,8,9.2
0,0,7.7,0,62,63,1,1,0,36.0,18.4,1.3,64.0,4.4,0,0,0,0,0,1,2,7,5.3
1,5,7.9,0,78,87,1,3,0,57.1,33.4,7.1,85.0,4.8,1,1,2,2,1,1,2,4,5.1
0,2,8.5,0,81,78,2,3,2,82.6,54.9,7.3,89.0,4.8,1,1,3,2,1,1,1,1,8.5
0,4,8.2,0,56,78,1,2,0,56.9,57.8,3.6,67.0,4.1,0,1,0,0,0,0,2,5,6.5
1,5,7.5,0,61,84,1,2,1,39.9,34.4,2.7,85.0,4.8,0,1,0,0,0,0,2,8,6.7
0,6,7.3,2,55,69,0,1,0,22.6,30.0,4.2,74.6,4.3,0,0,1,1,0,1,2,2,4.1
0,10,6.7,0,56,65,0,2,1,22.9,27.8,4.5,76.9,4.8,0,1,0,0,0,0,1,1,2.8
1,4,8.6,1,80,88,2,3,2,83.9,68.6,6.6,90.0,4.7,1,1,3,1,1,0,0,3,8.5
0,2,7.9,0,75,70,1,1,0,45.5,51.0,3.5,77.0,4.7,0,1,0,0,0,0,0,9,5.5
0,0,7.5,0,63,73,1,1,1,37.3,14.3,2.8,70.0,3.8,0,1,0,0,0,1,0,1,3.7
0,8,7.3,0,72,69,2,2,0,33.4,29.8,7.7,79.1,3.4,0,1,0,0,0,0,1,7,5.3
1,3,7.7,0,60,72,0,1,1,39.7,35.7,2.9,77.0,4.3,0,1,0,0,0,0,1,8,6.6
1,7,7.4,1,56,67,0,1,0,35.5,29.0,0.5,73.7,4.0,0,0,0,0,0,0,1,8,4.2
1,0,8.4,0,84,76,2,3,2,69.6,65.4,8.0,88.0,4.6,1,1,2,2,1,1,2,9,8.6
1,0,7.8,0,80,85,0,2,2,44.8,31.3,2.7,90.0,4.8,0,1,4,1,1,0,0,0,6.5
1,7,8.4,1,78,88,2,3,2,80.8,60.7,8.1,89.9,4.8,1,1,4,2,1,0,2,3,8.8
0,5,6.7,0,72,68,1,2,1,24.6,29.9,3.6,68.0,4.6,0,1,0,0,0,1,0,6,5.3
1,6,8.1,0,74,84,1,3,3,64.9,51.8,7.0,76.7,3.9,1,1,1,1,0,1,0,5,8.4
0,11,7.4,1,61,60,0,3,1,43.0,36.6,4.7,69.7,3.6,0,0,1,0,0,0,2,4,5.9
0,0,7.7,0,58,59,0,1,0,31.0,18.3,3.0,65.0,4.6,0,0,0,0,0,1,0,4,4.3
1,1,7.4,0,60,73,0,3,0,47.8,41.6,8.5,75.0,4.0,1,1,0,0,0,1,0,8,5.6
1,7,7.5,0,56,62,2,2,1,31.4,21.2,3.2,79.2,3.8,0,1,0,0,0,0,2,0,4.3
1,2,8.1,0,71,81,2,2,1,59.9,42.8,4.3,76.0,4.8,1,1,0,0,0,1,2,9,8.0
0,6,8.1,0,81,87,2,2,2,73.2,47.6,6.9,90.0,4.8,1,1,1,3,1,1,2,8,7.5
1,0,7.6,0,62,60,1,1,1,34.7,33.5,2.4,82.0,4.3,0,0,2,3,1,0,0,4,4.5
0,6,7.6,0,75,76,0,3,0,43.2,30.0,5.2,68.9,4.2,0,1,0,1,0,1,0,2,5.4
0,4,7.7,1,58,70,0,1,1,30.4,28.7,1.6,68.0,3.3,0,1,0,0,0,0,0,8,6.0
1,8,7.5,1,55,64,2,2,0,22.3,17.1,1.6,77.1,3.6,0,0,0,0,0,0,0,8,3.1
0,6,7.9,0,71,83,2,2,1,68.6,48.4,6.9,90.0,4.8,1,1,4,2,1,0,2,4,7.2
1,4,8.8,0,73,80,2,3,2,76.8,67.0,7.4,90.0,4.8,1,1,2,2,1,1,0,4,10.1
1,0,7.9,1,81,78,2,3,2,53.7,35.8,6.9,90.0,4.8,1,0,0,0,0,0,2,0,6.3
1,11,8.2,0,77,84,2,3,2,71.7,72.8,6.8,87.8,4.5,1,1,4,1,1,1,0,6,8.9
0,4,7.8,0,85,82,2,3,2,61.3,46.7,6.2,90.0,4.7,1,1,2,2,1,1,1,9,7.6
0,11,7.7,0,89,76,2,3,1,52.2,49.9,3.9,82.1,4.3,1,0,1,1,0,0,0,4,6.1
0,6,6.5,0,59,67,1,2,0,31.4,20.8,2.5,71.8,3.8,0,1,0,0,0,0,0,2,2.7
1,7,8.0,1,71,83,0,2,3,43.5,26.5,6.0,89.4,4.7,1,0,1,0,0,1,0,8,5.7
0,2,8.1,0,55,61,1,1,1,55.5,40.2,0.8,71.0,4.2,0,0,0,0,0,0,2,4,4.9
1,2,7.9,1,85,84,2,3,2,62.6,34.1,7.3,85.0,4.7,1,1,2,2,1,1,1,8,6.2
1,1,6.5,0,61,72,1,1,0,20.0,14.0,2.3,73.0,3.6,0,0,0,0,0,0,1,8,2.0
0,3,7.7,0,66,68,1,1,2,39.3,21.7,2.3,76.0,4.4,0,0,0,0,0,0,1,0,3.5
1,5,6.7,0,65,62,1,1,0,20.0,28.1,1.7,74.0,3.5,0,0,0,0,0,0,2,8,2.3
1,11,7.5,2,59,65,0,2,0,40.1,36.1,4.1,68.3,3.7,0,0,1,0,0,1,1,8,6.0
1,6,6.5,1,71,73,0,1,2,25.1,18.0,4.4,86.1,4.1,0,1,1,1,0,0,1,9,2.0
1,7,7.5,0,62,66,1,1,0,40.1,32.6,0.5,79.5,4.0,0,1,0,0,0,0,1,6,5.3
0,0,8.5,0,81,84,1,3,2,66.8,57.8,6.0,90.0,4.8,1,1,4,1,1,0,2,4,7.2
1,0,6.5,0,63,66,0,3,0,22.5,18.7,5.7,71.0,3.8,0,1,0,0,0,0,2,2,2.4
1,5,8.4,0,75,86,0,3,2,65.8,65.2,5.7,86.0,4.8,1,1,3,2,1,0,2,1,8.4
0,7,8.3,0,69,88,1,3,0,69.8,46.7,5.6,84.6,4.8,1,1,0,0,0,1,1,6,7.9
1,8,8.2,0,82,82,2,3,1,62.8,58.1,6.8,78.3,4.8,1,1,3,2,1,1,0,7,7.6
1,0,7.9,0,68,74,1,2,0,49.1,33.7,4.1,73.0,4.5,1,0,2,2,1,1,1,2,5.2
1,6,7.6,2,78,84,2,3,2,53.9,35.6,8.7,77.6,4.8,1,1,3,2,1,1,1,2,5.8
1,2,8.3,0,81,84,2,3,2,64.4,56.5,5.9,90.0,4.8,1,1,2,3,1,1,1,7,7.8
0,2,7.6,0,70,80,1,3,1,53.7,45.7,5.2,90.0,4.5,1,1,0,0,0,0,1,1,7.0
0,7,8.3,0,57,63,2,1,2,55.6,50.2,4.4,72.0,4.0,1,0,1,0,0,1,1,7,7.4
0,6,7.6,0,55,62,0,0,1,26.9,16.8,4.3,67.6,4.1,0,0,1,0,0,1,1,4,3.3
0,4,7.6,0,61,72,1,2,0,38.9,60.7,4.3,80.0,4.4,0,0,0,0,0,0,1,0,5.0
0,1,6.8,0,63,66,0,2,2,20.0,26.0,5.2,80.0,4.5,0,1,0,0,0,0,2,2,2.3
1,0,7.5,0,71,87,1,2,0,42.3,41.2,7.9,81.0,3.6,1,1,2,2,1,1,0,7,4.8
1,6,7.4,0,72,80,1,3,1,54.8,59.3,5.9,82.3,4.6,0,0,4,0,1,0,0,1,5.5
1,0,7.0,0,57,65,1,2,0,24.2,24.8,3.1,69.0,4.7,0,1,2,3,1,0,1,9,3.3
1,4,7.9,0,62,57,1,1,1,47.6,42.7,2.2,62.0,3.9,0,0,0,0,0,0,1,3,6.5
1,4,8.4,0,78,82,2,3,2,77.1,68.8,5.4,90.0,4.7,1,1,3,2,1,1,1,5,7.9
1,3,8.3,0,77,83,2,3,0,71.5,59.9,6.7,90.0,4.8,1,1,2,2,1,1,2,8,8.4
1,7,7.1,1,72,69,2,1,2,26.6,17.6,2.8,86.8,3.9,0,1,0,0,0,1,0,4,3.5
1,2,7.0,1,55,63,0,1,1,20.0,26.1,2.4,85.0,4.8,1,0,0,0,0,0,1,5,2.9
1,0,8.5,0,73,84,1,1,2,47.7,49.9,3.4,85.0,4.8,1,1,4,1,1,0,2,0,6.4
0,0,7.9,0,72,86,2,3,2,65.9,38.3,7.5,84.0,4.7,1,1,2,3,1,1,1,5,6.4
1,3,7.7,0,57,67,1,2,2,45.8,14.7,4.3,81.0,4.0,0,1,1,3,1,1,1,8,3.9
0,5,8.0,0,81,87,2,3,2,62.2,63.9,7.0,88.0,4.6,1,1,2,3,1,1,0,8,8.8
0,2,6.5,2,65,74,1,2,0,26.6,35.4,4.1,77.0,4.0,0,0,0,0,0,0,1,9,3.4
1,1,6.5,1,61,65,0,1,0,20.0,17.7,1.2,69.0,4.0,0,0,0,0,0,0,0,8,3.3
1,4,7.7,0,86,84,0,2,0,46.4,41.3,4.6,90.0,4.5,1,1,3,2,1,1,1,2,5.8
0,6,8.1,0,77,81,1,3,2,56.9,28.8,5.7,90.0,4.5,1,1,2,3,1,0,1,2,5.8
0,3,8.2,0,78,83,2,3,2,66.2,63.8,5.3,80.0,4.0,1,1,3,2,1,0,2,9,7.5
0,6,7.8,1,83,69,1,1,1,36.1,39.3,2.3,76.5,4.5,1,0,2,2,1,0,1,2,6.0
0,1,7.4,0,55,59,1,1,0,29.6,35.4,2.3,71.0,3.9,0,1,0,0,0,0,0,8,5.7
1,0,7.6,1,63,66,1,1,0,27.3,30.2,3.6,77.0,4.4,0,1,0,0,0,1,2,0,5.9
0,5,6.5,0,65,67,1,1,0,20.2,17.9,3.6,76.0,4.4,0,0,0,0,0,0,1,7,2.3
0,5,8.0,0,80,84,1,3,2,60.1,51.2,7.1,90.0,4.8,1,1,2,2,1,1,2,8,7.8
1,9,8.1,0,66,66,2,2,2,55.5,40.2,5.5,76.6,4.6,1,1,0,0,0,1,0,8,6.8
1,6,8.4,1,55,82,0,2,3,61.0,53.8,3.7,86.8,4.4,1,1,4,0,1,1,2,5,7.9
1,2,7.4,0,74,80,1,1,0,27.9,37.2,2.2,78.0,4.8,1,0,2,2,1,1,2,1,5.8
1,6,8.2,0,65,62,0,1,1,55.8,53.6,0.8,78.3,4.2,0,1,0,1,0,0,0,1,8.4
1,3,7.4,0,73,73,1,1,1,33.6,26.5,0.0,64.0,4.3,0,1,0,0,0,0,1,8,4.2
1,4,8.2,0,72,85,2,3,2,70.5,56.2,6.9,90.0,4.6,1,0,0,0,0,0,1,2,9.2
1,6,7.9,0,74,88,1,3,2,67.0,48.2,7.8,90.0,4.8,1,1,4,0,1,1,1,2,6.9
1,3,7.4,2,73,66,1,2,2,37.2,36.3,6.3,80.0,4.2,1,1,2,3,1,0,1,8,5.0
1,8,7.5,0,67,72,1,1,1,21.7,19.1,2.0,66.7,3.4,0,0,0,0,0,0,1,9,5.0
1,0,7.5,0,55,78,0,1,1,26.8,19.1,2.6,78.0,3.5,0,1,0,0,0,0,1,0,3.9
1,7,6.8,2,59,72,1,2,0,23.1,21.6,0.3,85.4,4.2,0,0,1,0,0,0,0,4,2.4
1,6,8.0,0,58,64,0,2,0,64.3,57.0,6.6,74.7,4.8,1,1,0,0,0,0,2,0,8.1
1,0,7.9,0,79,82,2,3,2,56.0,59.2,7.9,76.0,4.6,1,1,2,3,1,0,1,0,6.1
1,0,7.3,0,79,78,1,3,1,42.5,30.5,6.8,78.0,4.5,1,1,0,0,0,1,0,4,3.9
1,2,7.2,0,64,73,1,1,0,25.5,25.5,2.9,69.0,4.1,1,0,0,0,0,0,2,7,3.8
0,11,8.0,0,76,70,0,2,1,51.6,40.9,2.5,80.6,3.8,1,1,0,3,1,0,2,0,7.5
0,2,7.4,0,69,68,1,2,0,44.3,27.8,4.8,69.0,3.6,0,0,0,0,0,0,2,7,5.3
1,0,7.4,0,68,70,1,1,1,21.7,27.9,2.2,80.0,4.7,1,1,0,0,0,1,1,5,2.9
1,5,7.5,0,56,75,1,1,0,25.6,22.9,0.8,70.0,3.9,0,0,0,0,0,0,0,8,3.9
1,6,7.7,0,57,70,2,0,1,41.6,39.9,3.1,72.1,4.1,0,0,0,0,0,0,0,2,5.6
1,5,6.5,0,55,66,1,2,0,20.0,27.3,7.2,76.0,4.2,1,1,0,0,0,1,2,0,2.5
0,5,8.3,0,80,88,2,3,2,77.0,75.0,6.6,85.0,4.8,1,1,3,2,1,1,2,9,7.5
1,4,8.2,0,72,84,2,3,2,67.5,60.8,6.6,90.0,4.7,1,1,3,2,1,1,2,5,8.3
1,2,7.9,2,81,79,1,2,1,49.0,41.1,3.8,85.0,4.8,0,0,3,2,1,0,1,1,3.8
0,4,7.9,1,89,85,1,1,0,37.5,44.9,1.4,83.0,4.8,1,1,3,1,1,1,1,4,5.3
1,7,8.5,0,76,82,1,3,2,76.6,54.9,7.1,90.0,4.7,1,1,3,1,1,1,2,7,9.4
0,2,8.3,0,79,83,2,3,2,73.0,65.1,8.1,88.0,4.8,1,0,0,0,0,1,0,7,7.5
0,0,7.8,0,80,64,1,2,2,47.6,38.4,5.2,90.0,4.5,1,1,2,2,1,0,1,3,5.5
0,0,7.5,1,60,62,1,1,1,33.6,27.9,1.8,74.0,3.9,0,1,0,0,0,0,1,9,4.4
1,5,6.8,0,76,63,1,2,0,33.2,37.0,4.9,79.0,3.4,0,1,0,0,0,1,2,8,6.0
0,5,8.0,0,57,66,1,3,0,60.7,53.9,5.6,90.0,3.7,0,1,2,2,1,1,1,8,7.6
1,5,7.9,0,69,67,1,3,3,60.7,60.9,6.0,86.0,4.5,1,1,2,2,1,0,2,8,8.3
1,7,7.9,0,66,80,2,3,3,66.5,53.0,6.2,85.5,4.5,1,1,3,3,1,1,0,5,6.8
0,9,7.4,0,72,85,2,2,1,28.1,38.9,2.9,90.0,4.3,1,1,2,3,1,1,1,8,3.7
0,8,7.5,1,75,88,1,2,3,43.5,20.7,6.3,79.0,3.8,1,1,1,3,1,0,0,1,3.8
1,0,7.6,0,77,67,1,1,0,35.1,28.0,1.3,72.0,3.4,0,0,0,0,0,1,1,5,6.8
0,4,7.8,0,78,80,1,3,2,45.3,43.7,7.8,83.0,4.2,1,1,0,0,0,1,1,1,7.3
1,4,8.1,0,68,88,1,3,2,61.8,42.0,5.1,85.0,4.7,1,1,3,2,1,1,1,3,6.8
0,4,8.1,0,71,84,2,3,2,67.0,31.5,7.1,86.0,3.8,1,1,1,3,1,1,1,5,6.0
0,2,8.2,0,71,85,1,3,1,62.7,47.6,6.9,86.0,4.3,1,1,3,2,1,0,1,8,8.5
0,2,8.3,0,55,65,1,1,0,47.0,48.4,2.0,69.0,4.5,0,1,0,0,0,0,1,0,6.4
0,6,8.4,1,57,67,2,2,2,60.1,56.6,4.0,75.5,4.3,0,0,0,1,0,0,2,1,9.0
1,10,6.7,0,55,67,1,1,0,21.5,23.9,2.3,77.6,4.6,0,1,1,0,0,0,0,8,3.2
1,2,7.1,0,57,57,1,1,1,25.9,29.3,1.7,72.0,3.9,0,0,0,0,0,0,1,2,2.7
1,4,8.4,0,83,84,2,3,2,75.7,73.2,7.7,90.0,4.6,1,1,2,2,1,1,0,4,9.0
1,2,7.7,0,55,61,1,1,0,36.7,36.9,1.4,88.0,4.7,0,1,0,0,0,0,0,3,7.0
1,2,7.7,0,55,59,1,1,0,32.6,14.9,2.4,78.0,3.2,0,0,0,0,0,0,1,8,4.5
1,2,7.9,0,87,83,2,3,2,64.0,46.6,7.0,90.0,4.7,1,1,2,2,1,1,2,7,7.3
0,2,8.1,0,55,61,0,1,0,36.2,30.9,2.5,88.0,4.3,0,0,0,0,0,1,1,6,5.8
0,5,8.2,0,83,65,1,2,1,57.4,45.1,5.5,79.0,4.4,1,1,3,2,1,1,1,8,6.8
0,4,8.2,0,69,81,1,3,2,68.3,49.8,5.7,82.0,4.3,1,1,0,0,0,0,0,3,7.7
1,5,7.4,1,60,75,2,3,3,57.8,47.4,5.9,86.0,4.2,1,1,0,0,0,1,0,8,6.2
1,4,8.2,0,84,82,2,3,0,61.9,33.7,6.5,80.0,4.3,1,1,2,2,1,1,2,1,5.6
1,0,7.4,0,56,67,1,1,1,31.1,27.8,1.0,70.0,4.0,0,0,0,0,0,0,1,0,4.0
1,11,7.5,0,80,77,0,1,1,38.5,28.2,2.6,68.5,3.9,1,1,1,0,0,1,1,9,5.5
1,4,8.4,0,82,85,2,3,0,68.8,55.4,7.3,90.0,4.2,1,1,2,2,1,1,2,0,8.1
1,0,7.6,0,55,74,1,1,1,41.8,26.6,2.4,67.0,4.5,0,0,0,0,0,0,1,1,4.7
1,10,9.0,0,78,85,2,3,3,87.2,65.4,6.7,90.0,4.8,1,1,1,3,1,1,0,8,10.2
1,2,8.2,1,79,85,2,3,1,76.0,58.2,6.6,90.0,4.7,1,1,1,3,1,0,2,8,7.6
1,0,8.1,0,64,65,1,1,2,38.5,34.2,3.9,72.0,4.1,1,0,0,0,0,1,2,4,6.4
1,6,6.7,0,62,61,2,1,1,27.9,32.2,3.8,70.4,3.8,0,1,1,0,0,0,1,2,5.3
0,5,7.6,1,88,62,2,1,2,43.0,35.7,3.1,87.0,4.8,1,0,0,0,0,0,1,8,6.3
0,6,6.8,2,56,66,0,1,0,24.0,49.9,2.9,74.5,3.7,0,1,0,1,0,1,1,2,4.8
1,2,8.4,0,59,80,1,2,1,68.0,50.1,3.8,74.0,4.3,1,1,4,1,1,1,1,9,7.4
0,4,7.8,0,59,84,0,1,2,33.5,14.2,3.0,74.0,4.3,0,1,0,0,0,0,1,7,4.7
1,5,8.5,0,77,88,2,3,2,81.1,78.0,6.8,90.0,4.8,1,1,3,1,1,1,1,8,10.1
1,5,7.7,0,55,68,0,1,1,27.1,25.5,2.6,70.0,3.6,0,1,0,0,0,0,1,9,4.1
0,1,8.3,0,85,80,1,3,2,68.3,57.5,6.8,88.0,4.7,1,1,2,2,1,0,1,0,7.2
1,6,8.0,0,73,83,0,0,2,35.3,45.2,1.2,80.4,4.4,1,1,2,2,1,0,1,9,5.0
0,2,8.6,0,81,85,2,3,2,76.1,50.3,5.8,84.0,4.5,1,1,3,2,1,0,2,2,8.7
1,4,7.9,0,75,73,1,3,1,57.7,51.8,4.3,81.0,4.5,0,1,2,3,1,1,1,6,6.8
1,1,6.5,0,85,69,1,3,0,21.1,20.2,6.4,72.0,4.6,1,1,1,3,1,1,2,8,2.2
1,6,7.6,0,57,72,0,3,0,36.4,36.4,5.7,88.2,4.8,1,1,4,2,1,0,1,2,4.6
1,11,6.5,0,82,71,1,3,1,22.4,15.6,7.5,72.4,4.6,1,1,1,0,0,1,1,6,2.7
0,2,8.0,0,89,80,2,3,0,72.7,59.4,7.7,90.0,4.8,1,1,4,1,1,1,0,8,8.1
0,7,8.1,0,70,74,2,1,0,38.3,32.9,4.3,90.0,4.5,1,1,2,2,1,1,1,7,5.3
0,7,7.6,0,74,68,0,1,2,37.3,35.1,2.0,65.7,3.8,0,1,0,1,0,1,1,8,6.0
1,3,7.3,0,62,72,0,1,0,22.7,16.2,1.7,64.0,3.7,0,0,0,0,0,0,0,6,5.1
1,6,6.7,2,86,67,1,3,2,42.0,42.3,6.9,90.0,4.3,1,0,0,0,0,1,2,0,4.9
0,5,8.1,0,70,64,1,2,1,61.4,60.7,6.8,77.0,3.8,1,0,0,0,0,0,1,8,9.2
1,2,8.4,0,62,68,1,1,1,59.0,46.1,1.8,70.0,4.2,0,0,0,0,0,1,1,5,5.9
0,2,8.8,0,78,71,0,2,1,67.9,36.7,4.1,78.0,4.5,1,1,0,0,0,1,1,1,6.7
0,8,6.6,2,65,82,2,1,3,20.0,14.6,3.6,86.4,4.7,1,0,3,1,1,0,2,3,2.0
1,5,6.9,1,73,87,1,2,0,25.6,17.8,5.0,85.0,4.8,1,1,3,2,1,0,1,9,2.0
1,10,8.4,1,73,69,1,2,2,77.5,65.9,5.8,90.0,4.1,1,1,0,2,1,0,0,8,8.5
1,4,8.4,0,81,83,0,3,2,59.9,49.5,8.2,87.0,4.8,1,1,2,3,1,0,2,4,6.7
1,0,7.5,1,73,73,1,3,0,48.1,42.8,6.4,80.0,4.3,1,1,0,0,0,1,1,1,5.0
1,8,7.3,0,56,72,1,2,0,33.6,35.2,3.9,83.8,4.6,0,1,1,1,0,0,1,8,4.5
1,7,7.7,0,73,70,0,2,0,58.7,41.3,8.6,72.0,4.2,1,1,1,3,1,0,2,4,5.2
0,4,6.7,0,75,70,0,1,1,20.0,7.7,2.5,80.0,3.7,1,1,0,0,0,1,0,4,2.1
0,2,8.3,0,55,59,1,1,1,51.3,50.8,2.7,71.0,3.9,1,0,0,0,0,0,2,3,6.3
1,6,7.5,1,82,75,1,1,0,44.4,45.9,3.4,75.1,4.0,0,1,3,3,1,1,1,7,5.7
1,0,8.5,0,83,81,2,3,2,82.6,68.5,8.7,86.0,4.8,1,1,2,3,1,1,2,0,8.5
1,4,8.4,0,82,83,2,3,2,64.1,61.5,6.8,89.0,4.5,1,1,2,2,1,1,1,0,6.9
0,0,8.4,0,79,76,1,3,2,69.1,62.4,7.3,86.0,4.4,1,0,0,0,0,1,2,0,9.1
0,8,7.6,0,79,69,2,1,1,40.7,25.6,5.5,78.6,4.3,1,1,3,2,1,0,2,2,4.7
0,4,7.5,0,55,67,1,1,1,36.9,37.1,2.4,79.0,4.4,1,1,0,0,0,0,2,3,4.6
1,4,7.7,0,79,69,0,2,0,39.2,36.1,6.2,90.0,4.4,1,1,3,2,1,0,2,3,6.7
0,0,6.7,0,65,61,1,1,0,29.6,33.2,3.1,81.0,4.5,0,1,0,0,0,0,1,2,4.3
1,0,8.1,0,83,79,2,3,1,73.5,64.3,7.1,80.0,4.8,1,1,4,1,1,1,1,3,8.4
1,1,8.3,0,73,83,1,3,2,72.5,62.6,8.4,85.0,4.2,1,1,2,3,1,1,0,2,8.3
0,6,7.5,0,55,64,1,1,2,32.1,26.1,2.8,69.8,3.5,1,1,1,1,0,0,1,0,5.3
1,3,8.2,0,85,62,0,3,2,54.7,48.1,5.6,75.0,4.6,1,1,3,2,1,0,1,8,7.0
1,0,7.8,0,81,83,1,2,2,48.5,27.5,4.2,77.0,4.3,0,0,0,0,0,1,0,4,4.9
1,0,6.9,0,68,66,1,1,1,20.0,23.8,2.6,64.0,3.5,0,0,0,0,0,0,1,5,3.7
1,0,7.5,0,76,67,0,1,2,32.1,37.0,2.6,78.0,4.5,1,1,0,0,0,0,0,9,6.2
1,4,8.4,2,55,84,0,3,2,51.7,34.6,6.8,69.0,4.5,1,1,1,3,1,1,1,3,7.0
0,4,6.7,0,63,67,0,1,1,20.4,20.4,2.3,77.0,3.7,0,0,0,0,0,0,1,1,3.4
1,9,7.4,1,56,64,1,1,1,27.2,31.6,1.7,76.1,4.1,0,0,0,1,0,0,2,7,4.6
1,4,8.5,0,76,84,2,2,0,64.3,55.9,5.4,83.0,4.7,0,1,0,0,0,0,0,0,8.6
1,8,7.4,0,55,65,2,1,0,24.7,28.3,1.2,60.0,4.2,0,1,0,0,0,0,0,6,4.8
1,3,8.1,0,78,86,2,2,0,69.8,53.7,4.8,83.0,4.7,1,1,2,3,1,1,1,4,6.4
0,6,7.8,0,86,66,2,2,0,52.2,45.4,4.5,83.9,3.9,1,1,1,0,0,0,1,7,5.7
1,4,6.5,1,61,73,1,1,0,20.1,28.0,1.6,64.0,4.4,0,1,0,0,0,0,0,8,3.0
0,2,6.8,1,55,73,1,2,0,27.4,24.0,3.4,67.0,4.8,0,0,0,0,0,0,1,5,4.0
1,4,6.7,2,55,57,1,1,0,20.0,22.3,1.6,77.0,3.8,0,0,0,0,0,0,2,4,3.1
1,4,7.6,0,55,63,0,1,1,35.6,35.4,2.2,75.0,4.2,0,1,0,0,0,1,2,7,4.7
1,2,7.4,1,55,62,1,2,0,43.5,40.8,3.3,71.0,3.7,0,1,0,0,0,0,0,8,5.0
0,2,6.5,0,75,84,1,1,0,20.0,26.8,2.3,78.0,4.1,1,1,0,0,0,0,0,6,3.2
1,0,8.5,0,75,88,2,3,1,64.5,60.6,7.7,90.0,4.7,1,1,2,2,1,1,1,7,7.2
1,6,7.0,0,55,83,2,2,2,22.0,23.0,6.4,90.0,4.5,1,1,2,3,1,0,2,2,3.5
0,0,7.2,0,56,67,1,2,0,27.4,24.7,3.7,69.0,4.5,0,1,1,3,1,0,2,2,3.2
0,0,7.6,0,76,81,1,2,2,43.7,32.1,4.6,76.0,4.5,1,1,0,0,0,0,0,4,4.3
0,5,8.1,0,90,81,2,3,2,67.0,52.4,6.3,83.0,4.4,1,1,2,3,1,1,1,8,8.5
0,0,7.7,0,57,65,1,1,1,42.3,39.9,2.0,72.0,4.4,0,0,0,0,0,1,2,1,5.9
1,7,7.6,0,63,70,2,1,0,27.4,22.0,3.1,81.9,4.0,0,1,0,0,0,0,0,7,4.4
1,7,7.7,1,58,66,1,0,1,38.5,37.3,1.0,76.7,4.3,0,1,0,1,0,0,2,3,7.6
1,2,8.3,0,69,88,1,3,2,60.6,55.8,6.8,90.0,4.8,1,1,2,2,1,1,1,7,6.8
1,11,8.2,0,75,88,0,2,3,60.4,50.4,6.1,86.3,3.9,1,1,4,1,1,1,2,3,8.2
0,8,8.0,0,79,83,0,3,1,58.4,43.5,6.0,90.0,4.8,1,1,4,1,1,1,1,8,6.3
1,4,8.9,0,76,82,1,1,0,59.4,36.5,2.9,70.0,4.7,1,1,0,0,0,0,2,5,7.6
0,2,8.4,0,64,73,1,1,1,51.5,51.0,3.1,73.0,4.3,0,1,0,0,0,1,2,0,7.7
1,7,8.4,0,75,79,1,3,0,76.1,48.7,7.2,82.4,4.6,1,1,0,0,0,1,0,8,9.2
1,2,7.8,1,59,64,0,2,0,29.3,26.3,3.4,78.0,4.4,0,1,2,3,1,0,2,0,3.6
0,0,7.9,2,75,74,1,3,0,58.8,51.7,6.8,75.0,4.1,1,0,0,0,0,0,0,9,7.8
1,6,8.0,0,57,64,1,2,1,44.3,36.8,3.4,76.6,3.8,1,0,0,0,0,1,0,0,4.2
1,5,8.2,0,78,87,0,3,2,57.7,46.3,6.1,90.0,4.8,1,1,1,3,1,0,1,7,7.1
0,4,7.6,0,77,82,1,3,2,53.7,52.9,8.0,84.0,4.0,1,1,2,2,1,1,1,6,5.8
0,0,8.4,0,76,83,1,3,2,66.1,45.8,6.4,89.0,4.2,1,1,3,1,1,0,1,4,8.0
1,4,7.6,2,60,64,1,2,0,52.3,50.6,3.9,70.0,4.7,0,1,2,2,1,1,1,1,6.7
0,0,7.6,0,73,77,0,3,0,42.1,37.1,6.4,90.0,4.7,0,1,0,0,0,1,0,1,5.6
0,0,7.8,0,82,69,1,1,0,31.1,35.0,1.8,74.0,4.5,1,0,2,2,1,0,1,5,5.0
0,3,7.5,0,80,72,1,3,2,50.9,23.8,5.6,90.0,4.2,1,1,2,2,1,0,0,0,4.6
1,9,6.5,2,61,68,1,1,0,34.6,17.9,5.1,84.3,4.7,0,1,0,1,0,1,0,7,2.9
1,6,6.7,0,62,58,1,1,2,24.5,24.2,2.0,61.7,4.5,0,0,0,0,0,0,2,9,3.1
1,7,7.0,0,63,63,1,1,0,28.1,23.4,1.6,68.0,3.8,0,0,0,0,0,0,1,3,4.4
1,1,6.6,0,62,69,1,3,1,36.2,39.9,5.9,79.0,3.2,0,1,0,0,0,1,2,3,4.2
1,0,8.5,0,81,76,2,3,2,72.2,51.6,5.6,90.0,4.6,1,1,4,1,1,0,1,3,7.4
0,4,6.5,1,55,67,1,1,0,20.0,9.6,1.2,75.0,3.5,0,0,0,0,0,0,1,0,2.6
0,4,7.8,0,66,70,1,2,1,49.3,38.4,5.2,74.0,4.2,0,1,0,0,0,1,0,4,6.8
0,2,7.2,0,61,71,0,2,0,30.1,41.0,3.2,77.0,4.6,0,0,0,0,0,0,0,8,5.4
1,7,6.7,0,56,61,0,2,0,24.0,19.7,2.8,70.4,3.4,0,0,0,0,0,0,1,2,2.6
1,1,8.4,0,75,86,1,3,2,70.5,72.2,7.1,70.0,3.8,1,0,0,0,0,1,1,8,9.0
1,2,7.9,2,74,65,1,2,1,53.7,39.9,2.1,81.0,4.8,0,1,0,0,0,0,1,8,7.0
0,9,7.9,0,69,87,2,3,2,53.5,46.1,4.7,82.6,4.5,1,0,2,2,1,0,1,8,6.4
0,3,7.2,0,61,67,1,1,1,21.5,15.2,1.0,63.0,3.9,0,0,0,0,0,0,2,8,2.6
1,1,8.2,0,84,87,2,3,0,65.5,39.6,6.3,83.0,4.3,1,1,2,2,1,1,1,0,6.3
0,5,7.9,0,79,87,1,3,1,57.1,25.1,8.2,80.0,4.8,1,0,3,2,1,0,0,8,4.0
1,5,7.2,1,66,66,0,1,0,25.8,47.2,1.9,63.0,3.8,0,0,0,0,0,0,0,8,5.0
1,2,7.4,0,78,74,1,1,1,25.5,18.5,3.6,80.0,3.6,1,1,0,0,0,0,1,6,5.5
1,6,6.5,0,81,85,1,1,1,30.5,38.6,4.1,77.9,4.8,0,1,0,0,0,0,2,2,3.7
1,6,8.2,0,83,88,2,3,2,75.9,58.5,8.9,90.0,4.6,1,1,3,0,1,1,0,7,7.7
1,2,8.0,0,84,82,2,2,2,65.6,54.0,5.4,86.0,4.8,1,1,4,1,1,1,1,2,6.6
1,7,7.7,0,56,71,1,1,1,39.1,34.4,2.2,73.4,4.1,0,0,0,0,0,0,1,7,5.9
1,0,8.3,0,58,66,2,1,1,51.0,22.9,0.6,71.0,3.9,0,1,0,0,0,0,2,9,7.0
0,4,7.4,0,79,84,2,2,2,36.7,38.8,4.8,87.0,4.0,1,1,2,3,1,0,0,4,4.3
1,0,8.5,0,80,83,2,3,2,72.7,43.8,7.3,90.0,4.8,1,1,4,1,1,1,2,0,7.8
1,1,6.6,0,62,68,0,1,1,20.0,25.0,1.0,75.0,3.2,0,0,0,0,0,0,2,8,2.1
1,0,6.5,1,75,74,1,2,0,20.0,31.1,5.0,71.0,4.0,1,1,0,0,0,0,1,2,3.2
0,5,6.7,0,60,69,1,2,1,24.1,28.6,4.4,78.0,4.4,0,1,0,0,0,1,2,0,3.0
1,2,7.3,0,72,88,0,3,2,37.6,28.2,7.2,77.0,4.6,1,1,2,2,1,0,1,0,4.5
1,4,7.5,0,58,71,1,1,1,33.6,38.8,3.4,77.0,3.9,1,1,0,0,0,1,0,0,5.2
1,5,7.5,0,61,72,1,1,1,29.3,44.1,1.7,66.0,4.0,0,1,0,0,0,0,1,3,5.4
0,4,7.7,0,80,86,0,3,2,49.3,37.8,6.6,87.0,4.8,1,1,2,2,1,0,1,4,6.2
1,4,7.6,0,56,70,0,2,0,41.3,39.5,4.5,75.0,3.6,0,0,0,0,0,0,1,0,6.2
1,5,6.5,0,74,88,0,2,1,20.0,22.7,6.1,87.0,4.8,1,1,3,1,1,0,2,6,2.4
1,9,7.4,1,68,73,2,2,1,24.8,20.8,4.5,64.3,4.1,0,0,0,0,0,0,1,1,4.4
0,3,8.5,0,84,68,1,1,0,44.9,40.9,3.3,75.0,4.5,1,1,0,0,0,0,2,0,7.9
1,11,7.6,1,78,66,1,3,1,54.6,49.5,9.0,81.5,3.8,1,1,0,0,0,0,1,0,6.0
0,2,8.5,0,82,70,2,3,2,79.6,63.2,5.6,90.0,4.8,1,1,4,1,1,1,1,9,7.5
0,1,7.3,0,60,65,2,1,0,27.5,29.7,4.0,83.0,3.7,1,1,2,2,1,0,0,0,4.2
1,4,7.9,0,73,81,0,1,0,37.7,22.4,1.7,88.0,4.3,1,1,0,0,0,1,2,0,5.4
1,4,8.3,0,78,84,2,3,2,78.2,59.6,6.0,90.0,4.8,1,1,2,2,1,1,0,9,8.2
1,0,8.7,0,72,88,2,3,2,87.3,64.8,8.5,88.0,4.8,1,1,4,1,1,1,1,9,10.1
0,4,6.8,2,86,83,1,3,0,31.4,26.0,7.3,85.0,4.5,1,1,0,0,0,1,1,4,4.3
1,2,7.9,0,83,82,0,1,2,33.5,24.5,3.0,77.0,4.8,1,1,1,3,1,1,2,0,4.8
1,4,8.0,0,72,82,1,3,2,58.6,44.2,8.4,90.0,4.4,1,1,3,2,1,1,0,2,5.4
1,7,6.7,2,55,64,1,1,1,24.8,18.1,0.0,62.9,4.0,0,0,0,0,0,0,1,8,3.7
1,6,6.5,0,82,86,0,3,2,24.8,45.4,7.4,90.0,4.8,1,1,2,3,1,0,0,2,3.3
1,5,7.1,0,72,81,1,3,1,48.6,56.2,7.1,74.0,4.3,0,1,3,2,1,0,2,8,5.2
1,4,7.5,0,55,78,1,1,0,34.4,16.6,0.6,66.0,3.9,0,1,0,0,0,0,2,0,5.0
1,11,6.9,0,55,81,1,1,2,24.4,21.9,5.9,90.0,4.5,1,1,2,2,1,0,2,6,2.7
1,10,8.9,1,65,66,1,2,0,77.1,58.1,7.1,72.6,4.3,0,1,4,3,1,1,0,5,7.9
1,2,7.6,0,75,60,1,2,0,30.5,35.4,4.6,84.0,3.6,0,1,2,2,1,1,1,2,4.2
0,11,7.6,0,55,59,0,1,0,36.9,29.6,1.9,75.4,3.4,0,0,0,1,0,0,0,7,5.3
1,9,7.4,1,55,60,0,1,0,24.5,22.8,1.9,61.7,3.9,0,0,0,0,0,0,1,8,3.6
0,4,7.4,1,69,70,1,2,0,29.0,31.6,6.0,75.0,3.9,0,1,1,3,1,1,2,8,5.9
1,1,6.7,1,64,64,2,3,2,38.9,26.0,6.3,85.0,4.2,1,1,0,0,0,1,0,8,3.6
1,4,6.5,2,55,64,0,2,0,20.0,27.5,4.2,90.0,4.5,0,0,0,0,0,0,1,9,2.0
1,2,7.5,0,60,69,1,1,1,30.9,35.5,2.7,72.0,4.4,0,1,0,0,0,0,0,8,4.6
1,9,7.8,0,77,86,2,3,2,56.1,50.9,7.7,82.0,4.7,1,1,0,3,1,1,1,8,6.5
1,5,8.5,0,76,84,1,3,2,66.4,59.3,7.6,78.0,4.8,1,1,2,2,1,0,1,8,6.3
0,2,8.6,0,71,83,1,3,2,66.1,51.7,5.9,83.0,4.4,1,1,2,2,1,1,1,8,7.8
0,4,8.0,0,81,65,1,2,1,49.1,37.5,5.1,82.0,4.4,0,1,2,2,1,1,1,1,6.1
1,0,8.6,0,81,80,2,2,1,73.9,61.4,6.2,90.0,4.6,1,1,3,1,1,1,2,2,8.4
1,2,6.5,1,55,66,0,2,0,20.0,3.4,3.2,76.0,3.6,0,1,0,0,0,0,2,0,2.0
1,0,7.5,1,59,72,1,2,1,44.5,43.7,3.2,90.0,3.4,0,1,0,0,0,0,2,1,5.2
0,7,8.1,0,57,71,0,1,0,39.5,19.6,0.5,63.5,4.0,0,0,0,0,0,1,0,7,5.6
1,2,8.3,0,65,83,1,3,1,71.2,49.1,5.9,81.0,4.8,1,1,0,0,0,1,2,8,7.2
1,0,8.1,0,62,67,2,1,3,45.2,29.2,3.1,78.0,4.2,1,1,2,2,1,1,1,4,4.3
1,6,8.7,0,72,76,1,3,0,76.7,56.5,7.4,73.2,4.5,1,1,2,2,1,1,0,2,7.8
1,4,7.8,0,55,66,0,2,0,33.6,12.9,5.4,71.0,4.4,0,1,0,0,0,0,1,3,5.4
0,0,7.4,0,57,65,1,2,0,32.4,24.7,3.5,68.0,3.8,0,1,0,0,0,0,0,4,4.6
1,3,8.0,0,77,83,2,3,2,66.9,63.5,7.2,90.0,4.8,1,1,2,2,1,1,2,8,7.3
1,4,8.8,0,85,83,1,3,2,64.6,56.6,5.5,90.0,4.8,1,1,4,1,1,0,0,5,9.0
1,2,8.3,0,76,88,2,2,2,67.7,68.6,6.9,85.0,4.8,1,1,2,2,1,1,1,4,8.6
0,0,7.7,0,79,80,1,1,0,32.4,27.4,4.3,90.0,4.8,0,1,3,2,1,1,1,0,4.8
1,0,7.9,0,60,58,1,2,1,46.7,47.3,4.1,64.0,4.2,0,1,0,0,0,0,0,1,7.8
1,8,8.2,1,81,81,2,2,2,61.8,52.0,3.3,82.3,4.2,1,1,3,2,1,1,2,3,8.6
0,3,8.2,0,73,84,1,3,1,62.2,52.0,8.3,79.0,4.6,1,1,0,0,0,1,1,7,7.0
0,0,6.9,0,57,84,1,2,0,34.2,43.6,4.5,66.0,4.4,1,1,2,3,1,0,1,1,3.7
0,6,7.3,0,72,73,2,0,3,28.5,23.4,4.1,83.7,4.2,1,1,0,1,0,0,2,2,3.0
0,4,8.4,0,70,88,2,3,0,71.4,52.4,6.6,90.0,4.8,1,1,2,3,1,1,2,0,6.6
1,0,8.5,0,78,87,2,3,2,77.7,60.2,6.3,86.0,4.8,1,1,3,1,1,1,1,1,8.7
0,4,7.6,0,71,64,1,2,0,34.4,41.0,4.2,78.0,3.8,0,0,0,0,0,1,0,4,4.2
0,7,8.6,1,70,81,1,3,2,81.7,64.4,7.1,89.7,4.8,1,1,2,2,1,0,2,7,9.5
1,0,8.3,0,61,66,1,3,2,62.2,44.8,8.0,82.0,4.3,1,1,0,0,0,1,1,2,7.3
1,0,8.3,0,55,72,1,2,1,57.6,62.8,3.9,79.0,4.2,0,0,0,0,0,1,0,2,8.7
0,4,8.3,0,86,82,2,3,2,74.2,47.3,7.4,86.0,4.8,1,1,2,3,1,1,0,1,7.5
0,2,8.3,0,64,64,2,1,2,53.3,25.2,4.6,70.0,4.3,1,0,0,0,0,1,0,8,7.1
1,1,7.3,0,59,57,1,2,1,40.5,32.5,4.2,71.0,4.7,0,0,0,0,0,1,2,8,5.9
0,1,6.9,0,72,86,2,3,0,42.8,38.5,6.0,78.0,4.2,1,1,2,3,1,1,2,4,4.3
0,2,7.6,0,56,67,1,1,0,34.8,32.9,0.5,80.0,3.9,0,0,0,0,0,0,1,0,3.9
0,6,8.3,0,76,85,2,3,3,78.1,59.3,7.1,70.6,3.9,1,0,2,3,1,0,2,2,7.5
1,0,8.5,0,75,85,2,3,2,79.1,65.2,5.9,90.0,4.8,1,0,3,2,1,0,2,5,8.3
1,0,7.7,1,55,80,2,3,0,62.7,44.8,8.3,90.0,4.6,1,0,0,0,0,0,1,4,7.5
1,3,8.0,0,77,81,2,3,3,67.8,46.8,7.4,85.0,4.8,1,1,0,0,0,1,1,0,6.5
0,10,7.6,0,77,88,1,0,1,28.0,29.6,3.7,77.3,4.4,1,1,0,1,0,0,2,7,5.4
1,0,7.7,0,79,81,2,2,0,48.7,32.1,6.4,71.0,4.3,1,1,3,1,1,0,0,2,5.3
1,5,7.3,1,87,88,0,3,0,48.2,47.8,6.4,77.0,4.6,1,1,0,0,0,0,0,8,7.3
1,3,7.3,1,76,64,1,2,3,35.7,33.7,4.5,81.0,3.8,0,1,0,0,0,0,2,2,5.1
1,10,7.6,0,61,68,0,1,1,39.3,26.2,5.3,80.0,4.6,1,1,0,0,0,0,1,8,3.4
0,2,7.1,1,55,65,1,1,1,31.6,22.8,0.7,69.0,3.4,0,1,0,0,0,0,0,8,5.7
1,4,7.3,1,55,65,1,1,0,29.8,26.3,2.8,81.0,4.4,0,0,0,0,0,0,1,1,4.1
1,5,7.7,0,80,82,1,1,2,28.6,21.5,2.0,85.0,4.7,1,1,0,0,0,0,1,1,4.2
1,4,7.8,0,76,81,1,3,2,64.2,56.6,7.3,88.0,4.6,1,0,3,2,1,1,1,4,7.0
1,0,6.8,2,72,84,1,2,0,20.0,33.2,6.7,81.0,4.2,1,1,0,0,0,0,2,1,4.3
1,2,7.7,0,75,67,0,2,0,38.1,38.7,4.7,80.0,4.3,0,1,0,0,0,1,2,8,5.2
1,2,7.4,0,64,73,1,1,0,36.9,21.5,3.2,80.0,4.8,0,1,0,0,0,1,1,9,5.5
1,0,8.0,1,69,68,1,1,2,49.1,29.9,0.5,82.0,4.8,0,0,0,0,0,1,1,2,5.2
1,6,7.7,0,61,72,2,3,0,42.1,33.3,8.2,77.3,4.1,1,1,0,0,0,1,1,6,5.6
1,3,6.7,1,59,67,1,1,0,20.0,27.4,3.5,81.0,4.8,0,0,0,0,0,0,0,1,3.6
0,2,8.2,0,80,79,2,3,2,76.1,61.9,7.0,81.0,4.8,1,0,2,2,1,1,1,6,9.1
1,5,7.4,0,57,68,1,2,2,39.3,23.8,7.1,85.0,3.5,1,1,2,3,1,1,1,1,5.0
1,5,6.5,2,55,68,2,1,0,23.7,39.7,0.0,73.0,4.0,0,0,0,0,0,0,2,7,5.5
0,8,8.1,0,80,86,2,3,2,59.5,58.0,7.5,90.0,4.5,1,1,3,3,1,1,2,2,7.0
1,9,8.3,0,55,59,2,1,1,45.1,35.8,1.1,76.5,3.7,0,1,1,1,0,0,0,8,7.0
1,0,7.4,0,55,62,1,1,1,34.0,31.2,0.7,64.0,4.0,0,0,0,0,0,0,2,0,5.7
1,2,7.9,0,77,84,2,1,0,48.8,35.8,1.4,77.0,4.3,1,0,0,0,0,1,1,8,7.0
1,11,7.7,0,55,68,0,1,0,29.6,26.2,2.7,69.6,3.6,0,1,0,0,0,0,0,8,3.4
0,4,7.4,0,55,71,2,1,1,46.0,46.4,2.3,80.0,4.1,1,0,0,0,0,1,1,1,6.6
0,6,8.3,0,78,82,2,2,2,55.3,53.1,1.8,74.9,4.1,0,0,0,0,0,0,2,0,7.0
0,0,8.0,0,87,67,1,2,0,46.6,36.4,5.0,72.0,4.8,1,0,0,0,0,0,1,9,6.3
1,7,6.8,0,55,61,2,3,0,27.5,36.0,5.7,69.0,3.6,1,1,2,2,1,0,2,9,3.5
1,5,7.3,0,83,72,0,2,1,29.2,23.3,3.3,78.0,4.8,0,1,0,0,0,1,1,8,4.5
1,6,8.3,0,78,87,2,3,3,81.4,65.3,8.6,89.0,4.8,1,1,4,2,1,1,1,2,8.6
1,5,6.5,0,61,65,1,1,0,20.0,37.4,1.4,80.0,3.8,0,0,3,2,1,0,1,8,3.2
1,0,7.5,0,55,67,1,2,0,33.6,13.3,4.3,64.0,3.8,0,0,0,0,0,0,1,0,5.2
1,2,7.8,1,55,71,1,2,0,47.5,49.6,5.3,75.0,4.5,0,1,3,2,1,1,2,7,4.8
1,6,8.3,0,77,85,2,3,2,70.1,62.3,8.5,89.9,4.7,1,1,3,1,1,1,1,1,9.8
1,4,6.6,1,56,86,1,2,0,23.4,9.9,6.4,71.0,3.8,1,1,0,0,0,1,0,4,5.0
0,5,6.5,0,56,64,1,1,0,20.0,20.6,0.6,63.0,3.5,0,0,0,0,0,1,1,8,2.4
1,8,8.6,1,79,87,0,3,2,68.9,52.1,8.5,85.5,4.5,1,1,4,1,1,1,2,3,9.0
0,0,7.2,0,65,74,1,1,0,27.3,28.0,1.1,78.0,4.2,0,0,0,0,0,0,1,7,4.3
1,6,8.5,0,76,88,2,2,2,85.0,76.4,6.9,90.0,4.8,1,1,1,1,1,1,2,2,9.9
1,7,7.8,0,71,66,0,3,0,42.5,35.8,5.0,70.4,4.4,1,1,1,0,0,0,0,6,5.3
1,3,7.4,0,55,71,1,2,1,46.9,33.3,3.2,67.0,3.1,0,1,0,0,0,0,1,4,5.2
1,10,8.2,0,59,85,2,1,0,50.3,32.2,1.4,68.4,4.4,0,0,1,2,1,0,2,4,6.0
0,11,7.5,0,63,69,0,2,0,50.4,28.1,4.6,71.6,4.2,1,0,0,0,0,0,1,6,4.6
1,8,8.0,0,66,74,2,3,0,53.1,36.0,7.9,81.2,4.5,1,1,0,1,0,0,1,1,5.8
0,4,7.9,1,55,72,1,3,0,50.3,31.8,8.6,71.0,3.9,1,1,0,0,0,0,1,1,6.0
1,6,7.7,1,55,69,2,1,1,47.5,36.0,3.3,82.3,4.1,1,0,1,0,0,1,2,1,7.1
1,7,8.6,0,78,88,1,3,0,65.1,50.7,7.4,90.0,4.8,1,1,1,1,1,1,1,7,7.7
1,0,6.9,0,55,57,1,2,0,33.6,40.4,4.8,73.0,4.2,0,0,0,0,0,0,1,4,3.8
1,8,6.9,1,87,71,0,1,1,25.4,18.7,4.7,73.6,4.2,1,0,1,0,0,1,1,2,4.1
1,7,7.4,2,55,68,2,0,2,41.5,32.2,1.9,80.8,4.3,0,0,1,1,0,0,1,0,5.8
1,6,7.6,0,74,87,2,2,0,60.3,40.6,8.5,80.7,4.8,1,1,1,3,1,1,1,2,6.5
1,5,7.4,0,80,76,1,1,0,36.9,33.3,2.2,87.0,3.7,0,1,0,0,0,1,1,4,5.5
1,7,8.4,0,79,87,0,3,2,66.9,57.9,5.9,86.7,4.8,1,1,1,1,1,1,0,1,7.3
1,3,8.0,0,77,68,1,3,0,65.1,46.2,7.5,74.0,3.8,0,1,0,0,0,1,2,8,8.2
1,8,7.5,1,57,66,0,1,0,27.0,23.5,3.0,71.9,3.7,0,1,0,1,0,0,1,1,4.0
0,3,8.1,0,78,67,0,2,0,49.6,45.1,4.6,73.0,4.7,1,1,0,0,0,0,0,8,8.4
1,0,6.7,0,74,70,0,1,1,20.0,32.5,4.7,79.0,3.6,1,0,0,0,0,1,0,6,2.7
1,0,7.6,0,61,73,1,2,1,45.0,40.8,6.1,67.0,4.4,1,1,3,1,1,1,1,7,6.1
0,0,8.5,0,76,68,1,3,2,74.9,44.5,7.9,74.0,4.1,0,1,1,3,1,1,1,6,7.5
0,7,8.4,0,64,84,2,3,2,64.2,42.7,6.2,89.0,4.6,1,1,4,2,1,1,2,2,8.9
1,4,7.6,0,62,71,1,1,1,36.7,26.0,4.5,70.0,4.5,0,0,0,0,0,1,1,3,5.9
0,7,8.5,0,80,84,2,3,2,72.8,55.3,6.2,90.0,4.8,1,1,2,3,1,1,2,8,8.2
1,3,7.8,0,65,83,0,3,1,47.3,35.3,4.7,88.0,4.6,1,1,3,2,1,0,0,7,5.8
1,8,7.1,0,56,74,1,2,1,29.4,18.8,3.7,79.9,4.7,0,1,2,1,1,1,1,9,3.7
0,3,7.9,0,70,80,0,3,2,52.5,52.2,7.6,88.0,4.6,1,1,0,0,0,0,1,8,7.4
1,4,6.5,0,55,67,1,2,0,20.0,13.5,3.5,79.0,4.5,0,1,0,0,0,0,1,8,2.4
1,3,7.7,0,55,63,1,1,1,45.8,39.7,0.9,69.0,4.2,0,0,0,0,0,0,2,8,5.9
0,5,7.7,0,55,68,0,2,0,40.5,34.7,4.5,80.0,4.3,0,1,0,0,0,1,2,8,5.0
1,2,7.1,0,74,66,1,1,0,30.3,19.2,3.6,77.0,4.1,0,1,0,0,0,0,0,6,3.2
0,5,7.6,0,55,70,1,1,1,39.5,38.4,0.0,73.0,4.7,0,0,0,0,0,0,0,8,5.5
0,3,8.2,0,57,62,2,3,1,63.9,37.2,4.4,83.0,4.3,0,1,3,2,1,1,2,8,8.2
1,2,8.6,0,82,83,0,2,2,58.1,60.5,5.3,81.0,4.4,1,1,3,2,1,1,0,0,7.1
1,0,7.7,0,59,59,1,2,1,47.8,49.0,5.2,69.0,4.2,0,0,0,0,0,1,2,4,7.3
1,2,7.4,0,55,58,1,2,1,34.4,31.5,6.0,71.0,4.8,1,1,0,0,0,0,0,8,4.2
0,2,8.0,0,67,67,0,1,0,37.9,36.1,1.6,72.0,4.2,0,0,0,0,0,0,1,5,5.9
1,11,7.5,0,55,70,1,1,1,31.8,32.7,3.6,67.2,4.0,0,0,0,0,0,0,0,6,5.6
0,11,6.6,2,57,71,2,1,0,35.8,16.2,5.9,84.2,3.7,1,1,3,2,1,1,1,4,2.8
1,2,8.1,0,79,83,2,3,2,67.9,48.5,7.6,89.0,4.8,1,0,3,2,1,1,0,7,5.9
1,4,7.6,0,59,60,1,1,0,28.9,50.4,1.5,81.0,3.8,0,1,0,0,0,0,1,3,5.8
1,8,7.6,0,60,67,0,2,2,31.4,30.9,3.9,80.9,4.2,0,1,1,0,0,0,2,2,5.0
0,0,6.6,0,55,68,1,2,0,20.0,7.4,2.1,71.0,4.0,0,0,2,3,1,0,1,1,2.0
0,6,8.3,0,70,70,1,3,2,69.3,67.6,8.0,87.2,4.8,1,1,3,3,1,0,1,2,7.9
0,7,7.6,0,56,67,0,0,1,35.2,37.3,1.8,71.8,4.2,0,1,0,0,0,0,0,1,5.5
1,9,6.6,0,79,69,1,2,3,20.4,23.7,4.0,81.4,4.6,1,1,3,1,1,0,1,8,2.0
1,0,7.4,0,58,67,1,2,1,36.6,24.0,4.5,67.0,3.6,0,1,0,0,0,0,1,4,5.3
1,0,8.2,0,78,65,0,2,2,58.0,51.8,7.0,86.0,4.5,1,0,0,0,0,0,1,0,6.6
0,7,8.8,0,84,86,2,3,1,82.0,70.5,6.9,90.0,4.7,1,1,3,2,1,0,2,4,9.9
1,8,8.3,0,81,68,1,3,2,58.8,54.1,5.8,74.9,4.8,1,1,0,0,0,1,2,0,7.9
0,7,8.3,0,85,81,2,3,1,61.0,52.9,7.6,89.7,4.7,1,1,1,2,1,1,2,0,8.1
1,3,8.5,0,74,68,1,3,2,72.4,54.6,6.7,80.0,4.6,1,1,2,2,1,1,1,8,8.8
1,9,7.6,0,58,65,2,0,2,44.6,34.1,1.5,68.7,4.0,0,1,0,1,0,0,0,8,4.6
0,9,8.4,0,75,85,2,3,2,79.1,51.2,8.3,83.0,4.6,1,1,3,2,1,1,0,8,8.8
1,6,8.2,0,74,79,2,2,0,58.2,60.2,5.2,90.0,4.5,1,1,3,2,1,0,2,5,8.9
1,9,7.7,0,71,79,1,1,2,40.5,30.3,4.7,72.9,4.2,1,1,1,1,0,1,0,8,5.3
1,2,7.7,0,57,68,1,1,0,38.8,48.1,1.4,74.0,4.1,0,1,2,2,1,0,2,8,5.6
1,5,7.5,0,56,67,0,1,1,26.7,43.1,1.6,83.0,4.0,0,1,0,0,0,0,2,8,5.0
0,4,8.1,0,67,60,2,3,0,65.1,56.2,6.4,83.0,3.8,1,0,3,1,1,1,0,3,6.9
1,7,8.4,0,74,83,0,1,2,48.0,44.9,0.4,88.4,4.5,1,1,2,1,1,0,1,0,6.7
1,8,8.0,0,75,69,0,1,0,47.6,36.1,4.5,85.3,3.8,1,1,0,0,0,0,1,9,7.0
0,0,7.6,0,62,79,1,1,1,47.0,39.7,2.4,71.0,4.1,1,1,0,0,0,1,1,2,7.1
1,4,6.5,0,55,73,0,2,1,20.0,27.2,2.2,60.0,3.5,0,0,0,0,0,0,1,3,4.3
1,2,8.3,0,80,79,1,2,2,61.3,39.2,4.4,88.0,4.1,1,1,2,3,1,1,1,8,8.1
1,2,7.3,0,57,61,1,1,0,31.8,20.6,2.1,68.0,4.4,0,0,0,0,0,0,2,7,4.4
1,9,6.8,0,87,82,1,3,2,33.6,36.9,7.1,86.6,4.1,1,1,2,2,1,0,2,8,3.5
1,7,7.4,0,55,70,0,1,0,33.3,11.5,0.2,69.8,3.7,0,0,0,0,0,0,0,6,2.6
1,6,8.2,0,77,82,1,3,3,71.8,63.0,9.2,90.0,4.8,1,1,1,3,1,1,0,9,7.9
0,4,6.7,0,79,88,1,1,2,20.0,16.5,3.8,90.0,4.2,1,0,0,0,0,0,2,7,3.2
1,1,6.7,0,57,57,1,1,0,20.3,35.0,2.1,79.0,4.0,0,0,0,0,0,0,0,1,3.8
0,2,8.4,0,74,85,2,3,2,71.9,49.5,5.7,90.0,4.6,1,1,2,3,1,1,2,7,9.3
0,6,7.7,0,73,77,0,3,0,46.3,40.3,6.9,90.0,4.7,0,1,1,1,0,0,1,1,5.6
0,3,7.8,1,74,88,2,3,2,64.6,53.9,7.4,90.0,4.8,1,1,1,3,1,1,2,8,6.8
1,2,7.0,0,59,68,1,1,2,26.8,37.1,2.5,75.0,4.4,1,0,0,0,0,0,2,6,4.8
1,0,7.8,0,76,88,2,3,2,63.8,62.1,7.7,90.0,4.8,1,1,3,2,1,1,2,7,8.7
1,4,7.7,0,68,67,0,2,1,27.3,36.7,6.1,66.0,4.3,1,1,0,0,0,0,2,5,6.2
1,0,8.2,0,61,71,0,3,2,60.5,44.3,6.8,78.0,4.8,1,0,3,2,1,1,1,4,7.0
1,0,7.5,0,82,67,1,1,0,25.4,21.9,1.5,68.0,4.1,0,1,0,0,0,0,0,1,3.8
1,3,7.6,0,79,80,2,2,1,46.7,46.5,4.2,72.0,3.9,1,0,0,0,0,0,2,4,5.3
0,6,7.0,0,69,88,1,0,1,25.6,18.3,3.5,71.6,4.8,1,1,0,1,0,1,1,2,3.2
0,2,8.2,0,81,84,1,3,2,57.1,44.4,7.1,85.0,4.4,1,1,4,1,1,1,1,7,6.1
0,2,8.7,0,70,87,2,3,2,80.9,72.7,7.0,90.0,4.7,1,1,3,1,1,1,1,6,9.7
0,0,8.4,0,77,85,2,3,2,82.2,68.4,5.2,84.0,4.7,1,1,1,3,1,1,1,7,9.7
1,10,6.7,1,65,64,1,2,0,24.5,9.2,6.3,76.3,4.8,0,1,0,0,0,1,1,5,2.3
0,6,6.8,0,62,64,0,1,0,23.5,6.9,3.0,65.1,3.7,1,0,1,0,0,0,0,2,2.1
0,11,8.5,0,70,72,1,3,3,65.1,55.3,4.1,89.7,4.7,0,1,0,1,0,0,1,2,8.6
1,4,8.9,0,79,87,2,3,2,81.5,71.4,7.5,90.0,4.8,1,1,4,1,1,1,1,0,8.2
1,3,7.5,0,55,67,0,1,0,30.2,23.8,4.8,60.0,3.7,0,0,0,0,0,1,2,4,4.5
1,2,8.4,0,77,77,2,3,2,72.4,60.9,7.1,90.0,4.8,1,1,0,0,0,1,1,8,9.9
0,6,7.5,0,73,65,0,1,0,41.0,36.5,3.6,81.8,4.2,1,1,4,1,1,0,2,3,5.5
1,0,7.7,0,71,74,2,3,2,60.6,42.9,5.8,86.0,4.4,1,1,3,2,1,1,2,0,6.4
1,3,8.3,0,57,61,0,3,0,59.1,29.8,5.8,76.0,3.9,0,0,0,0,0,0,0,5,7.8
1,6,7.7,0,75,68,2,2,0,60.0,51.8,5.6,88.4,4.2,0,1,0,0,0,0,1,2,7.1
1,3,7.5,0,55,76,1,1,0,32.2,35.8,2.0,78.0,3.8,0,1,0,0,0,0,1,8,5.4
1,10,7.4,0,55,69,0,2,1,29.3,32.4,0.7,70.3,4.0,0,1,0,0,0,0,2,2,4.8
0,9,7.6,0,72,73,0,3,0,48.4,45.3,7.0,77.0,4.8,1,1,1,3,1,1,1,1,6.7
0,11,7.8,0,77,83,0,3,0,53.7,43.3,5.3,83.2,4.4,1,1,0,0,0,1,0,3,6.6
0,7,7.1,0,64,74,1,1,0,29.5,26.8,0.8,80.8,4.2,0,0,0,1,0,0,0,0,4.2
0,11,8.0,0,75,84,2,2,0,71.7,54.5,7.7,88.1,4.5,1,0,2,3,1,1,1,4,7.5
0,9,7.7,0,56,72,1,3,0,40.3,28.9,3.1,63.2,4.3,0,0,1,0,0,0,0,8,5.1
1,8,6.7,1,55,71,2,1,1,20.0,15.6,3.2,65.3,4.3,1,0,1,0,0,0,1,8,2.0
1,2,7.6,1,61,69,1,2,0,43.4,23.4,5.2,75.0,4.8,0,0,0,0,0,1,2,8,6.4
0,2,7.9,0,55,65,0,2,0,40.8,36.2,4.4,69.0,4.1,0,0,0,0,0,0,0,6,5.8
0,4,8.1,0,72,84,2,3,2,72.3,55.1,8.3,89.0,4.8,1,1,2,2,1,0,2,0,8.0
0,10,8.0,1,74,88,1,3,2,51.2,39.4,5.9,79.8,4.3,1,1,0,0,0,1,1,8,7.3
0,0,8.4,0,81,84,0,0,2,34.8,20.9,0.9,90.0,4.8,1,1,2,2,1,0,1,7,6.1
1,2,7.9,0,82,79,2,3,0,62.2,54.7,8.6,81.0,4.6,1,1,0,0,0,0,0,1,9.7
1,3,7.4,0,58,76,1,2,1,36.2,24.1,3.2,68.0,3.5,0,1,0,0,0,0,0,7,4.2
1,5,8.4,0,74,88,2,3,2,70.4,62.7,6.5,90.0,4.8,1,1,2,3,1,1,2,8,8.0
1,10,7.6,0,59,64,0,0,0,30.9,23.5,3.4,73.4,3.6,0,1,0,0,0,0,1,8,5.4
1,8,6.5,0,79,82,1,1,2,20.0,1.0,2.6,87.4,4.1,1,1,3,1,1,0,1,3,2.0
0,7,8.5,1,70,83,0,3,3,71.9,38.4,5.7,89.9,3.7,1,1,4,2,1,1,2,8,7.7
1,6,8.7,0,73,79,1,3,2,84.9,66.1,7.5,90.0,4.8,1,1,3,1,1,1,0,1,10.4
0,4,7.9,0,81,86,1,2,2,53.0,39.6,5.3,90.0,4.2,1,1,2,2,1,0,0,4,5.9
1,7,8.5,1,81,88,2,3,3,70.9,39.5,8.1,90.0,4.8,1,0,3,1,1,0,1,7,8.1
1,6,8.8,0,83,84,2,3,1,88.6,61.8,7.6,90.0,4.8,1,1,1,3,1,1,2,3,9.2
1,0,8.6,0,75,78,2,3,2,74.1,49.4,8.5,90.0,4.8,1,1,4,1,1,1,1,5,7.2
1,9,6.9,2,77,84,2,3,1,30.1,16.1,5.5,86.6,4.5,1,1,2,1,1,1,1,1,2.8
0,11,7.9,1,79,88,0,2,1,56.1,53.5,6.5,90.0,4.6,1,1,3,3,1,1,1,8,6.0
1,7,8.9,0,84,83,0,3,2,66.7,56.2,5.2,90.0,4.8,1,1,4,0,1,0,2,6,7.4
0,1,8.6,0,87,82,2,2,1,65.0,69.7,4.9,77.0,4.5,1,1,0,0,0,1,2,5,10.7
0,0,6.5,1,60,69,0,2,1,20.0,16.5,3.3,65.0,4.4,0,0,0,0,0,0,1,0,2.0
0,2,8.1,0,70,84,2,1,1,47.8,53.4,0.7,90.0,4.4,0,0,2,2,1,0,1,5,8.2
1,4,7.8,0,55,64,1,2,0,45.9,37.3,4.3,73.0,4.6,0,1,0,0,0,0,1,5,6.0
1,8,6.6,2,56,74,2,2,1,20.7,26.9,1.2,66.5,3.9,0,0,0,0,0,0,0,9,2.0
1,6,6.5,1,63,67,2,2,1,23.2,17.1,3.3,77.1,3.6,0,0,0,1,0,0,0,0,3.0
1,4,8.2,0,85,80,2,3,2,76.8,51.2,7.3,90.0,4.7,1,1,2,2,1,1,1,0,9.4
1,0,7.4,1,55,72,0,1,0,28.6,36.7,2.2,73.0,4.4,0,0,0,0,0,0,1,0,4.3
1,5,8.4,0,82,87,1,3,2,72.0,47.6,6.6,90.0,4.8,1,1,2,3,1,1,2,8,8.6
1,2,7.0,0,55,63,1,2,0,30.2,15.3,3.4,67.0,3.5,0,1,0,0,0,0,1,8,3.8
1,5,7.4,0,60,69,0,2,1,36.8,37.3,2.9,76.0,4.1,0,0,0,0,0,0,0,8,4.8
1,10,8.7,0,55,60,0,2,0,59.6,51.2,3.9,72.6,4.2,0,1,0,0,0,1,1,7,7.5
1,0,8.1,0,75,83,1,3,0,71.9,54.8,6.1,88.0,4.8,1,1,2,2,1,1,2,9,6.5
1,2,7.7,0,72,61,1,2,0,47.2,45.6,4.1,84.0,4.7,0,1,0,0,0,0,1,8,8.5
1,0,8.8,0,82,81,2,3,2,77.2,77.8,7.5,84.0,4.3,1,1,4,1,1,1,1,0,8.2
0,2,8.7,0,55,65,2,3,0,84.2,77.7,5.8,84.0,4.2,0,1,0,0,0,0,0,3,10.8
0,2,8.6,0,81,83,1,2,2,56.7,60.3,5.1,85.0,3.7,1,1,0,0,0,0,1,9,8.8
0,4,8.2,0,90,81,0,3,0,62.2,57.1,7.0,86.0,4.5,1,1,3,1,1,1,2,3,7.3
1,0,7.6,0,70,66,1,1,0,31.1,26.7,1.7,74.0,4.5,0,1,0,0,0,0,0,9,4.9
1,6,8.5,0,76,81,2,3,0,77.7,62.5,5.9,90.0,4.8,0,1,3,1,1,1,1,0,9.2
0,5,8.3,0,77,85,1,3,2,64.2,53.3,7.3,88.0,4.8,1,1,3,2,1,1,0,7,7.7
1,5,8.1,0,86,88,2,3,2,67.1,52.0,7.6,90.0,4.8,1,1,2,3,1,1,1,8,8.0
1,4,7.5,1,79,73,0,1,0,29.0,22.5,1.1,80.0,4.5,1,1,0,0,0,0,2,4,4.2
0,9,8.7,0,77,86,2,3,2,76.1,64.3,6.6,89.9,4.8,1,1,4,1,1,1,1,0,9.0
1,0,7.6,0,85,84,2,2,3,51.1,48.8,3.0,86.0,4.8,1,1,2,3,1,0,0,2,6.5
0,3,8.2,0,88,69,0,1,3,41.4,38.5,1.2,84.0,4.8,1,1,4,1,1,1,1,9,5.8
0,5,7.5,0,68,65,0,2,0,44.0,29.8,4.3,74.0,4.0,0,1,0,0,0,1,0,8,6.1
1,4,6.6,2,60,71,0,1,0,20.0,21.5,2.8,71.0,3.8,1,1,0,0,0,0,1,2,3.0
1,8,6.6,2,83,66,1,1,1,20.0,0.0,3.3,77.0,4.3,1,1,1,0,0,0,2,8,2.0
1,9,7.5,0,56,69,1,2,2,43.2,23.1,4.7,68.8,3.8,0,1,0,0,0,0,0,8,4.6
1,3,8.4,0,73,74,1,1,1,50.0,31.8,1.6,84.0,4.2,1,0,0,0,0,0,1,0,7.9
1,2,8.1,0,79,87,2,3,2,66.4,48.3,7.3,88.0,4.5,1,1,0,0,0,0,1,4,8.3
1,2,7.8,0,68,78,1,2,2,54.8,38.8,4.9,85.0,4.3,0,1,2,3,1,1,2,8,6.2
1,2,7.8,0,82,84,1,2,1,49.9,42.1,5.5,81.0,4.6,1,1,0,0,0,0,0,8,4.5
0,8,8.1,0,90,81,1,3,2,63.0,47.8,6.1,82.8,4.4,1,1,2,3,1,1,1,8,6.2
1,3,8.4,0,76,68,2,2,0,74.2,51.3,6.0,84.0,3.9,1,1,0,0,0,0,0,6,9.7
1,10,8.3,0,81,68,1,2,2,67.1,59.7,4.2,85.1,4.4,0,1,0,1,0,1,0,8,9.0
0,3,6.5,1,58,70,0,1,1,20.0,8.9,1.5,65.0,4.2,0,1,0,0,0,0,0,2,2.0
1,7,8.3,0,59,67,1,1,2,55.9,55.3,2.8,82.0,4.1,0,0,1,1,0,1,2,4,8.2
1,0,7.6,1,74,85,1,2,0,43.9,33.9,6.2,81.0,4.7,1,1,0,0,0,0,0,2,5.0
1,2,8.6,0,58,71,2,3,1,76.8,53.1,8.7,90.0,4.8,1,1,3,2,1,0,2,6,7.3
1,3,8.0,0,60,87,1,1,0,42.5,44.8,0.0,83.0,4.7,0,1,1,3,1,0,1,8,6.1
0,4,7.9,0,60,63,1,2,0,47.6,35.7,4.7,66.0,4.5,0,1,0,0,0,1,2,5,6.2
1,3,7.4,2,55,69,1,2,0,37.8,35.1,4.7,81.0,4.8,1,0,0,0,0,1,0,7,4.0
1,4,7.8,1,65,64,2,1,1,48.6,53.0,2.9,75.0,3.8,0,0,0,0,0,1,1,2,6.6
0,2,8.2,0,72,80,2,3,2,62.7,46.0,7.1,85.0,4.4,1,1,2,2,1,0,2,9,7.0
1,4,8.2,1,65,70,1,1,0,46.1,49.5,3.8,75.0,4.1,1,0,0,0,0,1,1,4,6.6
0,2,7.9,1,77,78,1,2,0,39.7,37.8,6.6,90.0,4.1,1,1,3,2,1,0,1,7,5.1
0,3,7.9,0,57,73,0,2,0,45.6,45.2,2.9,69.0,4.0,0,1,0,0,0,0,2,8,5.3
1,3,7.5,2,64,68,1,2,1,41.2,36.8,3.2,79.0,4.5,0,1,0,0,0,1,1,8,5.8
1,8,6.5,2,59,66,1,3,0,22.3,17.8,5.8,79.9,3.7,0,0,0,0,0,0,2,8,2.4
0,1,6.5,1,59,70,1,2,0,20.0,24.0,5.0,74.0,3.4,0,0,0,0,0,0,0,0,3.6
1,6,7.5,0,55,66,1,1,2,44.3,38.0,3.6,82.3,3.7,0,1,0,1,0,0,1,8,5.7
0,11,6.7,2,57,67,1,1,0,24.0,21.0,3.5,75.6,3.8,1,1,3,2,1,0,1,1,2.7
1,2,8.4,0,87,82,2,3,0,69.1,68.5,6.7,89.0,4.6,1,1,3,1,1,1,1,5,9.4
1,1,7.8,0,69,66,1,1,0,39.5,44.8,2.2,83.0,3.8,0,1,0,0,0,1,1,8,7.0
1,9,7.2,1,56,70,0,1,0,21.6,34.9,2.8,79.4,3.7,0,1,0,0,0,0,2,2,4.4
1,6,8.3,0,77,70,0,3,0,66.9,52.1,6.9,84.5,4.1,0,1,0,0,0,1,2,8,8.6
0,4,8.4,0,57,71,0,3,0,62.5,53.4,7.5,87.0,4.6,1,1,2,2,1,1,1,5,7.8
1,3,7.6,0,77,85,1,2,1,46.3,31.8,2.9,74.0,4.7,0,1,0,0,0,0,0,1,4.1
1,10,8.3,0,84,77,1,3,2,68.9,48.4,6.1,90.0,4.7,1,1,2,2,1,1,0,2,7.0
0,8,7.8,1,80,83,1,3,1,50.4,27.0,7.6,89.5,4.8,1,1,0,0,0,1,0,8,4.7
1,7,6.5,0,58,65,1,3,2,29.9,13.0,1.8,75.3,3.4,0,0,1,0,0,0,1,7,4.3
1,10,8.6,0,73,83,1,3,1,65.9,50.6,8.1,88.8,4.8,1,1,4,3,1,0,1,8,7.0
1,8,8.0,0,77,83,2,3,0,54.9,44.6,8.9,80.9,3.7,1,1,2,2,1,1,1,9,6.6
1,2,8.3,0,80,88,2,3,2,71.1,51.5,7.4,90.0,4.8,1,1,2,2,1,1,2,8,6.9
1,0,7.6,0,62,78,1,1,2,35.1,43.1,1.4,81.0,3.9,0,1,0,0,0,0,2,4,6.8
1,1,6.7,0,55,82,1,2,0,29.1,39.9,3.2,89.0,4.7,0,1,0,0,0,0,1,8,4.3
1,4,8.1,0,83,82,2,3,3,67.4,50.3,6.0,90.0,4.7,1,0,0,0,0,1,1,9,7.3
1,2,7.5,0,55,71,1,1,1,29.5,29.5,3.9,67.0,4.0,0,0,0,0,0,0,0,0,4.7
0,4,7.6,0,69,76,0,1,1,30.8,18.4,2.3,72.0,4.4,0,1,0,0,0,0,1,4,4.3
0,1,8.7,0,77,86,2,3,2,75.4,63.4,6.5,90.0,4.8,1,1,4,1,1,0,1,8,8.7
0,9,8.2,0,73,83,1,3,2,63.2,69.4,8.3,90.0,4.6,1,1,2,3,1,0,0,7,8.9
0,2,7.8,1,76,66,1,2,0,49.7,42.2,4.0,75.0,4.1,0,0,0,0,0,1,2,2,6.0
1,10,6.7,1,72,82,1,1,2,21.6,39.5,4.0,76.9,3.6,0,1,1,3,1,0,1,8,4.4
1,4,7.6,0,80,79,1,2,1,41.4,40.2,4.0,81.0,4.8,1,1,0,0,0,1,0,2,6.6
1,2,7.8,0,57,74,1,2,0,49.4,29.4,4.6,78.0,4.8,0,1,0,0,0,0,1,2,5.5
0,1,7.4,1,61,68,1,1,1,25.3,21.3,2.7,79.0,4.3,1,1,0,0,0,0,1,8,4.3
0,10,7.8,1,79,85,2,2,3,48.7,26.6,3.6,74.6,3.7,1,1,3,1,1,0,1,3,4.8
1,7,7.6,1,69,63,0,1,0,33.3,38.9,2.0,85.5,4.1,0,0,0,0,0,0,0,5,4.1
0,5,8.4,2,79,80,1,2,1,59.0,58.7,5.5,85.0,4.8,1,0,0,0,0,1,0,8,9.9
0,0,7.4,0,59,65,1,1,1,36.9,35.5,3.3,69.0,4.2,0,1,0,0,0,0,1,3,5.0
1,4,8.1,0,66,82,1,3,0,67.5,62.9,6.3,78.0,4.0,1,1,0,0,0,0,1,5,9.3
1,2,8.6,0,71,80,2,3,2,74.2,50.4,8.1,90.0,4.8,1,1,3,1,1,1,0,7,8.6
0,7,6.6,0,58,62,1,1,2,32.8,28.4,2.5,65.5,3.4,0,1,0,0,0,1,2,1,3.7
1,11,8.2,0,76,72,1,2,3,69.5,58.9,5.3,87.8,4.8,1,1,2,2,1,1,2,7,7.0
1,6,8.1,0,78,84,2,2,1,60.4,41.2,7.5,90.0,4.8,1,1,1,3,1,1,1,2,5.7
1,2,7.0,0,72,84,1,3,0,34.4,32.2,5.0,90.0,4.2,0,1,1,3,1,1,2,8,4.7
1,5,6.6,0,61,70,0,1,0,20.0,17.7,3.1,63.0,4.2,0,0,0,0,0,0,1,5,2.1
1,2,6.8,0,65,69,1,1,0,20.0,6.3,2.7,68.0,4.3,0,1,0,0,0,0,0,8,3.0
1,0,7.5,1,60,73,0,1,0,35.4,23.7,2.7,66.0,3.5,0,0,0,0,0,0,1,2,3.8
0,7,6.7,0,84,83,0,3,0,33.8,40.6,6.0,79.3,4.4,1,1,4,2,1,0,1,4,4.2
0,4,8.2,0,86,81,1,3,0,63.7,67.0,8.7,84.0,4.6,1,1,2,3,1,1,1,6,8.6
0,6,8.7,0,75,88,2,3,3,83.0,71.3,7.0,90.0,4.8,1,1,3,0,1,1,2,0,9.2
1,8,7.6,0,64,75,1,1,1,29.0,20.4,3.0,72.2,4.3,1,0,0,0,0,0,1,7,6.0
1,4,8.0,0,72,88,1,3,0,57.1,45.5,6.5,90.0,4.8,1,1,3,2,1,1,1,2,5.9
1,5,8.4,0,70,70,1,1,2,50.6,50.8,4.1,81.0,4.6,1,1,3,2,1,1,0,8,7.5
0,0,7.0,0,70,88,1,1,2,20.0,16.1,3.0,70.0,4.8,1,1,0,0,0,0,2,4,2.0
1,0,7.8,0,65,61,1,3,1,53.9,46.7,5.1,70.0,4.3,0,0,0,0,0,1,0,2,6.9
1,1,7.8,0,78,77,1,3,2,55.7,56.0,7.5,82.0,4.8,1,0,2,3,1,1,2,8,6.6
0,4,6.6,1,55,60,0,1,1,20.0,25.2,2.6,71.0,3.5,0,0,0,0,0,1,0,2,3.1
0,3,7.8,0,72,84,1,3,2,70.0,68.4,5.7,90.0,4.0,1,1,0,0,0,0,2,8,7.5
1,0,8.3,0,75,80,2,3,2,71.5,65.2,8.6,90.0,4.8,1,1,2,3,1,1,1,0,7.7
1,10,7.0,1,66,62,0,2,1,20.0,28.6,2.0,74.0,4.8,0,1,0,0,0,0,0,8,3.1
1,11,7.7,0,81,67,1,3,0,53.8,48.2,5.8,85.3,4.8,1,1,2,1,1,0,0,0,6.7
1,2,7.7,1,78,83,2,3,2,63.5,59.7,6.2,78.0,4.6,1,1,0,0,0,1,0,8,8.2
1,2,8.1,0,61,68,1,3,0,53.1,41.5,4.0,61.0,3.9,0,1,0,0,0,0,0,8,6.5
1,6,8.5,0,89,85,1,2,1,52.1,48.7,2.1,84.8,4.3,1,1,2,1,1,0,0,2,5.2
0,4,7.6,0,56,65,1,2,1,36.9,33.2,2.6,80.0,4.1,0,1,0,0,0,0,1,0,6.7
1,0,6.5,0,55,71,0,1,1,20.0,19.6,0.1,73.0,3.8,0,1,0,0,0,0,1,6,2.1
1,3,8.3,0,90,84,2,3,2,71.0,51.2,6.9,90.0,4.4,1,1,2,2,1,1,1,8,7.9
0,3,7.5,0,64,67,1,2,0,29.1,23.6,3.2,66.0,3.8,0,0,0,0,0,0,1,8,3.8
1,5,8.0,0,55,71,1,3,2,61.3,51.0,4.3,78.0,3.7,0,0,0,0,0,1,2,3,8.7
1,1,8.2,0,75,68,1,3,2,63.5,58.5,8.0,83.0,4.7,1,1,2,2,1,1,2,8,7.0
1,4,8.1,0,77,83,1,2,1,54.0,42.1,4.2,84.0,4.3,1,1,0,0,0,0,1,5,8.3
1,3,8.4,0,85,81,1,3,2,67.8,44.4,7.1,78.0,4.8,1,0,0,0,0,1,1,5,8.0
1,3,6.9,1,55,69,1,2,1,26.2,17.3,3.8,74.0,4.1,0,0,0,0,0,0,2,8,3.8
1,3,8.0,0,82,78,2,3,2,64.7,53.0,7.6,90.0,4.8,1,1,2,2,1,0,2,8,7.1
1,7,7.1,0,61,86,1,2,2,37.5,44.9,3.7,86.7,4.8,1,1,1,2,1,1,2,4,3.4
0,7,7.2,0,55,63,0,2,2,37.3,29.0,4.6,79.5,4.0,0,1,0,1,0,0,1,6,4.5
1,10,8.6,0,74,88,2,2,2,67.7,49.9,3.6,80.2,4.8,1,1,2,3,1,0,1,7,7.5
1,3,6.5,0,60,67,1,1,1,20.0,34.8,2.1,75.0,4.0,0,1,0,0,0,0,2,8,3.1
0,1,7.9,0,56,66,2,1,0,51.7,30.7,2.9,71.0,4.8,0,1,0,0,0,0,1,8,7.2
1,6,6.5,1,81,68,2,2,3,27.6,30.2,7.7,82.3,3.5,1,0,3,1,1,1,1,2,3.5
1,5,6.7,0,59,66,1,1,1,20.0,21.5,1.9,71.0,4.0,0,1,0,0,0,0,2,8,2.0
0,2,8.4,0,63,78,2,3,1,74.4,72.4,7.2,85.0,4.7,1,1,2,2,1,0,2,8,9.4
0,5,6.7,1,65,69,1,1,1,20.0,29.5,2.3,76.0,4.6,0,0,0,0,0,0,0,9,3.7
1,4,8.1,0,79,86,1,2,2,55.4,24.1,4.7,74.0,4.4,1,1,1,3,1,1,0,3,7.3
0,2,6.5,0,84,71,1,1,0,22.5,25.3,0.0,74.0,4.0,0,1,0,0,0,0,2,8,3.1
0,2,8.3,0,56,69,0,2,1,54.7,35.7,3.8,89.0,4.7,0,1,2,2,1,1,1,4,6.5
0,10,8.4,1,74,77,2,3,3,67.9,61.6,8.4,88.6,4.8,1,0,0,1,0,1,1,7,9.1
1,6,7.5,1,56,67,0,2,1,41.6,42.3,6.0,82.3,4.1,1,0,0,0,0,1,0,5,6.2
1,0,7.1,0,57,72,1,2,0,35.8,22.5,4.2,70.0,4.0,0,0,0,0,0,0,0,3,3.8
1,0,7.3,0,56,70,1,1,0,26.4,13.6,1.0,69.0,3.7,0,1,0,0,0,0,2,5,4.4
0,0,8.2,0,78,78,2,3,0,75.4,58.7,7.7,90.0,4.8,1,1,3,2,1,1,2,4,7.8
0,4,8.2,0,73,67,0,2,1,56.7,47.8,5.6,75.0,4.4,1,1,2,2,1,0,1,0,6.0
0,4,7.8,0,81,70,1,3,1,51.8,55.1,6.1,79.0,4.2,0,0,0,0,0,1,0,4,7.8
1,4,6.5,2,68,62,1,1,1,20.0,26.4,3.5,76.0,3.9,1,1,0,0,0,1,0,9,2.6
1,5,7.4,1,55,65,1,1,0,27.8,22.8,1.8,77.0,3.6,0,0,0,0,0,0,0,0,4.8
0,4,6.6,0,57,67,1,1,1,20.0,18.1,2.8,66.0,3.9,1,1,0,0,0,0,2,0,2.5
1,3,8.3,0,77,88,2,3,2,81.6,70.3,5.5,89.0,4.6,1,1,2,2,1,1,1,1,8.8
1,3,6.5,0,57,71,1,2,0,22.2,14.5,4.4,66.0,4.0,0,0,0,0,0,0,2,8,3.0
0,6,8.2,0,79,68,1,3,0,67.9,55.4,6.9,90.0,3.9,0,0,0,0,0,1,2,7,9.5
0,10,7.5,0,75,80,1,3,0,33.1,21.0,6.1,85.7,4.7,1,0,1,0,0,0,1,8,6.1
0,4,7.3,0,55,70,1,1,2,28.4,26.1,2.3,66.0,4.6,0,1,1,3,1,0,0,3,3.3
1,6,8.4,1,63,66,0,1,1,56.7,49.0,3.4,68.6,3.8,0,0,0,0,0,1,2,2,8.9
0,2,8.6,0,75,84,1,3,3,74.2,51.0,7.4,81.0,3.9,1,1,3,2,1,1,0,8,9.4
1,8,6.8,0,66,69,1,0,1,20.9,12.9,2.3,73.8,4.0,0,0,0,0,0,0,2,8,2.2
0,0,7.5,0,66,70,1,2,2,39.5,34.2,4.3,72.0,4.1,1,1,0,0,0,0,1,4,4.9
1,2,8.1,0,55,68,2,2,0,56.8,44.3,4.1,72.0,4.2,0,1,2,2,1,1,1,0,6.4
0,4,8.6,0,82,82,2,3,2,81.3,79.4,8.9,90.0,4.8,1,1,0,0,0,0,1,9,10.8
1,0,7.7,1,59,70,1,1,0,33.0,33.8,1.2,83.0,4.2,0,0,0,0,0,0,1,1,6.5
1,5,7.7,0,86,64,1,1,0,34.3,26.6,3.2,74.0,4.2,1,1,0,0,0,0,1,8,5.6
0,2,7.4,0,62,63,1,1,1,37.0,25.6,1.8,68.0,3.9,1,1,0,0,0,1,1,1,4.4
1,9,6.6,1,55,60,2,2,0,21.0,32.5,0.3,82.1,3.7,0,1,0,3,1,0,1,8,2.2
0,9,6.5,0,55,81,0,2,0,20.0,14.2,2.9,83.6,4.1,1,1,0,0,0,0,1,8,3.5
1,9,7.8,0,75,81,2,3,0,61.7,52.9,7.0,77.6,4.8,1,0,1,2,1,0,1,8,5.7
0,10,8.0,1,70,66,0,1,0,31.5,27.4,1.7,85.5,4.5,1,1,0,0,0,0,2,8,5.5
1,1,7.6,0,80,70,1,3,1,55.0,64.9,6.6,73.0,4.1,0,1,0,0,0,0,2,8,6.9
0,3,9.1,0,81,85,2,1,3,65.7,60.8,2.9,84.0,4.8,1,1,2,3,1,1,1,8,8.8
0,3,8.0,0,72,64,1,1,1,41.8,37.6,4.1,70.0,4.0,0,1,0,0,0,0,2,5,6.1
0,10,8.6,0,76,83,2,2,3,72.5,57.1,6.0,89.8,4.7,1,1,3,1,1,0,1,2,9.2
1,4,7.6,0,89,85,0,3,2,46.8,46.6,5.4,72.0,4.6,1,1,0,0,0,0,0,9,5.8
1,2,8.9,0,78,84,2,3,2,85.5,66.0,6.6,90.0,4.8,1,1,1,3,1,1,0,2,10.1
0,3,7.9,0,66,70,0,3,1,50.5,47.2,7.2,81.0,4.6,0,0,0,0,0,0,2,8,5.8
1,5,7.7,2,80,85,1,3,2,50.3,39.3,8.4,90.0,4.8,1,0,2,2,1,0,1,8,4.3
0,10,9.1,0,72,87,2,2,0,68.0,64.5,5.4,90.0,4.8,1,1,1,3,1,1,2,5,9.1
1,0,8.3,0,59,71,0,1,1,43.7,47.7,2.2,73.0,4.3,0,1,2,3,1,1,1,9,6.1
0,10,7.5,1,55,71,0,1,0,29.9,36.7,2.6,64.1,4.7,1,1,0,0,0,0,0,8,3.2
1,0,8.3,0,80,84,2,3,2,64.6,56.2,8.2,90.0,4.8,1,1,3,2,1,0,1,2,8.1
0,2,6.7,0,56,66,1,2,0,22.1,25.7,4.5,74.0,4.0,0,1,0,0,0,0,1,0,3.9
0,4,8.4,0,80,85,1,3,2,66.7,60.8,6.1,88.0,4.8,1,1,2,2,1,1,1,2,7.0
1,10,8.3,0,75,87,2,2,2,55.0,41.1,5.0,81.0,4.8,1,1,4,2,1,1,2,8,6.3
1,3,7.6,0,56,69,1,1,0,34.2,24.4,3.5,78.0,3.6,1,1,0,0,0,1,1,4,5.2
1,7,7.6,0,68,65,1,2,1,37.7,19.2,3.1,79.7,4.2,1,1,4,1,1,1,1,4,4.8
0,4,8.7,0,82,81,1,3,2,71.0,55.7,5.8,74.0,4.6,1,1,2,2,1,1,2,0,10.0
1,8,6.8,0,55,65,0,2,0,21.8,18.6,2.3,77.2,3.7,0,1,0,0,0,1,1,1,2.0
1,5,7.5,0,61,67,1,1,1,30.0,23.5,0.6,73.0,4.7,1,0,0,0,0,0,2,8,5.1
0,0,8.4,0,72,71,1,1,3,48.1,36.1,1.8,89.0,4.4,1,1,3,2,1,0,1,8,5.9
1,5,8.4,0,60,86,2,3,0,72.3,61.9,6.6,85.0,4.2,1,1,0,0,0,1,1,1,8.7
0,0,6.5,0,66,66,0,1,0,20.0,8.4,1.8,71.0,3.9,0,1,0,0,0,0,1,6,3.2
1,10,7.6,1,56,78,1,2,0,47.3,45.9,4.7,79.0,4.4,1,0,2,3,1,1,0,8,6.1
1,2,6.7,1,81,64,0,1,1,20.0,12.8,0.9,81.0,4.1,0,1,0,0,0,0,1,9,3.6
1,0,8.3,0,68,87,0,2,2,50.5,46.7,6.8,81.0,4.4,1,0,3,1,1,1,1,5,7.1
1,4,8.2,1,82,84,1,3,2,68.6,52.5,6.0,81.0,4.3,1,1,1,3,1,1,1,3,6.8
1,0,7.6,0,82,85,1,3,2,59.5,49.5,7.1,84.0,4.4,1,1,1,3,1,1,1,2,5.9
1,11,7.3,1,79,76,1,0,0,40.1,36.0,2.3,87.5,3.7,0,1,1,1,0,1,0,0,5.3
1,4,8.3,0,55,88,0,3,1,49.3,38.0,5.5,86.0,4.3,1,1,1,3,1,1,1,1,7.2
1,3,8.4,0,77,82,2,1,2,60.3,45.4,2.0,81.0,4.7,1,1,0,0,0,1,1,4,7.8
1,0,8.5,0,75,62,1,1,2,49.5,33.7,1.2,75.0,4.8,0,1,3,2,1,0,1,0,6.9
1,7,8.3,0,77,88,2,3,1,72.3,70.0,7.7,90.0,4.8,1,1,2,2,1,1,1,7,8.8
1,0,7.5,0,58,65,1,2,1,32.1,38.5,4.0,71.0,4.1,0,1,0,0,0,0,0,1,5.6
0,3,8.0,0,70,88,2,3,0,69.3,43.2,6.8,85.0,4.7,1,0,2,2,1,1,1,8,6.9
1,2,7.5,1,57,63,1,1,0,26.0,17.0,2.1,68.0,3.7,0,0,0,0,0,1,1,6,2.9
1,2,7.8,0,85,84,2,3,2,50.9,50.1,6.8,86.0,4.8,0,1,3,2,1,0,2,8,5.0
1,7,6.5,0,65,60,1,1,3,23.0,27.7,6.2,78.2,4.5,1,0,1,0,0,1,1,6,2.6
1,9,7.6,0,56,67,2,3,1,44.8,51.8,4.2,73.7,4.3,1,1,0,0,0,1,1,8,6.4
1,8,7.6,1,83,83,2,3,3,51.8,32.8,6.2,74.1,4.4,1,0,2,3,1,1,1,8,5.4
1,2,7.5,0,59,62,2,2,1,48.9,46.0,4.4,68.0,3.7,0,0,0,0,0,1,1,6,6.4
1,3,6.6,0,56,73,0,1,3,20.0,17.5,1.6,75.0,3.9,0,0,0,0,0,0,2,0,2.0
1,0,7.5,1,57,72,1,2,0,41.8,47.0,4.4,87.0,4.5,0,0,0,0,0,1,0,4,4.9
0,4,8.5,0,79,83,2,3,2,80.2,57.3,9.3,90.0,4.3,1,1,3,1,1,1,2,3,7.6
1,11,8.0,1,73,84,2,2,1,55.5,53.2,9.2,81.6,4.4,1,1,1,0,0,0,0,3,7.3
1,2,8.4,0,55,75,2,3,2,71.7,54.9,6.0,87.0,4.7,1,1,2,3,1,1,0,8,8.4
1,7,6.5,1,67,66,1,1,0,23.8,13.0,1.5,83.5,4.2,0,1,0,1,0,0,0,2,2.3
1,9,7.3,0,59,71,2,1,2,23.0,21.7,2.8,71.5,4.6,0,1,0,0,0,0,0,8,2.9
1,2,8.2,0,81,83,1,3,2,56.4,52.1,5.1,90.0,4.8,1,1,4,1,1,0,1,4,7.9
1,4,7.6,0,64,80,1,2,2,47.2,44.9,2.3,82.0,4.8,1,1,0,0,0,0,0,4,6.0
1,6,8.5,0,78,88,0,3,0,65.5,53.8,8.3,90.0,4.8,1,1,1,2,1,1,0,2,6.6
0,5,6.9,0,55,63,1,1,0,26.5,20.0,1.2,71.0,4.5,0,1,0,0,0,0,0,8,3.3
0,0,7.8,0,77,87,1,3,0,45.0,42.7,8.8,88.0,4.8,1,1,2,2,1,1,0,1,5.0
0,2,8.6,0,85,78,2,3,2,81.2,66.6,7.4,90.0,4.8,1,1,2,2,1,1,1,9,9.8
0,4,8.7,0,83,81,2,3,2,71.1,51.0,7.9,90.0,4.8,1,1,4,1,1,1,2,5,10.3
1,6,7.7,1,71,66,0,2,0,43.0,40.5,5.3,69.4,4.4,1,1,0,0,0,1,1,1,6.0
1,8,6.8,0,85,81,2,2,0,39.3,26.8,7.2,82.3,4.7,1,1,2,2,1,1,0,9,3.5
1,0,6.5,0,64,70,1,2,0,20.0,18.9,4.3,77.0,4.6,0,1,0,0,0,0,1,0,3.3
1,3,8.3,0,77,81,1,3,2,64.5,56.7,6.7,90.0,4.5,0,1,0,0,0,0,1,1,8.2
0,2,8.0,0,74,75,0,2,1,49.4,39.6,3.5,67.0,4.1,1,1,0,0,0,0,0,0,6.1
0,0,7.7,0,62,65,1,1,0,39.0,25.8,0.4,72.0,4.1,0,0,3,2,1,0,1,3,4.9
1,5,7.9,1,55,59,1,2,0,58.6,49.7,4.5,60.0,4.0,0,0,0,0,0,0,1,9,7.8
1,7,7.4,2,65,63,0,0,0,37.6,37.2,0.5,75.6,4.3,0,0,0,0,0,0,1,4,5.6
1,5,6.5,1,60,65,1,2,1,23.6,36.2,3.3,60.0,3.5,0,0,0,0,0,0,1,8,3.8
1,6,7.5,0,77,67,0,0,2,36.0,41.2,3.1,80.3,4.5,1,1,0,1,0,1,1,5,5.1
1,6,7.9,0,57,83,1,2,1,49.3,32.1,4.6,89.6,4.4,1,0,0,0,0,0,0,2,4.9
1,0,8.6,0,84,84,1,1,2,48.7,47.1,4.7,87.0,3.9,1,1,2,2,1,0,0,0,6.6
1,2,6.5,0,57,71,0,2,1,20.0,20.9,2.7,79.0,4.3,0,0,0,0,0,0,2,8,4.2
0,3,6.6,1,86,88,0,1,2,20.0,16.0,3.6,72.0,4.2,0,1,2,2,1,0,2,8,2.0
0,4,7.0,0,69,77,1,1,0,21.1,20.3,2.9,62.0,4.2,1,1,0,0,0,0,1,4,4.0
1,0,7.4,1,55,71,1,2,2,36.0,35.5,4.8,77.0,4.1,0,0,4,1,1,0,2,1,5.1
1,0,6.8,0,58,63,1,3,0,30.1,22.4,7.2,83.0,4.4,0,1,0,0,0,0,1,3,3.8
1,3,8.7,0,80,80,2,1,2,64.5,42.1,2.6,81.0,4.5,1,1,0,0,0,0,0,9,7.3
1,6,8.3,0,76,86,2,3,0,71.6,49.3,6.2,85.7,4.7,1,1,1,3,1,1,2,5,7.4
1,6,7.9,0,61,70,1,3,0,63.2,52.2,8.4,70.9,4.0,1,1,2,2,1,0,0,5,7.8
1,2,8.8,0,73,82,2,3,2,76.9,61.9,6.5,88.0,4.7,1,1,3,2,1,1,1,9,8.4
1,6,8.1,1,62,81,0,2,1,47.1,45.0,4.2,90.0,4.8,0,1,2,2,1,0,1,1,6.7
0,7,8.7,0,79,87,0,3,3,78.8,57.4,6.7,90.0,4.5,1,1,2,0,1,1,0,7,9.0
0,9,7.5,0,65,81,2,3,3,63.7,50.0,6.4,90.0,4.7,1,1,0,0,0,1,0,9,6.1
0,4,7.5,0,76,85,1,2,2,34.2,33.2,1.7,75.0,4.3,0,1,2,2,1,0,1,7,4.6
0,0,8.6,0,58,72,1,1,0,56.9,60.7,0.0,69.0,4.7,0,1,0,0,0,0,1,0,9.0
1,5,6.6,1,64,62,0,3,0,24.1,23.1,8.8,85.0,4.0,1,0,1,3,1,0,0,8,2.1
1,2,8.4,0,74,87,2,3,2,79.0,54.3,8.1,90.0,4.8,1,1,3,2,1,0,0,8,8.8
0,2,8.2,0,56,70,1,1,1,49.1,40.3,2.0,78.0,4.0,0,1,0,0,0,0,1,8,6.9
1,2,7.0,0,59,68,1,3,1,42.9,31.3,8.7,80.0,4.8,1,1,2,3,1,1,2,4,3.7
1,9,8.8,0,76,83,2,1,1,64.9,49.7,1.7,89.9,4.7,1,1,1,1,1,0,2,4,8.9
0,7,7.4,0,87,85,1,0,3,29.5,31.9,3.6,89.4,4.6,1,0,1,0,0,0,1,2,5.5
0,0,8.4,0,75,80,2,2,2,61.5,35.6,4.3,78.0,4.5,1,1,2,2,1,1,1,0,6.3
1,6,8.4,0,84,80,2,3,3,84.4,67.0,7.7,90.0,4.1,1,1,2,3,1,0,1,8,7.8
1,2,7.8,0,70,78,1,3,0,52.7,36.9,6.3,88.0,4.8,1,1,2,2,1,1,1,6,6.8
1,5,6.5,1,73,71,0,2,0,29.8,11.6,6.2,78.0,4.3,1,1,1,3,1,1,0,8,2.0
1,0,8.6,0,79,86,2,3,0,71.2,60.2,7.1,71.0,4.2,1,1,3,2,1,0,0,1,9.2
1,0,8.1,0,80,83,2,3,3,68.1,68.9,6.8,90.0,4.8,1,1,3,2,1,0,2,4,7.7
0,0,7.5,0,57,64,1,1,0,39.7,34.2,2.6,81.0,4.7,1,1,3,2,1,0,1,8,4.9
0,6,8.1,0,78,81,2,3,2,70.1,59.3,8.6,90.0,4.5,1,1,3,1,1,1,0,7,6.6
0,4,7.9,0,73,84,1,1,2,40.3,37.1,2.3,90.0,4.8,1,1,0,0,0,0,1,5,5.0
1,7,8.3,0,79,71,1,3,1,57.9,36.1,6.8,69.9,4.3,0,0,0,0,0,1,0,0,7.2
1,0,6.5,1,72,70,0,1,0,20.0,32.0,3.0,86.0,3.9,0,0,0,0,0,0,1,1,4.3
1,6,8.0,1,61,66,0,1,3,45.3,33.7,4.1,78.3,3.4,1,1,0,0,0,1,1,2,6.6
0,0,7.5,0,57,63,1,1,1,29.7,20.9,0.0,66.0,4.3,0,0,0,0,0,0,2,5,5.2
1,2,7.7,0,71,82,1,1,0,27.4,34.2,2.5,70.0,3.9,1,1,0,0,0,0,1,1,6.3
0,2,7.7,0,78,81,1,3,3,54.5,44.9,5.7,80.0,4.1,1,1,0,0,0,0,2,5,7.5
1,7,8.6,0,81,84,1,3,0,57.8,45.2,4.3,80.0,4.5,1,1,4,1,1,0,1,6,7.9
1,3,7.4,0,76,66,2,1,1,28.2,26.0,1.9,81.0,4.0,1,0,1,3,1,0,1,0,4.3
0,0,7.6,1,84,80,0,3,0,40.4,27.9,5.8,82.0,4.4,1,0,0,0,0,1,2,0,6.1
1,5,7.1,0,61,66,0,1,1,20.0,20.6,3.3,69.0,3.7,1,0,0,0,0,0,1,1,3.4
1,0,7.5,0,59,67,1,2,0,40.8,22.3,1.8,67.0,4.1,0,0,0,0,0,0,2,4,5.2
1,0,8.1,0,72,88,1,3,2,58.7,51.5,7.2,90.0,4.7,0,1,2,2,1,1,2,0,7.0
0,10,8.5,0,65,65,0,2,2,61.4,50.8,7.3,77.2,4.1,1,1,2,3,1,1,1,2,7.8
1,7,7.6,1,83,61,2,2,0,37.4,35.2,3.0,85.7,4.4,0,0,0,0,0,0,0,4,6.0
1,0,7.6,0,55,61,1,1,0,34.7,35.2,2.3,74.0,4.6,1,1,0,0,0,0,0,7,5.0
1,4,8.2,0,80,86,1,3,1,63.2,41.3,6.9,88.0,4.5,1,1,3,2,1,1,2,4,5.8
1,9,7.4,0,85,86,1,3,3,46.9,26.9,7.5,89.5,4.4,1,1,3,3,1,1,2,1,3.9
1,3,7.5,0,80,80,2,3,0,46.5,52.5,6.8,81.0,4.8,1,1,2,3,1,0,0,0,6.0
1,5,7.3,0,68,73,1,1,1,38.6,42.8,0.8,70.0,4.5,0,1,0,0,0,1,1,8,5.5
1,4,7.3,0,63,66,1,1,0,30.6,23.1,1.2,77.0,4.0,0,0,0,0,0,0,0,0,5.3
1,10,7.7,2,55,62,2,1,0,34.1,23.5,1.2,72.9,3.7,0,0,0,1,0,0,1,8,5.7
1,8,6.5,0,58,63,0,3,1,20.0,11.3,5.6,67.5,4.5,0,0,0,0,0,0,2,0,3.0
1,5,7.0,2,70,63,1,1,0,20.0,23.3,2.0,76.0,4.8,1,0,2,3,1,0,1,1,2.9
1,3,7.6,0,72,85,1,3,0,63.7,56.7,7.1,78.0,3.9,1,1,0,0,0,1,1,1,6.8
1,9,6.5,0,59,62,0,2,1,20.3,30.5,2.6,75.1,3.4,0,0,0,0,0,0,1,7,3.3
1,10,8.3,1,69,67,2,3,2,68.8,41.0,7.8,76.6,4.5,1,1,1,0,0,1,1,7,7.8
1,6,7.7,1,80,75,2,2,0,60.6,55.8,6.2,84.9,4.6,1,0,1,0,0,1,1,1,6.5
0,5,7.5,0,64,70,1,2,0,48.1,42.2,4.1,79.0,3.8,0,0,0,0,0,1,0,7,5.4
0,6,8.1,1,85,80,1,3,3,75.3,57.1,9.0,89.0,4.6,1,1,3,1,1,1,0,1,8.0
1,2,8.1,0,74,86,2,3,2,62.1,47.4,7.5,90.0,4.8,1,1,3,1,1,1,2,0,7.1
0,5,7.3,0,60,68,1,2,0,30.8,26.0,3.4,76.0,4.5,0,1,0,0,0,0,1,2,5.2
1,2,7.5,0,57,66,1,1,0,32.2,28.9,2.4,75.0,3.7,0,0,0,0,0,0,1,8,5.9
0,4,6.5,0,61,69,2,2,1,30.1,38.0,2.9,81.0,4.8,0,0,0,0,0,0,1,6,3.9
1,9,7.4,0,60,68,0,3,1,36.6,36.2,3.1,75.9,4.1,0,0,1,0,0,0,1,8,5.4
1,9,8.6,1,74,88,2,3,2,85.7,70.9,4.4,88.9,4.6,1,1,3,2,1,1,0,1,10.5
1,7,8.0,1,77,84,0,2,1,67.3,66.2,5.8,90.0,4.8,1,0,2,3,1,1,1,0,8.3
0,2,6.5,0,55,58,1,1,1,20.0,10.7,1.6,76.0,4.1,0,1,0,0,0,1,0,9,3.8
0,2,7.5,0,83,60,0,2,0,33.3,37.3,3.3,78.0,3.5,0,1,0,0,0,0,2,8,6.3
0,5,7.6,2,72,80,0,2,0,36.1,26.8,4.2,77.0,3.7,1,1,3,2,1,1,1,8,4.6
1,0,8.4,0,77,82,1,1,0,60.2,49.3,4.0,80.0,4.6,1,1,0,0,0,0,2,5,7.5
0,0,7.4,0,75,65,1,1,1,36.7,33.5,3.0,80.0,4.2,1,1,3,2,1,0,2,5,4.8
1,6,7.5,1,55,64,0,1,2,43.8,54.7,2.7,65.1,4.3,0,1,0,0,0,0,2,1,5.9
1,7,7.6,1,80,85,1,2,2,34.3,41.2,6.1,84.6,4.2,1,1,0,1,0,1,1,5,4.3
1,7,8.2,1,85,86,2,2,2,66.2,61.0,6.6,90.0,4.7,1,1,3,1,1,1,0,6,5.9
1,2,7.8,1,55,82,1,1,2,30.1,27.7,2.2,75.0,4.1,0,1,0,0,0,0,2,8,4.2
1,1,7.9,0,72,77,2,2,2,53.6,42.2,4.8,90.0,4.8,1,1,3,2,1,1,2,8,5.2
1,9,8.6,0,57,82,0,1,3,52.9,34.8,0.9,84.4,4.3,1,1,2,3,1,1,2,8,6.6
1,4,7.6,2,56,66,1,2,0,50.6,49.8,3.6,70.0,3.6,0,1,0,0,0,1,2,5,5.5
0,0,8.5,0,58,73,1,1,2,47.7,44.7,1.5,78.0,4.5,0,1,0,0,0,0,1,0,8.3
1,9,6.8,1,58,70,0,1,0,20.0,24.7,2.0,63.6,4.4,0,1,1,0,0,0,1,8,4.1
0,7,7.5,1,56,75,0,2,1,39.1,25.6,1.3,81.1,3.9,0,1,0,0,0,1,2,0,5.2
0,3,8.0,0,61,70,1,2,1,45.8,33.3,3.2,77.0,4.5,0,0,0,0,0,0,0,0,5.6
1,2,8.4,1,78,87,1,3,0,71.9,62.2,6.2,90.0,4.6,1,1,2,2,1,1,2,6,8.3
1,11,8.0,0,68,83,1,3,0,71.1,61.1,6.5,80.4,4.6,0,1,3,1,1,1,2,4,8.0
0,3,7.9,0,84,81,2,3,2,57.5,39.4,8.3,80.0,4.4,1,1,2,2,1,1,1,8,7.2
1,6,8.2,0,85,88,1,2,2,82.4,69.4,5.9,87.5,4.0,1,1,3,2,1,0,1,2,9.9
0,0,7.6,0,55,70,1,1,0,29.1,22.8,1.7,71.0,3.8,0,0,0,0,0,0,1,7,4.4
1,0,6.8,0,55,63,1,1,2,23.8,22.0,1.4,64.0,3.5,0,0,0,0,0,0,2,0,3.6
1,4,7.6,0,58,61,1,1,1,37.1,40.3,3.1,72.0,3.3,0,1,0,0,0,0,0,2,6.4
0,0,8.2,0,82,84,0,3,1,60.6,48.7,6.7,90.0,4.8,1,1,3,2,1,0,1,4,6.9
0,4,8.3,0,87,80,2,3,2,65.4,51.2,6.6,85.0,4.5,1,1,3,2,1,0,1,1,7.4
1,3,6.9,0,55,71,1,2,0,25.9,22.5,4.0,80.0,3.4,0,0,0,0,0,0,2,7,3.9
1,6,8.6,0,81,83,2,2,1,76.9,54.4,7.3,86.0,4.3,1,1,4,1,1,1,1,1,8.9
1,11,7.4,1,88,82,1,3,3,53.2,30.2,6.4,89.3,4.8,1,0,0,0,0,0,1,2,5.1
1,6,8.5,1,80,76,2,3,2,75.8,55.5,6.2,90.0,4.6,1,1,4,0,1,1,0,7,8.2
1,2,7.9,1,75,75,0,1,0,43.7,30.4,0.7,87.0,4.5,0,1,3,2,1,0,1,2,4.8
1,7,7.7,1,56,71,0,0,2,28.4,18.9,0.3,72.8,4.5,0,0,4,1,1,0,2,7,3.4
1,0,8.5,0,76,85,1,3,2,70.5,69.1,7.0,90.0,4.8,1,1,3,1,1,1,1,5,8.5
1,4,6.6,0,60,65,1,3,0,36.6,34.4,5.6,86.0,4.4,0,0,0,0,0,0,1,5,4.4
1,9,7.4,0,79,77,2,1,0,36.4,33.0,2.0,86.7,3.7,0,1,0,0,0,1,1,8,5.2
0,4,7.4,1,69,85,1,3,0,43.0,37.7,7.3,83.0,3.8,0,1,0,0,0,1,1,0,5.9
1,1,8.1,0,59,69,2,1,2,49.3,38.5,2.3,72.0,4.1,1,0,0,0,0,1,1,2,5.4
1,4,8.9,0,72,86,2,3,2,87.1,68.5,7.4,90.0,4.8,1,1,2,2,1,1,2,6,11.0
0,5,8.5,0,84,83,1,3,2,64.7,46.7,7.6,83.0,4.4,1,1,4,1,1,0,1,8,6.1
0,0,7.7,0,69,64,1,3,0,46.3,40.3,6.7,76.0,4.5,1,0,4,1,1,0,1,4,5.7
1,7,7.7,0,73,88,0,3,1,50.9,43.0,4.4,78.8,4.7,1,1,0,1,0,0,1,5,6.4
1,2,6.5,1,55,70,1,1,0,20.0,23.8,3.8,81.0,3.9,0,1,0,0,0,0,2,8,3.3
1,6,7.5,2,63,65,2,3,2,62.9,45.2,6.8,80.6,3.9,0,1,1,1,0,1,0,2,5.6
1,6,8.4,1,79,66,2,3,1,69.6,56.3,7.5,90.0,4.8,1,1,3,2,1,1,0,2,8.4
0,0,6.5,0,55,84,1,1,0,20.0,12.9,2.0,84.0,4.5,1,1,0,0,0,0,1,6,2.1
0,8,6.5,1,67,68,0,2,1,20.0,15.8,1.6,66.3,4.1,0,0,0,0,0,1,2,2,3.1
1,2,6.8,1,55,67,1,2,0,25.9,21.9,5.4,74.0,4.3,0,1,0,0,0,0,1,4,2.0
0,2,8.0,0,76,70,1,1,2,49.3,40.1,2.6,81.0,3.8,1,1,1,3,1,0,1,6,5.8
1,5,8.4,0,85,88,1,3,0,64.6,47.1,7.3,81.0,4.8,1,1,4,1,1,1,1,8,7.9
1,11,7.6,0,84,67,1,3,1,66.0,45.4,6.3,81.2,4.3,1,1,0,0,0,0,1,8,6.6
1,3,8.2,0,73,65,2,3,1,65.2,57.0,4.6,70.0,3.8,0,0,0,0,0,1,2,8,9.1
1,1,6.9,1,63,64,0,2,0,20.0,25.7,5.7,79.0,4.1,0,1,0,0,0,0,1,7,3.5
0,1,7.6,0,71,72,0,1,0,30.5,14.0,2.3,82.0,4.3,0,1,0,0,0,0,1,5,5.7
1,6,7.5,2,55,72,0,2,0,33.1,16.8,3.8,73.1,3.9,0,1,1,2,1,0,2,9,3.2
0,4,7.5,0,66,67,0,1,0,26.9,16.1,1.5,81.0,4.4,0,0,0,0,0,0,1,1,4.6
0,2,8.2,0,77,83,2,3,2,68.7,56.7,5.2,86.0,4.8,1,1,2,3,1,1,1,8,7.8
1,1,7.8,1,56,72,1,1,0,27.0,28.1,4.7,68.0,4.3,1,1,0,0,0,0,1,3,5.9
0,4,8.8,0,71,84,2,3,2,78.0,45.9,7.2,90.0,4.8,1,1,2,3,1,1,0,4,8.2
1,2,8.0,0,57,87,0,2,1,52.2,44.1,5.7,74.0,4.1,1,1,3,2,1,1,2,5,6.4
0,6,8.8,0,74,85,1,3,2,62.4,56.6,7.5,89.0,4.7,1,1,4,1,1,1,2,2,8.3
1,3,8.4,0,75,84,1,1,2,41.6,45.5,3.6,85.0,4.8,1,1,2,2,1,0,1,6,6.4
0,9,7.7,0,71,66,2,2,2,47.7,15.7,4.8,74.3,4.8,1,1,0,0,0,0,2,8,5.6
0,8,8.2,0,73,68,0,3,2,68.4,39.1,7.2,78.9,4.0,1,1,0,0,0,1,0,8,8.6
1,3,8.3,0,81,86,1,3,3,58.1,33.3,8.8,86.0,4.8,1,1,2,2,1,1,0,9,6.4
1,4,7.3,0,69,73,0,1,2,20.0,37.9,1.8,74.0,4.0,0,0,0,0,0,0,0,1,3.3
1,1,6.5,0,55,59,1,1,1,20.0,22.8,1.3,73.0,4.5,0,0,0,0,0,0,2,8,3.7
1,10,8.8,0,81,67,0,0,1,55.4,38.4,2.7,87.4,4.2,1,1,0,0,0,0,0,1,8.7
1,7,8.5,0,73,83,1,2,1,47.0,45.0,0.3,88.8,4.5,1,1,3,1,1,0,0,0,6.9
0,1,7.2,1,74,82,2,3,0,44.4,47.4,5.8,76.0,4.3,1,1,0,0,0,1,0,8,6.8
1,6,8.2,1,65,88,0,3,1,56.7,36.9,9.1,90.0,4.8,1,1,3,1,1,1,1,2,7.4
0,5,8.1,0,79,88,2,3,2,62.3,61.4,9.4,90.0,4.8,1,0,1,3,1,1,1,1,6.8
1,2,8.4,0,59,65,1,1,0,54.2,50.6,3.7,75.0,3.7,1,0,0,0,0,0,0,4,6.6
1,11,7.8,0,60,63,0,3,1,52.2,42.5,6.2,82.3,4.5,0,1,3,2,1,0,2,4,4.9
1,2,7.5,0,80,60,0,1,1,41.2,44.2,3.2,67.0,4.4,0,1,0,0,0,1,2,0,5.1
1,5,6.6,0,80,71,1,2,0,21.3,24.5,5.8,87.0,4.6,0,1,0,0,0,0,1,8,2.4
1,4,7.2,0,55,58,1,1,0,22.9,16.3,0.5,70.0,3.7,0,0,0,0,0,0,2,3,3.3
1,8,8.4,0,73,81,2,2,2,60.7,57.1,7.6,89.9,4.8,1,1,4,1,1,1,2,8,8.6
1,4,8.3,0,76,83,2,3,2,66.1,59.3,6.1,90.0,4.8,1,1,4,1,1,0,2,6,8.0
0,11,8.2,0,62,67,1,1,0,49.4,37.8,2.0,73.4,4.6,1,0,0,1,0,0,0,6,7.2
1,8,7.4,1,59,62,0,2,1,28.9,15.5,3.1,68.4,4.2,0,1,0,0,0,0,2,8,4.7
1,2,7.8,0,60,67,1,1,2,35.3,38.3,2.2,85.0,3.8,0,1,0,0,0,0,1,8,6.6
1,4,8.3,0,84,88,2,3,2,82.7,57.7,5.2,90.0,4.8,1,1,2,2,1,1,0,1,6.6
1,0,8.2,0,83,82,2,3,2,64.4,55.4,4.3,90.0,4.8,1,0,2,3,1,1,2,5,7.2
1,0,8.5,0,76,86,2,2,2,57.9,60.5,5.2,88.0,4.8,1,1,4,1,1,0,1,5,8.1
1,11,8.4,0,77,61,2,1,0,67.3,57.8,3.2,72.5,4.7,1,1,4,3,1,1,2,9,7.7
1,7,8.5,0,72,82,1,2,2,63.9,52.2,3.8,87.6,4.8,1,0,0,0,0,0,1,7,8.3
1,6,8.1,0,90,83,2,3,3,64.0,39.7,8.4,90.0,4.8,1,1,2,1,1,1,1,9,5.6
1,4,8.0,0,71,85,2,3,2,67.3,37.2,8.1,87.0,4.5,1,1,4,1,1,1,0,0,6.3
1,2,8.4,0,79,80,0,3,2,63.5,72.5,6.8,87.0,4.0,1,0,3,2,1,1,2,2,9.7
1,1,7.9,0,82,81,2,3,2,59.7,43.9,6.9,90.0,4.6,1,1,2,2,1,1,0,8,6.6
0,0,7.6,0,77,69,0,1,2,34.8,49.4,3.0,83.0,4.7,0,1,4,1,1,0,2,1,6.7
0,6,7.8,0,81,63,1,1,2,51.2,43.3,5.7,90.0,4.5,1,1,2,3,1,0,2,2,7.2
0,9,6.7,1,65,69,1,1,1,20.0,28.4,2.1,75.8,4.6,0,0,1,0,0,0,0,5,2.2
1,10,7.6,0,63,71,0,1,3,31.8,32.8,2.4,65.4,3.2,0,1,1,1,0,0,1,1,5.2
0,3,6.6,2,74,84,1,3,2,23.8,7.9,6.2,76.0,4.5,1,1,1,3,1,1,2,7,3.3
0,2,8.1,2,88,86,0,3,0,54.9,49.2,8.5,88.0,4.7,1,0,4,1,1,0,2,7,6.0
1,2,6.6,0,83,65,0,1,1,20.0,12.9,1.2,72.0,3.4,0,0,0,0,0,0,0,4,2.0
1,2,7.5,0,63,65,1,1,1,35.3,35.4,1.8,74.0,3.9,0,0,0,0,0,0,0,8,5.9
1,2,8.2,0,75,69,1,1,2,50.7,56.9,4.3,82.0,4.6,1,0,2,2,1,0,0,8,8.5
0,0,8.3,0,61,63,1,2,0,58.9,35.6,3.6,72.0,4.2,0,1,0,0,0,1,2,2,8.1
0,0,7.1,0,61,85,1,3,2,46.1,47.3,8.0,86.0,4.8,1,1,0,0,0,0,0,3,6.5
1,1,7.5,1,70,80,2,3,2,55.6,35.6,6.7,79.0,4.4,1,1,1,3,1,1,0,9,5.7
0,1,7.7,0,65,59,1,2,0,48.4,42.4,4.2,81.0,3.8,1,1,0,0,0,1,1,7,7.1
0,9,8.5,1,82,87,2,3,0,67.6,58.3,7.2,82.8,4.7,1,1,2,1,1,1,2,6,7.5
1,6,8.4,0,76,87,0,3,3,58.6,47.4,4.2,84.1,4.4,1,1,4,1,1,0,1,2,7.6
1,9,8.3,1,81,67,0,2,2,50.6,29.5,4.7,81.8,4.4,0,1,1,0,0,1,2,8,5.7
1,11,8.3,0,79,86,2,2,2,80.0,79.9,8.4,89.9,4.8,1,1,2,2,1,1,0,3,10.0
1,11,8.4,0,82,86,0,3,2,75.7,50.2,6.5,90.0,4.8,1,1,2,2,1,1,1,7,8.2
0,0,8.1,0,75,88,2,1,0,52.8,41.3,2.6,87.0,4.0,1,1,0,0,0,0,1,4,6.8
1,3,7.4,0,58,73,1,1,0,22.8,16.5,1.9,89.0,4.4,0,1,0,0,0,1,2,9,2.3
0,8,6.5,0,56,69,0,2,2,20.0,5.7,1.3,71.2,3.4,0,0,0,0,0,0,2,9,2.5
0,5,8.2,0,77,80,1,3,2,66.6,68.4,8.0,88.0,4.8,1,1,0,0,0,1,0,8,10.0
0,0,7.8,1,59,71,0,3,0,38.0,35.2,4.7,84.0,3.8,1,1,0,0,0,0,1,5,5.3
1,2,8.5,0,60,71,2,3,1,78.7,62.8,7.0,70.0,3.9,1,1,0,0,0,1,0,2,8.9
1,0,8.7,0,90,86,2,3,2,81.7,69.8,6.1,90.0,4.8,1,1,2,2,1,1,1,4,9.5
1,5,7.9,0,68,83,0,3,2,61.3,36.8,7.1,90.0,4.8,1,1,3,2,1,1,2,8,6.3
1,7,6.5,2,55,72,1,1,1,25.2,14.6,3.6,70.9,3.9,0,1,0,0,0,1,1,6,3.3
1,4,7.7,0,77,81,1,3,0,55.7,37.9,7.2,90.0,4.0,1,1,0,0,0,0,2,0,6.0
1,6,6.8,0,60,66,0,3,0,25.3,39.0,6.8,84.4,4.3,1,1,2,2,1,1,0,2,2.1
0,6,7.6,0,78,64,1,1,0,23.7,21.5,0.6,71.8,4.6,0,1,2,1,1,0,2,4,5.6
1,2,7.5,0,68,64,0,2,0,36.5,24.4,4.0,82.0,4.8,1,1,3,2,1,0,2,8,4.6
0,3,6.5,1,55,65,1,1,0,20.0,14.3,1.2,71.0,3.6,0,0,0,0,0,1,1,8,2.0
0,2,7.5,0,55,74,1,2,0,41.1,38.0,4.8,77.0,4.3,0,0,0,0,0,0,0,1,4.9
1,2,7.8,0,55,70,0,1,1,34.6,35.9,2.6,77.0,4.1,1,1,0,0,0,0,2,1,6.0
1,8,7.7,1,71,65,1,2,3,24.5,24.1,3.2,76.6,4.7,1,0,0,0,0,0,2,1,4.6
0,7,8.0,0,82,82,0,0,3,41.5,35.3,2.1,90.0,4.8,1,1,2,3,1,0,1,9,5.2
0,8,8.3,0,78,84,1,0,0,39.8,17.8,2.5,77.0,3.8,1,1,0,1,0,0,2,8,7.0
1,7,7.4,0,55,65,1,0,0,36.7,19.3,1.5,74.1,3.3,0,0,0,0,0,0,2,2,4.9
1,4,8.3,0,76,87,2,3,2,76.7,59.2,6.3,80.0,4.2,1,1,3,2,1,0,1,0,8.0
0,4,7.3,0,55,72,2,2,1,47.5,43.3,4.1,76.0,3.8,0,1,2,2,1,0,1,3,5.0
1,2,7.6,1,55,84,1,1,1,33.6,30.2,2.5,89.0,4.8,1,1,2,2,1,0,1,5,5.0
0,4,8.3,0,75,67,0,3,1,57.0,40.1,8.1,80.0,4.8,1,1,2,3,1,1,1,0,6.9
1,6,7.5,0,55,64,1,2,2,38.8,25.8,0.8,61.6,4.1,0,0,0,0,0,0,2,6,5.0
1,4,7.5,0,71,84,1,2,1,37.6,51.3,4.6,85.0,4.1,0,1,0,0,0,0,2,2,5.8
1,6,8.8,0,86,82,2,2,3,87.7,63.3,7.6,90.0,4.8,1,1,2,3,1,1,0,4,9.3
1,3,8.5,0,71,84,2,3,2,75.7,69.3,6.7,90.0,4.6,1,1,4,1,1,0,1,9,9.4
1,4,7.6,0,76,82,2,2,2,37.6,43.0,5.0,79.0,4.8,1,1,2,2,1,0,1,5,4.2
1,10,8.2,0,68,67,2,3,2,68.3,42.5,7.8,76.1,4.5,1,1,1,0,0,1,1,8,7.9
1,11,7.9,0,63,59,0,1,0,42.3,24.8,1.3,60.4,3.4,0,0,1,0,0,0,2,8,5.1
1,2,7.4,1,77,71,1,2,1,33.9,17.1,2.4,76.0,4.3,0,1,0,0,0,0,1,4,2.9
1,0,8.6,0,71,83,2,3,1,80.5,56.5,6.2,88.0,4.8,1,1,3,2,1,1,1,5,9.2
1,11,6.8,0,67,61,1,1,1,23.8,30.6,2.2,60.0,3.9,0,0,0,0,0,0,1,3,4.3
1,10,7.8,1,55,72,0,1,0,25.6,29.1,1.1,76.9,3.4,0,1,3,1,1,0,2,1,5.4
0,0,6.5,0,76,77,2,3,1,35.2,41.5,8.3,76.0,4.3,1,0,0,0,0,0,1,0,2.2
1,4,7.9,1,81,79,1,3,0,57.9,51.0,7.2,90.0,4.6,1,1,2,3,1,0,1,7,6.2
1,3,7.8,0,80,78,2,3,0,64.7,50.8,7.0,90.0,4.7,1,1,3,2,1,0,2,7,7.5
1,5,6.7,0,55,63,1,1,1,20.0,31.6,1.7,83.0,4.3,0,0,0,0,0,0,2,1,4.2
1,3,8.3,0,83,66,1,3,1,60.7,55.2,5.5,73.0,4.5,1,1,4,1,1,0,2,8,7.7
0,5,7.7,1,57,69,1,2,0,51.6,29.7,2.5,82.0,4.4,0,1,1,3,1,1,1,8,5.8
1,8,6.5,1,55,72,0,2,2,20.0,9.6,1.9,70.6,3.9,0,1,0,1,0,1,1,8,2.0
1,2,8.0,0,63,68,2,2,1,66.7,61.1,6.7,82.0,3.9,1,1,0,0,0,0,1,9,9.1
1,7,8.0,0,90,84,0,3,2,51.5,50.1,7.6,86.7,4.8,1,1,2,3,1,0,1,4,7.8
1,0,7.7,0,57,71,1,1,1,37.3,35.2,2.6,70.0,4.1,0,0,0,0,0,1,0,2,6.1
1,0,6.6,2,55,69,0,1,0,20.0,14.4,1.8,67.0,3.3,0,1,0,0,0,0,1,8,2.5
1,10,7.1,1,70,67,0,2,0,26.7,32.7,5.5,88.4,4.1,1,0,0,1,0,0,1,5,4.7
0,8,8.2,0,71,86,1,3,1,65.5,56.9,5.3,90.0,4.8,1,1,0,1,0,0,2,2,8.4
0,6,8.6,1,67,78,2,3,2,80.6,65.1,6.7,83.3,4.8,0,1,3,0,1,1,2,1,8.6
0,6,7.7,1,81,67,1,1,3,42.4,38.3,4.0,75.5,4.2,0,1,0,0,0,0,0,9,7.7
1,7,7.6,0,71,63,0,0,1,35.5,16.3,4.1,73.0,3.9,0,0,2,3,1,0,1,6,3.7
0,5,7.7,0,55,63,1,2,0,40.7,28.9,4.9,73.0,4.8,1,1,1,3,1,0,1,8,4.9
1,2,6.5,1,74,76,1,3,1,30.1,25.7,7.0,76.0,4.6,1,1,1,3,1,0,1,8,2.1
1,3,7.6,1,55,57,1,1,0,34.7,44.1,0.9,88.0,4.2,1,1,3,1,1,0,0,6,4.6
1,0,7.6,2,74,82,1,2,1,45.2,37.8,4.5,76.0,4.3,1,1,2,2,1,1,2,1,4.5
0,3,7.2,0,75,75,1,2,2,37.4,38.3,5.2,75.0,4.3,0,1,0,0,0,0,2,8,5.2
1,2,7.5,1,58,67,1,1,1,24.0,16.3,2.0,80.0,3.8,0,0,0,0,0,0,2,8,3.4
1,2,6.5,2,59,57,2,2,0,28.0,24.7,4.9,77.0,3.8,0,0,2,3,1,0,1,1,3.3
1,0,8.5,0,87,88,1,3,2,70.1,48.7,7.4,88.0,4.2,1,1,4,1,1,1,2,0,9.2
1,6,7.5,1,68,73,0,2,1,45.7,39.7,4.5,86.3,4.7,0,0,1,0,0,0,1,2,6.9
1,6,8.3,0,72,81,0,2,1,74.9,54.7,8.7,83.6,4.4,1,1,3,2,1,1,1,7,8.0
1,3,7.5,0,60,65,1,1,0,25.4,22.6,1.6,71.0,3.6,0,0,0,0,0,0,0,8,4.1
0,2,6.5,1,65,69,0,1,0,20.0,14.0,1.8,82.0,4.4,0,0,0,0,0,0,0,8,2.0
1,0,7.5,0,55,60,1,1,0,28.1,17.9,3.6,68.0,4.1,0,0,0,0,0,0,0,5,4.5
0,0,7.7,0,87,88,2,3,2,57.7,60.0,6.1,90.0,4.8,1,1,4,1,1,0,2,0,7.2
0,4,7.9,0,60,84,1,3,3,55.8,39.8,8.8,81.0,4.5,1,1,3,2,1,1,1,1,6.0
0,10,8.6,0,82,88,2,3,2,73.4,71.3,5.9,90.0,4.8,1,1,3,3,1,0,2,2,8.2
0,8,6.5,2,62,65,0,1,0,20.0,12.1,0.0,70.3,4.5,0,0,0,0,0,0,1,2,3.6
0,5,7.6,0,58,72,1,2,0,47.9,31.9,4.7,73.0,4.2,1,1,0,0,0,1,0,8,5.6
1,10,7.0,0,77,69,1,3,2,31.2,20.2,7.3,88.0,4.8,1,1,1,3,1,1,1,8,2.4
1,10,7.6,0,74,68,1,1,0,31.0,40.9,1.3,80.1,4.1,0,1,0,0,0,0,0,8,5.1
1,4,8.7,0,77,83,2,3,2,70.5,45.8,9.3,83.0,4.0,1,1,3,2,1,1,2,7,7.4
0,5,8.0,0,88,79,2,3,2,67.3,46.8,7.0,90.0,4.1,1,0,0,0,0,0,0,8,8.3
1,5,9.1,0,55,62,1,1,0,66.6,59.5,1.2,75.0,3.8,0,0,3,2,1,1,1,1,9.1
1,6,8.6,0,71,67,1,2,1,72.0,44.1,4.8,90.0,4.2,0,1,4,0,1,0,1,0,8.8
0,4,7.5,0,55,75,1,1,1,32.3,38.9,2.5,69.0,4.1,0,0,0,0,0,0,2,9,5.1
0,2,8.0,0,71,82,1,3,2,59.2,47.0,6.2,90.0,4.8,1,1,0,0,0,0,1,7,7.6
1,0,8.1,0,67,84,0,3,2,54.5,40.8,7.2,87.0,4.2,1,1,4,1,1,1,0,2,6.7
1,6,6.8,0,60,82,0,1,1,27.5,33.5,3.5,81.1,4.2,1,1,1,0,0,0,2,2,4.5
1,6,8.8,0,72,84,2,3,1,76.4,64.4,7.7,84.6,4.8,1,1,4,0,1,1,0,9,10.2
1,7,7.5,1,57,61,0,3,0,41.3,24.5,4.1,85.5,4.4,0,1,3,3,1,0,1,8,4.6
1,4,7.5,0,56,66,1,1,1,34.1,23.1,2.1,88.0,4.8,0,1,2,2,1,0,1,4,3.4
1,4,7.6,0,55,83,1,3,1,48.8,36.0,6.5,80.0,4.3,0,1,0,0,0,1,0,5,5.6
1,3,6.5,2,60,74,1,1,0,23.4,28.1,1.0,85.0,3.7,0,0,0,0,0,1,1,7,3.3
1,0,7.0,0,55,82,1,2,2,21.2,19.9,5.8,90.0,4.5,1,1,2,3,1,0,0,5,2.7
1,0,7.3,1,56,71,1,2,0,29.1,30.9,6.0,83.0,4.5,1,1,1,3,1,0,1,3,3.6
1,4,7.6,0,59,65,1,1,0,37.4,28.7,2.3,69.0,4.0,0,1,0,0,0,1,1,3,5.6
0,4,7.5,0,57,72,1,1,0,34.8,33.2,0.0,72.0,4.2,0,0,0,0,0,0,1,0,4.8
0,7,7.7,0,84,81,0,3,2,43.5,28.6,7.5,80.5,4.6,1,1,0,0,0,1,0,7,5.8
0,1,6.9,0,66,69,1,1,0,22.2,31.8,3.4,78.0,4.2,1,1,2,3,1,0,1,9,3.7
1,7,8.2,0,73,83,1,1,2,53.8,54.6,6.3,82.0,4.2,1,1,3,2,1,1,2,6,5.4
0,3,6.8,0,74,72,0,3,1,29.1,30.4,8.4,82.0,4.2,1,1,0,0,0,1,2,7,3.7
1,5,8.8,0,74,86,2,3,2,78.9,54.0,6.2,90.0,4.7,1,1,2,2,1,1,2,1,9.1
1,2,7.6,0,58,71,1,1,0,27.8,25.0,1.2,74.0,4.3,0,0,0,0,0,0,1,0,4.9
1,7,7.6,0,60,87,1,0,3,40.0,20.9,1.5,87.8,4.3,0,1,2,2,1,0,1,7,2.1
1,5,6.5,0,60,64,1,1,1,20.0,28.2,1.5,62.0,4.1,0,1,0,0,0,0,1,6,3.4
1,4,7.6,0,56,67,1,1,1,26.5,15.7,2.2,66.0,3.8,0,0,0,0,0,0,2,9,4.9
1,8,7.6,1,55,70,1,0,2,35.4,48.0,1.9,74.8,4.1,0,0,0,0,0,0,1,8,6.4
0,0,8.5,0,74,82,1,2,0,67.8,52.3,5.9,89.0,4.8,1,1,4,1,1,0,2,8,7.7
0,6,8.3,0,75,84,0,3,0,57.5,46.6,6.1,90.0,4.8,1,1,4,3,1,0,1,4,6.3
1,10,7.9,0,55,71,1,1,1,34.8,36.7,2.6,76.9,4.1,1,1,0,0,0,0,1,5,6.2
0,3,7.6,0,55,66,1,1,2,31.4,35.8,1.1,74.0,4.3,0,1,2,2,1,1,2,2,5.3
1,6,8.3,0,83,85,1,1,0,57.6,33.3,1.1,90.0,4.7,1,1,1,2,1,0,0,1,6.7
0,3,7.8,0,90,83,2,3,2,57.6,48.3,6.6,83.0,4.5,1,0,0,0,0,0,2,8,6.9
0,0,8.4,0,83,87,1,3,1,62.7,38.7,7.1,79.0,4.1,0,1,3,2,1,0,1,7,7.8
0,3,6.7,0,55,82,1,2,0,31.0,32.8,4.9,90.0,4.7,1,1,1,3,1,0,2,7,2.8
1,4,8.0,0,75,73,1,2,2,47.3,42.2,4.7,82.0,4.7,1,1,3,2,1,0,1,9,6.6
0,0,6.5,1,81,66,1,1,1,20.0,30.4,0.6,83.0,4.1,0,1,4,1,1,0,0,3,3.7
0,3,6.5,0,59,77,0,2,2,20.0,14.7,6.0,78.0,4.2,0,1,0,0,0,0,2,2,2.0
1,0,8.3,0,55,67,1,3,1,60.6,50.6,5.6,72.0,4.3,1,1,0,0,0,0,1,9,9.0
1,0,8.4,0,76,86,1,3,3,59.8,63.9,4.8,90.0,4.8,1,1,3,2,1,0,1,1,8.4
0,5,6.5,0,64,69,1,1,0,20.0,12.2,1.2,74.0,3.5,0,1,0,0,0,0,0,5,2.4
1,2,8.3,0,63,66,0,1,0,51.9,37.6,1.5,90.0,4.1,0,0,0,0,0,0,2,8,7.7
0,0,7.8,0,55,65,1,1,2,41.0,32.8,1.3,79.0,4.7,0,0,0,0,0,0,2,1,5.9
1,2,8.3,0,55,63,1,2,1,63.2,58.9,6.1,81.0,4.0,1,1,0,0,0,1,0,8,7.6
0,2,6.6,1,62,58,0,2,1,20.0,0.5,3.1,70.0,3.2,0,1,0,0,0,0,2,8,2.5
0,0,8.6,0,68,82,1,1,2,40.0,21.5,1.9,75.0,4.5,1,1,0,0,0,0,2,5,7.1
1,6,7.7,0,79,81,2,2,0,51.7,36.0,7.2,73.6,4.3,1,1,4,1,1,0,0,5,7.0
0,2,7.9,0,58,65,1,2,0,48.3,39.8,3.5,73.0,4.3,0,1,0,0,0,1,2,8,6.8
0,0,6.5,2,62,69,0,1,1,20.0,12.5,1.9,68.0,3.5,0,1,0,0,0,0,0,4,2.4
0,7,7.2,0,66,75,2,1,0,30.1,28.1,0.8,81.4,4.2,0,0,0,1,0,0,2,0,5.4
1,11,6.5,0,70,84,2,3,2,30.4,30.2,7.3,88.0,4.8,1,1,2,1,1,0,1,0,2.5
0,2,8.7,0,71,69,1,1,0,51.5,40.5,4.1,85.0,3.8,1,1,0,0,0,1,2,0,6.3
0,8,7.6,0,68,64,1,3,1,44.2,36.0,7.1,74.7,4.3,1,1,2,3,1,1,1,8,6.7
1,3,6.5,0,55,59,1,2,0,21.9,29.5,5.0,76.0,4.4,0,0,0,0,0,0,1,8,3.9
1,4,6.5,1,63,69,0,1,0,20.0,23.3,1.3,86.0,4.5,0,0,0,0,0,0,2,2,2.9
0,0,7.4,0,84,76,1,3,3,44.6,39.7,5.6,84.0,4.6,1,1,1,3,1,0,2,1,5.3
1,2,7.5,0,60,69,2,2,1,50.6,37.9,3.6,71.0,3.8,0,1,0,0,0,0,1,8,6.4
1,1,6.8,0,71,70,1,1,2,20.0,30.6,3.6,77.0,4.1,0,1,0,0,0,0,1,4,3.9
1,4,8.4,0,85,88,2,3,2,65.4,57.9,10.0,90.0,4.8,1,1,2,2,1,1,2,1,8.2
0,9,6.6,1,78,63,1,3,3,34.7,29.7,7.0,74.5,4.7,1,0,0,0,0,0,0,8,2.8
1,5,6.5,0,67,71,0,1,0,20.0,16.9,2.8,61.0,3.7,0,0,0,0,0,0,0,8,3.1
1,6,7.8,0,55,81,2,1,0,44.0,32.1,2.7,84.3,3.7,0,1,3,3,1,0,0,0,5.6
0,6,8.4,0,77,88,1,2,1,79.5,52.3,7.6,90.0,4.8,1,1,4,0,1,0,0,2,7.2
0,1,8.0,0,69,86,2,3,2,62.4,65.3,5.3,90.0,4.8,1,1,3,2,1,1,2,7,8.6
1,2,7.6,0,73,79,1,3,1,56.5,46.5,5.9,77.0,4.6,1,1,0,0,0,0,1,9,7.4
1,1,6.7,2,55,71,0,1,1,20.0,11.4,0.5,75.0,3.2,0,0,0,0,0,0,1,3,3.3
1,6,8.3,1,55,68,0,3,1,64.2,55.0,6.0,73.6,4.3,1,1,1,0,0,1,0,1,8.6
1,7,7.8,1,74,79,0,3,1,52.0,36.4,7.1,81.4,4.4,0,0,3,1,1,0,2,7,3.8
0,5,8.1,0,77,82,1,2,2,47.4,41.0,3.9,83.0,4.5,0,1,0,0,0,0,0,8,7.7
1,5,7.7,0,75,82,0,1,1,29.2,25.6,3.3,87.0,3.9,1,0,0,0,0,0,0,1,5.3
0,0,7.6,0,73,84,1,3,2,50.8,50.3,7.6,90.0,4.0,1,1,0,0,0,0,2,2,5.7
1,3,7.5,0,64,68,1,1,1,30.4,22.7,1.1,84.0,4.4,1,1,3,1,1,0,0,8,3.1
1,0,6.6,0,58,64,1,1,0,20.0,6.4,3.6,72.0,4.1,1,0,2,3,1,0,2,1,2.0
1,2,7.8,0,82,75,0,1,1,32.4,24.0,3.6,79.0,4.7,1,1,3,2,1,0,1,8,4.7
0,2,8.8,0,75,84,1,3,0,76.3,51.3,7.7,76.0,4.7,1,1,4,1,1,1,2,2,8.2
1,1,6.5,0,64,85,1,1,2,20.0,11.1,4.1,71.0,4.1,1,1,0,0,0,1,0,5,2.4
0,5,7.2,0,72,70,2,2,2,45.1,29.3,4.1,87.0,4.4,1,1,3,2,1,1,1,8,3.2
0,9,8.2,1,79,82,1,3,1,76.0,53.0,6.8,81.1,4.7,1,1,2,3,1,0,1,3,8.8
0,1,6.5,0,55,69,1,1,0,20.0,29.7,1.6,79.0,4.4,0,1,0,0,0,0,1,3,3.6
1,0,8.3,0,56,83,1,1,3,41.5,31.0,2.5,76.0,4.2,0,1,0,0,0,0,2,1,7.0
0,11,7.5,1,73,83,0,3,0,47.2,43.1,7.0,86.1,4.4,1,1,1,2,1,1,1,8,5.1
0,2,7.2,0,55,62,0,1,0,28.8,30.2,2.4,73.0,3.7,0,0,0,0,0,1,1,5,3.7
1,4,6.7,2,55,70,0,1,1,20.0,30.0,3.0,74.0,3.9,0,0,0,0,0,0,0,0,4.1
1,5,7.3,0,64,72,0,1,1,20.0,13.1,2.9,74.0,4.1,0,0,0,0,0,0,2,1,4.3
1,4,7.6,1,72,83,0,2,1,38.2,51.5,7.3,80.0,4.6,1,1,0,0,0,1,2,3,6.1
1,0,7.5,2,64,68,1,1,1,42.3,32.9,3.0,81.0,4.5,1,1,0,0,0,1,0,2,5.5
0,8,8.3,0,78,82,2,3,2,71.1,60.2,8.3,87.0,4.6,1,1,3,1,1,1,0,8,8.7
1,0,8.1,0,74,80,1,3,1,68.9,44.7,6.3,90.0,4.8,1,1,2,3,1,1,2,8,6.6
1,3,8.4,0,74,82,0,1,3,51.3,49.0,2.3,72.0,4.2,1,1,0,0,0,0,2,0,8.8
1,5,7.5,0,55,70,1,1,0,42.5,29.6,0.5,69.0,3.7,0,1,0,0,0,0,1,8,5.6
0,5,6.6,0,73,60,1,2,1,23.5,26.1,4.6,62.0,3.7,0,1,0,0,0,0,1,1,2.5
1,7,8.2,0,56,65,1,2,0,47.0,27.8,3.7,73.7,3.6,1,1,1,0,0,0,2,6,5.8
1,0,8.2,0,76,86,1,3,2,64.1,54.5,6.2,90.0,4.7,1,1,3,1,1,0,1,7,7.8
1,5,6.5,1,57,68,2,3,2,39.0,23.0,7.3,79.0,3.7,1,1,3,2,1,0,2,8,2.7
1,7,8.3,1,70,87,1,2,3,63.2,46.7,3.5,90.0,4.8,1,1,3,2,1,0,2,2,7.0
1,1,6.7,0,65,71,1,1,1,20.0,12.0,2.8,75.0,3.8,0,0,0,0,0,0,2,8,3.1
0,11,6.5,1,62,72,1,2,0,21.8,21.0,3.0,75.6,3.8,1,1,0,1,0,0,2,4,2.9
1,1,7.4,0,72,87,0,1,2,28.9,17.9,2.5,81.0,3.8,1,1,0,0,0,0,2,4,3.5
1,0,8.0,0,70,85,2,3,2,63.6,36.8,8.8,84.0,4.7,1,1,1,3,1,1,0,3,6.4
1,0,7.6,0,74,68,1,2,1,44.3,34.6,5.9,75.0,4.7,1,1,0,0,0,0,2,3,6.4
1,1,7.8,0,84,79,1,3,0,53.1,39.5,6.5,90.0,4.0,1,1,3,2,1,1,1,1,7.0
1,11,8.4,0,81,67,2,3,1,82.9,76.7,6.3,84.0,4.2,1,1,0,1,0,1,1,4,10.4
1,0,6.6,0,63,83,2,3,2,43.3,48.3,7.0,90.0,4.8,1,1,2,3,1,1,1,0,4.5
0,9,8.6,0,87,86,1,1,3,63.1,55.5,2.8,76.3,4.6,1,1,3,1,1,1,1,8,7.4
1,2,7.8,0,55,67,1,1,0,38.2,23.2,2.6,73.0,3.9,0,1,2,2,1,0,1,0,5.2
0,4,6.5,1,55,62,0,1,1,20.0,19.0,2.5,70.0,4.4,0,1,0,0,0,0,1,8,3.6
1,5,8.1,0,57,77,2,3,2,59.9,41.7,8.2,87.0,3.9,1,1,0,0,0,1,0,8,5.8
1,2,8.3,0,78,87,2,3,2,68.7,44.0,7.1,90.0,4.8,1,1,4,1,1,1,1,0,6.7
0,2,7.6,0,55,71,1,3,2,47.9,42.6,6.3,77.0,4.4,0,1,1,3,1,1,1,8,5.2
1,4,8.4,0,70,70,1,3,2,60.6,41.0,7.9,72.0,4.6,1,0,2,2,1,1,1,0,7.2
0,7,7.5,2,55,64,0,1,0,51.8,52.1,5.0,63.3,3.9,0,0,0,1,0,0,1,2,7.5
0,9,6.5,1,63,65,0,0,0,20.8,37.0,2.2,61.0,3.6,0,1,0,1,0,0,2,5,2.5
1,3,6.5,2,58,84,0,1,0,20.0,30.5,0.0,75.0,4.5,0,0,0,0,0,1,2,6,2.9
1,3,6.5,2,55,69,1,2,1,20.0,23.0,3.5,82.0,4.4,0,1,0,0,0,1,1,8,2.1
1,3,7.1,1,59,62,0,1,0,23.0,32.2,2.5,70.0,3.8,0,1,0,0,0,0,0,8,3.0
1,5,7.6,1,55,63,0,1,0,34.9,25.2,2.6,79.0,4.0,0,0,0,0,0,1,1,6,4.1
1,7,6.6,0,61,64,2,3,0,21.2,34.4,5.1,84.8,4.5,1,1,2,3,1,0,1,2,2.2
1,0,6.7,0,64,72,1,1,1,25.1,19.2,1.5,81.0,4.1,0,0,0,0,0,0,0,2,3.6
1,2,8.5,0,80,82,2,3,2,75.6,67.8,5.2,90.0,4.8,1,1,2,3,1,0,2,9,9.1
1,4,7.1,0,81,82,1,1,1,21.9,12.1,3.6,76.0,4.2,1,1,3,2,1,0,0,4,2.6
1,6,7.9,0,78,85,1,3,1,57.6,54.6,8.0,73.1,4.3,1,1,0,0,0,1,2,1,6.2
0,0,7.8,0,85,82,1,3,1,50.9,38.4,5.5,90.0,4.4,1,1,2,2,1,1,0,4,5.9
1,5,6.5,0,58,66,1,2,0,20.0,33.3,3.9,76.0,4.3,0,0,0,0,0,0,2,2,3.4
0,2,8.1,0,73,82,2,2,2,64.7,60.4,5.7,90.0,4.5,1,1,1,3,1,1,1,8,7.6
1,4,8.1,0,90,86,2,3,2,64.7,60.6,5.8,90.0,4.8,1,1,2,3,1,0,2,6,7.1
1,6,8.7,0,80,85,2,3,2,84.8,42.5,8.2,90.0,4.8,1,1,2,2,1,1,2,0,8.6
1,1,8.2,0,72,88,2,3,2,63.8,48.0,7.5,90.0,4.8,1,1,4,1,1,1,0,6,8.1
1,8,8.1,1,56,71,2,3,2,56.0,55.1,5.8,70.7,4.2,1,0,0,0,0,1,0,7,6.3
1,3,7.6,0,76,84,1,2,0,42.8,42.5,5.3,81.0,4.5,0,1,0,0,0,0,1,5,6.4
1,10,7.5,1,59,74,1,3,2,41.5,41.8,7.2,68.7,3.4,1,1,0,1,0,0,0,8,5.7
0,11,7.7,0,58,80,1,2,2,46.7,43.4,3.4,85.3,4.2,1,1,0,1,0,0,0,5,7.5
1,0,6.9,0,55,67,0,1,0,20.0,15.0,3.0,72.0,4.6,0,1,0,0,0,0,2,5,2.2
0,0,8.7,0,76,83,2,3,2,76.5,65.1,6.4,79.0,4.4,1,1,4,1,1,0,1,2,9.1
1,6,8.6,0,78,84,1,3,2,75.7,52.6,8.5,90.0,4.8,0,1,0,0,0,1,0,3,10.0
0,0,7.7,0,60,66,0,2,0,36.9,36.2,4.8,74.0,4.5,1,1,0,0,0,0,1,8,4.9
0,2,8.1,0,58,78,0,2,1,53.7,46.1,6.0,79.0,4.3,0,1,0,0,0,0,0,3,6.4
0,3,8.3,0,76,86,2,3,2,62.0,55.9,6.8,83.0,4.2,1,1,0,0,0,0,2,5,7.1
1,7,7.6,1,56,69,1,2,0,32.2,24.1,2.5,76.6,4.2,0,1,0,1,0,0,0,0,6.6
1,4,8.3,0,77,83,2,3,2,77.3,63.1,6.9,90.0,4.8,1,1,3,2,1,1,1,2,9.4
0,6,8.5,0,76,80,2,2,3,75.3,71.0,6.0,88.3,4.7,1,0,0,0,0,1,0,5,8.4
0,4,7.7,0,63,82,0,2,2,33.5,24.7,4.9,83.0,4.5,1,1,1,3,1,0,2,4,5.2
1,0,7.8,0,55,68,1,1,0,36.0,22.2,2.4,85.0,4.1,0,1,0,0,0,1,0,7,4.4
0,2,8.5,0,90,83,2,3,2,78.3,55.0,6.8,90.0,4.8,0,1,3,2,1,0,2,7,7.1
1,0,6.5,0,57,61,1,1,1,20.0,22.9,2.7,64.0,4.4,1,0,0,0,0,1,1,0,2.8
1,3,8.5,0,74,88,2,3,2,61.8,66.4,5.5,90.0,4.8,1,1,3,1,1,0,2,8,9.0
1,4,7.4,0,78,71,2,3,0,47.5,43.7,6.9,78.0,4.8,1,1,1,3,1,1,1,3,5.5
1,5,8.0,0,74,81,2,1,2,47.3,45.0,2.5,90.0,4.8,1,1,0,0,0,0,2,8,6.9
1,1,8.4,0,72,79,2,3,2,69.4,51.4,8.1,80.0,4.6,1,1,4,1,1,1,2,8,8.2
0,0,6.6,1,55,65,1,3,0,27.6,28.8,4.9,77.0,3.7,0,1,0,0,0,0,0,8,3.9
1,6,8.8,1,74,84,1,3,3,79.1,67.9,8.0,90.0,4.8,1,1,1,0,0,1,0,1,9.8
1,5,8.7,0,73,84,2,3,2,81.8,75.0,8.5,90.0,4.8,1,1,3,2,1,1,2,8,8.6
0,0,8.2,0,79,72,0,1,2,34.6,30.0,3.4,86.0,4.4,1,0,3,2,1,0,1,1,5.4
1,6,7.5,0,64,85,0,3,1,58.8,39.0,7.4,72.4,4.0,0,0,0,0,0,1,2,2,6.1
1,10,8.2,1,55,67,0,0,2,45.1,41.1,1.3,74.9,4.0,0,0,0,1,0,0,2,2,6.5
0,3,8.4,0,73,84,1,3,2,74.2,66.4,6.8,90.0,4.6,1,1,3,1,1,0,1,4,8.6
0,2,8.5,0,84,86,2,3,2,77.6,66.8,7.0,90.0,4.7,1,1,2,2,1,1,0,6,9.1
1,5,7.3,0,90,82,1,3,3,45.7,44.0,5.6,90.0,4.7,1,1,2,3,1,0,1,8,5.3
1,0,8.2,0,74,85,1,3,2,69.4,57.1,9.1,90.0,4.6,1,1,2,2,1,0,1,8,8.4
0,2,7.7,1,56,64,1,1,1,44.0,34.5,2.3,67.0,4.4,0,0,0,0,0,0,1,6,6.0
1,2,8.3,0,69,76,1,1,0,55.4,29.9,1.2,70.0,4.1,0,1,0,0,0,0,2,5,7.6
1,4,7.5,0,69,67,1,2,0,39.8,42.8,5.9,79.0,4.7,0,0,0,0,0,0,1,0,4.7
1,6,7.6,1,68,62,1,3,1,48.8,60.3,7.7,86.4,4.5,1,1,4,2,1,1,2,2,6.6
0,8,6.5,0,60,70,1,2,0,20.0,20.0,5.2,73.7,3.4,0,0,0,1,0,0,0,8,3.6
0,2,8.3,1,82,66,2,2,0,66.8,45.1,3.4,79.0,4.5,1,1,2,2,1,0,1,9,7.1
1,0,7.5,0,60,61,1,1,1,27.1,34.8,1.4,62.0,4.3,0,0,0,0,0,0,0,4,5.4
1,2,8.4,0,72,88,1,2,0,55.8,27.3,5.3,79.0,3.4,1,1,3,2,1,0,0,8,7.4
1,4,8.3,0,55,71,1,1,0,41.9,44.5,0.0,86.0,4.2,0,1,2,3,1,0,1,3,6.4
0,2,6.5,0,66,69,1,2,0,20.0,17.6,5.3,86.0,4.4,1,1,2,2,1,1,2,8,2.4
0,0,7.6,0,55,72,0,1,1,33.4,29.9,0.0,61.0,3.4,0,1,0,0,0,0,1,2,4.8
0,0,7.9,0,76,83,1,3,0,50.7,40.5,9.2,82.0,4.4,1,1,3,1,1,0,1,2,5.1
1,2,6.6,0,61,60,0,1,0,20.5,14.5,4.1,77.0,3.7,0,0,0,0,0,0,1,0,3.5
0,7,7.8,0,78,83,2,3,1,67.7,42.9,6.8,90.0,4.7,1,1,4,1,1,0,2,2,7.1
1,2,7.4,0,64,84,1,3,0,52.2,28.5,6.3,84.0,4.6,0,0,0,0,0,1,1,5,4.8
0,8,7.5,0,56,67,0,0,2,24.4,23.4,1.1,87.1,4.2,0,1,1,0,0,0,1,5,2.9
1,0,7.5,0,66,71,0,2,1,39.6,39.4,6.3,82.0,4.8,1,1,4,1,1,0,1,4,6.4
1,3,7.3,0,73,80,2,3,1,52.1,47.7,5.3,87.0,4.8,0,1,1,3,1,0,0,8,5.7
1,2,6.9,0,81,68,1,1,2,20.9,25.9,1.9,81.0,4.5,1,1,2,3,1,0,1,7,2.5
1,8,6.9,2,77,83,2,3,1,26.8,11.0,5.4,86.1,4.4,1,1,3,3,1,0,0,2,2.5
1,7,7.5,2,55,70,0,2,0,39.2,45.1,2.0,75.5,4.5,1,1,0,1,0,0,1,0,6.4
0,6,8.3,0,87,86,2,2,2,72.0,58.3,6.6,88.5,4.8,1,0,3,2,1,1,2,9,7.5
0,11,8.1,0,85,67,0,1,2,37.5,24.5,4.1,71.5,4.4,0,0,0,0,0,0,0,0,6.7
1,6,8.5,0,76,84,2,3,3,84.1,59.2,8.1,90.0,4.8,1,0,1,1,0,1,0,7,8.6
1,4,8.1,0,72,85,0,3,2,66.3,54.7,7.0,89.0,4.8,1,1,1,3,1,0,2,0,7.0
0,0,6.7,2,55,66,0,2,0,22.6,13.2,6.0,83.0,4.0,0,1,0,0,0,0,1,7,2.5
1,11,6.7,1,81,64,0,1,2,23.9,16.2,1.2,81.6,4.1,0,1,1,1,0,0,2,8,3.0
1,2,7.6,0,55,68,1,2,1,43.5,30.1,3.8,79.0,4.5,0,1,0,0,0,0,2,8,4.6
1,6,7.3,0,55,74,2,1,0,31.9,24.9,1.3,77.8,4.5,0,1,0,1,0,0,1,9,5.0
1,5,7.6,0,81,78,1,2,1,46.8,47.5,2.1,72.0,4.0,0,1,0,0,0,0,2,8,4.9
1,6,7.6,2,58,61,1,2,1,43.3,26.3,2.3,68.1,4.1,0,1,0,0,0,0,1,7,5.5
1,0,6.5,0,55,68,1,2,1,27.2,25.7,3.2,68.0,4.8,0,0,0,0,0,0,2,7,3.7
1,4,7.0,0,85,83,2,3,2,43.1,43.6,6.8,90.0,4.6,1,1,1,3,1,1,2,5,3.9
0,2,7.5,0,60,71,1,2,0,40.8,37.3,3.8,83.0,4.2,0,1,0,0,0,0,0,8,5.8
0,3,6.5,1,78,67,1,1,0,20.0,21.2,1.9,77.0,3.9,1,1,0,0,0,0,1,8,2.0
1,1,8.2,0,66,84,1,3,2,65.8,49.6,7.1,90.0,4.8,1,1,3,2,1,0,0,8,8.0
0,4,7.5,0,55,65,1,1,1,42.0,29.7,0.8,75.0,3.9,0,0,0,0,0,0,1,1,5.0
0,5,7.5,0,55,84,1,2,0,39.9,38.4,4.5,76.0,3.8,0,1,0,0,0,0,0,1,6.0
1,9,7.6,1,55,65,1,2,0,40.1,39.0,2.5,64.1,3.3,0,0,0,0,0,0,1,4,4.8
1,7,7.7,1,84,64,1,2,0,47.3,45.6,4.4,71.5,4.3,1,1,0,0,0,1,1,6,6.6
1,9,6.5,0,55,69,2,2,1,20.0,37.2,1.6,68.5,4.3,0,0,0,0,0,0,1,7,4.0
1,5,7.3,0,59,75,1,1,2,31.0,20.4,1.6,82.0,4.0,1,1,0,0,0,0,1,8,4.3
1,0,8.6,2,70,67,1,2,1,60.6,46.3,4.3,78.0,4.3,1,1,3,2,1,1,1,2,8.2
0,6,7.4,0,76,66,2,1,1,25.6,26.3,5.5,63.4,4.1,0,0,0,1,0,0,1,4,3.6
1,3,6.5,1,56,66,1,2,1,20.0,8.0,6.4,63.0,4.0,1,0,0,0,0,0,1,8,2.2
1,4,6.5,1,58,72,1,2,0,28.0,17.0,5.2,69.0,4.0,0,0,0,0,0,0,1,6,2.0
0,6,6.5,1,60,65,2,1,0,24.2,18.4,3.3,67.7,4.8,1,0,0,0,0,0,2,0,4.5
0,7,8.3,0,76,86,0,2,1,62.2,44.3,5.1,85.6,4.4,1,1,4,1,1,1,1,5,5.8
1,11,6.5,1,58,63,1,1,1,24.3,17.2,1.6,79.7,4.7,0,1,0,0,0,0,1,8,3.1
0,3,8.4,0,83,81,2,1,2,49.6,50.9,2.6,86.0,4.4,1,1,3,2,1,0,2,6,6.9
1,2,8.1,0,58,79,2,2,0,57.3,62.9,4.2,78.0,4.8,1,0,0,0,0,0,2,1,8.5
0,5,7.7,1,82,64,1,1,0,46.9,44.4,2.3,74.0,4.3,1,1,0,0,0,0,1,8,5.5
1,0,7.8,0,85,84,0,2,0,40.1,37.1,6.5,86.0,4.1,1,1,0,0,0,0,1,7,6.6
1,2,7.6,0,73,65,1,3,0,49.0,33.4,6.5,79.0,4.5,0,0,0,0,0,1,2,0,6.2
1,4,7.6,0,81,72,0,2,1,33.0,40.6,6.2,74.0,4.8,1,1,1,3,1,1,1,4,4.6
1,0,7.8,0,66,72,1,2,1,46.1,42.5,2.6,83.0,3.5,0,1,0,0,0,0,0,3,5.9
1,3,7.5,0,64,66,1,1,0,44.0,36.3,1.0,78.0,3.8,0,0,0,0,0,0,1,2,6.0
1,4,7.6,0,55,67,1,2,1,51.0,64.4,3.9,72.0,3.8,0,1,0,0,0,0,0,8,7.3
1,5,7.9,0,59,84,1,3,0,57.0,45.9,6.9,89.0,4.5,1,1,3,2,1,1,1,1,7.1
0,4,7.6,2,55,64,1,2,0,41.0,39.7,3.7,71.0,4.5,0,1,4,1,1,0,2,5,6.6
1,5,6.5,1,62,72,1,1,1,20.0,19.1,1.7,78.0,3.5,0,1,0,0,0,0,2,2,2.0
1,2,8.2,0,72,62,2,2,1,63.7,44.8,3.8,90.0,4.8,0,1,2,3,1,0,1,8,7.2
1,11,6.5,0,74,71,1,0,1,23.6,20.9,1.5,70.6,4.4,0,1,1,0,0,0,2,8,2.1
1,6,8.5,0,85,88,1,3,1,72.7,60.1,8.2,90.0,4.5,1,1,4,0,1,1,2,7,9.2
0,2,8.5,0,69,63,0,1,0,42.9,25.9,3.1,73.0,4.6,1,1,0,0,0,1,2,6,6.5
1,0,6.8,0,55,87,0,2,1,20.6,23.7,3.7,90.0,4.8,0,1,0,0,0,0,2,2,3.5
0,2,9.0,0,77,80,2,3,2,88.4,61.6,5.7,84.0,4.4,1,1,0,0,0,0,2,7,11.0
1,11,7.8,1,65,84,0,3,1,63.4,63.4,6.8,84.7,4.6,1,1,2,1,1,1,1,2,6.9
1,0,8.7,0,71,80,1,2,0,67.4,57.7,5.8,78.0,4.4,1,1,3,2,1,1,0,1,8.4
1,4,8.3,0,70,79,1,3,1,59.4,45.6,7.5,90.0,4.8,1,1,3,2,1,0,0,5,7.4
1,1,7.5,0,82,74,1,1,0,29.3,20.3,1.3,77.0,4.2,1,1,0,0,0,0,1,3,3.4
0,0,7.8,0,74,84,1,2,2,32.9,33.0,4.9,90.0,4.8,1,1,4,1,1,0,2,6,4.4
1,11,7.4,2,58,72,1,1,2,42.1,35.1,2.9,68.1,3.6,0,0,1,0,0,0,2,9,5.9
1,11,7.4,0,77,65,0,1,0,30.9,20.1,0.6,74.3,3.7,0,0,0,0,0,1,2,7,4.2
0,4,8.8,0,81,88,1,3,2,76.5,65.3,7.2,90.0,4.8,1,1,4,1,1,1,2,1,8.9
1,4,7.4,0,70,78,1,1,0,24.8,21.9,3.5,78.0,4.5,1,1,1,3,1,0,1,3,4.4
1,5,7.7,0,55,66,1,1,0,32.7,26.5,0.8,80.0,4.0,0,1,0,0,0,1,1,8,4.8
0,0,7.6,0,63,67,1,1,1,33.1,41.4,1.6,81.0,4.5,0,1,0,0,0,0,1,4,5.5
0,3,7.9,0,83,69,0,1,0,36.5,39.7,3.1,80.0,4.8,0,1,0,0,0,0,0,8,6.3
0,5,8.4,0,85,88,1,3,2,71.4,44.2,6.8,90.0,4.8,1,1,1,3,1,1,2,8,7.3
1,5,8.3,0,61,71,2,2,0,63.0,55.4,4.5,90.0,4.3,1,1,1,3,1,1,1,7,8.3
1,3,7.2,0,73,65,1,2,1,39.0,25.4,4.0,76.0,4.1,0,0,0,0,0,1,0,3,6.4
0,6,7.3,0,84,77,2,3,2,49.4,42.7,6.0,86.6,4.6,1,1,2,3,1,1,1,5,4.7
0,5,8.5,0,68,84,2,3,2,64.1,44.8,7.4,78.0,4.8,1,1,1,3,1,1,1,8,8.6
1,4,7.5,0,61,65,1,1,1,22.1,16.7,2.0,79.0,3.2,0,1,0,0,0,0,2,5,3.4
1,7,6.7,0,55,64,1,2,2,23.0,6.6,1.9,83.3,4.4,0,1,2,2,1,0,2,1,2.2
1,3,6.9,1,60,65,1,2,1,29.8,22.5,4.2,73.0,4.5,0,0,0,0,0,0,0,4,2.8
1,1,6.6,1,55,70,1,1,0,20.0,24.0,2.9,77.0,3.9,0,0,0,0,0,1,2,1,3.3
1,4,7.5,0,58,66,1,1,1,35.1,36.7,2.2,60.0,3.5,0,1,0,0,0,0,0,5,4.0
0,4,8.4,0,80,84,2,3,2,67.7,56.7,8.7,90.0,4.8,1,1,2,3,1,1,1,5,8.2
1,4,8.3,0,58,67,1,1,1,52.3,46.2,2.1,70.0,4.3,0,0,0,0,0,0,1,0,7.6
1,11,7.6,0,84,67,0,2,2,35.0,45.7,3.7,81.5,4.8,0,0,0,0,0,0,2,7,5.6
0,4,7.5,0,55,72,1,2,1,36.4,43.6,4.2,82.0,4.7,0,1,0,0,0,0,2,0,5.2
1,6,6.5,1,63,62,0,2,0,20.8,37.8,4.4,83.7,3.5,0,1,2,2,1,0,0,1,2.7
0,10,8.3,0,70,64,0,2,1,62.3,59.9,6.9,76.6,3.8,1,0,0,1,0,1,2,7,8.4
1,8,7.9,0,70,71,2,1,1,50.4,58.3,4.8,89.6,3.6,1,1,1,0,0,1,2,8,6.5
1,5,8.4,0,75,72,1,3,2,68.9,60.0,6.6,77.0,4.5,1,1,0,0,0,0,2,3,9.4
1,6,7.4,2,64,66,0,3,1,40.3,38.2,4.9,80.2,4.4,0,0,0,0,0,1,0,1,5.1
0,2,6.5,0,55,66,1,1,0,20.0,36.7,3.5,70.0,4.7,1,1,4,1,1,0,0,8,2.6
1,4,8.2,0,81,80,1,2,0,59.5,39.4,5.8,87.0,4.2,1,1,0,0,0,1,1,0,8.2
1,3,6.6,2,60,57,1,2,0,20.4,18.2,3.1,68.0,3.6,0,0,0,0,0,0,2,6,3.5
0,6,7.9,2,79,88,0,2,3,56.5,41.8,3.8,88.7,3.6,1,0,3,3,1,1,1,2,6.5
1,0,8.7,0,76,85,2,3,2,75.7,69.1,7.2,90.0,4.8,1,1,4,1,1,1,1,2,8.6
1,10,8.0,0,61,60,0,1,0,38.7,21.6,3.7,72.5,4.6,1,1,1,0,0,0,2,4,6.2
1,5,7.4,0,55,71,2,1,2,30.5,22.9,3.1,62.0,4.7,0,0,0,0,0,0,1,8,5.3
1,0,7.8,0,59,63,1,1,1,44.1,31.6,1.9,75.0,3.8,0,0,0,0,0,0,1,4,5.7
1,7,6.7,1,62,66,0,1,0,24.0,26.5,2.4,79.2,4.2,1,1,0,0,0,0,2,6,4.2
1,2,8.6,0,70,88,1,3,2,66.6,55.7,6.6,90.0,4.8,1,1,4,1,1,1,1,8,7.7
1,0,6.9,1,55,65,1,1,1,20.2,12.5,3.3,68.0,4.4,1,1,0,0,0,1,0,7,2.0
1,2,6.5,0,74,78,1,2,0,20.9,29.2,5.5,84.0,4.2,1,0,0,0,0,1,1,8,2.9
0,0,7.6,0,70,62,1,2,0,37.1,36.7,4.3,76.0,4.1,1,1,0,0,0,0,1,0,5.4
1,9,8.1,0,72,88,1,3,2,57.7,25.8,6.3,89.8,4.8,1,1,1,0,0,1,0,8,7.3
1,0,8.0,0,78,86,2,3,2,60.8,34.9,6.3,90.0,4.8,1,1,2,2,1,1,0,2,6.2
1,5,6.6,1,82,66,0,1,1,20.0,0.2,3.2,77.0,4.3,1,1,0,0,0,0,0,8,2.0
1,5,7.3,0,58,73,1,2,1,37.0,30.8,2.7,79.0,3.8,0,1,0,0,0,0,1,4,5.5
1,2,6.5,1,55,62,1,1,1,20.0,21.0,3.3,70.0,3.8,0,0,0,0,0,0,2,2,4.1
1,2,6.5,1,57,70,1,1,1,20.0,6.8,3.1,62.0,3.9,0,0,0,0,0,1,1,7,2.1
1,5,8.0,0,64,61,0,3,1,48.0,30.4,5.2,90.0,4.1,1,1,2,2,1,1,2,7,5.8
0,0,7.8,0,56,68,1,1,1,37.4,35.4,1.9,77.0,4.5,0,0,0,0,0,0,2,2,6.7
1,3,8.3,0,59,62,1,1,1,59.1,47.2,1.9,73.0,4.3,1,1,0,0,0,1,2,7,7.4
1,4,8.4,0,76,86,2,3,2,81.1,75.1,8.9,90.0,4.8,1,1,3,2,1,1,1,0,10.2
1,6,7.7,0,65,88,1,3,1,55.0,55.5,7.3,90.0,4.8,1,1,0,1,0,1,0,1,6.9
1,5,6.5,0,78,69,1,3,1,31.4,32.0,8.3,83.0,4.8,1,1,0,0,0,0,1,8,2.8
1,5,7.6,0,73,83,2,2,2,49.3,41.8,6.6,86.0,4.2,1,1,4,1,1,0,1,7,4.9
1,9,7.7,0,63,67,1,1,2,27.3,9.7,3.0,71.3,3.5,0,1,0,0,0,1,1,8,4.1
1,9,6.5,0,76,67,0,2,0,21.0,20.6,2.8,66.3,3.9,1,1,1,0,0,0,2,8,3.1
0,11,7.2,0,72,70,2,2,1,48.2,33.2,4.3,86.1,4.4,1,1,3,3,1,1,1,8,3.8
1,2,8.2,0,85,88,1,3,2,67.1,52.8,7.8,90.0,4.8,1,1,2,2,1,0,0,6,7.3
0,2,7.5,0,78,88,0,3,2,42.0,34.3,6.0,83.0,4.4,1,1,3,1,1,0,2,7,3.8
1,4,7.5,0,61,67,0,2,1,39.2,44.8,4.2,76.0,4.2,0,1,0,0,0,0,2,5,5.2
1,0,8.2,0,83,80,2,3,3,72.3,62.8,7.9,82.0,4.0,1,1,1,3,1,1,2,0,8.8
1,7,7.7,0,55,61,1,1,0,45.1,42.6,0.5,78.7,3.8,0,0,0,0,0,1,0,1,5.4
1,0,8.5,0,55,69,0,2,2,60.1,47.5,4.2,86.0,4.8,0,1,3,2,1,0,1,2,7.5
0,10,8.7,0,78,73,1,2,2,67.0,58.5,6.8,86.0,4.8,1,1,1,2,1,1,1,7,8.7
1,3,7.7,1,78,84,0,1,0,29.3,45.5,2.4,83.0,4.7,1,1,0,0,0,0,1,6,4.9
0,5,6.7,2,76,73,1,2,0,20.0,35.6,5.4,86.0,4.4,0,0,1,3,1,0,1,8,3.4
1,6,8.4,0,89,87,2,2,3,69.8,49.0,6.8,89.2,4.8,1,1,2,2,1,1,2,9,7.8
1,7,6.5,0,64,81,0,1,0,22.8,20.6,3.3,73.3,4.2,1,0,0,0,0,0,0,5,2.3
1,2,6.6,0,72,77,1,3,2,30.9,24.5,6.5,81.0,4.5,1,0,0,0,0,0,2,7,3.6
1,4,7.8,0,74,79,0,3,0,49.7,34.9,7.6,78.0,4.4,0,0,3,2,1,0,1,4,5.8
1,6,8.4,0,71,86,2,3,2,75.0,62.3,8.4,90.0,4.8,1,0,1,1,1,0,0,1,9.1
1,2,6.5,0,55,63,1,2,1,24.4,25.6,5.3,77.0,4.0,0,0,0,0,0,0,2,0,3.4
0,3,7.4,0,90,88,1,2,1,36.8,29.0,4.1,83.0,4.1,0,1,0,0,0,0,1,5,5.6
1,0,6.6,0,55,62,1,1,0,20.0,19.4,2.9,64.0,3.2,1,1,0,0,0,0,1,5,5.2
0,7,7.6,0,55,70,2,1,0,36.0,30.9,2.5,82.4,4.8,1,1,1,0,0,0,1,8,5.8
0,3,6.9,1,70,70,1,1,1,28.1,25.5,2.3,81.0,4.0,0,1,1,3,1,1,0,4,4.1
0,7,7.7,2,70,85,1,1,1,36.4,42.0,5.7,90.0,4.8,1,1,4,1,1,0,1,7,5.9
0,2,8.5,0,57,61,1,1,2,48.6,45.7,4.2,85.0,4.3,1,1,0,0,0,0,2,4,7.0
0,5,6.5,0,56,65,0,2,1,21.3,29.5,4.4,77.0,4.8,0,1,0,0,0,0,0,9,4.3
0,6,7.2,0,56,65,0,1,1,31.8,38.3,3.1,75.9,3.6,0,0,2,2,1,1,2,1,4.4
0,10,7.3,0,57,70,1,1,0,27.5,6.5,0.2,76.3,3.9,0,0,0,1,0,0,2,9,3.8
1,0,8.4,0,86,85,1,3,2,69.1,55.8,6.5,90.0,4.8,1,1,3,2,1,1,2,1,8.3
1,7,8.3,0,83,68,1,0,0,51.6,37.1,1.3,72.2,4.8,1,0,4,2,1,0,2,6,6.0
1,0,7.0,0,63,74,1,1,0,23.1,16.9,2.7,71.0,4.4,0,0,0,0,0,1,2,6,3.7
1,9,7.6,2,56,64,0,1,1,31.1,24.7,1.0,72.8,3.7,0,0,1,0,0,0,1,8,5.0
0,8,7.8,0,75,85,1,3,0,57.3,30.9,8.1,88.3,4.8,1,1,4,1,1,1,2,8,5.2
1,3,7.6,1,64,63,1,2,2,41.8,35.0,3.6,69.0,3.3,0,1,0,0,0,0,1,8,5.7
0,7,8.2,0,58,64,1,3,2,68.3,63.4,5.9,82.8,4.0,0,1,1,1,0,1,0,6,9.0
1,9,6.7,2,55,65,0,2,1,23.6,20.0,2.0,72.6,3.8,0,1,0,0,0,0,1,8,2.6
0,3,7.6,0,86,74,1,3,3,57.8,55.3,7.7,78.0,4.7,1,0,2,2,1,1,0,5,6.2
1,3,6.7,1,55,77,1,2,0,31.8,20.7,4.8,68.0,4.6,0,1,0,0,0,0,1,8,3.4
0,11,8.4,0,80,66,2,1,2,63.4,45.0,3.8,85.4,4.1,1,1,2,1,1,0,2,8,7.5
1,6,7.8,0,84,84,2,3,0,63.0,43.6,6.9,85.3,4.4,1,0,0,0,0,1,1,0,7.2
1,6,7.4,0,60,64,0,1,1,43.7,46.5,1.9,77.1,4.3,0,0,1,0,0,0,0,2,5.2
0,2,7.4,0,73,74,1,1,1,33.1,42.1,2.0,77.0,4.1,1,1,0,0,0,1,0,6,6.3
1,3,7.9,0,85,84,2,1,1,49.8,32.2,1.8,80.0,4.7,1,1,3,2,1,0,1,8,5.6
0,8,8.6,0,81,86,0,2,2,54.9,48.2,6.3,90.0,4.8,1,0,3,1,1,1,0,8,7.0
1,7,7.4,0,55,69,1,2,0,34.4,37.1,0.3,69.6,3.5,0,1,1,0,0,0,1,0,5.6
1,7,9.0,0,79,86,0,3,1,86.5,66.3,6.1,89.1,4.8,1,1,3,1,1,0,2,4,10.1
1,6,7.3,0,55,66,1,2,0,28.5,27.5,1.9,72.6,4.3,1,1,1,1,0,0,1,5,4.0
1,3,8.9,0,71,84,1,3,2,82.6,71.3,6.3,83.0,4.6,1,1,3,1,1,1,1,8,11.2
0,2,8.4,0,55,67,1,1,1,61.2,66.2,2.3,70.0,3.8,1,1,0,0,0,1,1,6,7.7
1,2,7.9,0,78,84,1,3,2,51.5,48.5,8.1,89.0,4.8,1,1,1,3,1,0,0,0,5.9
1,7,7.6,0,73,65,2,0,2,39.3,31.8,1.9,73.3,3.9,1,0,0,0,0,0,1,3,4.2
1,0,7.6,1,84,67,1,2,0,46.9,44.1,4.5,77.0,4.6,1,0,0,0,0,1,1,9,5.3
1,11,6.5,0,61,72,1,3,0,22.2,34.7,3.6,88.4,4.4,0,1,3,2,1,0,1,5,2.8
0,0,7.4,0,58,66,0,1,0,23.7,20.8,2.4,63.0,4.2,0,1,0,0,0,0,1,1,3.8
1,2,6.9,0,61,59,1,1,1,20.0,17.2,1.2,72.0,3.6,0,0,0,0,0,0,1,8,2.8
1,7,8.2,0,81,81,0,3,2,70.2,47.6,6.3,86.5,4.3,0,0,0,1,0,1,0,5,7.2
1,4,7.4,0,62,68,0,1,0,26.6,25.2,1.6,76.0,3.7,0,1,0,0,0,0,1,3,5.9
1,6,7.5,0,58,65,1,1,0,34.0,44.3,2.1,68.0,4.0,0,0,0,0,0,0,1,2,5.0
1,4,7.7,0,74,81,0,3,0,43.8,37.6,7.8,74.0,4.2,1,1,4,1,1,1,2,0,5.0
1,6,7.2,0,58,62,2,0,1,34.9,25.4,2.2,71.5,4.3,0,0,0,0,0,0,0,1,3.5
1,4,7.7,0,81,86,2,2,1,59.9,49.6,4.9,81.0,4.8,1,0,4,1,1,1,2,6,7.7
0,0,8.5,0,81,86,1,3,2,74.6,61.7,7.5,89.0,4.8,1,1,3,1,1,1,1,2,8.7
1,7,8.9,1,81,87,2,3,1,83.0,56.1,7.1,90.0,4.7,1,1,4,1,1,1,0,8,9.1
1,2,7.4,0,55,70,0,1,0,29.8,27.6,1.9,60.0,3.0,0,0,0,0,0,0,0,4,5.2
1,6,8.5,0,78,87,1,3,1,70.0,56.5,6.4,84.2,4.8,1,1,1,0,0,1,2,9,9.9
0,8,8.7,1,79,85,2,3,1,72.4,77.4,7.7,90.0,4.8,1,1,3,2,1,1,1,7,8.4
0,2,7.5,0,55,66,0,1,1,21.2,13.9,1.9,70.0,4.4,0,0,0,0,0,0,2,6,3.4
0,0,8.6,0,55,68,1,2,0,67.8,53.9,4.7,80.0,4.2,0,0,0,0,0,0,2,0,8.9
1,3,7.7,1,59,68,1,2,1,46.4,41.4,5.0,76.0,4.8,0,1,0,0,0,1,1,8,5.4
1,0,8.4,0,79,87,1,3,2,64.8,42.9,7.6,90.0,4.8,1,1,1,3,1,1,1,5,6.8
1,0,8.8,0,73,88,2,3,2,78.2,64.9,6.8,86.0,4.7,1,1,2,2,1,1,1,3,9.9
1,5,8.1,0,85,88,2,3,2,63.5,45.2,9.0,90.0,4.6,1,1,4,1,1,1,2,8,7.3
1,7,7.6,0,55,70,1,1,0,41.0,45.8,2.1,75.1,4.5,1,1,1,0,0,1,1,7,6.2
1,2,6.6,0,74,64,1,2,0,27.6,42.3,5.9,78.0,4.1,1,0,0,0,0,0,2,8,3.7
1,0,8.3,0,77,66,1,3,0,58.7,52.1,7.8,76.0,3.8,1,1,1,3,1,1,1,4,6.2
1,6,7.5,1,56,66,1,2,1,30.5,34.5,1.1,81.7,3.9,0,0,0,1,0,0,2,2,4.8
1,1,8.2,0,67,80,0,3,0,64.0,56.6,6.3,86.0,4.0,1,1,3,1,1,1,0,8,6.7
1,9,7.4,1,85,71,2,3,3,42.2,44.0,4.3,70.6,4.7,1,1,0,1,0,1,1,4,6.2
0,11,7.5,0,57,63,1,3,0,45.2,47.9,4.6,76.8,4.2,1,1,0,0,0,1,0,7,6.4
1,4,8.0,0,63,71,2,1,0,48.2,29.8,1.8,78.0,4.6,0,0,2,2,1,1,2,0,5.1
0,0,7.8,0,74,81,0,2,1,38.8,51.1,5.1,74.0,4.5,0,1,4,1,1,1,1,5,4.8
0,3,7.8,0,62,72,1,1,2,31.1,38.2,2.4,81.0,3.9,0,1,0,0,0,0,2,9,6.3
0,0,7.6,0,63,65,1,2,0,39.4,49.3,4.3,72.0,4.8,0,1,0,0,0,0,0,5,6.1
0,0,6.9,0,62,71,1,1,1,20.0,22.9,3.6,65.0,4.4,0,1,0,0,0,0,0,3,2.8
1,2,7.6,0,76,76,1,3,0,41.7,28.2,6.5,75.0,4.2,1,0,3,1,1,1,1,8,5.2
1,9,8.2,0,83,88,2,1,1,69.4,54.0,5.5,73.7,4.7,1,1,1,0,0,1,2,8,8.9
0,8,6.9,2,78,85,1,2,2,41.7,31.2,8.2,85.3,4.8,1,1,2,3,1,1,1,8,3.5
0,10,6.6,1,55,70,1,1,0,20.8,19.3,2.9,78.5,4.4,0,1,1,0,0,0,2,8,3.5
1,0,8.7,0,77,82,2,3,2,72.5,64.5,6.1,90.0,4.8,1,1,4,1,1,1,2,7,9.7
1,10,7.6,0,79,70,2,2,0,48.0,37.3,3.8,78.4,4.2,0,1,2,2,1,1,2,4,5.7
0,0,6.8,2,55,65,1,1,0,20.0,47.3,2.3,73.0,3.7,0,1,0,0,0,0,1,8,4.4
1,10,6.6,2,89,80,1,1,2,22.7,34.5,3.7,81.9,3.6,1,1,2,3,1,1,1,9,2.3
1,6,8.0,0,68,84,0,1,2,56.7,46.9,6.8,90.0,4.8,1,1,3,2,1,0,1,1,5.7
1,11,8.2,0,69,86,1,2,2,75.2,66.7,6.5,79.4,4.3,1,0,0,0,0,0,0,7,9.0
1,9,6.5,0,55,74,2,0,0,20.0,18.1,2.6,67.3,4.6,0,1,0,1,0,0,1,1,2.0
0,4,8.1,0,76,71,2,3,2,77.6,69.9,7.4,81.0,4.5,1,1,2,3,1,1,2,1,8.3
0,11,7.4,1,62,73,0,0,0,21.2,42.9,1.2,79.4,4.3,0,0,0,0,0,0,0,0,4.5
1,11,8.2,0,58,79,1,1,3,57.4,62.3,4.3,76.8,4.8,1,1,0,0,0,0,0,0,7.8
0,4,8.4,0,84,72,1,3,3,71.6,52.4,9.0,89.0,4.8,1,1,3,2,1,1,1,6,9.3
0,3,8.4,0,81,72,2,3,0,76.5,71.1,5.9,85.0,4.6,1,1,0,0,0,0,2,2,8.2
1,4,8.4,0,87,85,2,3,2,74.6,62.2,6.5,85.0,4.7,1,1,0,0,0,0,1,5,10.2
0,0,8.2,0,73,68,2,3,1,75.2,56.3,8.1,90.0,4.8,1,1,3,2,1,1,2,4,7.0
0,6,7.2,0,56,64,0,3,2,37.2,33.6,5.3,79.1,4.0,0,1,0,0,0,0,1,1,5.2
0,7,7.7,0,60,74,1,2,0,43.5,33.5,3.1,73.4,4.4,0,1,0,0,0,1,1,6,5.1
1,2,8.4,0,80,84,1,3,2,71.4,60.1,7.4,86.0,4.7,1,1,2,2,1,1,2,5,9.3
1,5,7.9,0,78,82,0,3,2,51.8,53.4,7.9,89.0,4.7,1,1,4,1,1,1,1,8,5.6
1,10,7.8,0,80,83,2,3,1,47.9,56.3,7.4,81.9,4.8,1,1,0,2,1,1,1,8,6.9
1,2,8.3,0,82,80,2,3,2,70.3,52.0,7.5,90.0,4.3,1,1,1,3,1,0,2,1,8.2
1,4,6.7,0,76,70,0,1,1,20.0,13.9,3.0,71.0,4.7,0,1,0,0,0,0,0,0,2.9
1,0,8.6,0,73,80,2,3,2,80.6,62.4,6.9,90.0,4.8,1,1,3,1,1,1,0,0,8.2
0,11,8.2,0,77,87,0,3,3,59.0,58.2,7.4,90.0,4.8,1,1,3,2,1,0,2,6,6.4
1,3,6.6,0,78,76,2,3,0,26.8,37.5,7.6,77.0,4.4,1,1,1,3,1,0,1,6,2.7
0,2,8.1,0,78,84,1,3,2,61.9,60.1,7.4,78.0,4.8,1,1,0,0,0,0,2,2,8.8
1,6,7.8,0,67,79,0,2,0,34.8,35.1,4.1,86.1,4.3,1,0,0,0,0,0,2,2,5.4
0,2,7.7,0,59,64,1,1,0,39.4,23.7,2.4,71.0,3.5,0,1,0,0,0,0,1,1,6.2
0,9,6.9,0,73,83,2,0,3,20.7,41.3,2.6,83.4,4.7,1,1,1,0,0,0,1,8,3.7
0,0,8.6,0,84,87,1,2,2,66.5,55.5,5.7,78.0,4.8,1,1,2,2,1,1,1,5,8.4
1,2,8.4,0,64,69,2,3,0,69.9,56.4,6.4,74.0,3.6,1,1,0,0,0,0,0,3,8.4
1,5,8.7,0,81,84,2,3,2,87.6,52.4,7.9,86.0,4.8,1,1,3,1,1,1,1,8,8.4
1,4,7.3,0,55,61,1,1,1,35.0,32.6,1.2,68.0,4.2,0,0,0,0,0,1,2,0,5.9
1,5,7.6,0,62,70,1,1,1,32.0,34.7,1.0,75.0,3.9,0,1,0,0,0,0,2,8,5.8
1,4,8.6,0,80,84,1,2,0,55.3,43.5,5.0,77.0,4.5,1,1,4,1,1,1,2,2,6.8
1,2,7.6,1,77,70,1,3,0,59.3,37.1,5.8,80.0,4.7,0,0,0,0,0,0,2,7,5.5
1,6,6.7,2,55,70,2,2,1,27.6,18.3,2.1,61.7,4.1,0,1,0,0,0,0,0,2,3.3
1,1,8.4,0,60,82,1,1,0,50.4,54.3,2.4,72.0,3.9,1,0,0,0,0,0,1,8,7.5
1,2,6.5,0,72,68,1,2,0,20.0,21.3,4.1,67.0,4.4,0,0,0,0,0,0,0,7,3.9
1,0,7.5,0,55,59,1,1,0,31.3,19.7,0.0,81.0,4.2,0,1,0,0,0,0,1,7,4.3
1,1,8.5,0,79,75,1,2,0,60.6,50.8,4.2,81.0,4.4,1,1,2,2,1,0,2,8,7.9
1,0,8.2,0,57,70,0,2,0,52.7,38.5,4.9,85.0,4.1,1,0,0,0,0,1,2,4,8.6
0,7,8.2,0,88,86,2,3,3,73.8,49.1,6.2,87.6,4.1,1,1,2,2,1,1,2,6,8.3
0,10,7.5,0,64,65,2,1,1,25.2,25.9,1.8,61.2,3.7,0,0,1,0,0,0,1,7,5.0
1,0,6.7,0,57,62,1,1,0,20.0,12.9,2.7,80.0,3.5,0,0,0,0,0,0,1,5,2.0
1,3,8.2,0,63,77,2,2,0,60.9,41.0,5.5,88.0,4.1,1,1,0,0,0,1,1,8,7.4
0,5,6.6,1,66,61,0,1,0,20.0,18.2,2.2,61.0,3.8,0,0,0,0,0,0,1,8,3.9
1,3,7.5,0,55,72,1,2,0,43.3,31.7,3.8,71.0,4.7,0,1,0,0,0,1,1,8,5.1
1,5,7.7,0,76,80,0,3,0,43.6,38.3,7.1,90.0,4.8,1,1,0,0,0,0,2,1,5.3
0,0,9.0,0,77,78,1,3,2,82.3,64.9,9.1,90.0,4.8,1,1,2,2,1,1,1,2,8.5
0,3,6.5,0,72,86,2,3,2,34.0,42.4,8.1,80.0,4.0,1,1,1,3,1,1,2,1,4.0
1,5,7.4,0,55,74,1,2,1,37.7,39.5,4.8,75.0,4.2,0,1,0,0,0,0,2,8,7.1
1,11,7.8,0,82,85,0,1,2,41.0,32.3,1.6,68.0,4.5,0,0,3,2,1,0,1,6,4.7
1,10,7.8,1,73,71,2,1,0,44.4,27.7,2.5,67.2,3.7,0,1,0,1,0,1,1,8,6.5
0,2,8.5,0,82,88,2,3,2,73.0,72.0,6.0,90.0,4.8,1,1,3,2,1,1,2,1,8.5
1,1,6.7,1,86,69,1,1,1,20.0,21.5,4.5,66.0,3.5,1,0,0,0,0,1,2,8,3.3
0,5,7.8,1,72,86,2,2,2,53.4,47.5,4.3,79.0,4.5,1,0,0,0,0,1,0,6,7.4
1,6,8.2,1,79,86,2,3,2,76.6,71.4,8.3,90.0,4.8,1,1,2,1,1,1,2,3,8.9
0,2,8.4,0,60,69,2,1,1,47.9,50.9,1.1,77.0,4.4,0,1,0,0,0,1,1,8,7.8
0,4,6.9,0,73,71,1,3,1,28.6,20.9,6.8,79.0,4.2,1,1,0,0,0,1,1,4,4.5
1,4,7.4,0,62,72,1,1,2,25.7,18.1,1.6,63.0,3.6,0,1,0,0,0,0,0,1,3.5
1,3,6.9,0,80,66,0,2,0,20.0,12.0,4.9,73.0,4.3,0,0,0,0,0,0,1,9,3.3
1,6,8.3,0,72,85,1,1,1,62.5,48.8,5.4,81.0,4.3,1,1,4,1,1,0,1,0,5.8
1,0,7.8,0,83,81,2,3,2,53.8,50.4,6.8,86.0,4.2,1,0,2,2,1,0,1,3,6.1
1,2,7.4,0,60,67,1,2,1,46.2,32.9,3.3,73.0,4.0,0,1,0,0,0,1,1,0,4.0
0,8,7.6,0,55,61,1,2,0,34.5,23.6,0.1,72.8,3.1,0,1,0,0,0,0,0,9,4.9
1,3,7.6,0,70,71,0,2,0,40.3,34.8,5.3,76.0,4.1,1,1,2,3,1,1,2,8,4.7
0,11,6.5,0,60,70,0,1,1,23.2,28.3,0.0,62.9,3.9,0,0,0,0,0,0,0,8,3.9
0,11,8.4,0,81,66,2,0,2,63.7,47.2,4.0,84.7,4.1,1,1,4,0,1,1,1,8,6.5
0,4,7.8,0,55,83,1,2,1,39.2,30.1,1.4,81.0,3.7,0,1,0,0,0,1,0,4,5.8
1,2,7.4,1,64,66,2,1,2,40.8,32.7,2.4,75.0,4.4,1,0,0,0,0,1,1,8,4.8
0,3,6.6,0,57,58,1,1,0,20.0,22.9,2.2,76.0,4.0,0,0,0,0,0,0,1,8,3.0
1,2,7.5,0,68,65,1,1,1,35.9,37.9,3.2,87.0,4.7,1,1,2,2,1,1,2,7,5.2
1,2,7.6,0,60,60,0,2,0,39.1,30.8,3.6,81.0,4.0,0,0,0,0,0,0,1,7,3.4
1,0,7.8,1,71,68,2,3,0,48.9,30.5,5.0,89.0,4.6,0,1,0,0,0,0,0,5,5.7
1,2,7.4,0,55,62,1,1,1,38.8,41.9,3.8,76.0,4.0,1,1,0,0,0,0,0,4,6.2
1,2,8.2,1,68,84,2,1,1,48.6,46.5,2.7,75.0,3.7,1,1,0,0,0,0,2,6,6.9
0,3,8.2,0,58,85,1,3,1,75.2,56.8,5.7,78.0,4.0,0,1,2,3,1,1,1,4,8.0
0,6,8.7,1,79,84,0,2,1,69.1,65.7,8.0,90.0,4.8,1,1,1,3,1,0,1,7,9.5
1,9,8.3,0,71,80,2,2,1,53.9,48.8,5.3,77.4,4.5,1,1,1,0,0,0,0,8,7.5
1,4,8.3,0,87,67,2,3,2,69.2,50.4,7.5,90.0,4.8,1,1,2,3,1,1,2,2,7.9
0,6,8.8,0,71,68,2,3,0,76.1,52.9,6.9,90.0,4.2,1,1,4,1,1,0,2,2,8.3
1,0,7.5,1,56,71,1,1,0,34.6,28.0,3.0,81.0,3.6,0,1,0,0,0,1,1,7,5.9
1,0,8.2,0,79,86,0,3,0,58.6,42.5,6.2,90.0,4.3,1,1,0,0,0,1,0,0,7.8
1,4,8.0,0,55,74,1,1,1,47.5,40.8,1.3,82.0,4.0,0,0,0,0,0,1,2,4,5.5
1,8,7.5,2,55,84,1,3,0,51.9,61.7,6.1,86.6,4.7,1,0,2,3,1,1,0,7,6.7
1,6,8.4,0,60,65,0,3,0,61.4,52.7,6.7,90.0,4.3,1,0,4,2,1,1,1,1,8.0
1,0,7.9,0,72,84,2,3,2,67.3,52.8,7.4,83.0,4.5,1,1,0,0,0,1,2,0,6.9
0,4,7.4,0,58,63,1,1,0,42.7,34.0,1.6,78.0,3.9,0,1,0,0,0,0,0,5,5.8
1,3,7.8,0,77,86,1,3,2,61.1,47.4,7.1,75.0,4.3,1,1,0,0,0,0,1,7,8.1
1,3,6.6,0,55,62,1,3,1,29.2,24.0,5.6,70.0,4.7,1,1,2,2,1,0,1,7,3.4
1,0,8.0,0,85,85,2,3,2,70.6,46.8,8.0,86.0,4.7,1,1,2,3,1,0,1,2,7.5
1,0,8.1,0,67,67,1,3,2,64.3,41.7,6.5,80.0,4.7,0,1,2,3,1,1,1,2,6.2
1,5,7.1,0,66,64,1,1,1,28.4,20.9,2.4,64.0,4.5,0,0,0,0,0,0,1,1,2.3
1,0,6.5,1,58,70,1,1,0,20.0,13.9,2.4,88.0,4.0,1,1,2,2,1,1,1,5,2.0
0,0,7.5,0,63,65,1,1,1,40.0,37.9,2.2,79.0,3.6,0,1,0,0,0,0,1,0,5.7
0,3,8.5,0,80,82,2,1,0,70.6,55.2,3.2,86.0,4.5,1,1,4,1,1,1,1,6,8.0
1,2,6.5,1,74,63,2,1,2,20.6,10.6,0.0,68.0,4.2,0,0,0,0,0,0,0,5,2.7
1,3,7.4,0,55,68,1,1,1,23.7,27.0,2.1,70.0,3.7,0,0,0,0,0,0,1,4,4.4
1,5,8.1,2,85,60,1,2,0,52.3,42.1,3.9,83.0,3.9,0,0,0,0,0,0,1,8,7.0
0,5,6.8,1,67,65,1,1,0,21.4,25.2,1.7,76.0,4.3,0,0,0,0,0,1,1,5,3.8
0,7,8.5,1,77,82,1,3,3,70.5,60.7,5.9,90.0,4.1,1,1,3,2,1,1,1,7,10.3
1,7,8.4,0,56,80,2,3,2,64.3,44.2,7.5,90.0,4.6,1,1,4,1,1,1,1,4,7.3
1,5,8.2,0,83,82,1,2,1,53.1,61.0,3.8,83.0,4.7,1,1,3,1,1,1,2,1,8.1
1,8,7.5,0,66,74,2,1,1,24.0,14.7,1.6,70.9,4.1,0,1,0,0,0,0,1,8,2.6
1,2,8.5,0,81,82,2,2,1,67.2,54.5,5.6,87.0,4.4,1,1,2,2,1,0,2,9,7.6
1,6,7.7,0,75,85,0,3,1,49.7,43.8,6.0,80.1,4.8,1,1,4,2,1,0,0,4,6.4
0,7,6.6,0,83,83,1,2,0,27.4,27.4,8.0,88.9,4.7,1,1,1,3,1,0,2,7,2.7
0,0,7.8,1,73,83,2,1,2,40.3,27.9,4.2,90.0,4.8,1,1,1,3,1,0,1,5,6.0
1,4,7.9,1,76,81,1,3,1,66.8,69.1,6.1,90.0,4.8,1,1,3,2,1,0,2,7,8.6
1,6,7.4,0,62,67,2,1,0,31.7,33.2,2.9,88.3,3.5,0,1,0,1,0,1,2,3,4.6
0,2,7.5,2,67,70,1,2,0,30.7,30.5,4.7,75.0,3.7,1,1,0,0,0,0,0,0,4.5
0,2,8.2,0,77,82,2,3,1,64.8,56.6,6.3,69.0,4.0,1,1,0,0,0,0,2,6,7.4
0,4,8.5,0,78,69,1,2,1,67.2,49.5,5.2,71.0,3.8,1,1,0,0,0,1,1,1,7.5
1,1,7.3,0,55,61,1,1,0,21.9,31.0,2.6,75.0,3.9,0,0,0,0,0,0,2,5,4.7
0,10,8.4,0,65,70,0,1,0,53.0,54.7,4.6,66.7,3.6,0,0,0,0,0,1,1,8,9.4
0,1,7.6,0,68,64,1,1,0,29.8,22.8,1.9,73.0,4.3,0,1,0,0,0,0,1,8,4.5
1,3,8.1,0,81,88,1,3,2,69.2,57.3,7.5,87.0,4.5,1,1,3,2,1,1,2,2,6.6
1,10,8.4,0,83,87,2,3,1,68.8,54.7,5.4,90.0,4.8,1,1,4,0,1,1,0,8,9.4
1,5,7.4,0,70,73,1,3,0,45.2,46.2,6.0,86.0,4.8,0,1,0,0,0,0,1,8,6.1
0,10,7.0,0,85,85,1,3,2,35.3,17.5,5.8,90.0,4.8,0,1,2,2,1,0,0,4,4.0
1,3,7.6,0,55,72,1,1,0,39.4,28.2,0.0,74.0,3.8,0,0,0,0,0,0,0,8,5.1
1,9,7.7,1,58,66,0,2,1,47.1,37.7,4.2,76.3,3.7,0,1,1,0,0,0,2,8,5.1
1,11,7.8,1,61,63,1,2,2,53.0,40.8,6.0,82.4,4.5,0,1,4,2,1,0,2,7,6.1
1,0,7.6,0,55,61,1,1,1,38.9,24.4,3.4,77.0,3.9,0,0,0,0,0,1,2,4,5.4
0,7,8.3,0,55,65,2,0,1,61.4,51.6,1.7,78.3,3.9,0,0,0,0,0,1,2,6,8.6
1,0,8.2,0,83,63,1,3,2,61.5,39.3,6.6,83.0,4.3,1,0,0,0,0,1,1,5,8.1
1,6,7.5,0,81,69,0,2,2,34.9,15.9,6.2,89.1,3.9,1,1,0,0,0,0,2,9,5.3
1,0,7.6,0,70,65,1,2,1,39.5,37.1,4.1,68.0,4.0,1,1,0,0,0,0,1,3,5.1
0,9,6.5,2,70,64,0,3,1,28.5,23.9,5.4,72.7,4.1,0,1,0,1,0,1,1,8,2.6
1,7,7.5,0,58,66,1,2,0,42.1,37.4,3.7,82.4,4.3,0,1,1,0,0,1,2,7,5.3
0,0,8.3,0,80,84,1,3,2,72.0,68.4,6.5,86.0,4.8,1,1,2,3,1,1,2,5,7.9
1,0,7.8,0,77,70,2,1,2,44.7,36.9,2.5,83.0,4.3,1,1,0,0,0,0,2,2,7.1
0,5,7.9,0,71,84,1,3,2,56.2,39.3,6.5,84.0,4.8,1,0,1,3,1,0,1,1,6.0
1,5,7.7,0,78,81,2,3,2,64.7,43.8,6.8,90.0,4.8,1,0,2,2,1,1,1,8,6.2
1,8,8.3,0,62,81,1,3,0,55.5,41.0,6.8,82.8,4.7,0,0,1,0,0,0,1,9,5.9
1,0,8.4,0,70,78,2,3,3,75.9,56.2,7.6,90.0,4.6,1,1,3,2,1,1,2,2,9.3
0,2,8.3,0,84,86,2,1,0,57.8,50.8,2.0,80.0,4.7,1,1,3,2,1,0,1,8,8.0
1,5,7.2,1,81,71,1,1,1,29.1,32.7,2.0,90.0,4.5,0,1,0,0,0,0,0,9,3.7
0,3,7.7,0,58,67,1,1,1,33.1,22.4,4.2,73.0,4.0,0,1,0,0,0,0,0,8,4.2
0,5,6.5,1,55,67,0,1,0,20.0,8.9,2.4,78.0,3.5,0,1,0,0,0,0,1,8,2.5
0,7,8.1,2,87,81,0,2,2,54.6,46.7,4.9,87.7,4.8,1,0,1,0,0,1,0,0,6.0
1,7,6.9,0,55,63,1,1,3,26.8,22.6,1.0,66.5,3.5,0,0,0,0,0,0,1,5,4.2
0,2,6.8,0,59,66,1,1,1,20.0,12.9,0.6,67.0,4.1,0,0,0,0,0,0,0,7,3.4
0,6,8.3,0,76,83,2,3,1,71.6,68.6,6.2,90.0,4.7,1,0,3,2,1,1,0,2,8.2
1,10,6.7,1,73,69,1,2,2,38.1,34.2,2.7,68.0,4.1,1,1,0,0,0,0,2,2,4.9
1,11,7.7,1,72,83,2,1,3,36.7,39.5,2.6,90.0,4.0,1,1,0,0,0,0,1,4,5.7
1,4,6.8,0,85,73,0,3,2,33.1,33.2,7.7,76.0,3.9,1,1,0,0,0,1,2,0,4.8
1,7,7.4,0,55,57,0,1,1,25.7,24.4,0.8,72.1,3.2,0,1,0,1,0,0,0,4,3.4
1,4,7.7,0,69,63,0,1,0,26.9,33.6,4.5,81.0,4.8,1,1,2,2,1,0,1,0,5.8
0,0,6.5,0,79,67,1,3,2,27.0,27.9,7.3,75.0,3.8,1,1,0,0,0,0,0,4,4.8
1,0,7.5,0,55,72,1,1,0,31.6,34.8,1.7,70.0,3.7,0,1,0,0,0,0,0,2,5.3
0,3,7.3,1,67,72,0,1,0,24.4,10.9,0.8,75.0,4.7,1,1,1,3,1,0,0,8,2.0
0,1,6.5,1,79,64,1,1,0,20.0,29.4,1.9,70.0,4.7,0,1,0,0,0,0,1,8,4.1
1,8,7.2,0,77,82,2,3,2,38.1,25.4,5.3,84.4,4.0,0,0,2,3,1,0,0,4,3.8
0,10,7.7,0,67,65,1,1,1,42.6,29.5,4.3,74.4,4.0,0,1,1,1,0,1,2,8,5.2
1,7,6.8,0,56,68,2,1,1,34.8,31.7,5.1,71.0,4.3,0,1,1,1,0,0,1,0,4.9
1,10,8.1,0,85,88,0,2,2,41.1,28.2,4.8,85.6,4.0,1,1,3,2,1,0,1,8,4.2
1,4,6.6,2,63,65,1,2,2,20.0,23.4,5.6,77.0,4.0,0,1,0,0,0,1,2,0,3.3
1,4,7.5,0,63,64,1,1,0,32.6,30.5,1.1,71.0,4.0,0,0,0,0,0,0,1,2,4.9
1,6,7.9,0,56,63,1,0,2,38.7,43.9,0.7,77.7,4.2,0,0,0,0,0,0,1,1,5.8
1,0,7.2,0,62,72,1,1,0,22.1,31.9,2.4,71.0,4.3,0,0,0,0,0,0,1,1,4.6
0,8,8.0,1,73,85,2,3,3,57.1,47.1,5.7,90.0,4.3,1,1,2,3,1,0,1,8,7.3
1,5,7.5,0,80,76,0,2,0,40.4,19.3,5.7,70.0,3.5,1,1,3,2,1,0,1,6,4.4
0,2,7.7,1,57,69,0,1,0,26.2,23.8,1.3,67.0,4.0,0,0,0,0,0,0,2,7,3.5
1,3,7.7,0,56,65,2,1,1,44.0,41.4,3.3,80.0,4.7,0,0,0,0,0,1,1,4,6.7
1,4,7.4,0,55,71,1,2,0,35.1,33.0,5.3,70.0,4.3,0,1,0,0,0,0,1,0,5.4
0,1,7.6,0,71,79,1,2,0,39.0,28.3,4.1,76.0,4.8,1,1,0,0,0,0,2,8,5.4
1,5,7.9,0,67,81,2,1,3,43.3,31.9,3.3,70.0,4.0,1,1,1,3,1,0,1,8,6.7
1,0,8.3,0,78,83,2,3,0,73.8,64.2,8.0,90.0,4.8,1,1,1,3,1,0,2,8,9.1
1,11,8.3,0,84,86,2,3,1,70.9,50.9,6.6,89.7,4.4,1,1,1,2,1,1,2,7,7.4
0,5,6.5,0,59,66,1,1,0,20.0,17.6,2.7,75.0,4.5,0,0,0,0,0,0,1,0,2.7
1,0,8.6,0,71,80,1,3,1,69.8,47.9,8.3,88.0,4.8,1,1,0,0,0,1,1,5,9.2
0,0,6.6,1,80,85,1,1,1,20.0,21.5,2.0,85.0,4.1,1,1,0,0,0,0,1,0,3.0
1,6,7.8,0,72,84,0,3,2,59.6,48.6,9.2,78.9,3.7,0,1,0,1,0,1,0,9,5.4
0,2,7.7,1,60,65,0,1,2,32.7,33.4,3.8,84.0,3.9,0,1,0,0,0,1,1,8,6.5
1,9,7.5,0,57,66,0,2,1,31.6,27.9,3.1,71.7,3.7,0,1,0,1,0,1,1,8,4.2
1,2,8.0,0,77,84,2,3,0,70.0,47.9,5.9,88.0,4.5,1,0,0,0,0,1,1,5,7.5
1,5,7.5,1,55,64,0,1,1,29.0,30.3,3.4,64.0,3.3,0,1,0,0,0,0,1,8,4.3
1,2,7.5,0,55,82,1,2,0,47.4,38.9,2.5,80.0,4.1,1,1,1,3,1,1,2,0,5.4
1,6,8.0,1,78,79,1,2,0,74.1,53.5,6.6,80.2,4.5,1,1,2,2,1,1,0,2,7.6
1,9,7.3,1,60,71,0,1,0,27.7,31.5,0.9,60.7,3.2,0,0,0,0,0,0,1,0,5.1
1,8,8.3,0,80,87,2,2,2,64.1,54.0,6.1,89.4,4.7,1,1,2,2,1,0,1,8,7.8
0,0,8.1,0,61,82,2,3,2,69.4,56.6,6.7,74.0,4.2,1,1,3,2,1,1,1,5,7.2
1,4,8.2,0,55,70,1,2,0,56.2,42.7,3.7,81.0,4.8,0,1,0,0,0,0,0,6,6.5
0,4,9.0,0,78,86,0,2,2,64.9,39.4,4.6,86.0,4.5,1,1,3,2,1,0,1,7,7.0
1,3,6.5,1,55,64,1,1,1,20.0,20.0,0.3,68.0,3.7,0,0,0,0,0,0,1,9,3.8
1,4,8.2,0,84,76,2,3,2,67.4,62.3,6.1,85.0,4.8,1,0,0,0,0,1,1,5,8.8
1,10,6.8,0,65,58,1,2,1,29.9,20.0,3.3,88.4,4.4,0,1,0,0,0,1,1,8,3.1
1,6,7.5,0,59,69,0,1,2,34.7,19.3,3.8,72.3,4.4,0,0,0,0,0,1,0,4,3.7
1,10,8.8,0,55,82,2,1,3,64.3,59.3,3.4,72.7,4.6,1,0,0,0,0,0,1,8,9.7
0,7,8.3,0,75,85,0,3,2,61.9,45.3,6.6,90.0,4.7,1,1,3,1,1,1,2,6,7.3
1,6,8.4,1,83,84,1,3,2,68.8,54.8,7.5,83.5,4.8,1,1,1,0,0,0,0,0,9.3
0,5,7.6,0,68,86,1,2,1,45.8,45.5,4.7,90.0,4.5,1,1,0,0,0,0,0,6,6.8
0,7,8.3,0,55,68,1,2,2,52.9,56.1,1.7,67.5,4.2,0,0,0,1,0,0,2,8,7.9
1,2,8.2,0,76,78,2,3,2,57.9,51.5,7.1,90.0,4.8,1,1,3,2,1,0,0,8,6.4
1,0,7.5,0,62,67,1,1,0,37.1,32.3,1.3,77.0,4.0,0,1,0,0,0,0,1,1,4.7
1,1,6.5,1,69,73,1,2,0,20.0,30.5,5.1,76.0,4.3,1,1,0,0,0,0,1,7,3.2
0,6,8.3,1,74,83,2,2,2,58.7,55.0,4.2,90.0,4.8,1,1,2,3,1,0,1,2,8.2
0,3,7.6,0,55,68,0,1,1,27.4,28.5,3.3,62.0,4.1,0,0,0,0,0,0,1,9,4.0
0,7,8.2,0,70,73,2,3,2,70.5,47.2,5.6,90.0,4.8,1,0,3,1,1,1,1,7,7.7
1,0,6.6,0,59,68,1,1,0,20.0,28.4,1.5,70.0,4.5,0,0,0,0,0,0,2,2,2.4
1,5,6.5,1,74,72,1,1,0,20.0,19.1,1.3,70.0,4.4,0,1,0,0,0,1,1,8,3.1
0,6,7.7,1,66,78,0,1,2,35.2,38.0,3.3,73.9,4.0,1,1,2,2,1,0,1,9,4.4
0,2,6.8,1,55,68,1,2,1,25.5,28.5,5.5,72.0,4.3,1,1,0,0,0,0,2,0,4.7
1,3,7.7,0,55,70,0,1,0,30.4,33.3,1.0,89.0,4.2,0,0,0,0,0,1,0,8,6.7
1,0,8.4,2,86,87,1,3,2,70.4,59.6,6.3,79.0,4.5,1,1,3,2,1,1,2,1,8.6
1,3,8.3,0,84,85,1,3,1,65.1,57.5,6.9,76.0,4.6,1,0,0,0,0,1,2,6,9.5
1,7,7.7,0,86,83,0,2,0,48.7,41.4,4.0,90.0,4.5,1,1,3,2,1,1,2,0,6.3
1,7,7.8,0,86,69,1,3,3,58.2,48.2,5.3,84.9,4.2,0,1,2,2,1,1,0,0,5.4
1,0,7.5,0,60,65,1,2,1,39.4,44.3,4.1,67.0,4.7,0,0,0,0,0,0,1,0,6.4
1,10,8.0,0,79,85,2,3,2,59.2,62.7,7.0,90.0,4.7,1,1,3,1,1,0,2,8,6.8
1,2,8.0,0,79,86,2,3,2,58.7,57.1,6.2,90.0,4.8,1,1,3,1,1,1,1,8,7.4
1,6,6.7,0,70,62,0,1,1,23.7,26.1,1.4,73.1,4.2,0,0,0,1,0,0,1,9,2.6
0,6,7.8,0,71,84,1,3,1,56.7,50.6,7.0,90.0,3.7,1,1,0,0,0,1,0,9,5.2
1,3,8.4,0,78,83,2,3,1,77.7,68.3,8.2,85.0,4.4,1,1,3,1,1,1,0,4,7.5
1,7,8.4,0,81,67,2,1,1,51.8,35.8,2.8,86.9,4.8,1,1,2,2,1,1,2,4,6.8
1,9,7.5,0,74,60,2,1,1,39.9,33.7,1.1,81.2,4.0,0,1,0,0,0,0,2,8,7.2
1,3,7.5,2,75,70,2,3,2,58.2,48.9,7.1,79.0,4.1,1,1,3,1,1,1,0,8,6.3
1,6,7.7,0,55,61,2,0,2,48.6,42.1,2.1,84.5,4.0,0,0,0,1,0,0,0,7,5.9
1,5,7.7,0,81,60,0,3,0,50.1,39.9,8.5,87.0,4.7,1,1,2,2,1,0,1,3,5.2
1,7,8.0,0,55,74,0,1,1,50.3,41.0,1.0,83.4,4.0,0,0,0,0,0,0,0,2,5.4
0,0,8.7,0,80,86,2,3,2,80.6,58.0,7.2,90.0,4.8,1,1,2,2,1,1,1,2,9.4
1,0,6.5,1,72,64,0,1,0,20.0,18.3,3.0,74.0,4.4,1,1,0,0,0,0,2,4,2.6
1,4,8.4,0,72,82,2,1,0,54.4,50.8,3.2,90.0,4.4,1,1,2,2,1,0,1,2,6.9
0,8,8.0,0,70,82,2,3,0,54.1,45.7,6.5,74.7,4.4,0,1,0,0,0,1,2,7,6.7
0,6,8.3,0,66,88,0,3,2,60.3,59.2,8.6,87.9,4.8,1,1,3,2,1,1,0,2,8.0
1,1,6.5,0,69,65,1,2,0,20.0,32.3,6.1,78.0,4.0,1,1,0,0,0,0,1,8,2.9
0,2,8.1,0,73,88,1,1,0,51.8,43.2,3.1,79.0,4.4,1,1,0,0,0,0,2,1,8.7
1,6,7.5,0,58,67,1,2,1,52.2,49.4,2.5,83.4,4.0,0,0,0,0,0,0,0,2,6.1
1,10,9.1,1,74,82,1,3,1,89.1,55.4,8.2,90.0,4.8,1,1,4,1,1,1,1,7,9.4
0,5,7.4,0,56,68,0,1,1,30.0,37.3,2.6,63.0,3.5,0,0,0,0,0,0,1,9,5.8
0,0,7.5,0,70,84,1,3,2,56.6,55.8,6.2,88.0,4.5,1,1,1,3,1,1,1,1,5.8
1,4,8.2,0,75,88,0,3,2,59.8,59.5,6.7,87.0,4.8,1,0,3,2,1,1,1,5,7.5
0,2,6.5,0,74,83,2,3,2,36.2,49.5,6.8,84.0,4.0,1,0,0,0,0,0,2,0,3.7
0,0,7.4,1,55,65,1,2,1,45.3,47.5,3.2,66.0,3.5,0,0,0,0,0,1,0,0,4.6
1,5,7.3,0,63,69,1,1,0,24.8,13.8,1.4,76.0,4.3,0,1,0,0,0,1,1,4,4.0
0,5,8.0,0,65,69,2,2,2,62.1,44.0,5.1,83.0,3.3,1,1,0,0,0,1,0,8,7.8
0,10,7.5,0,60,73,0,1,0,30.2,25.8,1.6,66.3,3.8,0,0,0,0,0,0,1,6,4.6
1,6,8.3,0,74,68,0,0,0,48.6,48.5,3.7,89.5,4.5,0,1,1,2,1,1,1,1,5.9
1,0,8.0,0,78,85,0,3,2,59.2,49.8,8.1,83.0,4.7,1,1,3,2,1,1,2,1,6.3
0,9,7.9,0,60,73,1,2,2,41.4,50.0,5.3,72.2,4.3,1,1,0,0,0,0,0,6,5.8
1,4,7.6,0,60,66,0,2,0,29.0,34.0,5.1,87.0,3.8,0,1,0,0,0,0,2,4,4.7
1,4,6.5,2,56,68,1,2,1,21.5,25.1,5.3,74.0,3.9,0,1,0,0,0,0,2,5,3.6
1,6,7.7,1,86,88,1,3,2,62.0,50.0,8.9,90.0,4.8,1,1,1,2,1,1,2,6,7.1
1,5,8.0,0,76,83,1,3,2,56.7,49.1,8.3,85.0,4.8,1,1,2,3,1,1,2,6,6.6
0,2,7.5,0,59,73,1,2,0,43.1,53.0,3.9,76.0,4.7,0,1,0,0,0,0,0,4,6.8
1,0,8.8,0,84,80,2,3,2,82.5,63.4,4.9,90.0,4.8,1,1,4,1,1,1,1,1,8.7
0,4,7.4,0,68,64,1,1,0,20.2,2.3,2.9,70.0,3.1,0,0,0,0,0,0,1,0,2.5
1,11,8.2,1,87,77,0,3,0,58.1,54.3,8.8,90.0,4.5,1,0,1,0,0,0,0,3,8.8
1,3,8.1,0,71,85,1,2,1,55.4,36.4,4.0,72.0,4.2,0,1,0,0,0,0,1,8,6.7
1,11,7.1,0,56,57,0,2,1,27.7,30.8,2.0,71.5,3.9,0,0,0,0,0,0,1,8,5.1
0,3,8.1,0,55,82,2,2,0,59.2,57.8,5.4,80.0,4.8,1,0,3,2,1,1,1,9,6.2
1,0,7.8,0,56,68,0,1,0,36.3,24.8,0.0,73.0,4.4,0,0,3,2,1,0,2,4,4.5
1,6,8.0,1,56,64,0,1,0,46.3,37.1,3.4,77.4,3.8,1,0,0,0,0,1,1,5,5.1
1,10,7.6,0,80,71,1,3,0,55.2,28.7,4.8,80.5,4.6,1,1,0,0,0,1,1,4,4.9
0,4,8.5,0,57,66,1,1,1,55.7,43.3,3.9,77.0,4.5,1,1,0,0,0,0,1,7,6.6
0,5,7.4,0,58,66,0,1,0,26.9,30.9,1.8,77.0,3.8,1,1,0,0,0,0,1,8,5.1
1,2,7.6,0,78,79,0,3,2,42.7,54.2,7.2,78.0,4.8,0,1,3,1,1,0,1,8,5.7
1,2,7.9,0,79,70,2,1,1,46.0,26.2,1.8,85.0,4.2,1,1,1,3,1,0,1,0,6.1
1,0,7.4,0,55,69,2,2,1,39.6,36.0,4.3,74.0,3.8,0,1,0,0,0,0,1,1,5.5
0,8,8.1,0,75,83,2,2,2,57.2,65.9,8.5,90.0,4.6,1,1,1,3,1,0,1,8,8.2
0,1,8.8,0,78,81,1,1,2,64.0,51.1,1.7,87.0,4.4,1,1,4,1,1,0,1,8,8.7
0,0,8.3,0,57,68,2,2,0,62.6,43.1,6.4,74.0,4.8,1,1,3,2,1,0,1,4,8.1
0,0,8.1,0,85,77,1,3,1,59.5,38.0,5.7,71.0,4.1,1,1,0,0,0,1,0,3,6.4
0,3,7.9,0,90,84,2,3,2,58.4,62.0,6.9,82.0,4.8,1,1,3,2,1,1,1,1,7.2
1,5,7.6,0,84,80,1,3,1,48.5,35.3,6.2,82.0,4.5,1,1,4,1,1,0,1,8,5.3
1,0,7.6,0,66,67,1,1,0,31.2,19.5,2.7,80.0,4.5,1,1,0,0,0,0,2,1,6.4
0,4,8.4,0,78,81,0,1,0,51.0,38.6,2.9,84.0,4.8,0,1,3,2,1,1,1,2,7.5
0,3,8.3,0,90,81,2,3,2,68.2,56.3,6.7,90.0,4.8,1,1,2,2,1,1,1,6,7.7
1,4,7.1,0,63,64,0,2,2,20.0,26.9,3.7,76.0,4.2,0,0,0,0,0,0,2,1,5.0
0,8,7.7,0,65,69,0,1,0,33.4,19.6,0.8,62.6,3.9,0,0,3,3,1,0,1,2,6.3
1,5,8.4,0,62,87,0,1,2,44.9,37.5,4.6,89.0,4.8,1,1,2,2,1,0,0,3,5.6
1,7,7.5,1,71,88,1,3,2,41.8,38.8,6.1,88.9,4.8,1,1,2,3,1,1,2,0,4.8
0,3,6.5,2,55,85,1,2,0,20.0,11.7,3.3,81.0,4.1,0,0,0,0,0,0,2,6,2.0
1,0,7.8,1,79,66,1,2,1,48.5,50.9,4.1,83.0,4.6,0,1,2,2,1,0,1,5,5.0
1,3,7.4,0,58,61,0,1,0,32.1,21.9,0.7,79.0,3.3,0,1,0,0,0,0,0,6,4.3
0,9,6.8,1,57,61,0,1,1,20.1,13.7,2.0,74.8,4.8,0,1,1,0,0,0,2,8,2.0
1,11,6.5,0,55,67,0,0,0,22.8,20.5,3.1,66.9,3.5,0,1,0,1,0,0,0,5,3.2
0,4,7.0,0,58,62,1,1,1,25.3,30.8,0.0,64.0,4.1,0,0,0,0,0,0,1,2,4.4
1,1,8.0,0,73,66,1,1,0,42.7,44.0,2.7,82.0,4.5,1,1,0,0,0,0,2,8,7.0
1,0,8.4,0,79,85,2,3,2,72.7,46.8,6.8,90.0,4.8,1,1,3,2,1,1,2,5,6.9
1,7,8.7,0,89,85,2,2,2,85.0,67.2,7.5,90.0,4.8,1,1,4,3,1,0,1,0,9.2
0,6,7.7,0,74,74,2,1,0,34.2,37.8,2.6,69.6,4.2,0,1,0,0,0,1,0,5,4.1
1,0,8.8,0,82,88,2,3,2,83.8,63.1,5.9,90.0,4.8,1,1,4,1,1,1,1,5,8.4
1,5,6.6,2,82,83,2,3,2,39.4,41.5,8.2,79.0,4.4,1,1,3,2,1,1,2,2,3.9
0,3,8.3,0,59,69,1,2,1,58.6,58.4,4.2,84.0,4.7,1,1,0,0,0,0,2,8,7.2
1,1,8.3,0,55,73,0,1,0,38.2,27.8,2.2,82.0,4.1,1,1,3,2,1,0,2,8,6.3
1,7,7.9,0,79,85,1,2,0,49.2,36.0,5.3,84.6,4.2,1,1,4,1,1,1,0,4,4.6
1,2,8.3,0,85,65,2,3,2,72.3,43.1,7.6,79.0,4.7,1,1,3,2,1,1,2,3,7.5
0,3,8.4,0,89,85,2,2,2,64.8,48.4,7.1,81.0,4.2,1,1,2,3,1,0,1,8,7.3
0,3,8.1,1,86,66,2,3,1,67.5,66.4,6.8,75.0,3.7,1,1,3,2,1,0,1,8,6.3
0,7,8.3,1,75,64,0,3,0,60.4,49.6,2.7,81.9,4.3,0,0,3,1,1,1,2,1,7.5
1,11,7.7,1,65,71,0,2,1,40.2,44.3,2.6,77.1,4.8,0,0,0,1,0,0,1,8,6.6
1,2,8.5,0,89,85,2,3,0,80.9,53.5,8.1,79.0,4.8,1,1,3,1,1,1,1,4,8.3
1,9,8.3,1,76,87,1,3,2,69.5,56.8,5.9,83.0,4.7,1,0,4,2,1,1,1,8,8.5
1,4,8.0,0,85,85,2,3,2,57.4,36.6,7.8,79.0,4.8,1,1,3,2,1,1,2,1,5.4
0,4,6.5,2,61,74,1,1,0,20.0,35.3,1.1,62.0,4.0,0,0,0,0,0,0,0,9,3.1
0,4,8.6,0,80,87,1,3,2,69.0,42.0,6.5,70.0,4.3,1,1,3,2,1,1,0,5,7.5
0,10,8.5,0,56,67,1,0,0,63.2,66.7,2.3,70.3,3.8,1,1,0,0,0,0,1,1,7.9
1,3,6.7,1,55,64,0,2,0,20.0,19.2,2.3,75.0,4.2,0,1,0,0,0,0,2,4,2.1
1,4,7.6,2,59,60,1,2,0,35.4,29.1,3.7,74.0,4.6,0,1,0,0,0,0,2,7,5.0
1,3,7.4,0,65,65,1,1,0,34.5,28.0,2.2,67.0,3.7,0,0,0,0,0,1,1,6,5.5
0,2,7.4,0,57,77,1,1,1,30.2,16.5,1.8,80.0,4.5,0,1,0,0,0,0,2,0,4.7
1,0,7.6,0,57,72,0,2,0,31.4,32.6,5.1,86.0,4.8,1,1,3,2,1,1,1,2,5.4
1,6,6.6,0,58,68,0,0,1,24.7,32.3,2.1,72.4,4.5,0,0,1,0,0,0,1,2,2.3
0,4,7.7,0,88,83,1,3,1,61.4,59.6,7.0,89.0,4.8,1,1,3,2,1,0,0,9,8.2
1,0,8.3,0,80,84,0,3,2,60.2,56.4,6.9,84.0,4.8,1,1,2,2,1,1,1,1,8.4
1,2,8.3,0,82,84,1,3,2,55.7,61.9,6.3,90.0,4.8,1,0,4,1,1,1,0,0,8.3
0,11,6.5,1,55,71,0,2,2,24.2,28.6,2.3,77.4,4.2,0,1,0,0,0,1,0,1,3.0
1,0,8.5,0,82,65,1,3,0,65.9,65.5,6.4,88.0,4.8,1,1,4,1,1,1,1,4,6.5
1,4,8.2,1,75,84,0,3,2,53.3,48.8,6.4,86.0,3.9,1,1,0,0,0,0,2,4,8.2
1,2,8.1,0,79,72,1,1,0,46.5,37.2,0.3,80.0,4.5,0,0,0,0,0,1,0,8,6.5
1,5,7.4,0,55,71,1,3,1,39.0,41.2,7.1,78.0,3.9,0,1,0,0,0,1,2,1,4.2
0,3,8.2,0,81,85,1,2,2,44.8,41.5,6.0,88.0,4.4,1,1,3,2,1,0,2,8,8.1
1,5,8.0,0,79,71,1,2,0,60.3,44.8,4.6,78.0,3.8,1,0,0,0,0,1,1,8,7.8
1,1,7.4,1,65,66,1,1,0,35.7,21.4,2.0,65.0,3.7,0,0,0,0,0,0,2,8,4.9
1,10,8.4,0,74,81,2,3,1,58.4,49.1,6.7,89.8,4.8,1,1,2,0,1,1,1,8,7.0
1,8,8.5,0,59,82,0,3,1,53.4,43.4,7.2,84.2,4.1,1,1,3,1,1,1,0,0,6.6
1,3,8.2,0,74,80,1,3,2,66.3,51.2,8.1,90.0,4.4,1,0,0,0,0,1,1,8,7.9
1,4,6.5,1,63,66,0,1,0,20.0,12.9,2.0,72.0,3.7,1,1,0,0,0,0,1,6,2.0
0,6,7.2,1,80,78,2,2,2,42.1,28.7,4.8,87.2,4.8,1,1,3,0,1,0,1,1,4.1
1,6,7.5,0,55,57,0,0,0,30.5,26.4,1.8,77.8,4.8,0,1,2,3,1,1,2,7,4.4
1,6,8.2,0,77,83,2,2,2,73.0,52.8,6.9,90.0,4.8,1,1,3,1,1,1,2,9,6.8
0,9,6.5,0,64,64,1,2,0,21.2,16.1,1.9,63.3,4.3,1,1,1,0,0,1,1,4,2.0
1,0,6.9,1,64,64,2,3,1,52.9,53.4,6.2,68.0,3.7,0,0,0,0,0,0,0,9,5.3
1,11,6.5,1,75,72,1,1,0,22.9,14.8,1.8,83.3,3.9,0,1,0,0,0,1,2,8,3.6
1,8,8.6,0,57,82,1,2,1,50.1,31.1,0.7,85.2,4.3,1,1,3,3,1,1,2,2,6.6
0,1,6.5,1,70,64,0,3,0,28.2,22.7,5.3,72.0,4.1,0,1,0,0,0,0,1,3,2.3
0,8,7.8,0,55,66,1,1,1,44.4,36.0,0.4,76.3,3.8,0,1,0,0,0,0,2,8,4.7
0,11,7.6,0,62,64,1,1,0,38.6,43.9,4.4,83.9,4.2,1,1,0,0,0,0,1,5,6.0
1,7,6.7,0,56,66,1,1,0,22.5,13.5,3.0,78.2,3.1,1,1,0,1,0,0,0,1,3.1
1,7,8.4,1,74,87,1,2,1,63.4,48.3,7.0,90.0,4.8,1,1,3,3,1,0,2,7,6.8
1,0,8.1,2,76,87,2,2,0,61.0,54.5,4.3,84.0,4.8,1,1,2,2,1,1,2,2,6.9
1,6,7.6,0,88,84,0,3,3,52.9,50.5,5.7,74.2,4.6,1,1,0,0,0,0,1,2,7.4
1,10,7.0,0,79,63,1,2,1,24.1,21.2,4.2,72.8,4.2,0,1,1,3,1,0,2,8,4.6
1,1,6.7,2,73,69,0,2,1,20.0,12.1,2.3,79.0,3.3,0,0,0,0,0,1,1,7,2.2
1,2,6.7,0,60,79,1,1,0,20.0,28.3,2.3,73.0,4.5,0,1,2,2,1,0,0,8,3.8
0,7,7.9,2,75,74,1,2,0,63.8,51.5,6.4,77.8,4.1,1,0,0,0,0,0,1,9,8.0
0,2,6.6,2,83,70,1,1,0,20.0,31.4,1.8,78.0,4.3,0,1,0,0,0,0,0,4,2.5
1,4,8.0,0,65,59,0,1,0,42.2,34.2,0.4,81.0,3.1,0,0,0,0,0,0,0,8,5.7
1,9,7.4,0,71,69,1,1,1,27.9,29.5,2.8,89.8,4.8,1,1,0,0,0,0,0,3,5.2
1,3,8.7,0,66,65,0,1,1,51.5,44.8,0.0,81.0,4.8,0,0,0,0,0,0,1,8,8.2
1,1,7.6,0,64,70,0,1,0,31.1,27.6,2.3,70.0,3.5,0,1,0,0,0,0,2,6,4.9
0,10,6.9,2,60,78,1,0,0,25.0,28.1,2.7,77.5,4.0,0,0,0,0,0,0,0,1,3.6
1,0,7.4,0,64,74,1,1,0,28.1,28.2,2.7,69.0,4.0,0,1,0,0,0,0,1,4,3.7
1,2,6.5,0,62,75,1,1,1,20.0,25.5,4.3,66.0,3.8,1,1,0,0,0,0,2,3,2.2
0,6,7.2,1,58,63,1,2,0,45.1,34.8,4.8,61.7,4.6,0,0,0,1,0,0,2,0,5.7
1,7,7.9,0,73,72,2,3,0,56.6,39.9,4.6,70.2,4.4,1,0,4,1,1,0,2,7,7.0
1,3,7.2,0,55,65,2,2,0,38.4,33.6,4.8,88.0,4.8,0,1,0,0,0,1,2,8,4.5
0,6,8.5,1,80,87,1,3,2,78.7,65.3,8.0,90.0,4.8,1,1,2,1,1,1,2,9,10.2
1,1,7.7,0,69,70,2,1,0,36.1,17.4,2.8,74.0,3.6,1,1,0,0,0,1,2,8,6.4
1,3,7.5,0,65,68,0,2,0,36.0,27.0,4.1,80.0,4.4,0,1,0,0,0,0,1,7,5.9
1,9,7.6,1,61,66,2,2,0,50.9,40.2,3.8,71.8,4.0,1,1,0,1,0,0,1,8,7.1
1,4,6.9,2,66,75,0,3,1,20.8,23.1,5.5,87.0,4.6,1,1,0,0,0,1,1,0,2.0
1,0,6.7,2,75,83,1,2,1,20.0,14.8,5.3,85.0,4.8,1,1,2,3,1,0,2,2,2.0
0,1,8.2,0,81,83,1,3,2,60.6,38.6,7.0,90.0,4.8,1,1,2,2,1,1,1,8,6.5
1,7,8.2,0,71,85,2,0,2,52.0,37.1,1.3,77.7,4.3,0,1,3,2,1,0,2,2,6.3
0,1,8.1,0,74,66,0,1,2,40.7,32.7,1.6,81.0,4.1,1,1,3,2,1,0,1,8,5.7
1,3,6.7,1,63,72,1,1,1,20.0,11.0,2.3,69.0,3.5,0,0,0,0,0,0,2,4,2.0
0,0,8.7,0,82,84,2,3,2,71.8,58.7,6.0,90.0,4.8,1,1,3,1,1,1,0,8,7.5
1,2,7.5,0,77,67,2,3,2,55.0,46.3,7.7,80.0,4.5,1,1,0,0,0,1,1,0,6.4
1,3,7.6,0,62,74,0,2,1,29.1,35.0,6.6,68.0,4.3,1,1,0,0,0,1,1,8,5.8
1,0,7.6,0,60,72,1,1,1,39.7,41.9,0.7,70.0,4.6,0,1,0,0,0,1,0,1,5.9
1,2,6.5,0,59,69,1,1,1,20.0,17.7,3.8,66.0,3.6,0,0,0,0,0,0,2,4,3.2
1,4,7.5,0,60,69,1,1,1,29.9,27.0,2.2,60.0,3.0,0,0,0,0,0,0,0,1,4.1
1,3,7.9,1,76,81,0,1,0,33.9,29.2,3.1,85.0,4.5,1,0,0,0,0,0,0,9,5.2
0,4,7.5,0,84,64,0,1,1,28.4,25.0,4.1,80.0,4.2,1,0,0,0,0,0,1,2,4.6
0,0,8.6,0,73,85,0,3,2,61.7,51.7,7.1,73.0,4.2,1,0,3,2,1,1,1,2,8.1
1,0,7.3,2,64,59,1,1,0,30.8,26.5,0.5,73.0,3.8,0,0,0,0,0,0,1,3,4.6
1,6,7.9,1,67,83,1,3,1,64.7,44.3,5.1,80.9,3.7,0,1,0,1,0,0,0,4,8.5
0,2,6.5,0,68,70,1,1,0,20.0,19.5,2.9,72.0,4.8,0,0,0,0,0,0,0,4,2.0
0,2,7.6,1,55,64,1,1,0,30.1,10.9,3.1,67.0,3.8,0,0,0,0,0,0,2,8,4.7
1,6,7.5,2,64,66,1,0,1,31.5,36.6,3.7,70.9,4.5,0,0,0,1,0,1,1,4,4.9
1,2,8.5,0,80,83,1,3,0,77.7,61.5,9.0,90.0,4.3,1,1,3,2,1,1,1,2,9.3
1,0,8.4,0,73,88,2,3,2,68.4,60.0,8.4,90.0,4.8,1,1,3,2,1,1,1,5,8.5
0,0,8.4,0,71,87,2,3,2,73.6,70.0,7.5,90.0,4.8,1,1,0,0,0,1,1,5,9.5
0,3,7.2,0,77,75,1,1,0,28.6,38.6,2.2,83.0,4.1,0,1,0,0,0,0,1,5,4.3
1,7,7.9,0,76,88,1,3,2,60.5,50.5,7.5,90.0,4.8,1,1,1,0,0,0,0,1,7.1
0,7,7.7,0,82,88,0,3,2,59.8,41.0,6.2,84.6,4.1,0,1,2,3,1,1,2,6,7.6
0,8,8.2,0,83,65,1,2,0,54.7,40.9,5.5,79.1,4.4,1,1,4,3,1,0,1,5,6.4
1,5,6.5,1,55,83,0,2,0,24.1,35.1,4.8,85.0,4.8,1,1,2,3,1,0,2,8,2.0
1,4,6.6,1,56,73,2,1,0,20.0,22.7,2.4,74.0,4.3,0,1,0,0,0,0,2,4,3.0
0,11,7.3,0,70,68,1,2,0,47.3,31.5,4.7,68.5,3.6,0,0,0,1,0,0,1,1,7.2
1,0,8.7,0,63,85,1,2,1,66.0,69.0,6.0,73.0,4.4,1,1,4,1,1,1,0,5,7.6
0,0,8.0,0,78,85,2,3,0,82.0,68.2,6.0,90.0,4.4,1,1,4,1,1,1,2,5,9.1
1,9,6.6,2,59,70,1,1,0,20.0,16.0,1.9,75.4,4.3,0,0,0,0,0,0,1,9,3.3
1,11,7.7,0,67,67,1,0,0,45.4,30.0,1.9,71.0,3.5,1,1,3,1,1,0,2,6,4.8
0,4,7.7,1,67,67,1,2,0,47.9,35.0,4.4,75.0,4.5,0,1,0,0,0,0,1,5,8.1
0,6,7.0,0,72,83,2,1,0,35.2,47.8,2.7,79.7,4.8,0,1,0,1,0,1,0,9,5.5
1,0,7.4,0,68,83,1,3,1,49.2,44.1,7.3,89.0,3.6,1,1,0,0,0,1,2,3,7.4
1,4,8.2,0,72,67,2,3,0,77.1,48.2,5.9,76.0,4.2,1,1,3,2,1,1,2,2,8.4
0,3,8.5,0,69,85,2,3,0,81.2,68.4,5.8,86.0,4.6,1,1,3,2,1,1,0,3,8.6
1,2,8.2,0,58,64,0,2,1,49.5,57.1,4.9,69.0,3.5,0,1,0,0,0,1,1,5,7.7
0,6,6.9,0,62,61,1,1,0,25.4,18.8,2.5,75.3,3.0,0,0,0,0,0,0,1,4,3.1
1,4,6.8,0,73,72,1,1,1,21.1,27.6,3.6,78.0,4.1,0,0,0,0,0,0,1,7,2.7
1,2,7.0,0,78,67,1,2,0,30.2,16.4,4.8,75.0,4.6,1,1,0,0,0,0,2,8,2.8
1,9,7.8,0,77,86,1,2,2,55.8,50.6,7.9,82.7,4.7,1,1,1,3,1,0,1,8,6.5
0,8,7.2,0,73,70,0,3,0,36.6,29.9,3.3,74.0,4.2,1,1,2,3,1,0,0,8,4.7
0,6,7.5,0,58,63,0,1,1,34.2,25.4,0.5,68.2,4.3,0,0,0,0,0,0,0,3,5.3
0,6,8.3,1,87,87,2,3,1,72.4,60.6,6.9,88.9,4.8,1,0,3,2,1,0,2,5,8.0
1,2,7.8,0,63,72,1,2,0,45.1,43.4,4.8,82.0,4.2,0,0,0,0,0,0,0,4,6.3
1,3,6.5,0,55,66,1,1,1,20.0,26.7,1.7,72.0,3.8,0,1,0,0,0,0,1,0,3.1
1,8,8.2,1,79,87,0,3,2,52.9,41.4,6.1,89.8,4.8,1,1,1,3,1,0,2,2,6.1
1,5,7.7,0,65,67,1,1,0,32.9,23.4,3.0,68.0,4.3,0,1,0,0,0,0,2,8,6.1
0,5,8.1,1,78,74,1,2,0,48.7,42.5,5.9,85.0,4.3,1,1,4,1,1,1,0,8,6.0
1,6,8.2,1,68,86,2,2,1,62.3,52.1,4.2,90.0,4.6,1,1,1,1,1,0,0,2,6.4
1,4,6.6,2,62,66,1,2,1,20.0,23.4,4.8,64.0,3.5,0,1,0,0,0,0,2,5,2.8
1,11,7.6,0,55,67,1,1,0,44.8,36.2,3.3,72.7,4.0,0,1,0,0,0,1,1,2,6.5
1,4,6.7,0,59,72,1,1,1,20.0,20.6,1.9,77.0,3.4,0,1,0,0,0,0,0,2,2.3
1,3,7.5,0,72,82,0,3,2,47.0,46.6,8.2,72.0,4.7,1,1,1,3,1,1,0,8,5.8
1,2,7.6,0,90,76,1,2,2,38.8,28.4,5.9,87.0,4.8,1,1,0,0,0,0,2,8,4.6
1,6,8.7,0,78,82,2,3,1,78.1,64.7,7.0,87.4,4.5,1,1,2,1,1,0,2,1,10.1
1,3,7.5,0,57,67,1,1,0,26.8,28.6,1.4,67.0,4.1,0,0,0,0,0,0,1,8,4.9
1,0,8.6,0,81,87,1,2,2,56.0,42.0,6.6,90.0,4.6,1,1,2,2,1,1,1,0,7.3
0,11,8.5,0,72,85,0,3,3,74.0,49.8,9.1,86.7,4.7,1,1,0,1,0,0,1,4,8.1
0,6,8.2,1,84,78,2,1,1,72.0,47.2,3.9,90.0,4.8,0,1,1,1,0,1,0,1,7.8
0,6,7.5,1,76,81,0,1,2,40.4,26.6,5.6,87.6,4.8,1,1,2,2,1,1,2,5,3.9
0,2,7.2,1,77,83,2,1,1,36.8,40.1,3.4,89.0,4.0,1,1,0,0,0,0,0,8,4.8
1,6,6.8,1,73,72,0,1,2,25.5,31.6,4.2,79.5,4.1,0,0,0,1,0,0,0,1,4.6
1,1,7.3,0,55,75,1,1,0,28.3,30.4,1.9,84.0,4.5,0,1,0,0,0,0,1,8,4.9
0,3,8.3,0,79,82,2,2,0,56.4,43.3,4.9,89.0,4.8,1,1,0,0,0,1,0,1,7.2
1,6,8.6,1,89,87,2,3,2,78.6,64.4,7.4,90.0,4.6,1,1,2,1,1,1,1,9,10.4
1,1,7.5,0,65,68,1,2,0,35.3,27.1,3.5,90.0,4.6,0,1,0,0,0,0,2,8,5.0
1,4,7.9,0,55,69,1,1,1,35.6,42.8,1.4,78.0,4.2,0,0,0,0,0,1,1,5,6.0
1,0,8.2,0,68,86,2,3,2,71.3,57.9,7.9,90.0,4.8,1,1,2,2,1,1,1,7,8.5
0,2,8.1,1,89,84,2,3,2,66.1,51.8,6.7,90.0,4.8,1,1,2,2,1,1,1,0,6.5
1,4,8.4,0,80,80,0,1,2,48.2,38.4,4.6,79.0,3.9,1,1,0,0,0,1,1,7,6.6
1,2,7.4,0,81,82,1,1,0,43.2,16.3,2.9,65.0,3.7,0,1,0,0,0,1,1,8,6.2
0,8,8.8,0,76,86,1,3,1,72.5,57.6,6.7,89.8,4.8,1,1,4,2,1,1,1,7,9.3
1,6,7.6,1,80,67,1,1,3,29.4,38.0,2.3,77.8,4.5,0,0,0,0,0,0,0,2,6.1
1,8,7.4,0,72,77,2,3,2,45.3,31.7,7.5,80.7,4.8,1,1,0,1,0,1,2,8,5.6
0,10,7.7,1,61,66,1,3,1,57.4,40.9,2.7,71.1,4.1,0,1,1,0,0,0,0,8,5.7
1,2,7.6,0,57,70,2,3,1,57.3,49.2,5.9,80.0,4.3,1,1,0,0,0,1,0,4,7.2
1,3,8.3,0,76,75,0,3,1,65.1,61.6,7.0,73.0,4.4,1,1,0,0,0,0,0,3,9.3
1,6,8.0,1,73,81,2,3,0,60.7,61.5,7.1,87.6,4.8,1,1,3,1,1,1,1,4,8.0
0,0,7.7,0,55,65,1,1,1,41.1,48.2,1.4,66.0,3.9,0,0,0,0,0,0,0,1,6.3
0,0,6.8,0,63,65,0,1,1,20.0,3.5,2.3,63.0,3.7,1,0,0,0,0,1,0,0,2.1
1,11,8.0,0,76,73,0,3,0,57.3,40.3,8.5,79.6,4.8,1,1,1,0,0,1,1,6,6.5
0,11,7.4,2,56,64,2,0,2,22.9,39.3,2.5,64.2,4.3,1,1,0,0,0,0,1,4,6.1
1,10,8.7,0,83,87,2,3,0,71.0,41.8,9.2,90.0,4.7,1,1,4,2,1,1,0,7,7.7
1,9,8.4,0,77,83,2,3,3,63.5,59.8,5.1,89.9,4.6,1,1,3,2,1,0,1,8,8.0
1,8,6.6,0,55,61,1,1,1,20.0,27.4,0.2,81.5,3.7,0,1,1,3,1,1,1,2,2.0
0,0,8.2,0,56,66,1,2,0,55.9,36.9,3.0,79.0,4.8,0,1,0,0,0,0,0,0,8.1
1,4,7.4,1,66,88,2,2,1,46.7,39.1,3.0,81.0,4.4,1,1,1,3,1,0,1,2,5.2
1,4,8.6,0,72,85,1,3,0,66.1,51.2,5.3,89.0,4.7,1,1,3,1,1,0,1,2,7.7
1,7,7.9,0,64,83,2,3,1,63.4,53.9,6.3,90.0,4.6,1,0,0,0,0,1,2,7,6.9
1,0,6.6,1,67,83,1,3,2,33.7,25.3,7.2,90.0,4.8,1,1,0,0,0,0,2,3,2.6
1,6,8.4,0,77,60,1,2,1,68.9,57.1,3.9,74.3,4.5,1,1,3,2,1,0,1,0,9.3
1,9,7.7,0,76,79,0,2,0,43.2,39.2,7.1,90.0,4.8,1,1,0,1,0,0,2,9,6.6
0,5,7.9,0,74,88,1,3,1,50.5,40.0,5.9,80.0,4.3,1,1,0,0,0,0,1,1,6.4
1,2,8.0,0,62,65,1,2,0,57.2,42.5,6.6,68.0,4.5,1,0,0,0,0,0,1,0,6.5
1,8,8.3,0,64,60,2,2,0,49.1,36.9,3.5,78.2,4.5,0,1,0,0,0,0,2,7,6.0
0,0,8.3,0,79,80,2,3,2,79.9,65.1,7.4,79.0,4.6,1,0,0,0,0,1,2,2,8.7
0,3,6.6,0,55,66,1,3,0,35.2,25.6,7.8,71.0,4.2,0,0,0,0,0,1,1,8,3.9
1,2,7.1,1,75,70,1,1,1,28.9,26.9,1.2,87.0,4.2,0,0,0,0,0,1,1,8,4.0
1,0,7.9,1,76,82,1,3,0,54.5,49.1,6.5,82.0,4.6,1,1,3,2,1,0,2,4,6.4
0,3,7.7,0,55,70,1,2,0,40.5,44.6,4.9,73.0,4.3,0,1,0,0,0,0,0,7,6.0
0,0,7.4,0,55,63,1,2,0,36.2,37.1,4.7,85.0,4.6,0,0,0,0,0,1,1,4,5.1
1,5,7.8,0,78,57,1,3,0,55.5,43.6,8.4,80.0,3.8,1,1,2,2,1,1,1,8,6.1
1,4,8.3,0,63,81,1,3,2,72.1,52.7,6.7,89.0,4.4,1,1,1,3,1,1,2,5,8.2
0,4,8.2,0,83,84,2,3,0,76.1,61.7,5.2,87.0,4.3,1,1,2,3,1,1,0,3,9.1
1,0,8.2,0,87,84,1,1,2,40.2,46.3,2.6,89.0,4.8,1,1,2,2,1,0,0,0,5.8
1,3,8.1,0,78,68,1,1,0,43.2,24.5,0.9,86.0,3.8,0,0,0,0,0,0,1,4,4.7
1,4,6.5,1,65,81,0,3,2,20.2,32.2,6.7,85.0,4.7,1,0,2,3,1,0,0,0,4.3
1,0,7.6,0,55,64,0,1,1,41.5,30.1,0.0,83.0,3.4,0,1,3,1,1,1,2,1,4.7
0,0,7.4,1,59,67,1,2,1,38.4,29.8,5.3,79.0,4.7,1,1,0,0,0,0,1,7,5.9
1,1,8.1,0,63,70,1,1,0,47.0,57.0,1.0,69.0,4.8,0,0,0,0,0,1,2,8,6.8
0,8,7.3,1,63,68,0,1,0,28.2,26.0,5.3,71.6,4.6,0,0,0,0,0,0,2,3,4.3
1,2,7.7,1,72,63,1,1,2,35.1,30.7,2.1,69.0,4.7,0,1,0,0,0,0,1,8,4.9
1,11,8.6,0,82,84,2,2,1,59.3,53.1,5.1,83.8,4.5,1,1,3,3,1,0,2,5,7.1
0,3,8.4,1,83,85,0,3,2,54.1,38.1,5.1,90.0,4.8,1,1,2,2,1,1,0,8,7.6
1,4,7.8,0,82,79,2,1,1,44.1,34.1,1.9,87.0,4.4,1,1,0,0,0,1,1,7,6.7
0,0,6.5,1,55,69,0,1,0,20.0,26.8,2.3,85.0,3.9,0,0,0,0,0,0,1,5,3.0
0,3,6.5,0,55,77,1,1,0,20.0,19.2,2.7,78.0,4.5,1,1,0,0,0,0,0,0,3.6
1,5,7.5,0,58,85,0,1,0,30.4,25.9,1.0,82.0,4.4,0,1,0,0,0,0,0,8,5.0
0,5,6.8,1,57,62,0,1,0,20.0,14.1,1.9,75.0,4.7,0,1,0,0,0,0,1,8,2.5
1,2,8.4,0,80,84,0,3,2,58.2,56.3,5.1,87.0,4.2,1,1,2,3,1,1,1,0,8.1
0,6,8.2,0,85,84,2,3,1,66.2,57.5,6.8,90.0,4.4,1,1,0,3,1,1,1,2,5.9
1,1,6.5,0,62,66,0,1,1,20.0,13.2,2.5,66.0,4.6,0,0,0,0,0,0,0,6,2.0
1,1,7.8,0,71,76,1,2,1,44.8,48.5,4.7,77.0,4.6,1,1,3,1,1,1,0,5,6.1
0,4,8.3,0,74,79,0,2,2,59.1,57.7,6.0,72.0,4.0,1,1,0,0,0,0,2,1,8.1
0,3,7.3,0,57,65,0,1,1,20.7,8.6,2.1,70.0,3.5,0,0,0,0,0,0,0,0,4.0
1,0,7.3,0,63,70,1,1,0,35.0,23.0,2.4,65.0,4.0,0,1,0,0,0,0,2,7,5.1
0,0,7.6,0,75,84,1,3,2,49.4,53.6,7.3,88.0,4.5,1,1,4,1,1,0,2,0,5.7
1,0,8.3,0,78,74,2,1,1,52.4,59.4,2.8,79.0,4.2,1,0,0,0,0,1,1,8,7.4
0,7,8.3,0,86,85,1,2,1,79.4,66.7,4.8,90.0,4.8,1,1,2,3,1,1,1,6,7.9
1,3,7.9,0,59,65,0,1,1,43.9,41.4,2.1,74.0,4.4,0,0,0,0,0,0,2,4,5.2
0,0,6.7,0,65,67,1,1,1,20.0,23.6,1.2,75.0,4.3,0,1,0,0,0,0,2,7,3.8
1,2,8.6,0,86,84,2,3,2,71.2,50.1,7.9,87.0,4.7,1,1,3,1,1,1,2,4,8.5
0,5,7.6,0,57,62,1,1,0,36.6,43.1,0.7,69.0,4.5,0,0,0,0,0,0,1,7,5.9
1,4,6.5,0,90,66,1,2,0,20.0,16.9,3.4,85.0,4.1,0,1,0,0,0,0,1,1,3.4
1,4,6.5,1,79,62,2,3,0,42.8,47.0,5.1,88.0,4.5,0,0,0,0,0,0,0,7,4.6
1,0,6.8,0,72,82,2,3,0,39.3,19.7,7.7,73.0,4.4,1,1,3,2,1,1,2,2,3.7
1,2,6.7,1,55,69,0,2,0,20.0,35.9,5.4,70.0,3.0,0,1,0,0,0,0,0,8,2.2
1,11,8.6,0,81,81,2,1,2,65.9,49.1,1.9,89.8,4.8,1,1,3,1,1,1,1,5,8.5
1,6,8.1,0,55,88,2,3,3,59.8,62.0,5.0,77.8,4.1,1,1,1,1,0,0,1,2,8.8
1,6,7.6,0,55,68,0,2,0,48.1,42.0,3.2,81.4,4.1,0,1,4,1,1,1,2,5,5.7
1,6,7.9,0,60,64,0,2,0,56.8,52.9,6.6,86.9,4.1,1,1,0,0,0,1,2,0,7.2
1,11,7.6,2,63,83,0,3,0,44.0,48.2,6.1,85.7,4.3,0,1,1,2,1,1,1,0,5.9
1,5,7.6,0,78,63,0,1,0,30.6,22.2,0.7,78.0,4.8,0,0,0,0,0,0,0,8,6.0
1,0,6.9,0,57,63,1,1,0,21.5,14.4,2.4,74.0,4.5,0,1,0,0,0,0,0,5,3.1
1,3,7.6,0,73,72,1,1,0,27.3,27.8,1.8,81.0,3.8,0,1,0,0,0,1,0,5,5.0
1,1,7.6,0,77,85,1,2,1,43.7,38.4,5.5,79.0,4.8,1,1,0,0,0,1,2,4,4.9
1,7,7.5,0,80,63,2,3,2,48.0,53.1,4.8,77.0,4.5,1,1,2,3,1,1,0,7,4.4
0,2,8.2,0,76,88,2,3,2,76.5,69.5,7.8,90.0,4.8,1,0,3,2,1,1,2,8,8.6
0,0,7.4,0,84,67,0,1,0,23.7,28.1,2.0,90.0,4.8,0,0,1,3,1,0,0,1,3.4
1,4,7.4,0,57,64,1,1,0,33.7,34.0,2.1,81.0,4.0,0,1,0,0,0,1,2,4,4.8
1,11,7.3,0,61,74,1,0,1,33.2,30.7,2.1,67.0,4.2,0,1,2,2,1,0,1,4,3.4
0,7,8.2,0,70,88,2,3,2,75.8,59.4,4.9,90.0,4.8,1,1,1,3,1,0,2,5,8.4
0,6,8.2,0,78,78,2,2,0,78.9,62.0,8.0,90.0,4.8,1,1,3,2,1,1,1,2,7.0
1,1,7.7,0,88,79,1,3,0,50.0,49.3,6.7,78.0,4.7,1,1,1,3,1,1,2,8,7.2
1,3,6.5,1,58,61,0,1,2,20.0,36.2,0.0,71.0,3.2,0,0,0,0,0,0,2,1,2.0
0,5,7.5,0,56,66,1,1,0,35.0,24.3,0.2,75.0,4.3,0,1,0,0,0,0,0,8,4.4
1,3,8.5,0,73,84,1,3,2,74.3,55.6,6.0,88.0,4.6,1,1,0,0,0,1,2,1,8.5
1,2,7.5,0,55,61,1,1,0,29.4,25.4,3.3,71.0,3.7,0,1,0,0,0,1,1,7,4.8
1,3,8.4,0,83,88,2,3,2,80.5,71.3,7.5,87.0,4.8,1,1,2,2,1,1,1,2,9.0
1,11,7.4,0,55,72,1,1,0,45.5,45.8,0.8,82.3,3.8,0,1,1,3,1,0,1,5,6.1
1,10,8.8,0,90,85,2,3,1,74.1,71.8,6.4,82.3,4.8,1,1,3,1,1,1,1,7,9.3
1,7,8.6,1,80,88,1,2,2,86.2,69.1,6.4,90.0,4.7,1,1,3,1,1,1,2,9,8.9
1,4,8.5,1,64,63,0,1,0,41.8,21.0,4.7,82.0,4.5,1,1,0,0,0,1,2,3,6.4
1,4,7.4,1,61,72,1,1,0,26.8,16.0,0.6,70.0,3.7,0,1,0,0,0,0,1,2,3.5
1,10,8.3,1,90,78,2,2,2,71.6,51.6,6.7,90.0,3.8,1,1,3,2,1,1,2,8,8.1
0,4,7.7,0,55,74,1,2,0,44.9,34.7,5.4,73.0,3.8,0,1,0,0,0,1,0,0,6.2
1,2,7.6,0,58,66,0,1,0,32.8,41.6,3.1,60.0,4.0,0,1,0,0,0,0,1,6,4.0
1,10,7.8,0,63,59,2,2,1,34.8,39.8,5.3,68.8,4.2,0,0,1,1,0,1,2,6,6.0
1,2,7.8,0,72,67,1,2,0,55.6,39.7,5.6,71.0,3.6,1,0,2,2,1,1,0,7,5.9
1,7,6.8,2,57,60,0,1,0,22.6,10.1,0.7,74.0,3.3,0,0,2,3,1,0,1,7,2.0
0,2,7.9,0,73,78,2,1,0,49.1,30.8,3.6,88.0,4.5,1,1,0,0,0,0,0,8,4.8
0,0,7.6,0,63,62,1,1,0,34.1,23.2,1.9,70.0,3.5,0,0,0,0,0,0,0,4,5.0
1,2,7.5,0,55,65,1,1,1,37.8,32.2,0.8,80.0,4.1,0,1,0,0,0,0,0,0,6.0
0,8,6.5,1,63,67,0,1,1,20.0,17.1,1.9,67.8,3.8,0,0,0,1,0,0,0,1,2.0
1,0,7.7,1,69,79,1,2,0,47.0,52.2,4.8,77.0,3.9,0,1,0,0,0,0,1,5,6.3
1,3,8.2,0,68,88,1,2,1,56.5,33.2,3.3,84.0,4.8,1,1,0,0,0,0,2,8,7.2
1,0,7.8,1,55,69,1,2,0,54.7,46.7,4.6,72.0,4.4,1,1,0,0,0,0,0,3,6.8
1,9,6.6,1,61,79,0,3,0,20.0,31.6,3.6,79.4,4.2,1,0,0,0,0,0,2,8,2.8
1,0,7.3,1,74,86,0,2,2,38.0,38.4,5.4,86.0,4.8,1,1,2,2,1,1,1,0,4.4
1,2,8.3,0,75,86,2,3,0,75.2,67.3,8.1,90.0,4.8,1,1,3,2,1,1,0,4,8.6
1,10,6.7,1,55,71,1,1,0,20.0,22.7,1.7,68.8,3.5,0,1,0,0,0,1,1,8,2.2
1,2,8.7,0,79,88,1,2,2,60.0,51.1,6.0,77.0,4.3,1,1,3,2,1,0,1,7,8.7
0,0,7.9,0,82,62,1,1,0,46.5,48.2,2.9,78.0,3.9,1,1,0,0,0,1,2,2,7.2
0,5,7.5,0,62,65,0,2,0,36.3,47.8,3.9,78.0,4.4,0,1,0,0,0,1,2,7,5.9
1,9,8.3,1,75,85,0,3,3,67.4,64.6,8.4,89.7,4.8,1,1,3,3,1,1,1,8,7.9
1,0,7.7,0,69,71,1,2,0,36.2,26.1,5.0,74.0,4.7,1,1,2,2,1,0,0,5,4.8
0,8,7.3,0,63,62,0,2,0,20.7,18.3,3.2,78.1,3.1,0,0,0,1,0,0,0,7,4.4
1,2,7.9,0,74,67,2,3,2,61.2,40.2,6.1,87.0,4.5,0,1,0,0,0,0,1,8,7.0
1,10,7.8,1,82,63,2,3,1,52.4,49.6,8.7,73.4,4.2,1,1,0,1,0,0,0,8,7.3
1,1,7.6,0,77,67,2,2,0,48.7,42.9,4.1,72.0,4.3,0,1,1,3,1,0,1,1,5.7
0,0,8.0,0,66,79,1,3,2,62.4,57.5,5.8,90.0,4.8,1,1,0,0,0,0,1,5,8.9
0,3,7.0,0,55,69,1,2,0,23.8,30.4,3.7,74.0,4.2,0,1,2,3,1,0,2,8,4.2
1,10,7.7,1,57,85,0,2,0,30.1,24.4,1.3,82.0,4.4,0,1,0,0,0,0,0,7,4.8
0,5,7.8,1,60,61,1,1,0,36.3,34.0,1.5,74.0,4.1,0,0,0,0,0,0,1,0,5.5
1,10,7.8,1,79,84,2,2,0,28.9,24.2,4.5,79.7,4.2,1,1,2,2,1,0,1,7,3.9
1,0,7.9,0,78,83,1,3,2,58.6,33.0,5.0,90.0,4.8,1,0,0,0,0,0,2,3,6.4
1,5,7.6,0,69,88,1,1,0,33.7,21.9,2.8,71.0,4.0,1,1,0,0,0,1,1,8,3.1
1,3,7.7,0,71,61,1,0,0,29.8,26.6,1.0,75.0,4.1,1,1,3,2,1,1,1,3,3.9
1,4,8.7,0,89,85,1,2,2,70.4,67.1,4.3,86.0,4.8,1,1,3,1,1,1,0,0,8.3
0,3,8.7,0,65,88,1,2,0,72.3,44.5,2.7,84.0,4.4,1,1,2,3,1,0,2,8,9.2
1,7,8.4,0,84,84,0,2,2,67.1,42.1,5.8,90.0,4.3,1,1,2,3,1,0,1,0,8.8
0,2,8.6,0,84,84,1,3,2,79.4,67.9,5.0,90.0,4.7,1,1,2,2,1,1,2,8,7.8
1,4,8.4,0,76,85,2,3,2,68.0,52.7,7.3,90.0,4.8,1,1,3,2,1,1,1,8,8.9
1,2,7.3,0,57,68,0,1,0,20.0,33.4,2.2,85.0,4.4,0,0,0,0,0,0,2,7,4.0
1,7,6.6,0,59,68,2,3,1,28.1,31.4,2.8,75.9,4.1,0,0,0,0,0,0,2,4,4.9
0,4,6.7,1,55,64,1,2,0,20.3,21.3,6.0,78.0,3.7,1,0,0,0,0,0,1,0,2.8
1,3,8.4,0,79,88,1,3,2,58.4,51.9,7.8,90.0,4.7,1,1,2,3,1,1,0,4,7.6
0,7,8.6,1,66,73,0,2,0,52.7,38.2,3.2,77.3,4.5,0,1,0,1,0,1,2,6,8.0
0,7,8.2,0,68,82,2,3,0,68.9,51.7,6.8,90.0,4.8,1,1,4,1,1,1,2,2,6.8
1,3,7.6,0,76,87,1,2,1,39.9,32.5,4.6,77.0,4.4,1,1,0,0,0,0,2,8,5.2
0,6,8.2,1,73,86,0,3,0,69.2,61.6,7.0,90.0,4.8,1,1,3,1,1,1,1,7,7.7
1,11,6.5,1,55,63,2,2,1,23.3,24.6,2.0,86.6,3.4,0,1,0,0,0,0,2,7,3.6
1,4,8.2,0,55,65,1,1,0,45.3,27.7,4.0,71.0,3.6,1,1,0,0,0,0,0,0,6.5
0,1,6.7,0,71,83,1,2,1,20.6,27.5,3.9,81.0,4.5,1,1,2,3,1,0,1,7,3.0
0,9,8.3,0,78,82,1,3,2,76.5,54.0,6.9,82.6,4.7,1,1,1,3,1,1,1,8,8.9
1,2,8.2,0,76,84,1,2,3,54.3,52.3,4.1,83.0,4.4,1,1,2,2,1,1,0,7,5.9
1,0,8.6,0,73,85,1,3,3,67.5,57.2,5.6,84.0,4.5,1,1,3,2,1,0,1,9,9.3
0,9,7.5,2,64,64,2,0,0,28.6,21.9,2.8,73.1,4.4,1,1,0,0,0,0,0,8,5.8
0,6,7.6,0,56,60,1,1,1,40.1,45.9,3.2,85.4,4.0,0,0,0,0,0,0,0,4,5.1
1,7,8.7,1,70,86,2,3,2,81.5,78.2,7.8,90.0,4.4,1,1,1,1,1,1,2,4,10.6
0,0,8.4,0,81,88,1,3,2,75.9,50.5,7.6,90.0,4.7,1,1,3,2,1,1,2,0,6.9
1,4,8.6,0,80,81,1,3,1,74.9,66.3,7.6,88.0,4.8,1,1,2,2,1,1,2,5,8.7
1,7,8.1,1,80,88,2,3,2,63.2,50.7,7.4,90.0,4.8,1,1,0,2,1,1,2,6,7.0
1,9,8.2,1,76,84,0,2,0,59.4,42.5,8.1,87.2,4.8,1,1,2,2,1,1,2,6,7.0
0,2,8.7,1,66,70,1,1,0,66.3,60.2,1.9,83.0,4.3,0,0,1,3,1,1,2,4,7.5
0,2,8.5,0,82,88,0,2,2,49.5,52.4,6.5,85.0,4.2,1,1,3,2,1,0,1,8,6.9
1,6,7.7,0,55,62,1,1,1,38.0,43.0,1.2,65.3,3.7,0,1,0,1,0,0,0,6,5.1
1,11,8.2,0,74,78,2,3,1,59.5,54.2,7.2,89.0,4.8,1,1,2,3,1,0,2,6,6.7
1,11,6.5,1,56,67,1,3,0,28.3,31.3,3.8,76.3,3.7,0,0,0,0,0,0,1,2,3.6
1,5,8.2,0,75,85,2,3,2,60.5,57.5,5.1,90.0,4.7,1,0,3,2,1,1,2,8,6.1
0,2,6.8,2,73,73,1,2,0,24.1,17.6,5.1,75.0,4.3,1,1,0,0,0,0,1,8,4.0
1,0,7.7,0,56,69,0,1,0,42.3,36.4,2.8,66.0,4.2,1,1,0,0,0,1,1,0,5.4
0,10,6.7,1,58,71,0,1,1,28.2,35.1,4.4,76.8,4.4,0,1,0,0,0,0,1,0,2.7
1,5,7.4,0,61,82,1,2,1,39.8,32.8,3.5,79.0,4.1,0,1,0,0,0,1,2,2,5.2
0,6,6.9,0,65,82,1,0,0,26.1,34.5,3.4,71.3,4.6,1,1,0,3,1,0,1,5,3.1
0,0,6.7,0,59,86,1,2,1,24.5,21.7,5.2,86.0,4.8,1,1,1,3,1,1,1,1,2.9
1,4,8.1,0,79,88,0,3,2,60.1,58.4,7.2,85.0,4.8,1,1,0,0,0,1,1,7,7.8
1,5,8.2,0,80,87,1,3,0,58.4,57.5,6.8,83.0,4.4,1,1,3,2,1,1,1,8,8.0
0,5,8.5,0,74,86,2,3,0,68.8,46.0,6.3,88.0,4.7,1,1,3,1,1,0,1,3,7.1
1,9,8.0,0,76,86,2,3,1,64.4,56.9,6.9,90.0,4.8,1,1,3,2,1,1,2,8,8.5
0,6,7.5,1,55,67,2,1,1,36.0,28.0,2.1,62.9,3.4,0,1,0,0,0,0,1,4,4.8
1,0,7.8,0,67,80,0,1,1,30.7,32.3,3.8,84.0,4.3,1,0,0,0,0,0,2,6,6.6
1,4,8.6,0,67,85,2,3,2,75.8,67.6,7.2,90.0,4.8,1,1,0,0,0,1,1,5,9.9
1,4,7.7,0,55,81,1,1,0,41.5,28.8,1.9,82.0,3.7,0,1,2,3,1,1,2,1,5.2
1,7,8.4,1,85,85,1,3,1,62.6,62.1,7.0,83.0,4.8,1,1,2,2,1,0,2,6,8.1
0,1,6.5,0,57,64,2,2,0,22.7,28.2,4.9,79.0,4.1,1,0,0,0,0,0,2,6,3.7
0,0,8.0,0,63,88,1,1,2,42.9,32.7,3.0,82.0,4.6,1,1,0,0,0,1,2,5,7.0
1,4,8.6,0,72,85,1,3,2,78.8,77.0,8.2,89.0,4.7,1,1,4,1,1,1,1,1,10.5
0,2,8.3,0,83,85,0,3,2,58.0,61.9,8.0,75.0,3.8,1,1,1,3,1,0,1,8,7.2
1,7,6.5,0,81,69,1,2,0,24.7,30.8,4.1,72.7,4.7,0,1,0,1,0,0,1,7,2.4
1,7,8.5,0,82,63,1,3,2,71.9,49.9,7.2,90.0,4.8,0,0,3,2,1,1,1,2,7.7
0,8,7.5,1,61,71,0,1,0,24.3,24.0,2.5,70.8,3.6,1,0,3,2,1,0,1,8,4.2
0,11,7.0,0,61,63,1,1,1,25.4,21.1,2.0,75.0,4.2,1,1,0,0,0,0,0,7,3.6
1,8,7.6,0,77,85,2,2,1,45.6,35.2,6.4,80.9,4.7,1,1,2,3,1,1,2,1,4.6
1,9,6.7,2,56,72,1,1,2,20.0,12.7,0.5,74.8,3.2,0,0,0,1,0,0,0,7,2.0
1,0,7.5,0,82,68,0,2,1,35.1,31.8,6.1,78.0,3.8,0,1,0,0,0,1,1,5,4.6
1,5,8.1,0,87,82,2,3,2,65.2,49.5,6.9,90.0,4.8,1,1,3,1,1,1,0,6,6.8
1,2,6.6,0,56,58,1,2,1,20.0,16.3,5.2,65.0,4.1,0,0,0,0,0,0,0,8,3.6
1,0,7.6,0,72,68,2,1,0,38.7,29.8,3.0,77.0,4.2,0,1,4,1,1,0,1,7,4.4
0,0,8.2,0,79,84,2,3,2,68.5,64.6,6.0,80.0,4.8,1,1,4,1,1,1,2,2,8.4
1,4,8.3,0,80,81,2,3,2,70.3,82.9,5.6,90.0,4.8,1,1,1,3,1,1,1,9,9.2
1,6,8.6,0,80,80,2,3,3,80.1,66.3,6.5,90.0,4.8,1,1,4,2,1,1,2,2,8.0
1,6,6.8,0,56,87,0,3,0,23.2,29.5,4.2,90.0,4.8,0,1,0,1,0,1,0,2,2.0
0,0,8.3,0,66,71,1,1,1,48.1,46.6,2.9,72.0,4.7,1,1,0,0,0,0,1,1,6.4
1,4,8.8,0,75,88,1,2,2,65.6,41.7,3.7,90.0,4.8,1,0,3,2,1,1,0,5,7.2
0,1,7.8,0,74,83,2,3,2,60.8,34.2,4.4,83.0,4.8,0,1,0,0,0,0,1,8,6.6
0,8,7.7,1,81,64,0,1,0,42.6,38.6,2.4,75.0,4.3,1,1,0,0,0,0,0,6,5.6
0,6,7.6,0,60,66,0,1,0,38.0,30.2,1.9,74.3,4.5,0,0,0,1,0,0,0,0,5.7
0,2,8.6,0,81,82,2,3,2,77.4,63.1,7.7,90.0,4.8,1,1,3,2,1,1,2,8,9.2
1,8,7.6,0,55,64,1,3,3,49.9,41.8,6.4,74.4,4.3,1,0,0,0,0,0,1,7,5.8
1,3,8.3,0,84,83,2,3,2,72.7,57.4,7.7,90.0,4.7,1,1,1,3,1,1,1,4,7.9
1,10,8.1,1,55,71,0,2,0,56.0,47.6,4.3,80.1,4.4,0,0,0,0,0,0,2,8,6.9
1,3,7.0,1,68,82,0,1,2,20.0,30.6,2.7,86.0,4.7,0,1,3,2,1,0,2,1,4.6
1,5,7.5,0,71,80,1,2,2,40.9,27.8,2.5,86.0,4.5,0,1,0,0,0,0,1,8,4.1
1,6,7.7,0,82,73,2,3,1,59.7,49.6,5.9,90.0,4.7,1,1,1,3,1,1,1,1,6.9
1,5,7.6,0,55,57,0,2,0,34.5,24.6,3.2,60.0,3.8,0,0,0,0,0,0,1,8,5.2
0,6,8.2,0,76,87,2,2,2,59.4,51.4,7.4,90.0,4.7,1,1,3,2,1,1,2,2,7.8
1,3,6.7,0,69,67,1,3,0,36.3,35.1,6.3,77.0,4.1,1,1,0,0,0,0,1,7,4.4
0,2,8.1,0,75,73,1,3,0,63.8,45.2,7.7,76.0,4.0,1,1,4,1,1,0,0,2,7.7
1,5,7.6,0,55,80,1,1,0,40.7,15.9,2.2,62.0,4.2,0,1,0,0,0,0,0,1,5.7
1,5,7.4,0,59,64,1,1,1,31.6,23.1,3.3,73.0,3.6,0,1,0,0,0,1,1,8,4.2
0,11,7.1,0,55,70,0,1,0,25.7,25.6,2.3,63.4,4.2,0,1,1,0,0,0,1,0,4.6
0,4,7.5,0,71,67,2,1,1,39.2,35.0,4.0,90.0,4.1,1,1,0,0,0,0,1,6,5.7
0,5,8.6,0,80,66,1,1,1,60.5,49.5,2.9,88.0,4.0,0,1,1,3,1,0,2,8,6.2
1,2,8.4,0,70,84,1,3,2,69.7,69.8,7.6,90.0,4.8,1,1,0,0,0,0,0,6,9.5
1,0,8.4,0,79,84,1,2,1,58.6,50.2,5.9,77.0,4.0,1,1,0,0,0,0,1,4,8.8
1,7,8.6,1,70,67,2,2,1,62.4,46.2,3.8,80.9,4.3,1,1,3,2,1,0,0,8,8.1
1,8,7.8,0,69,81,0,0,0,30.2,30.8,2.7,84.7,4.3,0,0,2,3,1,0,1,9,3.5
0,0,8.0,0,83,82,1,3,2,63.5,50.3,6.3,87.0,4.6,1,0,2,2,1,1,1,2,7.1
0,10,8.8,0,81,80,1,3,1,75.5,61.3,6.5,89.7,4.0,1,1,2,3,1,0,2,9,8.6
1,0,8.3,0,75,86,2,2,2,59.5,45.7,5.5,90.0,4.6,1,1,0,0,0,0,2,3,8.6
1,5,7.0,0,77,67,1,3,0,41.6,35.8,8.5,74.0,4.6,1,1,0,0,0,1,0,3,4.4
1,10,7.8,0,84,79,2,3,1,50.0,34.9,6.1,81.8,4.5,1,1,4,2,1,1,2,2,5.1
1,9,6.5,2,71,61,0,0,1,20.3,6.3,2.1,79.8,3.2,0,0,1,0,0,0,2,8,2.6
1,5,7.6,1,59,67,1,2,2,45.0,50.0,5.5,79.0,4.2,1,1,2,2,1,0,0,1,6.9
1,3,7.6,1,81,73,1,1,2,39.7,27.9,2.4,90.0,4.4,0,1,0,0,0,0,2,2,6.3
1,5,8.5,0,87,84,2,3,1,74.0,58.0,8.8,84.0,4.4,1,1,2,2,1,1,2,8,8.9
1,4,8.1,0,79,73,2,3,1,64.5,31.5,8.4,79.0,4.4,1,1,2,2,1,1,2,3,5.3
1,11,6.9,0,55,65,1,3,1,25.7,23.3,3.4,67.7,4.5,1,1,1,0,0,0,1,4,3.1
1,2,8.8,0,72,76,2,3,3,72.6,62.2,5.5,90.0,4.8,1,1,2,2,1,0,1,7,10.1
0,4,6.5,0,58,67,1,1,0,20.0,39.2,2.3,60.0,3.6,0,0,0,0,0,0,2,6,2.8
1,6,8.2,0,83,80,2,3,3,78.5,66.4,8.6,83.9,4.0,1,1,1,3,1,1,1,9,8.4
1,4,8.0,0,75,82,2,3,2,68.3,60.6,6.7,90.0,4.3,1,1,4,1,1,1,2,9,6.7
1,0,7.5,0,63,70,1,1,1,37.8,24.8,0.5,80.0,4.6,0,0,0,0,0,0,0,0,3.4
0,4,7.9,0,82,88,2,3,2,64.3,54.5,7.7,90.0,4.8,1,1,1,3,1,1,1,2,8.2
1,8,7.7,2,55,71,1,2,1,43.8,28.2,10.0,70.7,4.7,1,0,0,0,0,1,2,8,4.3
0,0,7.3,1,71,66,0,2,0,21.3,29.8,3.3,83.0,4.2,0,1,0,0,0,0,1,2,5.0
0,7,7.3,1,59,75,0,0,1,39.3,39.1,2.2,79.8,4.7,1,1,0,0,0,0,1,3,6.1
0,11,8.4,1,77,69,2,0,1,59.1,43.2,3.8,67.1,3.8,1,1,1,0,0,1,1,7,8.0
1,4,7.8,0,73,73,0,1,1,40.2,42.9,3.8,70.0,3.8,0,1,0,0,0,0,2,1,6.7
1,11,7.5,2,57,63,1,0,0,29.8,19.4,2.0,68.2,3.7,0,0,0,0,0,1,1,7,3.8
1,11,8.2,1,77,85,2,2,3,74.9,65.1,7.9,89.6,4.6,1,1,3,1,1,1,1,2,9.4
1,7,8.1,0,79,86,1,3,3,64.9,64.6,6.9,90.0,4.8,1,1,2,3,1,0,1,8,7.6
0,10,8.6,0,76,68,1,2,2,56.1,42.2,3.8,67.3,3.8,1,1,0,1,0,0,1,5,7.0
1,4,7.4,0,60,71,0,1,0,21.9,24.5,1.5,72.0,3.6,0,0,0,0,0,0,2,0,4.7
0,7,8.2,0,79,86,2,2,1,56.5,37.9,4.5,82.4,4.5,1,1,0,2,1,0,1,2,6.4
1,11,7.9,0,74,68,2,3,1,64.3,43.1,6.1,86.7,4.5,0,1,1,1,0,1,1,4,7.2
1,0,7.6,0,86,64,1,2,1,30.3,43.9,5.1,83.0,4.6,1,1,0,0,0,0,0,3,6.7
1,0,8.5,0,76,79,1,1,2,55.5,55.1,1.0,88.0,4.5,1,1,2,2,1,1,0,0,7.8
1,9,8.0,0,61,87,0,3,1,58.7,60.1,6.2,82.4,4.8,0,1,1,1,1,1,1,8,8.0
0,4,8.4,0,79,87,2,3,2,71.1,63.0,7.1,90.0,4.7,1,1,3,1,1,0,1,5,8.7
1,3,7.5,0,55,64,0,1,1,22.4,23.5,1.4,70.0,4.5,0,1,0,0,0,0,2,3,4.2
1,1,7.5,0,61,68,1,2,1,36.3,36.3,3.8,81.0,4.2,0,1,0,0,0,0,2,8,5.3
1,2,8.2,0,75,85,2,3,2,72.8,48.8,7.3,90.0,4.8,1,1,0,0,0,1,1,6,7.8
1,1,7.7,1,55,66,1,2,0,45.3,39.9,4.8,74.0,3.8,1,0,0,0,0,0,2,8,5.6
1,11,7.6,2,56,68,1,2,0,32.6,29.4,2.6,72.9,4.0,0,0,1,0,0,0,1,6,3.0
1,3,7.7,0,55,63,1,1,0,40.2,35.7,0.9,66.0,3.6,0,1,0,0,0,0,1,6,5.1
1,2,6.9,0,79,60,1,3,2,31.5,24.6,6.0,65.0,4.0,0,1,0,0,0,0,1,8,3.8
1,8,6.6,0,64,62,1,1,0,20.0,20.1,1.8,70.8,3.0,0,0,0,1,0,0,1,9,2.7
1,9,8.3,0,78,87,0,2,3,63.9,43.0,5.2,77.5,4.3,1,0,0,0,0,0,1,8,7.4
1,11,7.8,1,69,82,0,3,2,58.7,49.9,5.2,83.0,4.6,0,1,3,0,1,0,2,5,7.5
1,1,8.2,0,77,64,0,1,0,29.5,29.2,2.3,76.0,4.3,0,0,0,0,0,0,1,1,4.3
1,5,7.4,0,55,65,1,1,0,27.6,32.2,1.2,60.0,4.2,0,1,0,0,0,0,0,8,3.9
1,0,8.4,0,55,66,0,1,0,41.9,37.2,1.4,78.0,4.5,0,1,0,0,0,0,1,9,7.3
1,1,8.1,0,79,81,1,2,2,44.2,37.4,6.4,76.0,4.5,1,1,1,3,1,0,2,8,6.3
1,6,8.2,0,78,83,2,3,2,66.0,50.5,6.1,87.1,4.8,1,0,2,3,1,1,0,3,7.5
0,0,8.4,0,71,64,1,3,2,67.8,45.5,5.8,80.0,4.5,1,1,0,0,0,0,2,0,7.6
1,3,8.5,0,88,87,1,3,2,69.7,59.5,7.3,90.0,4.8,1,1,0,0,0,1,2,8,8.2
1,1,7.4,2,59,62,0,2,0,32.4,19.1,3.4,69.0,4.2,0,1,0,0,0,0,1,0,3.1
1,10,7.0,0,74,63,1,2,0,36.9,31.3,6.0,72.6,4.2,1,1,0,0,0,0,1,8,4.6
1,4,8.3,0,65,64,0,1,2,48.7,26.6,3.2,84.0,4.7,1,1,3,1,1,0,0,1,6.2
1,4,7.5,0,57,61,1,2,0,37.2,25.2,4.5,82.0,4.4,0,1,2,3,1,0,0,1,3.7
1,2,7.9,0,82,88,1,1,0,44.5,19.1,2.9,71.0,4.4,1,1,2,3,1,1,1,4,5.2
1,10,7.5,2,62,66,0,0,0,22.5,20.0,2.5,77.5,4.4,0,0,0,0,0,0,2,8,4.1
1,3,7.4,1,68,69,2,2,1,44.0,47.7,6.0,78.0,4.3,1,0,0,0,0,0,2,1,4.7
0,3,7.5,0,55,65,1,2,1,39.0,34.9,3.7,80.0,4.0,0,1,0,0,0,0,0,5,5.7
1,4,8.0,0,78,61,2,3,3,67.9,59.1,6.6,76.0,4.1,1,1,0,0,0,1,1,4,8.1
1,0,7.6,0,60,71,1,2,1,48.9,46.8,4.8,78.0,4.3,0,1,0,0,0,1,1,8,5.3
1,4,7.7,1,61,70,1,2,1,47.4,41.1,5.1,69.0,4.8,1,1,4,1,1,0,1,5,5.4
1,0,8.2,0,75,88,1,3,0,64.1,55.1,5.7,77.0,4.5,1,1,3,2,1,0,1,0,7.2
0,2,8.5,0,60,85,2,3,0,83.6,71.0,6.6,86.0,4.2,1,1,3,1,1,0,2,1,10.6
1,8,7.6,0,61,74,1,1,0,32.5,29.7,3.7,64.8,4.1,0,1,0,0,0,0,1,8,5.9
1,4,7.4,0,72,61,1,1,1,29.3,23.7,2.5,78.0,4.8,1,1,0,0,0,0,0,2,5.2
0,5,6.5,1,63,61,1,1,0,20.0,31.2,0.2,71.0,3.6,0,0,0,0,0,0,1,2,2.7
0,3,8.3,0,72,83,1,3,0,66.9,54.2,6.2,84.0,4.6,1,1,0,0,0,0,0,8,7.1
1,6,6.5,2,64,69,0,1,3,23.0,22.5,4.2,77.2,4.4,1,0,0,1,0,0,2,2,3.7
1,4,8.4,0,74,86,2,3,2,68.9,58.0,7.9,90.0,4.8,1,1,1,3,1,0,2,9,8.5
1,7,7.6,1,72,71,1,2,0,51.4,36.8,8.5,90.0,4.4,1,1,0,3,1,0,0,5,6.3
0,4,6.5,0,69,64,1,1,1,20.0,21.3,1.1,74.0,3.8,0,0,0,0,0,0,1,0,2.5
1,5,8.4,1,76,87,1,3,0,72.2,73.0,8.5,86.0,3.6,1,1,4,1,1,1,2,8,9.5
0,8,7.6,0,90,82,2,3,2,51.5,42.7,7.2,89.8,4.7,1,1,1,3,1,1,1,8,5.8
1,2,8.3,0,83,85,2,3,2,69.7,59.0,10.0,90.0,4.8,1,1,2,2,1,0,1,4,7.5
1,7,8.1,0,82,81,2,3,0,57.2,42.0,4.9,82.9,3.9,1,1,3,3,1,1,2,8,5.7
0,6,8.2,0,73,84,0,2,0,52.8,47.2,5.3,88.3,4.2,1,1,0,0,0,1,0,7,5.9
1,8,7.7,1,55,67,0,2,0,41.5,34.8,4.9,73.2,3.8,1,0,0,0,0,0,1,1,5.0
1,10,7.0,2,55,70,0,1,0,21.9,20.5,3.0,74.3,4.1,0,1,3,1,1,0,0,6,3.2
1,1,7.6,0,55,72,1,2,2,42.4,27.4,5.5,70.0,4.5,1,0,0,0,0,0,1,8,5.2
0,4,7.5,0,55,75,0,1,1,35.8,26.2,1.9,78.0,3.9,0,1,0,0,0,0,2,4,5.2
1,4,7.9,0,56,68,1,1,2,37.3,29.2,2.5,64.0,4.2,0,1,2,2,1,1,2,4,3.7
1,11,6.5,1,55,71,0,1,0,22.9,19.9,3.1,86.2,4.8,0,0,0,0,0,0,1,8,3.0
1,2,7.6,1,55,61,1,2,1,46.4,48.7,2.8,81.0,4.0,0,1,0,0,0,1,0,1,7.1
0,4,7.5,0,56,63,1,1,1,35.4,47.8,0.1,68.0,3.8,0,0,0,0,0,0,2,4,4.9
1,2,6.5,0,55,68,2,1,3,20.0,10.9,2.5,81.0,4.2,1,0,0,0,0,0,1,5,2.0
1,7,8.2,1,74,83,1,1,0,46.6,51.0,1.8,87.7,4.8,1,1,4,2,1,0,1,2,5.8
1,2,8.4,0,75,88,2,3,2,69.2,52.4,5.5,85.0,4.7,1,1,0,0,0,1,0,0,8.0
1,4,6.9,1,55,66,1,1,0,20.4,16.7,2.8,76.0,4.0,0,0,1,3,1,0,1,5,2.0
1,0,8.0,0,78,77,1,3,2,59.6,46.5,6.3,77.0,4.5,1,0,0,0,0,1,1,7,7.4
1,2,6.9,2,80,83,1,1,1,20.1,20.2,4.3,77.0,4.4,1,1,1,3,1,0,1,0,3.5
0,6,6.5,1,69,83,1,3,2,35.4,28.8,8.2,85.4,4.6,1,1,1,1,0,0,1,2,2.0
1,0,8.0,1,59,65,2,1,0,48.8,33.6,1.8,77.0,4.5,0,1,0,0,0,1,1,4,6.0
1,6,6.7,0,55,71,1,3,0,27.7,21.4,5.2,61.2,4.1,0,0,0,0,0,0,1,1,2.0
1,10,7.9,0,86,79,1,3,1,51.3,45.4,6.8,75.4,3.7,1,1,3,0,1,1,1,8,6.2
1,8,7.4,0,67,68,2,1,1,32.1,26.2,2.3,73.5,4.5,1,1,0,0,0,0,2,8,4.0
1,0,7.6,1,55,69,1,1,0,29.2,24.8,3.1,73.0,4.2,0,1,0,0,0,0,0,0,5.0
0,3,7.8,0,70,74,0,2,0,41.8,37.2,4.4,89.0,3.9,1,1,0,0,0,1,0,5,6.5
1,8,7.2,1,63,64,1,2,1,34.6,36.3,4.0,70.9,4.8,1,1,1,0,0,0,0,6,4.3
1,3,8.4,0,56,63,1,3,2,74.3,49.8,5.8,89.0,4.2,0,0,0,0,0,1,0,2,9.9
0,0,7.4,0,76,71,0,1,1,27.7,17.8,1.5,64.0,4.7,0,1,0,0,0,0,1,1,3.9
1,8,8.3,1,74,68,1,3,3,44.6,35.0,4.5,88.7,3.3,1,1,2,3,1,1,1,8,6.6
1,0,8.4,0,76,78,2,2,0,59.0,57.1,4.6,90.0,4.1,1,1,0,0,0,0,0,2,7.0
1,3,7.9,0,74,78,1,3,0,60.9,41.5,5.2,81.0,3.2,0,1,0,0,0,1,1,8,6.7
1,0,7.4,2,75,68,0,2,0,33.2,27.9,3.6,88.0,3.6,0,0,0,0,0,0,1,5,6.3
1,4,8.3,1,75,82,2,2,0,50.4,38.4,4.3,81.0,4.0,1,0,3,2,1,1,2,4,5.6
1,5,7.6,0,55,63,0,2,0,43.7,37.2,5.4,69.0,4.2,0,0,0,0,0,0,1,8,5.6
1,6,8.2,0,81,85,1,3,2,73.6,71.7,9.5,83.4,4.0,1,1,0,0,0,1,2,1,8.6
1,2,7.5,0,58,81,2,1,0,27.2,23.4,2.9,83.0,4.6,1,0,0,0,0,0,0,6,4.2
1,3,8.1,0,73,88,2,3,2,70.1,58.7,6.8,90.0,4.8,1,1,2,2,1,1,1,0,7.8
1,3,6.6,1,55,79,1,1,1,20.0,23.7,2.2,69.0,4.6,0,0,0,0,0,0,0,8,3.3
1,4,6.6,0,62,58,0,1,1,20.0,6.6,0.0,66.0,3.8,0,0,0,0,0,0,2,6,3.0
1,10,7.7,0,55,69,1,2,1,42.6,30.4,3.7,79.3,4.5,0,1,0,0,0,1,0,8,3.8
1,11,7.9,0,84,83,1,2,3,64.2,43.9,6.2,83.0,4.7,1,1,2,2,1,1,2,8,7.3
1,7,8.7,0,84,77,1,3,1,65.8,42.7,6.4,86.9,4.8,1,1,2,2,1,1,2,7,8.2
0,3,7.5,0,76,68,1,1,1,26.3,28.8,2.7,77.0,4.5,1,0,0,0,0,0,1,4,4.0
1,10,7.9,1,55,62,1,3,0,44.2,45.3,5.3,69.7,3.6,0,1,0,1,0,1,1,4,6.3
0,8,8.1,0,72,88,2,3,2,61.3,46.9,6.1,89.5,4.6,1,1,4,1,1,1,1,9,7.6
1,1,7.6,0,55,65,1,2,1,37.3,28.9,3.9,74.0,4.1,0,1,2,3,1,0,0,8,5.5
0,9,7.6,1,62,62,2,2,1,40.4,42.3,4.2,65.3,4.2,0,1,1,1,0,0,2,3,6.8
1,9,8.0,1,77,74,0,2,1,52.4,38.5,8.7,78.2,4.8,1,1,0,1,0,1,2,0,5.4
0,3,7.5,0,64,75,0,2,2,33.3,21.9,3.8,78.0,4.0,0,1,0,0,0,0,0,1,4.1
0,10,6.9,1,71,68,1,3,0,26.4,30.2,3.5,67.8,4.6,0,1,0,1,0,0,0,8,4.1
0,2,7.0,1,55,70,1,1,1,20.0,15.8,2.6,69.0,4.6,0,1,0,0,0,0,1,7,2.1
1,0,7.7,0,55,71,1,0,0,27.9,20.8,0.3,65.0,3.9,1,0,0,0,0,0,2,0,3.3
1,6,8.7,1,69,82,2,3,3,81.3,61.7,6.5,88.9,4.8,1,1,4,0,1,0,1,7,9.9
0,2,6.9,1,55,67,1,1,1,37.7,44.3,2.5,83.0,4.6,1,0,2,3,1,0,1,7,5.2
0,0,8.3,0,75,83,1,2,2,56.0,50.9,3.8,89.0,4.8,1,1,2,2,1,1,0,1,8.4
0,3,8.3,0,68,82,2,3,2,70.3,62.5,5.4,88.0,4.8,1,1,3,2,1,1,2,8,8.9
0,6,7.8,2,70,81,2,2,1,55.7,50.7,4.8,80.4,4.4,1,1,0,0,0,1,0,3,5.3
1,2,7.8,0,63,63,1,1,0,30.1,21.2,1.6,61.0,3.4,0,0,0,0,0,0,1,0,2.7
1,0,8.2,0,73,86,1,3,2,62.4,50.4,7.2,87.0,4.7,1,1,4,1,1,1,2,5,6.8
1,2,7.9,0,74,87,0,2,0,45.7,54.0,3.5,81.0,4.5,1,1,0,0,0,0,2,9,8.1
0,3,7.5,1,55,72,1,1,0,28.3,20.3,1.9,72.0,4.1,0,0,0,0,0,0,1,8,4.2
1,2,6.5,1,60,66,1,1,0,20.0,19.9,3.0,68.0,4.3,1,0,0,0,0,0,2,1,2.6
1,0,7.5,1,59,65,1,1,1,27.0,26.2,3.2,68.0,4.6,1,1,0,0,0,1,0,4,4.1
1,2,6.5,1,57,71,0,2,0,20.0,22.9,3.4,80.0,4.2,0,0,0,0,0,0,0,8,3.4
0,1,6.7,0,58,57,2,1,2,20.0,23.6,2.6,77.0,4.1,0,1,0,0,0,0,0,4,3.5
1,2,8.1,0,84,86,0,3,2,60.7,55.6,8.9,90.0,4.8,1,1,1,3,1,1,1,8,6.3
0,4,7.7,0,55,65,0,1,0,25.5,23.6,1.3,76.0,3.4,0,0,0,0,0,0,1,6,5.1
0,1,7.8,0,55,63,1,1,0,37.9,45.2,2.1,81.0,4.5,1,1,0,0,0,1,1,8,6.1
1,4,7.5,0,86,83,2,3,2,49.6,28.4,6.3,87.0,4.7,1,1,3,2,1,1,1,9,5.7
0,2,7.3,0,55,63,0,2,0,39.0,13.4,3.6,69.0,3.8,0,1,0,0,0,0,2,8,3.3
1,5,7.5,0,55,66,1,2,0,38.5,40.4,4.8,70.0,3.4,0,1,0,0,0,0,1,9,4.7
0,4,8.1,0,86,80,1,3,2,58.8,46.2,8.5,89.0,4.6,1,1,2,3,1,1,0,9,5.7
0,9,8.1,1,82,80,2,3,2,64.4,61.3,6.0,90.0,4.4,1,0,0,0,0,0,1,8,8.9
0,3,7.6,0,80,88,1,3,0,51.5,51.4,7.4,87.0,4.4,1,1,0,0,0,1,2,8,6.9
0,0,8.1,0,75,86,2,3,2,68.8,64.2,6.2,90.0,4.7,1,1,4,1,1,1,1,2,8.6
1,9,6.6,1,59,72,0,2,0,32.1,16.1,3.8,70.7,4.3,0,0,0,0,0,0,2,5,2.5
1,2,7.3,0,76,88,1,3,0,46.4,37.6,8.1,90.0,4.7,1,1,0,0,0,1,2,6,5.8
1,6,8.0,0,85,81,2,3,2,60.1,63.6,9.2,90.0,4.8,1,1,4,3,1,1,2,2,8.2
1,3,8.1,0,76,65,1,3,2,60.3,57.5,7.7,82.0,4.3,1,1,1,3,1,0,2,4,6.0
1,10,7.2,1,55,66,0,2,1,31.8,38.3,5.5,70.5,4.2,1,0,0,0,0,0,1,8,4.6
1,3,7.5,0,60,62,1,3,0,54.8,46.8,7.0,80.0,4.0,1,1,0,0,0,1,2,7,6.7
0,3,8.2,0,74,66,1,2,0,52.4,39.3,4.4,82.0,4.5,1,1,0,0,0,0,1,9,6.2
0,6,8.2,0,66,64,2,2,2,67.7,59.7,2.4,79.4,4.0,0,0,0,0,0,1,1,5,8.9
1,3,8.5,0,85,87,2,3,2,78.7,68.2,8.6,90.0,4.8,1,1,3,1,1,1,1,7,9.2
1,0,7.6,0,55,79,0,1,1,27.4,28.8,2.2,79.0,4.2,1,1,0,0,0,0,2,0,3.9
1,6,8.6,0,83,82,1,1,2,72.2,68.3,3.3,81.3,4.5,1,1,2,2,1,1,1,3,8.9
1,2,7.3,0,72,84,1,3,2,40.7,48.5,7.0,75.0,4.2,1,1,0,0,0,0,2,4,5.6
0,2,7.5,1,60,67,1,2,3,46.2,27.9,4.5,86.0,4.8,0,1,0,0,0,0,2,8,5.7
1,9,7.4,0,71,78,1,2,1,49.0,37.1,7.6,81.2,4.8,1,1,1,0,0,1,1,0,6.0
0,0,8.3,0,63,87,2,3,2,68.9,61.5,7.9,90.0,4.7,1,1,3,2,1,0,1,4,7.9
0,0,6.8,0,70,82,2,2,0,31.9,21.5,3.7,69.0,4.8,1,0,0,0,0,1,0,1,2.8
1,0,8.6,0,76,85,1,1,2,50.7,49.2,2.4,90.0,4.7,1,1,3,2,1,0,1,4,8.5
1,4,8.3,0,63,65,1,2,1,64.8,63.5,5.4,73.0,4.1,1,1,0,0,0,0,1,4,8.8
1,11,8.6,0,77,85,1,2,2,68.5,47.6,5.1,85.5,4.7,1,1,4,1,1,1,1,0,8.1
1,4,8.4,0,85,82,2,2,2,62.1,54.2,3.9,84.0,4.7,1,1,2,2,1,0,1,5,7.9
1,11,8.0,1,81,81,1,2,1,52.1,48.9,6.4,89.2,4.5,1,1,1,2,1,0,1,8,7.4
0,0,8.8,0,74,79,1,2,2,81.3,62.3,5.5,77.0,4.3,1,1,3,1,1,1,1,1,8.1
1,11,8.0,1,58,63,1,1,1,42.7,27.9,1.3,69.6,4.6,0,1,0,0,0,0,0,8,4.5
1,2,8.3,0,86,71,2,2,2,59.7,37.2,5.2,73.0,3.9,1,1,0,0,0,0,0,7,6.2
0,8,7.4,0,65,84,1,2,0,29.8,46.4,3.6,75.0,4.2,0,1,0,0,0,1,2,8,5.7
0,7,7.6,0,64,66,2,2,0,43.1,49.3,3.8,75.1,4.8,0,1,0,1,0,1,0,5,6.5
0,3,8.0,0,78,85,2,3,2,64.4,46.2,7.6,90.0,4.8,1,1,2,2,1,1,0,9,8.0
1,5,7.1,1,69,69,1,2,0,27.2,19.8,4.5,72.0,4.4,1,0,0,0,0,0,1,8,3.8
0,7,6.8,0,78,67,0,2,1,23.0,34.7,1.7,74.9,3.9,0,1,0,1,0,0,1,4,3.6
0,2,8.2,0,75,58,0,1,2,36.7,32.5,1.7,88.0,4.6,1,0,2,2,1,0,2,8,6.3
1,2,8.4,0,74,82,2,3,2,79.3,74.3,5.8,89.0,4.8,1,1,2,3,1,1,1,5,10.0
1,2,8.0,0,84,72,2,3,2,64.4,52.6,8.3,86.0,4.8,1,1,2,2,1,1,1,8,6.3
0,7,7.1,0,55,62,1,2,0,41.4,27.9,4.5,72.7,4.1,0,1,1,0,0,0,2,6,4.2
1,6,7.4,2,60,72,2,1,0,30.8,20.5,1.0,71.2,3.7,0,1,0,1,0,1,2,2,4.9
1,4,7.7,0,76,71,0,1,0,37.5,23.7,2.7,81.0,4.3,1,1,0,0,0,0,1,2,6.3
1,2,8.6,0,55,59,1,2,2,64.0,56.6,2.5,77.0,4.3,0,0,1,3,1,1,2,8,8.1
1,6,6.5,1,58,74,1,0,0,24.0,34.2,1.8,78.5,3.5,0,1,0,0,0,0,0,3,3.0
1,6,7.8,2,68,83,2,3,2,73.7,62.6,8.4,90.0,4.7,1,1,1,3,1,1,1,1,7.5
1,9,7.6,0,55,64,1,2,0,44.6,34.2,3.0,78.6,4.3,0,0,3,2,1,0,2,7,5.5
0,2,6.9,0,55,61,1,1,1,20.0,23.7,1.3,74.0,4.1,0,1,0,0,0,1,0,8,4.5
1,3,6.7,0,69,70,1,1,1,20.0,20.6,2.7,77.0,4.7,1,0,0,0,0,0,1,8,4.1
1,3,7.8,1,55,63,0,1,0,28.4,24.1,1.7,74.0,3.3,0,0,0,0,0,0,1,8,4.7
0,2,7.3,0,62,70,1,1,1,26.4,27.1,2.6,67.0,4.2,0,1,0,0,0,1,2,9,3.5
0,4,8.3,0,64,86,1,1,1,44.6,45.7,1.5,70.0,4.8,1,1,0,0,0,0,0,5,5.5
1,0,8.8,0,77,84,1,3,2,77.3,64.6,7.3,82.0,4.8,1,1,0,0,0,1,2,9,9.6
1,4,7.5,0,73,66,1,3,0,46.9,27.5,6.2,71.0,4.7,0,0,0,0,0,1,0,0,5.6
1,1,6.5,1,74,62,1,1,0,20.0,28.8,1.7,74.0,3.5,0,0,0,0,0,0,2,8,2.9
1,8,6.5,0,60,63,2,1,1,20.0,21.7,1.6,62.0,4.1,0,1,1,0,0,0,2,1,2.9
1,6,7.4,1,71,73,1,1,1,39.1,38.0,4.0,86.8,4.7,1,1,0,0,0,0,2,2,6.6
1,11,8.3,0,86,87,1,3,3,74.8,52.8,6.7,90.0,4.7,1,1,2,2,1,0,2,8,8.1
1,8,7.4,1,78,84,1,2,0,36.4,21.7,5.0,90.0,4.7,1,1,1,2,1,0,2,8,3.7
0,4,8.4,0,85,82,2,3,2,69.0,61.6,7.9,90.0,4.8,1,1,4,1,1,1,2,2,6.6
1,7,6.6,2,62,66,1,1,0,23.8,21.9,4.1,66.9,3.5,0,1,1,0,0,0,1,1,3.6
1,3,8.7,0,81,80,2,3,2,70.3,49.8,5.8,90.0,4.8,1,1,3,2,1,1,1,3,9.0
0,2,7.6,0,61,71,0,3,1,49.3,44.6,7.8,81.0,4.6,1,1,0,0,0,1,0,6,6.1
0,7,7.9,0,70,84,1,2,1,68.4,44.0,6.1,90.0,4.8,1,1,4,0,1,1,1,6,6.2
0,3,7.5,0,55,67,2,1,1,32.0,44.4,1.9,60.0,3.2,0,1,0,0,0,0,1,8,5.9
0,10,8.4,1,76,85,1,3,1,77.2,52.4,8.5,82.7,4.6,1,1,3,2,1,1,0,1,8.9
1,0,7.8,0,73,71,0,3,0,54.9,40.1,8.9,69.0,4.2,1,1,1,3,1,1,2,4,5.2
1,0,7.5,0,55,69,1,2,0,40.6,40.4,4.1,68.0,3.8,1,1,0,0,0,0,0,4,5.7
1,2,8.2,0,74,83,1,2,1,61.1,51.2,3.8,86.0,4.5,1,1,1,3,1,0,0,2,8.5
1,6,7.5,0,64,74,1,1,0,43.0,41.9,5.6,80.4,4.4,1,1,0,0,0,0,0,2,5.5
1,0,6.5,0,62,57,1,2,0,20.0,18.1,3.5,78.0,4.6,0,1,0,0,0,1,0,7,3.5
0,4,8.6,0,65,67,2,2,0,66.8,58.8,4.3,77.0,3.5,0,1,0,0,0,1,0,8,9.7
0,7,8.4,0,57,80,2,2,1,79.4,67.4,6.7,79.1,4.8,1,1,1,1,0,1,1,1,9.7
